indicator,date,value,unit,geography,source,source_url,ecifre_url,last_updated
Firme înființate pe județe,2014-01-01,135.0000,Număr,RO-AB,ONRC,https://www.onrc.ro,https://ecifre.ro/indicatori/firme-infiintate-judete-ro/alba,2026-09-01
Firme înființate pe județe,2015-01-01,159.0000,Număr,RO-AB,ONRC,https://www.onrc.ro,https://ecifre.ro/indicatori/firme-infiintate-judete-ro/alba,2026-09-01
Firme înființate pe județe,2016-01-01,147.0000,Număr,RO-AB,ONRC,https://www.onrc.ro,https://ecifre.ro/indicatori/firme-infiintate-judete-ro/alba,2026-09-01
Firme înființate pe județe,2017-01-01,97.0000,Număr,RO-AB,ONRC,https://www.onrc.ro,https://ecifre.ro/indicatori/firme-infiintate-judete-ro/alba,2026-09-01
Firme înființate pe județe,2017-03-01,284.0000,Număr,RO-AB,ONRC,https://www.onrc.ro,https://ecifre.ro/indicatori/firme-infiintate-judete-ro/alba,2026-09-01
Firme înființate pe județe,2017-04-01,231.0000,Număr,RO-AB,ONRC,https://www.onrc.ro,https://ecifre.ro/indicatori/firme-infiintate-judete-ro/alba,2026-09-01
Firme înființate pe județe,2017-05-01,332.0000,Număr,RO-AB,ONRC,https://www.onrc.ro,https://ecifre.ro/indicatori/firme-infiintate-judete-ro/alba,2026-09-01
Firme înființate pe județe,2017-06-01,341.0000,Număr,RO-AB,ONRC,https://www.onrc.ro,https://ecifre.ro/indicatori/firme-infiintate-judete-ro/alba,2026-09-01
Firme înființate pe județe,2017-07-01,309.0000,Număr,RO-AB,ONRC,https://www.onrc.ro,https://ecifre.ro/indicatori/firme-infiintate-judete-ro/alba,2026-09-01
Firme înființate pe județe,2017-08-01,187.0000,Număr,RO-AB,ONRC,https://www.onrc.ro,https://ecifre.ro/indicatori/firme-infiintate-judete-ro/alba,2026-09-01
Firme înființate pe județe,2017-09-01,162.0000,Număr,RO-AB,ONRC,https://www.onrc.ro,https://ecifre.ro/indicatori/firme-infiintate-judete-ro/alba,2026-09-01
Firme înființate pe județe,2017-10-01,173.0000,Număr,RO-AB,ONRC,https://www.onrc.ro,https://ecifre.ro/indicatori/firme-infiintate-judete-ro/alba,2026-09-01
Firme înființate pe județe,2017-11-01,127.0000,Număr,RO-AB,ONRC,https://www.onrc.ro,https://ecifre.ro/indicatori/firme-infiintate-judete-ro/alba,2026-09-01
Firme înființate pe județe,2017-12-01,80.0000,Număr,RO-AB,ONRC,https://www.onrc.ro,https://ecifre.ro/indicatori/firme-infiintate-judete-ro/alba,2026-09-01
Firme înființate pe județe,2018-01-01,151.0000,Număr,RO-AB,ONRC,https://www.onrc.ro,https://ecifre.ro/indicatori/firme-infiintate-judete-ro/alba,2026-09-01
Firme înființate pe județe,2018-02-01,210.0000,Număr,RO-AB,ONRC,https://www.onrc.ro,https://ecifre.ro/indicatori/firme-infiintate-judete-ro/alba,2026-09-01
Firme înființate pe județe,2018-03-01,274.0000,Număr,RO-AB,ONRC,https://www.onrc.ro,https://ecifre.ro/indicatori/firme-infiintate-judete-ro/alba,2026-09-01
Firme înființate pe județe,2018-04-01,255.0000,Număr,RO-AB,ONRC,https://www.onrc.ro,https://ecifre.ro/indicatori/firme-infiintate-judete-ro/alba,2026-09-01
Firme înființate pe județe,2018-05-01,257.0000,Număr,RO-AB,ONRC,https://www.onrc.ro,https://ecifre.ro/indicatori/firme-infiintate-judete-ro/alba,2026-09-01
Firme înființate pe județe,2018-06-01,185.0000,Număr,RO-AB,ONRC,https://www.onrc.ro,https://ecifre.ro/indicatori/firme-infiintate-judete-ro/alba,2026-09-01
Firme înființate pe județe,2018-07-01,251.0000,Număr,RO-AB,ONRC,https://www.onrc.ro,https://ecifre.ro/indicatori/firme-infiintate-judete-ro/alba,2026-09-01
Firme înființate pe județe,2018-08-01,161.0000,Număr,RO-AB,ONRC,https://www.onrc.ro,https://ecifre.ro/indicatori/firme-infiintate-judete-ro/alba,2026-09-01
Firme înființate pe județe,2018-09-01,139.0000,Număr,RO-AB,ONRC,https://www.onrc.ro,https://ecifre.ro/indicatori/firme-infiintate-judete-ro/alba,2026-09-01
Firme înființate pe județe,2018-10-01,185.0000,Număr,RO-AB,ONRC,https://www.onrc.ro,https://ecifre.ro/indicatori/firme-infiintate-judete-ro/alba,2026-09-01
Firme înființate pe județe,2018-11-01,269.0000,Număr,RO-AB,ONRC,https://www.onrc.ro,https://ecifre.ro/indicatori/firme-infiintate-judete-ro/alba,2026-09-01
Firme înființate pe județe,2018-12-01,222.0000,Număr,RO-AB,ONRC,https://www.onrc.ro,https://ecifre.ro/indicatori/firme-infiintate-judete-ro/alba,2026-09-01
Firme înființate pe județe,2019-01-01,408.0000,Număr,RO-AB,ONRC,https://www.onrc.ro,https://ecifre.ro/indicatori/firme-infiintate-judete-ro/alba,2026-09-01
Firme înființate pe județe,2019-02-01,327.0000,Număr,RO-AB,ONRC,https://www.onrc.ro,https://ecifre.ro/indicatori/firme-infiintate-judete-ro/alba,2026-09-01
Firme înființate pe județe,2019-03-01,272.0000,Număr,RO-AB,ONRC,https://www.onrc.ro,https://ecifre.ro/indicatori/firme-infiintate-judete-ro/alba,2026-09-01
Firme înființate pe județe,2019-04-01,326.0000,Număr,RO-AB,ONRC,https://www.onrc.ro,https://ecifre.ro/indicatori/firme-infiintate-judete-ro/alba,2026-09-01
Firme înființate pe județe,2019-05-01,328.0000,Număr,RO-AB,ONRC,https://www.onrc.ro,https://ecifre.ro/indicatori/firme-infiintate-judete-ro/alba,2026-09-01
Firme înființate pe județe,2019-06-01,198.0000,Număr,RO-AB,ONRC,https://www.onrc.ro,https://ecifre.ro/indicatori/firme-infiintate-judete-ro/alba,2026-09-01
Firme înființate pe județe,2019-07-01,324.0000,Număr,RO-AB,ONRC,https://www.onrc.ro,https://ecifre.ro/indicatori/firme-infiintate-judete-ro/alba,2026-09-01
Firme înființate pe județe,2019-08-01,218.0000,Număr,RO-AB,ONRC,https://www.onrc.ro,https://ecifre.ro/indicatori/firme-infiintate-judete-ro/alba,2026-09-01
Firme înființate pe județe,2019-09-01,168.0000,Număr,RO-AB,ONRC,https://www.onrc.ro,https://ecifre.ro/indicatori/firme-infiintate-judete-ro/alba,2026-09-01
Firme înființate pe județe,2019-10-01,187.0000,Număr,RO-AB,ONRC,https://www.onrc.ro,https://ecifre.ro/indicatori/firme-infiintate-judete-ro/alba,2026-09-01
Firme înființate pe județe,2019-11-01,193.0000,Număr,RO-AB,ONRC,https://www.onrc.ro,https://ecifre.ro/indicatori/firme-infiintate-judete-ro/alba,2026-09-01
Firme înființate pe județe,2019-12-01,131.0000,Număr,RO-AB,ONRC,https://www.onrc.ro,https://ecifre.ro/indicatori/firme-infiintate-judete-ro/alba,2026-09-01
Firme înființate pe județe,2020-01-01,215.0000,Număr,RO-AB,ONRC,https://www.onrc.ro,https://ecifre.ro/indicatori/firme-infiintate-judete-ro/alba,2026-09-01
Firme înființate pe județe,2020-02-01,206.0000,Număr,RO-AB,ONRC,https://www.onrc.ro,https://ecifre.ro/indicatori/firme-infiintate-judete-ro/alba,2026-09-01
Firme înființate pe județe,2020-03-01,115.0000,Număr,RO-AB,ONRC,https://www.onrc.ro,https://ecifre.ro/indicatori/firme-infiintate-judete-ro/alba,2026-09-01
Firme înființate pe județe,2020-04-01,53.0000,Număr,RO-AB,ONRC,https://www.onrc.ro,https://ecifre.ro/indicatori/firme-infiintate-judete-ro/alba,2026-09-01
Firme înființate pe județe,2020-05-01,174.0000,Număr,RO-AB,ONRC,https://www.onrc.ro,https://ecifre.ro/indicatori/firme-infiintate-judete-ro/alba,2026-09-01
Firme înființate pe județe,2020-06-01,254.0000,Număr,RO-AB,ONRC,https://www.onrc.ro,https://ecifre.ro/indicatori/firme-infiintate-judete-ro/alba,2026-09-01
Firme înființate pe județe,2020-07-01,199.0000,Număr,RO-AB,ONRC,https://www.onrc.ro,https://ecifre.ro/indicatori/firme-infiintate-judete-ro/alba,2026-09-01
Firme înființate pe județe,2020-08-01,173.0000,Număr,RO-AB,ONRC,https://www.onrc.ro,https://ecifre.ro/indicatori/firme-infiintate-judete-ro/alba,2026-09-01
Firme înființate pe județe,2020-09-01,170.0000,Număr,RO-AB,ONRC,https://www.onrc.ro,https://ecifre.ro/indicatori/firme-infiintate-judete-ro/alba,2026-09-01
Firme înființate pe județe,2020-10-01,211.0000,Număr,RO-AB,ONRC,https://www.onrc.ro,https://ecifre.ro/indicatori/firme-infiintate-judete-ro/alba,2026-09-01
Firme înființate pe județe,2020-11-01,212.0000,Număr,RO-AB,ONRC,https://www.onrc.ro,https://ecifre.ro/indicatori/firme-infiintate-judete-ro/alba,2026-09-01
Firme înființate pe județe,2020-12-01,173.0000,Număr,RO-AB,ONRC,https://www.onrc.ro,https://ecifre.ro/indicatori/firme-infiintate-judete-ro/alba,2026-09-01
Firme înființate pe județe,2021-02-01,333.0000,Număr,RO-AB,ONRC,https://www.onrc.ro,https://ecifre.ro/indicatori/firme-infiintate-judete-ro/alba,2026-09-01
Firme înființate pe județe,2021-03-01,451.0000,Număr,RO-AB,ONRC,https://www.onrc.ro,https://ecifre.ro/indicatori/firme-infiintate-judete-ro/alba,2026-09-01
Firme înființate pe județe,2021-04-01,362.0000,Număr,RO-AB,ONRC,https://www.onrc.ro,https://ecifre.ro/indicatori/firme-infiintate-judete-ro/alba,2026-09-01
Firme înființate pe județe,2021-05-01,231.0000,Număr,RO-AB,ONRC,https://www.onrc.ro,https://ecifre.ro/indicatori/firme-infiintate-judete-ro/alba,2026-09-01
Firme înființate pe județe,2021-06-01,269.0000,Număr,RO-AB,ONRC,https://www.onrc.ro,https://ecifre.ro/indicatori/firme-infiintate-judete-ro/alba,2026-09-01
Firme înființate pe județe,2021-07-01,230.0000,Număr,RO-AB,ONRC,https://www.onrc.ro,https://ecifre.ro/indicatori/firme-infiintate-judete-ro/alba,2026-09-01
Firme înființate pe județe,2021-08-01,253.0000,Număr,RO-AB,ONRC,https://www.onrc.ro,https://ecifre.ro/indicatori/firme-infiintate-judete-ro/alba,2026-09-01
Firme înființate pe județe,2021-09-01,254.0000,Număr,RO-AB,ONRC,https://www.onrc.ro,https://ecifre.ro/indicatori/firme-infiintate-judete-ro/alba,2026-09-01
Firme înființate pe județe,2021-10-01,252.0000,Număr,RO-AB,ONRC,https://www.onrc.ro,https://ecifre.ro/indicatori/firme-infiintate-judete-ro/alba,2026-09-01
Firme înființate pe județe,2021-11-01,162.0000,Număr,RO-AB,ONRC,https://www.onrc.ro,https://ecifre.ro/indicatori/firme-infiintate-judete-ro/alba,2026-09-01
Firme înființate pe județe,2021-12-01,150.0000,Număr,RO-AB,ONRC,https://www.onrc.ro,https://ecifre.ro/indicatori/firme-infiintate-judete-ro/alba,2026-09-01
Firme înființate pe județe,2022-02-01,200.0000,Număr,RO-AB,ONRC,https://www.onrc.ro,https://ecifre.ro/indicatori/firme-infiintate-judete-ro/alba,2026-09-01
Firme înființate pe județe,2022-03-01,237.0000,Număr,RO-AB,ONRC,https://www.onrc.ro,https://ecifre.ro/indicatori/firme-infiintate-judete-ro/alba,2026-09-01
Firme înființate pe județe,2022-04-01,191.0000,Număr,RO-AB,ONRC,https://www.onrc.ro,https://ecifre.ro/indicatori/firme-infiintate-judete-ro/alba,2026-09-01
Firme înființate pe județe,2022-05-01,224.0000,Număr,RO-AB,ONRC,https://www.onrc.ro,https://ecifre.ro/indicatori/firme-infiintate-judete-ro/alba,2026-09-01
Firme înființate pe județe,2022-07-01,233.0000,Număr,RO-AB,ONRC,https://www.onrc.ro,https://ecifre.ro/indicatori/firme-infiintate-judete-ro/alba,2026-09-01
Firme înființate pe județe,2022-08-01,347.0000,Număr,RO-AB,ONRC,https://www.onrc.ro,https://ecifre.ro/indicatori/firme-infiintate-judete-ro/alba,2026-09-01
Firme înființate pe județe,2022-09-01,298.0000,Număr,RO-AB,ONRC,https://www.onrc.ro,https://ecifre.ro/indicatori/firme-infiintate-judete-ro/alba,2026-09-01
Firme înființate pe județe,2022-10-01,176.0000,Număr,RO-AB,ONRC,https://www.onrc.ro,https://ecifre.ro/indicatori/firme-infiintate-judete-ro/alba,2026-09-01
Firme înființate pe județe,2022-11-01,207.0000,Număr,RO-AB,ONRC,https://www.onrc.ro,https://ecifre.ro/indicatori/firme-infiintate-judete-ro/alba,2026-09-01
Firme înființate pe județe,2022-12-01,265.0000,Număr,RO-AB,ONRC,https://www.onrc.ro,https://ecifre.ro/indicatori/firme-infiintate-judete-ro/alba,2026-09-01
Firme înființate pe județe,2023-02-01,218.0000,Număr,RO-AB,ONRC,https://www.onrc.ro,https://ecifre.ro/indicatori/firme-infiintate-judete-ro/alba,2026-09-01
Firme înființate pe județe,2023-03-01,249.0000,Număr,RO-AB,ONRC,https://www.onrc.ro,https://ecifre.ro/indicatori/firme-infiintate-judete-ro/alba,2026-09-01
Firme înființate pe județe,2023-04-01,182.0000,Număr,RO-AB,ONRC,https://www.onrc.ro,https://ecifre.ro/indicatori/firme-infiintate-judete-ro/alba,2026-09-01
Firme înființate pe județe,2023-05-01,242.0000,Număr,RO-AB,ONRC,https://www.onrc.ro,https://ecifre.ro/indicatori/firme-infiintate-judete-ro/alba,2026-09-01
Firme înființate pe județe,2023-06-01,242.0000,Număr,RO-AB,ONRC,https://www.onrc.ro,https://ecifre.ro/indicatori/firme-infiintate-judete-ro/alba,2026-09-01
Firme înființate pe județe,2023-07-01,155.0000,Număr,RO-AB,ONRC,https://www.onrc.ro,https://ecifre.ro/indicatori/firme-infiintate-judete-ro/alba,2026-09-01
Firme înființate pe județe,2023-08-01,222.0000,Număr,RO-AB,ONRC,https://www.onrc.ro,https://ecifre.ro/indicatori/firme-infiintate-judete-ro/alba,2026-09-01
Firme înființate pe județe,2023-09-01,180.0000,Număr,RO-AB,ONRC,https://www.onrc.ro,https://ecifre.ro/indicatori/firme-infiintate-judete-ro/alba,2026-09-01
Firme înființate pe județe,2023-10-01,231.0000,Număr,RO-AB,ONRC,https://www.onrc.ro,https://ecifre.ro/indicatori/firme-infiintate-judete-ro/alba,2026-09-01
Firme înființate pe județe,2023-11-01,183.0000,Număr,RO-AB,ONRC,https://www.onrc.ro,https://ecifre.ro/indicatori/firme-infiintate-judete-ro/alba,2026-09-01
Firme înființate pe județe,2023-12-01,168.0000,Număr,RO-AB,ONRC,https://www.onrc.ro,https://ecifre.ro/indicatori/firme-infiintate-judete-ro/alba,2026-09-01
Firme înființate pe județe,2024-02-01,167.0000,Număr,RO-AB,ONRC,https://www.onrc.ro,https://ecifre.ro/indicatori/firme-infiintate-judete-ro/alba,2026-09-01
Firme înființate pe județe,2024-03-01,212.0000,Număr,RO-AB,ONRC,https://www.onrc.ro,https://ecifre.ro/indicatori/firme-infiintate-judete-ro/alba,2026-09-01
Firme înființate pe județe,2024-04-01,189.0000,Număr,RO-AB,ONRC,https://www.onrc.ro,https://ecifre.ro/indicatori/firme-infiintate-judete-ro/alba,2026-09-01
Firme înființate pe județe,2024-05-01,147.0000,Număr,RO-AB,ONRC,https://www.onrc.ro,https://ecifre.ro/indicatori/firme-infiintate-judete-ro/alba,2026-09-01
Firme înființate pe județe,2024-06-01,143.0000,Număr,RO-AB,ONRC,https://www.onrc.ro,https://ecifre.ro/indicatori/firme-infiintate-judete-ro/alba,2026-09-01
Firme înființate pe județe,2024-07-01,112.0000,Număr,RO-AB,ONRC,https://www.onrc.ro,https://ecifre.ro/indicatori/firme-infiintate-judete-ro/alba,2026-09-01
Firme înființate pe județe,2024-08-01,77.0000,Număr,RO-AB,ONRC,https://www.onrc.ro,https://ecifre.ro/indicatori/firme-infiintate-judete-ro/alba,2026-09-01
Firme înființate pe județe,2024-09-01,157.0000,Număr,RO-AB,ONRC,https://www.onrc.ro,https://ecifre.ro/indicatori/firme-infiintate-judete-ro/alba,2026-09-01
Firme înființate pe județe,2024-10-01,254.0000,Număr,RO-AB,ONRC,https://www.onrc.ro,https://ecifre.ro/indicatori/firme-infiintate-judete-ro/alba,2026-09-01
Firme înființate pe județe,2024-11-01,144.0000,Număr,RO-AB,ONRC,https://www.onrc.ro,https://ecifre.ro/indicatori/firme-infiintate-judete-ro/alba,2026-09-01
Firme înființate pe județe,2024-12-01,87.0000,Număr,RO-AB,ONRC,https://www.onrc.ro,https://ecifre.ro/indicatori/firme-infiintate-judete-ro/alba,2026-09-01
Firme înființate pe județe,2025-01-01,167.0000,Număr,RO-AB,ONRC,https://www.onrc.ro,https://ecifre.ro/indicatori/firme-infiintate-judete-ro/alba,2026-09-01
Firme înființate pe județe,2025-02-01,182.0000,Număr,RO-AB,ONRC,https://www.onrc.ro,https://ecifre.ro/indicatori/firme-infiintate-judete-ro/alba,2026-09-01
Firme înființate pe județe,2025-03-01,186.0000,Număr,RO-AB,ONRC,https://www.onrc.ro,https://ecifre.ro/indicatori/firme-infiintate-judete-ro/alba,2026-09-01
Firme înființate pe județe,2025-04-01,162.0000,Număr,RO-AB,ONRC,https://www.onrc.ro,https://ecifre.ro/indicatori/firme-infiintate-judete-ro/alba,2026-09-01
Firme înființate pe județe,2025-05-01,170.0000,Număr,RO-AB,ONRC,https://www.onrc.ro,https://ecifre.ro/indicatori/firme-infiintate-judete-ro/alba,2026-09-01
Firme înființate pe județe,2025-06-01,158.0000,Număr,RO-AB,ONRC,https://www.onrc.ro,https://ecifre.ro/indicatori/firme-infiintate-judete-ro/alba,2026-09-01
Firme înființate pe județe,2025-07-01,650.0000,Număr,RO-AB,ONRC,https://www.onrc.ro,https://ecifre.ro/indicatori/firme-infiintate-judete-ro/alba,2026-09-01
Firme înființate pe județe,2025-08-01,195.0000,Număr,RO-AB,ONRC,https://www.onrc.ro,https://ecifre.ro/indicatori/firme-infiintate-judete-ro/alba,2026-09-01
Firme înființate pe județe,2025-09-01,387.0000,Număr,RO-AB,ONRC,https://www.onrc.ro,https://ecifre.ro/indicatori/firme-infiintate-judete-ro/alba,2026-09-01
Firme înființate pe județe,2025-10-01,272.0000,Număr,RO-AB,ONRC,https://www.onrc.ro,https://ecifre.ro/indicatori/firme-infiintate-judete-ro/alba,2026-09-01
Firme înființate pe județe,2025-11-01,201.0000,Număr,RO-AB,ONRC,https://www.onrc.ro,https://ecifre.ro/indicatori/firme-infiintate-judete-ro/alba,2026-09-01
Firme înființate pe județe,2025-12-01,154.0000,Număr,RO-AB,ONRC,https://www.onrc.ro,https://ecifre.ro/indicatori/firme-infiintate-judete-ro/alba,2026-09-01
Firme înființate pe județe,2026-01-01,184.0000,Număr,RO-AB,ONRC,https://www.onrc.ro,https://ecifre.ro/indicatori/firme-infiintate-judete-ro/alba,2026-09-01
Firme înființate pe județe,2026-02-01,183.0000,Număr,RO-AB,ONRC,https://www.onrc.ro,https://ecifre.ro/indicatori/firme-infiintate-judete-ro/alba,2026-09-01
Firme înființate pe județe,2026-03-01,233.0000,Număr,RO-AB,ONRC,https://www.onrc.ro,https://ecifre.ro/indicatori/firme-infiintate-judete-ro/alba,2026-09-01
Firme înființate pe județe,2026-04-01,153.0000,Număr,RO-AB,ONRC,https://www.onrc.ro,https://ecifre.ro/indicatori/firme-infiintate-judete-ro/alba,2026-09-01
Firme înființate pe județe,2026-05-01,182.0000,Număr,RO-AB,ONRC,https://www.onrc.ro,https://ecifre.ro/indicatori/firme-infiintate-judete-ro/alba,2026-09-01
Firme înființate pe județe,2026-06-01,167.0000,Număr,RO-AB,ONRC,https://www.onrc.ro,https://ecifre.ro/indicatori/firme-infiintate-judete-ro/alba,2026-09-01
Firme înființate pe județe,2026-07-01,155.0000,Număr,RO-AB,ONRC,https://www.onrc.ro,https://ecifre.ro/indicatori/firme-infiintate-judete-ro/alba,2026-09-01
Firme înființate pe județe,2014-01-01,200.0000,Număr,RO-AR,ONRC,https://www.onrc.ro,https://ecifre.ro/indicatori/firme-infiintate-judete-ro/arad,2026-09-01
Firme înființate pe județe,2015-01-01,181.0000,Număr,RO-AR,ONRC,https://www.onrc.ro,https://ecifre.ro/indicatori/firme-infiintate-judete-ro/arad,2026-09-01
Firme înființate pe județe,2016-01-01,214.0000,Număr,RO-AR,ONRC,https://www.onrc.ro,https://ecifre.ro/indicatori/firme-infiintate-judete-ro/arad,2026-09-01
Firme înființate pe județe,2017-01-01,129.0000,Număr,RO-AR,ONRC,https://www.onrc.ro,https://ecifre.ro/indicatori/firme-infiintate-judete-ro/arad,2026-09-01
Firme înființate pe județe,2017-03-01,401.0000,Număr,RO-AR,ONRC,https://www.onrc.ro,https://ecifre.ro/indicatori/firme-infiintate-judete-ro/arad,2026-09-01
Firme înființate pe județe,2017-04-01,305.0000,Număr,RO-AR,ONRC,https://www.onrc.ro,https://ecifre.ro/indicatori/firme-infiintate-judete-ro/arad,2026-09-01
Firme înființate pe județe,2017-05-01,433.0000,Număr,RO-AR,ONRC,https://www.onrc.ro,https://ecifre.ro/indicatori/firme-infiintate-judete-ro/arad,2026-09-01
Firme înființate pe județe,2017-06-01,337.0000,Număr,RO-AR,ONRC,https://www.onrc.ro,https://ecifre.ro/indicatori/firme-infiintate-judete-ro/arad,2026-09-01
Firme înființate pe județe,2017-07-01,285.0000,Număr,RO-AR,ONRC,https://www.onrc.ro,https://ecifre.ro/indicatori/firme-infiintate-judete-ro/arad,2026-09-01
Firme înființate pe județe,2017-08-01,217.0000,Număr,RO-AR,ONRC,https://www.onrc.ro,https://ecifre.ro/indicatori/firme-infiintate-judete-ro/arad,2026-09-01
Firme înființate pe județe,2017-09-01,234.0000,Număr,RO-AR,ONRC,https://www.onrc.ro,https://ecifre.ro/indicatori/firme-infiintate-judete-ro/arad,2026-09-01
Firme înființate pe județe,2017-10-01,223.0000,Număr,RO-AR,ONRC,https://www.onrc.ro,https://ecifre.ro/indicatori/firme-infiintate-judete-ro/arad,2026-09-01
Firme înființate pe județe,2017-11-01,215.0000,Număr,RO-AR,ONRC,https://www.onrc.ro,https://ecifre.ro/indicatori/firme-infiintate-judete-ro/arad,2026-09-01
Firme înființate pe județe,2017-12-01,145.0000,Număr,RO-AR,ONRC,https://www.onrc.ro,https://ecifre.ro/indicatori/firme-infiintate-judete-ro/arad,2026-09-01
Firme înființate pe județe,2018-01-01,224.0000,Număr,RO-AR,ONRC,https://www.onrc.ro,https://ecifre.ro/indicatori/firme-infiintate-judete-ro/arad,2026-09-01
Firme înființate pe județe,2018-02-01,291.0000,Număr,RO-AR,ONRC,https://www.onrc.ro,https://ecifre.ro/indicatori/firme-infiintate-judete-ro/arad,2026-09-01
Firme înființate pe județe,2018-03-01,347.0000,Număr,RO-AR,ONRC,https://www.onrc.ro,https://ecifre.ro/indicatori/firme-infiintate-judete-ro/arad,2026-09-01
Firme înființate pe județe,2018-04-01,311.0000,Număr,RO-AR,ONRC,https://www.onrc.ro,https://ecifre.ro/indicatori/firme-infiintate-judete-ro/arad,2026-09-01
Firme înființate pe județe,2018-05-01,344.0000,Număr,RO-AR,ONRC,https://www.onrc.ro,https://ecifre.ro/indicatori/firme-infiintate-judete-ro/arad,2026-09-01
Firme înființate pe județe,2018-06-01,291.0000,Număr,RO-AR,ONRC,https://www.onrc.ro,https://ecifre.ro/indicatori/firme-infiintate-judete-ro/arad,2026-09-01
Firme înființate pe județe,2018-07-01,287.0000,Număr,RO-AR,ONRC,https://www.onrc.ro,https://ecifre.ro/indicatori/firme-infiintate-judete-ro/arad,2026-09-01
Firme înființate pe județe,2018-08-01,247.0000,Număr,RO-AR,ONRC,https://www.onrc.ro,https://ecifre.ro/indicatori/firme-infiintate-judete-ro/arad,2026-09-01
Firme înființate pe județe,2018-09-01,232.0000,Număr,RO-AR,ONRC,https://www.onrc.ro,https://ecifre.ro/indicatori/firme-infiintate-judete-ro/arad,2026-09-01
Firme înființate pe județe,2018-10-01,289.0000,Număr,RO-AR,ONRC,https://www.onrc.ro,https://ecifre.ro/indicatori/firme-infiintate-judete-ro/arad,2026-09-01
Firme înființate pe județe,2018-11-01,341.0000,Număr,RO-AR,ONRC,https://www.onrc.ro,https://ecifre.ro/indicatori/firme-infiintate-judete-ro/arad,2026-09-01
Firme înființate pe județe,2018-12-01,220.0000,Număr,RO-AR,ONRC,https://www.onrc.ro,https://ecifre.ro/indicatori/firme-infiintate-judete-ro/arad,2026-09-01
Firme înființate pe județe,2019-01-01,334.0000,Număr,RO-AR,ONRC,https://www.onrc.ro,https://ecifre.ro/indicatori/firme-infiintate-judete-ro/arad,2026-09-01
Firme înființate pe județe,2019-02-01,307.0000,Număr,RO-AR,ONRC,https://www.onrc.ro,https://ecifre.ro/indicatori/firme-infiintate-judete-ro/arad,2026-09-01
Firme înființate pe județe,2019-03-01,289.0000,Număr,RO-AR,ONRC,https://www.onrc.ro,https://ecifre.ro/indicatori/firme-infiintate-judete-ro/arad,2026-09-01
Firme înființate pe județe,2019-04-01,354.0000,Număr,RO-AR,ONRC,https://www.onrc.ro,https://ecifre.ro/indicatori/firme-infiintate-judete-ro/arad,2026-09-01
Firme înființate pe județe,2019-05-01,303.0000,Număr,RO-AR,ONRC,https://www.onrc.ro,https://ecifre.ro/indicatori/firme-infiintate-judete-ro/arad,2026-09-01
Firme înființate pe județe,2019-06-01,263.0000,Număr,RO-AR,ONRC,https://www.onrc.ro,https://ecifre.ro/indicatori/firme-infiintate-judete-ro/arad,2026-09-01
Firme înființate pe județe,2019-07-01,238.0000,Număr,RO-AR,ONRC,https://www.onrc.ro,https://ecifre.ro/indicatori/firme-infiintate-judete-ro/arad,2026-09-01
Firme înființate pe județe,2019-08-01,184.0000,Număr,RO-AR,ONRC,https://www.onrc.ro,https://ecifre.ro/indicatori/firme-infiintate-judete-ro/arad,2026-09-01
Firme înființate pe județe,2019-09-01,201.0000,Număr,RO-AR,ONRC,https://www.onrc.ro,https://ecifre.ro/indicatori/firme-infiintate-judete-ro/arad,2026-09-01
Firme înființate pe județe,2019-10-01,265.0000,Număr,RO-AR,ONRC,https://www.onrc.ro,https://ecifre.ro/indicatori/firme-infiintate-judete-ro/arad,2026-09-01
Firme înființate pe județe,2019-11-01,183.0000,Număr,RO-AR,ONRC,https://www.onrc.ro,https://ecifre.ro/indicatori/firme-infiintate-judete-ro/arad,2026-09-01
Firme înființate pe județe,2019-12-01,215.0000,Număr,RO-AR,ONRC,https://www.onrc.ro,https://ecifre.ro/indicatori/firme-infiintate-judete-ro/arad,2026-09-01
Firme înființate pe județe,2020-01-01,211.0000,Număr,RO-AR,ONRC,https://www.onrc.ro,https://ecifre.ro/indicatori/firme-infiintate-judete-ro/arad,2026-09-01
Firme înființate pe județe,2020-02-01,224.0000,Număr,RO-AR,ONRC,https://www.onrc.ro,https://ecifre.ro/indicatori/firme-infiintate-judete-ro/arad,2026-09-01
Firme înființate pe județe,2020-03-01,155.0000,Număr,RO-AR,ONRC,https://www.onrc.ro,https://ecifre.ro/indicatori/firme-infiintate-judete-ro/arad,2026-09-01
Firme înființate pe județe,2020-04-01,62.0000,Număr,RO-AR,ONRC,https://www.onrc.ro,https://ecifre.ro/indicatori/firme-infiintate-judete-ro/arad,2026-09-01
Firme înființate pe județe,2020-05-01,223.0000,Număr,RO-AR,ONRC,https://www.onrc.ro,https://ecifre.ro/indicatori/firme-infiintate-judete-ro/arad,2026-09-01
Firme înființate pe județe,2020-06-01,253.0000,Număr,RO-AR,ONRC,https://www.onrc.ro,https://ecifre.ro/indicatori/firme-infiintate-judete-ro/arad,2026-09-01
Firme înființate pe județe,2020-07-01,268.0000,Număr,RO-AR,ONRC,https://www.onrc.ro,https://ecifre.ro/indicatori/firme-infiintate-judete-ro/arad,2026-09-01
Firme înființate pe județe,2020-08-01,198.0000,Număr,RO-AR,ONRC,https://www.onrc.ro,https://ecifre.ro/indicatori/firme-infiintate-judete-ro/arad,2026-09-01
Firme înființate pe județe,2020-09-01,229.0000,Număr,RO-AR,ONRC,https://www.onrc.ro,https://ecifre.ro/indicatori/firme-infiintate-judete-ro/arad,2026-09-01
Firme înființate pe județe,2020-10-01,241.0000,Număr,RO-AR,ONRC,https://www.onrc.ro,https://ecifre.ro/indicatori/firme-infiintate-judete-ro/arad,2026-09-01
Firme înființate pe județe,2020-11-01,184.0000,Număr,RO-AR,ONRC,https://www.onrc.ro,https://ecifre.ro/indicatori/firme-infiintate-judete-ro/arad,2026-09-01
Firme înființate pe județe,2020-12-01,195.0000,Număr,RO-AR,ONRC,https://www.onrc.ro,https://ecifre.ro/indicatori/firme-infiintate-judete-ro/arad,2026-09-01
Firme înființate pe județe,2021-02-01,323.0000,Număr,RO-AR,ONRC,https://www.onrc.ro,https://ecifre.ro/indicatori/firme-infiintate-judete-ro/arad,2026-09-01
Firme înființate pe județe,2021-03-01,378.0000,Număr,RO-AR,ONRC,https://www.onrc.ro,https://ecifre.ro/indicatori/firme-infiintate-judete-ro/arad,2026-09-01
Firme înființate pe județe,2021-04-01,307.0000,Număr,RO-AR,ONRC,https://www.onrc.ro,https://ecifre.ro/indicatori/firme-infiintate-judete-ro/arad,2026-09-01
Firme înființate pe județe,2021-05-01,257.0000,Număr,RO-AR,ONRC,https://www.onrc.ro,https://ecifre.ro/indicatori/firme-infiintate-judete-ro/arad,2026-09-01
Firme înființate pe județe,2021-06-01,253.0000,Număr,RO-AR,ONRC,https://www.onrc.ro,https://ecifre.ro/indicatori/firme-infiintate-judete-ro/arad,2026-09-01
Firme înființate pe județe,2021-07-01,259.0000,Număr,RO-AR,ONRC,https://www.onrc.ro,https://ecifre.ro/indicatori/firme-infiintate-judete-ro/arad,2026-09-01
Firme înființate pe județe,2021-08-01,318.0000,Număr,RO-AR,ONRC,https://www.onrc.ro,https://ecifre.ro/indicatori/firme-infiintate-judete-ro/arad,2026-09-01
Firme înființate pe județe,2021-09-01,317.0000,Număr,RO-AR,ONRC,https://www.onrc.ro,https://ecifre.ro/indicatori/firme-infiintate-judete-ro/arad,2026-09-01
Firme înființate pe județe,2021-10-01,285.0000,Număr,RO-AR,ONRC,https://www.onrc.ro,https://ecifre.ro/indicatori/firme-infiintate-judete-ro/arad,2026-09-01
Firme înființate pe județe,2021-11-01,233.0000,Număr,RO-AR,ONRC,https://www.onrc.ro,https://ecifre.ro/indicatori/firme-infiintate-judete-ro/arad,2026-09-01
Firme înființate pe județe,2021-12-01,213.0000,Număr,RO-AR,ONRC,https://www.onrc.ro,https://ecifre.ro/indicatori/firme-infiintate-judete-ro/arad,2026-09-01
Firme înființate pe județe,2022-02-01,261.0000,Număr,RO-AR,ONRC,https://www.onrc.ro,https://ecifre.ro/indicatori/firme-infiintate-judete-ro/arad,2026-09-01
Firme înființate pe județe,2022-03-01,306.0000,Număr,RO-AR,ONRC,https://www.onrc.ro,https://ecifre.ro/indicatori/firme-infiintate-judete-ro/arad,2026-09-01
Firme înființate pe județe,2022-04-01,229.0000,Număr,RO-AR,ONRC,https://www.onrc.ro,https://ecifre.ro/indicatori/firme-infiintate-judete-ro/arad,2026-09-01
Firme înființate pe județe,2022-05-01,323.0000,Număr,RO-AR,ONRC,https://www.onrc.ro,https://ecifre.ro/indicatori/firme-infiintate-judete-ro/arad,2026-09-01
Firme înființate pe județe,2022-07-01,305.0000,Număr,RO-AR,ONRC,https://www.onrc.ro,https://ecifre.ro/indicatori/firme-infiintate-judete-ro/arad,2026-09-01
Firme înființate pe județe,2022-08-01,313.0000,Număr,RO-AR,ONRC,https://www.onrc.ro,https://ecifre.ro/indicatori/firme-infiintate-judete-ro/arad,2026-09-01
Firme înființate pe județe,2022-09-01,330.0000,Număr,RO-AR,ONRC,https://www.onrc.ro,https://ecifre.ro/indicatori/firme-infiintate-judete-ro/arad,2026-09-01
Firme înființate pe județe,2022-10-01,246.0000,Număr,RO-AR,ONRC,https://www.onrc.ro,https://ecifre.ro/indicatori/firme-infiintate-judete-ro/arad,2026-09-01
Firme înființate pe județe,2022-11-01,216.0000,Număr,RO-AR,ONRC,https://www.onrc.ro,https://ecifre.ro/indicatori/firme-infiintate-judete-ro/arad,2026-09-01
Firme înființate pe județe,2022-12-01,143.0000,Număr,RO-AR,ONRC,https://www.onrc.ro,https://ecifre.ro/indicatori/firme-infiintate-judete-ro/arad,2026-09-01
Firme înființate pe județe,2023-02-01,256.0000,Număr,RO-AR,ONRC,https://www.onrc.ro,https://ecifre.ro/indicatori/firme-infiintate-judete-ro/arad,2026-09-01
Firme înființate pe județe,2023-03-01,333.0000,Număr,RO-AR,ONRC,https://www.onrc.ro,https://ecifre.ro/indicatori/firme-infiintate-judete-ro/arad,2026-09-01
Firme înființate pe județe,2023-04-01,272.0000,Număr,RO-AR,ONRC,https://www.onrc.ro,https://ecifre.ro/indicatori/firme-infiintate-judete-ro/arad,2026-09-01
Firme înființate pe județe,2023-05-01,252.0000,Număr,RO-AR,ONRC,https://www.onrc.ro,https://ecifre.ro/indicatori/firme-infiintate-judete-ro/arad,2026-09-01
Firme înființate pe județe,2023-06-01,235.0000,Număr,RO-AR,ONRC,https://www.onrc.ro,https://ecifre.ro/indicatori/firme-infiintate-judete-ro/arad,2026-09-01
Firme înființate pe județe,2023-07-01,227.0000,Număr,RO-AR,ONRC,https://www.onrc.ro,https://ecifre.ro/indicatori/firme-infiintate-judete-ro/arad,2026-09-01
Firme înființate pe județe,2023-08-01,264.0000,Număr,RO-AR,ONRC,https://www.onrc.ro,https://ecifre.ro/indicatori/firme-infiintate-judete-ro/arad,2026-09-01
Firme înființate pe județe,2023-09-01,252.0000,Număr,RO-AR,ONRC,https://www.onrc.ro,https://ecifre.ro/indicatori/firme-infiintate-judete-ro/arad,2026-09-01
Firme înființate pe județe,2023-10-01,284.0000,Număr,RO-AR,ONRC,https://www.onrc.ro,https://ecifre.ro/indicatori/firme-infiintate-judete-ro/arad,2026-09-01
Firme înființate pe județe,2023-11-01,301.0000,Număr,RO-AR,ONRC,https://www.onrc.ro,https://ecifre.ro/indicatori/firme-infiintate-judete-ro/arad,2026-09-01
Firme înființate pe județe,2023-12-01,203.0000,Număr,RO-AR,ONRC,https://www.onrc.ro,https://ecifre.ro/indicatori/firme-infiintate-judete-ro/arad,2026-09-01
Firme înființate pe județe,2024-02-01,285.0000,Număr,RO-AR,ONRC,https://www.onrc.ro,https://ecifre.ro/indicatori/firme-infiintate-judete-ro/arad,2026-09-01
Firme înființate pe județe,2024-03-01,294.0000,Număr,RO-AR,ONRC,https://www.onrc.ro,https://ecifre.ro/indicatori/firme-infiintate-judete-ro/arad,2026-09-01
Firme înființate pe județe,2024-04-01,223.0000,Număr,RO-AR,ONRC,https://www.onrc.ro,https://ecifre.ro/indicatori/firme-infiintate-judete-ro/arad,2026-09-01
Firme înființate pe județe,2024-05-01,205.0000,Număr,RO-AR,ONRC,https://www.onrc.ro,https://ecifre.ro/indicatori/firme-infiintate-judete-ro/arad,2026-09-01
Firme înființate pe județe,2024-06-01,194.0000,Număr,RO-AR,ONRC,https://www.onrc.ro,https://ecifre.ro/indicatori/firme-infiintate-judete-ro/arad,2026-09-01
Firme înființate pe județe,2024-07-01,150.0000,Număr,RO-AR,ONRC,https://www.onrc.ro,https://ecifre.ro/indicatori/firme-infiintate-judete-ro/arad,2026-09-01
Firme înființate pe județe,2024-08-01,118.0000,Număr,RO-AR,ONRC,https://www.onrc.ro,https://ecifre.ro/indicatori/firme-infiintate-judete-ro/arad,2026-09-01
Firme înființate pe județe,2024-09-01,188.0000,Număr,RO-AR,ONRC,https://www.onrc.ro,https://ecifre.ro/indicatori/firme-infiintate-judete-ro/arad,2026-09-01
Firme înființate pe județe,2024-10-01,343.0000,Număr,RO-AR,ONRC,https://www.onrc.ro,https://ecifre.ro/indicatori/firme-infiintate-judete-ro/arad,2026-09-01
Firme înființate pe județe,2024-11-01,208.0000,Număr,RO-AR,ONRC,https://www.onrc.ro,https://ecifre.ro/indicatori/firme-infiintate-judete-ro/arad,2026-09-01
Firme înființate pe județe,2024-12-01,141.0000,Număr,RO-AR,ONRC,https://www.onrc.ro,https://ecifre.ro/indicatori/firme-infiintate-judete-ro/arad,2026-09-01
Firme înființate pe județe,2025-01-01,167.0000,Număr,RO-AR,ONRC,https://www.onrc.ro,https://ecifre.ro/indicatori/firme-infiintate-judete-ro/arad,2026-09-01
Firme înființate pe județe,2025-02-01,285.0000,Număr,RO-AR,ONRC,https://www.onrc.ro,https://ecifre.ro/indicatori/firme-infiintate-judete-ro/arad,2026-09-01
Firme înființate pe județe,2025-03-01,273.0000,Număr,RO-AR,ONRC,https://www.onrc.ro,https://ecifre.ro/indicatori/firme-infiintate-judete-ro/arad,2026-09-01
Firme înființate pe județe,2025-04-01,228.0000,Număr,RO-AR,ONRC,https://www.onrc.ro,https://ecifre.ro/indicatori/firme-infiintate-judete-ro/arad,2026-09-01
Firme înființate pe județe,2025-05-01,281.0000,Număr,RO-AR,ONRC,https://www.onrc.ro,https://ecifre.ro/indicatori/firme-infiintate-judete-ro/arad,2026-09-01
Firme înființate pe județe,2025-06-01,242.0000,Număr,RO-AR,ONRC,https://www.onrc.ro,https://ecifre.ro/indicatori/firme-infiintate-judete-ro/arad,2026-09-01
Firme înființate pe județe,2025-07-01,257.0000,Număr,RO-AR,ONRC,https://www.onrc.ro,https://ecifre.ro/indicatori/firme-infiintate-judete-ro/arad,2026-09-01
Firme înființate pe județe,2025-08-01,229.0000,Număr,RO-AR,ONRC,https://www.onrc.ro,https://ecifre.ro/indicatori/firme-infiintate-judete-ro/arad,2026-09-01
Firme înființate pe județe,2025-09-01,241.0000,Număr,RO-AR,ONRC,https://www.onrc.ro,https://ecifre.ro/indicatori/firme-infiintate-judete-ro/arad,2026-09-01
Firme înființate pe județe,2025-10-01,339.0000,Număr,RO-AR,ONRC,https://www.onrc.ro,https://ecifre.ro/indicatori/firme-infiintate-judete-ro/arad,2026-09-01
Firme înființate pe județe,2025-11-01,282.0000,Număr,RO-AR,ONRC,https://www.onrc.ro,https://ecifre.ro/indicatori/firme-infiintate-judete-ro/arad,2026-09-01
Firme înființate pe județe,2025-12-01,202.0000,Număr,RO-AR,ONRC,https://www.onrc.ro,https://ecifre.ro/indicatori/firme-infiintate-judete-ro/arad,2026-09-01
Firme înființate pe județe,2026-01-01,158.0000,Număr,RO-AR,ONRC,https://www.onrc.ro,https://ecifre.ro/indicatori/firme-infiintate-judete-ro/arad,2026-09-01
Firme înființate pe județe,2026-02-01,310.0000,Număr,RO-AR,ONRC,https://www.onrc.ro,https://ecifre.ro/indicatori/firme-infiintate-judete-ro/arad,2026-09-01
Firme înființate pe județe,2026-03-01,318.0000,Număr,RO-AR,ONRC,https://www.onrc.ro,https://ecifre.ro/indicatori/firme-infiintate-judete-ro/arad,2026-09-01
Firme înființate pe județe,2026-04-01,226.0000,Număr,RO-AR,ONRC,https://www.onrc.ro,https://ecifre.ro/indicatori/firme-infiintate-judete-ro/arad,2026-09-01
Firme înființate pe județe,2026-05-01,259.0000,Număr,RO-AR,ONRC,https://www.onrc.ro,https://ecifre.ro/indicatori/firme-infiintate-judete-ro/arad,2026-09-01
Firme înființate pe județe,2026-06-01,229.0000,Număr,RO-AR,ONRC,https://www.onrc.ro,https://ecifre.ro/indicatori/firme-infiintate-judete-ro/arad,2026-09-01
Firme înființate pe județe,2026-07-01,214.0000,Număr,RO-AR,ONRC,https://www.onrc.ro,https://ecifre.ro/indicatori/firme-infiintate-judete-ro/arad,2026-09-01
Firme înființate pe județe,2014-01-01,250.0000,Număr,RO-AG,ONRC,https://www.onrc.ro,https://ecifre.ro/indicatori/firme-infiintate-judete-ro/arges,2026-09-01
Firme înființate pe județe,2015-01-01,259.0000,Număr,RO-AG,ONRC,https://www.onrc.ro,https://ecifre.ro/indicatori/firme-infiintate-judete-ro/arges,2026-09-01
Firme înființate pe județe,2016-01-01,247.0000,Număr,RO-AG,ONRC,https://www.onrc.ro,https://ecifre.ro/indicatori/firme-infiintate-judete-ro/arges,2026-09-01
Firme înființate pe județe,2017-01-01,153.0000,Număr,RO-AG,ONRC,https://www.onrc.ro,https://ecifre.ro/indicatori/firme-infiintate-judete-ro/arges,2026-09-01
Firme înființate pe județe,2017-03-01,389.0000,Număr,RO-AG,ONRC,https://www.onrc.ro,https://ecifre.ro/indicatori/firme-infiintate-judete-ro/arges,2026-09-01
Firme înființate pe județe,2017-04-01,371.0000,Număr,RO-AG,ONRC,https://www.onrc.ro,https://ecifre.ro/indicatori/firme-infiintate-judete-ro/arges,2026-09-01
Firme înființate pe județe,2017-05-01,545.0000,Număr,RO-AG,ONRC,https://www.onrc.ro,https://ecifre.ro/indicatori/firme-infiintate-judete-ro/arges,2026-09-01
Firme înființate pe județe,2017-06-01,433.0000,Număr,RO-AG,ONRC,https://www.onrc.ro,https://ecifre.ro/indicatori/firme-infiintate-judete-ro/arges,2026-09-01
Firme înființate pe județe,2017-07-01,440.0000,Număr,RO-AG,ONRC,https://www.onrc.ro,https://ecifre.ro/indicatori/firme-infiintate-judete-ro/arges,2026-09-01
Firme înființate pe județe,2017-08-01,310.0000,Număr,RO-AG,ONRC,https://www.onrc.ro,https://ecifre.ro/indicatori/firme-infiintate-judete-ro/arges,2026-09-01
Firme înființate pe județe,2017-09-01,271.0000,Număr,RO-AG,ONRC,https://www.onrc.ro,https://ecifre.ro/indicatori/firme-infiintate-judete-ro/arges,2026-09-01
Firme înființate pe județe,2017-10-01,244.0000,Număr,RO-AG,ONRC,https://www.onrc.ro,https://ecifre.ro/indicatori/firme-infiintate-judete-ro/arges,2026-09-01
Firme înființate pe județe,2017-11-01,236.0000,Număr,RO-AG,ONRC,https://www.onrc.ro,https://ecifre.ro/indicatori/firme-infiintate-judete-ro/arges,2026-09-01
Firme înființate pe județe,2017-12-01,182.0000,Număr,RO-AG,ONRC,https://www.onrc.ro,https://ecifre.ro/indicatori/firme-infiintate-judete-ro/arges,2026-09-01
Firme înființate pe județe,2018-01-01,315.0000,Număr,RO-AG,ONRC,https://www.onrc.ro,https://ecifre.ro/indicatori/firme-infiintate-judete-ro/arges,2026-09-01
Firme înființate pe județe,2018-02-01,323.0000,Număr,RO-AG,ONRC,https://www.onrc.ro,https://ecifre.ro/indicatori/firme-infiintate-judete-ro/arges,2026-09-01
Firme înființate pe județe,2018-03-01,382.0000,Număr,RO-AG,ONRC,https://www.onrc.ro,https://ecifre.ro/indicatori/firme-infiintate-judete-ro/arges,2026-09-01
Firme înființate pe județe,2018-04-01,276.0000,Număr,RO-AG,ONRC,https://www.onrc.ro,https://ecifre.ro/indicatori/firme-infiintate-judete-ro/arges,2026-09-01
Firme înființate pe județe,2018-05-01,341.0000,Număr,RO-AG,ONRC,https://www.onrc.ro,https://ecifre.ro/indicatori/firme-infiintate-judete-ro/arges,2026-09-01
Firme înființate pe județe,2018-06-01,307.0000,Număr,RO-AG,ONRC,https://www.onrc.ro,https://ecifre.ro/indicatori/firme-infiintate-judete-ro/arges,2026-09-01
Firme înființate pe județe,2018-07-01,268.0000,Număr,RO-AG,ONRC,https://www.onrc.ro,https://ecifre.ro/indicatori/firme-infiintate-judete-ro/arges,2026-09-01
Firme înființate pe județe,2018-08-01,275.0000,Număr,RO-AG,ONRC,https://www.onrc.ro,https://ecifre.ro/indicatori/firme-infiintate-judete-ro/arges,2026-09-01
Firme înființate pe județe,2018-09-01,281.0000,Număr,RO-AG,ONRC,https://www.onrc.ro,https://ecifre.ro/indicatori/firme-infiintate-judete-ro/arges,2026-09-01
Firme înființate pe județe,2018-10-01,317.0000,Număr,RO-AG,ONRC,https://www.onrc.ro,https://ecifre.ro/indicatori/firme-infiintate-judete-ro/arges,2026-09-01
Firme înființate pe județe,2018-11-01,393.0000,Număr,RO-AG,ONRC,https://www.onrc.ro,https://ecifre.ro/indicatori/firme-infiintate-judete-ro/arges,2026-09-01
Firme înființate pe județe,2018-12-01,335.0000,Număr,RO-AG,ONRC,https://www.onrc.ro,https://ecifre.ro/indicatori/firme-infiintate-judete-ro/arges,2026-09-01
Firme înființate pe județe,2019-01-01,515.0000,Număr,RO-AG,ONRC,https://www.onrc.ro,https://ecifre.ro/indicatori/firme-infiintate-judete-ro/arges,2026-09-01
Firme înființate pe județe,2019-02-01,361.0000,Număr,RO-AG,ONRC,https://www.onrc.ro,https://ecifre.ro/indicatori/firme-infiintate-judete-ro/arges,2026-09-01
Firme înființate pe județe,2019-03-01,509.0000,Număr,RO-AG,ONRC,https://www.onrc.ro,https://ecifre.ro/indicatori/firme-infiintate-judete-ro/arges,2026-09-01
Firme înființate pe județe,2019-04-01,481.0000,Număr,RO-AG,ONRC,https://www.onrc.ro,https://ecifre.ro/indicatori/firme-infiintate-judete-ro/arges,2026-09-01
Firme înființate pe județe,2019-05-01,422.0000,Număr,RO-AG,ONRC,https://www.onrc.ro,https://ecifre.ro/indicatori/firme-infiintate-judete-ro/arges,2026-09-01
Firme înființate pe județe,2019-06-01,294.0000,Număr,RO-AG,ONRC,https://www.onrc.ro,https://ecifre.ro/indicatori/firme-infiintate-judete-ro/arges,2026-09-01
Firme înființate pe județe,2019-07-01,321.0000,Număr,RO-AG,ONRC,https://www.onrc.ro,https://ecifre.ro/indicatori/firme-infiintate-judete-ro/arges,2026-09-01
Firme înființate pe județe,2019-08-01,232.0000,Număr,RO-AG,ONRC,https://www.onrc.ro,https://ecifre.ro/indicatori/firme-infiintate-judete-ro/arges,2026-09-01
Firme înființate pe județe,2019-09-01,268.0000,Număr,RO-AG,ONRC,https://www.onrc.ro,https://ecifre.ro/indicatori/firme-infiintate-judete-ro/arges,2026-09-01
Firme înființate pe județe,2019-10-01,292.0000,Număr,RO-AG,ONRC,https://www.onrc.ro,https://ecifre.ro/indicatori/firme-infiintate-judete-ro/arges,2026-09-01
Firme înființate pe județe,2019-11-01,220.0000,Număr,RO-AG,ONRC,https://www.onrc.ro,https://ecifre.ro/indicatori/firme-infiintate-judete-ro/arges,2026-09-01
Firme înființate pe județe,2019-12-01,187.0000,Număr,RO-AG,ONRC,https://www.onrc.ro,https://ecifre.ro/indicatori/firme-infiintate-judete-ro/arges,2026-09-01
Firme înființate pe județe,2020-01-01,254.0000,Număr,RO-AG,ONRC,https://www.onrc.ro,https://ecifre.ro/indicatori/firme-infiintate-judete-ro/arges,2026-09-01
Firme înființate pe județe,2020-02-01,295.0000,Număr,RO-AG,ONRC,https://www.onrc.ro,https://ecifre.ro/indicatori/firme-infiintate-judete-ro/arges,2026-09-01
Firme înființate pe județe,2020-03-01,144.0000,Număr,RO-AG,ONRC,https://www.onrc.ro,https://ecifre.ro/indicatori/firme-infiintate-judete-ro/arges,2026-09-01
Firme înființate pe județe,2020-04-01,55.0000,Număr,RO-AG,ONRC,https://www.onrc.ro,https://ecifre.ro/indicatori/firme-infiintate-judete-ro/arges,2026-09-01
Firme înființate pe județe,2020-05-01,202.0000,Număr,RO-AG,ONRC,https://www.onrc.ro,https://ecifre.ro/indicatori/firme-infiintate-judete-ro/arges,2026-09-01
Firme înființate pe județe,2020-06-01,279.0000,Număr,RO-AG,ONRC,https://www.onrc.ro,https://ecifre.ro/indicatori/firme-infiintate-judete-ro/arges,2026-09-01
Firme înființate pe județe,2020-07-01,271.0000,Număr,RO-AG,ONRC,https://www.onrc.ro,https://ecifre.ro/indicatori/firme-infiintate-judete-ro/arges,2026-09-01
Firme înființate pe județe,2020-08-01,240.0000,Număr,RO-AG,ONRC,https://www.onrc.ro,https://ecifre.ro/indicatori/firme-infiintate-judete-ro/arges,2026-09-01
Firme înființate pe județe,2020-09-01,281.0000,Număr,RO-AG,ONRC,https://www.onrc.ro,https://ecifre.ro/indicatori/firme-infiintate-judete-ro/arges,2026-09-01
Firme înființate pe județe,2020-10-01,263.0000,Număr,RO-AG,ONRC,https://www.onrc.ro,https://ecifre.ro/indicatori/firme-infiintate-judete-ro/arges,2026-09-01
Firme înființate pe județe,2020-11-01,221.0000,Număr,RO-AG,ONRC,https://www.onrc.ro,https://ecifre.ro/indicatori/firme-infiintate-judete-ro/arges,2026-09-01
Firme înființate pe județe,2020-12-01,224.0000,Număr,RO-AG,ONRC,https://www.onrc.ro,https://ecifre.ro/indicatori/firme-infiintate-judete-ro/arges,2026-09-01
Firme înființate pe județe,2021-02-01,353.0000,Număr,RO-AG,ONRC,https://www.onrc.ro,https://ecifre.ro/indicatori/firme-infiintate-judete-ro/arges,2026-09-01
Firme înființate pe județe,2021-03-01,435.0000,Număr,RO-AG,ONRC,https://www.onrc.ro,https://ecifre.ro/indicatori/firme-infiintate-judete-ro/arges,2026-09-01
Firme înființate pe județe,2021-04-01,380.0000,Număr,RO-AG,ONRC,https://www.onrc.ro,https://ecifre.ro/indicatori/firme-infiintate-judete-ro/arges,2026-09-01
Firme înființate pe județe,2021-05-01,310.0000,Număr,RO-AG,ONRC,https://www.onrc.ro,https://ecifre.ro/indicatori/firme-infiintate-judete-ro/arges,2026-09-01
Firme înființate pe județe,2021-06-01,319.0000,Număr,RO-AG,ONRC,https://www.onrc.ro,https://ecifre.ro/indicatori/firme-infiintate-judete-ro/arges,2026-09-01
Firme înființate pe județe,2021-07-01,314.0000,Număr,RO-AG,ONRC,https://www.onrc.ro,https://ecifre.ro/indicatori/firme-infiintate-judete-ro/arges,2026-09-01
Firme înființate pe județe,2021-08-01,312.0000,Număr,RO-AG,ONRC,https://www.onrc.ro,https://ecifre.ro/indicatori/firme-infiintate-judete-ro/arges,2026-09-01
Firme înființate pe județe,2021-09-01,379.0000,Număr,RO-AG,ONRC,https://www.onrc.ro,https://ecifre.ro/indicatori/firme-infiintate-judete-ro/arges,2026-09-01
Firme înființate pe județe,2021-10-01,314.0000,Număr,RO-AG,ONRC,https://www.onrc.ro,https://ecifre.ro/indicatori/firme-infiintate-judete-ro/arges,2026-09-01
Firme înființate pe județe,2021-11-01,247.0000,Număr,RO-AG,ONRC,https://www.onrc.ro,https://ecifre.ro/indicatori/firme-infiintate-judete-ro/arges,2026-09-01
Firme înființate pe județe,2021-12-01,218.0000,Număr,RO-AG,ONRC,https://www.onrc.ro,https://ecifre.ro/indicatori/firme-infiintate-judete-ro/arges,2026-09-01
Firme înființate pe județe,2022-02-01,323.0000,Număr,RO-AG,ONRC,https://www.onrc.ro,https://ecifre.ro/indicatori/firme-infiintate-judete-ro/arges,2026-09-01
Firme înființate pe județe,2022-03-01,352.0000,Număr,RO-AG,ONRC,https://www.onrc.ro,https://ecifre.ro/indicatori/firme-infiintate-judete-ro/arges,2026-09-01
Firme înființate pe județe,2022-04-01,280.0000,Număr,RO-AG,ONRC,https://www.onrc.ro,https://ecifre.ro/indicatori/firme-infiintate-judete-ro/arges,2026-09-01
Firme înființate pe județe,2022-05-01,448.0000,Număr,RO-AG,ONRC,https://www.onrc.ro,https://ecifre.ro/indicatori/firme-infiintate-judete-ro/arges,2026-09-01
Firme înființate pe județe,2022-07-01,421.0000,Număr,RO-AG,ONRC,https://www.onrc.ro,https://ecifre.ro/indicatori/firme-infiintate-judete-ro/arges,2026-09-01
Firme înființate pe județe,2022-08-01,415.0000,Număr,RO-AG,ONRC,https://www.onrc.ro,https://ecifre.ro/indicatori/firme-infiintate-judete-ro/arges,2026-09-01
Firme înființate pe județe,2022-09-01,429.0000,Număr,RO-AG,ONRC,https://www.onrc.ro,https://ecifre.ro/indicatori/firme-infiintate-judete-ro/arges,2026-09-01
Firme înființate pe județe,2022-10-01,326.0000,Număr,RO-AG,ONRC,https://www.onrc.ro,https://ecifre.ro/indicatori/firme-infiintate-judete-ro/arges,2026-09-01
Firme înființate pe județe,2022-11-01,306.0000,Număr,RO-AG,ONRC,https://www.onrc.ro,https://ecifre.ro/indicatori/firme-infiintate-judete-ro/arges,2026-09-01
Firme înființate pe județe,2022-12-01,250.0000,Număr,RO-AG,ONRC,https://www.onrc.ro,https://ecifre.ro/indicatori/firme-infiintate-judete-ro/arges,2026-09-01
Firme înființate pe județe,2023-02-01,383.0000,Număr,RO-AG,ONRC,https://www.onrc.ro,https://ecifre.ro/indicatori/firme-infiintate-judete-ro/arges,2026-09-01
Firme înființate pe județe,2023-03-01,401.0000,Număr,RO-AG,ONRC,https://www.onrc.ro,https://ecifre.ro/indicatori/firme-infiintate-judete-ro/arges,2026-09-01
Firme înființate pe județe,2023-04-01,287.0000,Număr,RO-AG,ONRC,https://www.onrc.ro,https://ecifre.ro/indicatori/firme-infiintate-judete-ro/arges,2026-09-01
Firme înființate pe județe,2023-05-01,364.0000,Număr,RO-AG,ONRC,https://www.onrc.ro,https://ecifre.ro/indicatori/firme-infiintate-judete-ro/arges,2026-09-01
Firme înființate pe județe,2023-06-01,300.0000,Număr,RO-AG,ONRC,https://www.onrc.ro,https://ecifre.ro/indicatori/firme-infiintate-judete-ro/arges,2026-09-01
Firme înființate pe județe,2023-07-01,267.0000,Număr,RO-AG,ONRC,https://www.onrc.ro,https://ecifre.ro/indicatori/firme-infiintate-judete-ro/arges,2026-09-01
Firme înființate pe județe,2023-08-01,269.0000,Număr,RO-AG,ONRC,https://www.onrc.ro,https://ecifre.ro/indicatori/firme-infiintate-judete-ro/arges,2026-09-01
Firme înființate pe județe,2023-09-01,354.0000,Număr,RO-AG,ONRC,https://www.onrc.ro,https://ecifre.ro/indicatori/firme-infiintate-judete-ro/arges,2026-09-01
Firme înființate pe județe,2023-10-01,354.0000,Număr,RO-AG,ONRC,https://www.onrc.ro,https://ecifre.ro/indicatori/firme-infiintate-judete-ro/arges,2026-09-01
Firme înființate pe județe,2023-11-01,316.0000,Număr,RO-AG,ONRC,https://www.onrc.ro,https://ecifre.ro/indicatori/firme-infiintate-judete-ro/arges,2026-09-01
Firme înființate pe județe,2023-12-01,203.0000,Număr,RO-AG,ONRC,https://www.onrc.ro,https://ecifre.ro/indicatori/firme-infiintate-judete-ro/arges,2026-09-01
Firme înființate pe județe,2024-02-01,326.0000,Număr,RO-AG,ONRC,https://www.onrc.ro,https://ecifre.ro/indicatori/firme-infiintate-judete-ro/arges,2026-09-01
Firme înființate pe județe,2024-03-01,290.0000,Număr,RO-AG,ONRC,https://www.onrc.ro,https://ecifre.ro/indicatori/firme-infiintate-judete-ro/arges,2026-09-01
Firme înființate pe județe,2024-04-01,293.0000,Număr,RO-AG,ONRC,https://www.onrc.ro,https://ecifre.ro/indicatori/firme-infiintate-judete-ro/arges,2026-09-01
Firme înființate pe județe,2024-05-01,226.0000,Număr,RO-AG,ONRC,https://www.onrc.ro,https://ecifre.ro/indicatori/firme-infiintate-judete-ro/arges,2026-09-01
Firme înființate pe județe,2024-06-01,242.0000,Număr,RO-AG,ONRC,https://www.onrc.ro,https://ecifre.ro/indicatori/firme-infiintate-judete-ro/arges,2026-09-01
Firme înființate pe județe,2024-07-01,184.0000,Număr,RO-AG,ONRC,https://www.onrc.ro,https://ecifre.ro/indicatori/firme-infiintate-judete-ro/arges,2026-09-01
Firme înființate pe județe,2024-08-01,140.0000,Număr,RO-AG,ONRC,https://www.onrc.ro,https://ecifre.ro/indicatori/firme-infiintate-judete-ro/arges,2026-09-01
Firme înființate pe județe,2024-09-01,192.0000,Număr,RO-AG,ONRC,https://www.onrc.ro,https://ecifre.ro/indicatori/firme-infiintate-judete-ro/arges,2026-09-01
Firme înființate pe județe,2024-10-01,353.0000,Număr,RO-AG,ONRC,https://www.onrc.ro,https://ecifre.ro/indicatori/firme-infiintate-judete-ro/arges,2026-09-01
Firme înființate pe județe,2024-11-01,336.0000,Număr,RO-AG,ONRC,https://www.onrc.ro,https://ecifre.ro/indicatori/firme-infiintate-judete-ro/arges,2026-09-01
Firme înființate pe județe,2024-12-01,209.0000,Număr,RO-AG,ONRC,https://www.onrc.ro,https://ecifre.ro/indicatori/firme-infiintate-judete-ro/arges,2026-09-01
Firme înființate pe județe,2025-01-01,267.0000,Număr,RO-AG,ONRC,https://www.onrc.ro,https://ecifre.ro/indicatori/firme-infiintate-judete-ro/arges,2026-09-01
Firme înființate pe județe,2025-02-01,334.0000,Număr,RO-AG,ONRC,https://www.onrc.ro,https://ecifre.ro/indicatori/firme-infiintate-judete-ro/arges,2026-09-01
Firme înființate pe județe,2025-03-01,296.0000,Număr,RO-AG,ONRC,https://www.onrc.ro,https://ecifre.ro/indicatori/firme-infiintate-judete-ro/arges,2026-09-01
Firme înființate pe județe,2025-04-01,255.0000,Număr,RO-AG,ONRC,https://www.onrc.ro,https://ecifre.ro/indicatori/firme-infiintate-judete-ro/arges,2026-09-01
Firme înființate pe județe,2025-05-01,296.0000,Număr,RO-AG,ONRC,https://www.onrc.ro,https://ecifre.ro/indicatori/firme-infiintate-judete-ro/arges,2026-09-01
Firme înființate pe județe,2025-06-01,262.0000,Număr,RO-AG,ONRC,https://www.onrc.ro,https://ecifre.ro/indicatori/firme-infiintate-judete-ro/arges,2026-09-01
Firme înființate pe județe,2025-07-01,396.0000,Număr,RO-AG,ONRC,https://www.onrc.ro,https://ecifre.ro/indicatori/firme-infiintate-judete-ro/arges,2026-09-01
Firme înființate pe județe,2025-08-01,302.0000,Număr,RO-AG,ONRC,https://www.onrc.ro,https://ecifre.ro/indicatori/firme-infiintate-judete-ro/arges,2026-09-01
Firme înființate pe județe,2025-09-01,355.0000,Număr,RO-AG,ONRC,https://www.onrc.ro,https://ecifre.ro/indicatori/firme-infiintate-judete-ro/arges,2026-09-01
Firme înființate pe județe,2025-10-01,445.0000,Număr,RO-AG,ONRC,https://www.onrc.ro,https://ecifre.ro/indicatori/firme-infiintate-judete-ro/arges,2026-09-01
Firme înființate pe județe,2025-11-01,339.0000,Număr,RO-AG,ONRC,https://www.onrc.ro,https://ecifre.ro/indicatori/firme-infiintate-judete-ro/arges,2026-09-01
Firme înființate pe județe,2025-12-01,287.0000,Număr,RO-AG,ONRC,https://www.onrc.ro,https://ecifre.ro/indicatori/firme-infiintate-judete-ro/arges,2026-09-01
Firme înființate pe județe,2026-01-01,289.0000,Număr,RO-AG,ONRC,https://www.onrc.ro,https://ecifre.ro/indicatori/firme-infiintate-judete-ro/arges,2026-09-01
Firme înființate pe județe,2026-02-01,376.0000,Număr,RO-AG,ONRC,https://www.onrc.ro,https://ecifre.ro/indicatori/firme-infiintate-judete-ro/arges,2026-09-01
Firme înființate pe județe,2026-03-01,395.0000,Număr,RO-AG,ONRC,https://www.onrc.ro,https://ecifre.ro/indicatori/firme-infiintate-judete-ro/arges,2026-09-01
Firme înființate pe județe,2026-04-01,289.0000,Număr,RO-AG,ONRC,https://www.onrc.ro,https://ecifre.ro/indicatori/firme-infiintate-judete-ro/arges,2026-09-01
Firme înființate pe județe,2026-05-01,293.0000,Număr,RO-AG,ONRC,https://www.onrc.ro,https://ecifre.ro/indicatori/firme-infiintate-judete-ro/arges,2026-09-01
Firme înființate pe județe,2026-06-01,273.0000,Număr,RO-AG,ONRC,https://www.onrc.ro,https://ecifre.ro/indicatori/firme-infiintate-judete-ro/arges,2026-09-01
Firme înființate pe județe,2026-07-01,239.0000,Număr,RO-AG,ONRC,https://www.onrc.ro,https://ecifre.ro/indicatori/firme-infiintate-judete-ro/arges,2026-09-01
Firme înființate pe județe,2014-01-01,206.0000,Număr,RO-BC,ONRC,https://www.onrc.ro,https://ecifre.ro/indicatori/firme-infiintate-judete-ro/bacau,2026-09-01
Firme înființate pe județe,2015-01-01,211.0000,Număr,RO-BC,ONRC,https://www.onrc.ro,https://ecifre.ro/indicatori/firme-infiintate-judete-ro/bacau,2026-09-01
Firme înființate pe județe,2016-01-01,203.0000,Număr,RO-BC,ONRC,https://www.onrc.ro,https://ecifre.ro/indicatori/firme-infiintate-judete-ro/bacau,2026-09-01
Firme înființate pe județe,2017-01-01,126.0000,Număr,RO-BC,ONRC,https://www.onrc.ro,https://ecifre.ro/indicatori/firme-infiintate-judete-ro/bacau,2026-09-01
Firme înființate pe județe,2017-03-01,278.0000,Număr,RO-BC,ONRC,https://www.onrc.ro,https://ecifre.ro/indicatori/firme-infiintate-judete-ro/bacau,2026-09-01
Firme înființate pe județe,2017-04-01,234.0000,Număr,RO-BC,ONRC,https://www.onrc.ro,https://ecifre.ro/indicatori/firme-infiintate-judete-ro/bacau,2026-09-01
Firme înființate pe județe,2017-05-01,361.0000,Număr,RO-BC,ONRC,https://www.onrc.ro,https://ecifre.ro/indicatori/firme-infiintate-judete-ro/bacau,2026-09-01
Firme înființate pe județe,2017-06-01,302.0000,Număr,RO-BC,ONRC,https://www.onrc.ro,https://ecifre.ro/indicatori/firme-infiintate-judete-ro/bacau,2026-09-01
Firme înființate pe județe,2017-07-01,271.0000,Număr,RO-BC,ONRC,https://www.onrc.ro,https://ecifre.ro/indicatori/firme-infiintate-judete-ro/bacau,2026-09-01
Firme înființate pe județe,2017-08-01,197.0000,Număr,RO-BC,ONRC,https://www.onrc.ro,https://ecifre.ro/indicatori/firme-infiintate-judete-ro/bacau,2026-09-01
Firme înființate pe județe,2017-09-01,224.0000,Număr,RO-BC,ONRC,https://www.onrc.ro,https://ecifre.ro/indicatori/firme-infiintate-judete-ro/bacau,2026-09-01
Firme înființate pe județe,2017-10-01,223.0000,Număr,RO-BC,ONRC,https://www.onrc.ro,https://ecifre.ro/indicatori/firme-infiintate-judete-ro/bacau,2026-09-01
Firme înființate pe județe,2017-11-01,187.0000,Număr,RO-BC,ONRC,https://www.onrc.ro,https://ecifre.ro/indicatori/firme-infiintate-judete-ro/bacau,2026-09-01
Firme înființate pe județe,2017-12-01,137.0000,Număr,RO-BC,ONRC,https://www.onrc.ro,https://ecifre.ro/indicatori/firme-infiintate-judete-ro/bacau,2026-09-01
Firme înființate pe județe,2018-01-01,235.0000,Număr,RO-BC,ONRC,https://www.onrc.ro,https://ecifre.ro/indicatori/firme-infiintate-judete-ro/bacau,2026-09-01
Firme înființate pe județe,2018-02-01,252.0000,Număr,RO-BC,ONRC,https://www.onrc.ro,https://ecifre.ro/indicatori/firme-infiintate-judete-ro/bacau,2026-09-01
Firme înființate pe județe,2018-03-01,255.0000,Număr,RO-BC,ONRC,https://www.onrc.ro,https://ecifre.ro/indicatori/firme-infiintate-judete-ro/bacau,2026-09-01
Firme înființate pe județe,2018-04-01,209.0000,Număr,RO-BC,ONRC,https://www.onrc.ro,https://ecifre.ro/indicatori/firme-infiintate-judete-ro/bacau,2026-09-01
Firme înființate pe județe,2018-05-01,252.0000,Număr,RO-BC,ONRC,https://www.onrc.ro,https://ecifre.ro/indicatori/firme-infiintate-judete-ro/bacau,2026-09-01
Firme înființate pe județe,2018-06-01,228.0000,Număr,RO-BC,ONRC,https://www.onrc.ro,https://ecifre.ro/indicatori/firme-infiintate-judete-ro/bacau,2026-09-01
Firme înființate pe județe,2018-07-01,227.0000,Număr,RO-BC,ONRC,https://www.onrc.ro,https://ecifre.ro/indicatori/firme-infiintate-judete-ro/bacau,2026-09-01
Firme înființate pe județe,2018-08-01,234.0000,Număr,RO-BC,ONRC,https://www.onrc.ro,https://ecifre.ro/indicatori/firme-infiintate-judete-ro/bacau,2026-09-01
Firme înființate pe județe,2018-09-01,219.0000,Număr,RO-BC,ONRC,https://www.onrc.ro,https://ecifre.ro/indicatori/firme-infiintate-judete-ro/bacau,2026-09-01
Firme înființate pe județe,2018-10-01,295.0000,Număr,RO-BC,ONRC,https://www.onrc.ro,https://ecifre.ro/indicatori/firme-infiintate-judete-ro/bacau,2026-09-01
Firme înființate pe județe,2018-11-01,243.0000,Număr,RO-BC,ONRC,https://www.onrc.ro,https://ecifre.ro/indicatori/firme-infiintate-judete-ro/bacau,2026-09-01
Firme înființate pe județe,2018-12-01,229.0000,Număr,RO-BC,ONRC,https://www.onrc.ro,https://ecifre.ro/indicatori/firme-infiintate-judete-ro/bacau,2026-09-01
Firme înființate pe județe,2019-01-01,376.0000,Număr,RO-BC,ONRC,https://www.onrc.ro,https://ecifre.ro/indicatori/firme-infiintate-judete-ro/bacau,2026-09-01
Firme înființate pe județe,2019-02-01,323.0000,Număr,RO-BC,ONRC,https://www.onrc.ro,https://ecifre.ro/indicatori/firme-infiintate-judete-ro/bacau,2026-09-01
Firme înființate pe județe,2019-03-01,397.0000,Număr,RO-BC,ONRC,https://www.onrc.ro,https://ecifre.ro/indicatori/firme-infiintate-judete-ro/bacau,2026-09-01
Firme înființate pe județe,2019-04-01,417.0000,Număr,RO-BC,ONRC,https://www.onrc.ro,https://ecifre.ro/indicatori/firme-infiintate-judete-ro/bacau,2026-09-01
Firme înființate pe județe,2019-05-01,334.0000,Număr,RO-BC,ONRC,https://www.onrc.ro,https://ecifre.ro/indicatori/firme-infiintate-judete-ro/bacau,2026-09-01
Firme înființate pe județe,2019-06-01,238.0000,Număr,RO-BC,ONRC,https://www.onrc.ro,https://ecifre.ro/indicatori/firme-infiintate-judete-ro/bacau,2026-09-01
Firme înființate pe județe,2019-07-01,210.0000,Număr,RO-BC,ONRC,https://www.onrc.ro,https://ecifre.ro/indicatori/firme-infiintate-judete-ro/bacau,2026-09-01
Firme înființate pe județe,2019-08-01,225.0000,Număr,RO-BC,ONRC,https://www.onrc.ro,https://ecifre.ro/indicatori/firme-infiintate-judete-ro/bacau,2026-09-01
Firme înființate pe județe,2019-09-01,213.0000,Număr,RO-BC,ONRC,https://www.onrc.ro,https://ecifre.ro/indicatori/firme-infiintate-judete-ro/bacau,2026-09-01
Firme înființate pe județe,2019-10-01,242.0000,Număr,RO-BC,ONRC,https://www.onrc.ro,https://ecifre.ro/indicatori/firme-infiintate-judete-ro/bacau,2026-09-01
Firme înființate pe județe,2019-11-01,203.0000,Număr,RO-BC,ONRC,https://www.onrc.ro,https://ecifre.ro/indicatori/firme-infiintate-judete-ro/bacau,2026-09-01
Firme înființate pe județe,2019-12-01,154.0000,Număr,RO-BC,ONRC,https://www.onrc.ro,https://ecifre.ro/indicatori/firme-infiintate-judete-ro/bacau,2026-09-01
Firme înființate pe județe,2020-01-01,259.0000,Număr,RO-BC,ONRC,https://www.onrc.ro,https://ecifre.ro/indicatori/firme-infiintate-judete-ro/bacau,2026-09-01
Firme înființate pe județe,2020-02-01,242.0000,Număr,RO-BC,ONRC,https://www.onrc.ro,https://ecifre.ro/indicatori/firme-infiintate-judete-ro/bacau,2026-09-01
Firme înființate pe județe,2020-03-01,130.0000,Număr,RO-BC,ONRC,https://www.onrc.ro,https://ecifre.ro/indicatori/firme-infiintate-judete-ro/bacau,2026-09-01
Firme înființate pe județe,2020-04-01,52.0000,Număr,RO-BC,ONRC,https://www.onrc.ro,https://ecifre.ro/indicatori/firme-infiintate-judete-ro/bacau,2026-09-01
Firme înființate pe județe,2020-05-01,191.0000,Număr,RO-BC,ONRC,https://www.onrc.ro,https://ecifre.ro/indicatori/firme-infiintate-judete-ro/bacau,2026-09-01
Firme înființate pe județe,2020-06-01,267.0000,Număr,RO-BC,ONRC,https://www.onrc.ro,https://ecifre.ro/indicatori/firme-infiintate-judete-ro/bacau,2026-09-01
Firme înființate pe județe,2020-07-01,277.0000,Număr,RO-BC,ONRC,https://www.onrc.ro,https://ecifre.ro/indicatori/firme-infiintate-judete-ro/bacau,2026-09-01
Firme înființate pe județe,2020-08-01,213.0000,Număr,RO-BC,ONRC,https://www.onrc.ro,https://ecifre.ro/indicatori/firme-infiintate-judete-ro/bacau,2026-09-01
Firme înființate pe județe,2020-09-01,221.0000,Număr,RO-BC,ONRC,https://www.onrc.ro,https://ecifre.ro/indicatori/firme-infiintate-judete-ro/bacau,2026-09-01
Firme înființate pe județe,2020-10-01,239.0000,Număr,RO-BC,ONRC,https://www.onrc.ro,https://ecifre.ro/indicatori/firme-infiintate-judete-ro/bacau,2026-09-01
Firme înființate pe județe,2020-11-01,217.0000,Număr,RO-BC,ONRC,https://www.onrc.ro,https://ecifre.ro/indicatori/firme-infiintate-judete-ro/bacau,2026-09-01
Firme înființate pe județe,2020-12-01,178.0000,Număr,RO-BC,ONRC,https://www.onrc.ro,https://ecifre.ro/indicatori/firme-infiintate-judete-ro/bacau,2026-09-01
Firme înființate pe județe,2021-02-01,338.0000,Număr,RO-BC,ONRC,https://www.onrc.ro,https://ecifre.ro/indicatori/firme-infiintate-judete-ro/bacau,2026-09-01
Firme înființate pe județe,2021-03-01,301.0000,Număr,RO-BC,ONRC,https://www.onrc.ro,https://ecifre.ro/indicatori/firme-infiintate-judete-ro/bacau,2026-09-01
Firme înființate pe județe,2021-04-01,277.0000,Număr,RO-BC,ONRC,https://www.onrc.ro,https://ecifre.ro/indicatori/firme-infiintate-judete-ro/bacau,2026-09-01
Firme înființate pe județe,2021-05-01,226.0000,Număr,RO-BC,ONRC,https://www.onrc.ro,https://ecifre.ro/indicatori/firme-infiintate-judete-ro/bacau,2026-09-01
Firme înființate pe județe,2021-06-01,239.0000,Număr,RO-BC,ONRC,https://www.onrc.ro,https://ecifre.ro/indicatori/firme-infiintate-judete-ro/bacau,2026-09-01
Firme înființate pe județe,2021-07-01,262.0000,Număr,RO-BC,ONRC,https://www.onrc.ro,https://ecifre.ro/indicatori/firme-infiintate-judete-ro/bacau,2026-09-01
Firme înființate pe județe,2021-08-01,246.0000,Număr,RO-BC,ONRC,https://www.onrc.ro,https://ecifre.ro/indicatori/firme-infiintate-judete-ro/bacau,2026-09-01
Firme înființate pe județe,2021-09-01,277.0000,Număr,RO-BC,ONRC,https://www.onrc.ro,https://ecifre.ro/indicatori/firme-infiintate-judete-ro/bacau,2026-09-01
Firme înființate pe județe,2021-10-01,234.0000,Număr,RO-BC,ONRC,https://www.onrc.ro,https://ecifre.ro/indicatori/firme-infiintate-judete-ro/bacau,2026-09-01
Firme înființate pe județe,2021-11-01,208.0000,Număr,RO-BC,ONRC,https://www.onrc.ro,https://ecifre.ro/indicatori/firme-infiintate-judete-ro/bacau,2026-09-01
Firme înființate pe județe,2021-12-01,157.0000,Număr,RO-BC,ONRC,https://www.onrc.ro,https://ecifre.ro/indicatori/firme-infiintate-judete-ro/bacau,2026-09-01
Firme înființate pe județe,2022-02-01,252.0000,Număr,RO-BC,ONRC,https://www.onrc.ro,https://ecifre.ro/indicatori/firme-infiintate-judete-ro/bacau,2026-09-01
Firme înființate pe județe,2022-03-01,278.0000,Număr,RO-BC,ONRC,https://www.onrc.ro,https://ecifre.ro/indicatori/firme-infiintate-judete-ro/bacau,2026-09-01
Firme înființate pe județe,2022-04-01,219.0000,Număr,RO-BC,ONRC,https://www.onrc.ro,https://ecifre.ro/indicatori/firme-infiintate-judete-ro/bacau,2026-09-01
Firme înființate pe județe,2022-05-01,332.0000,Număr,RO-BC,ONRC,https://www.onrc.ro,https://ecifre.ro/indicatori/firme-infiintate-judete-ro/bacau,2026-09-01
Firme înființate pe județe,2022-07-01,248.0000,Număr,RO-BC,ONRC,https://www.onrc.ro,https://ecifre.ro/indicatori/firme-infiintate-judete-ro/bacau,2026-09-01
Firme înființate pe județe,2022-08-01,323.0000,Număr,RO-BC,ONRC,https://www.onrc.ro,https://ecifre.ro/indicatori/firme-infiintate-judete-ro/bacau,2026-09-01
Firme înființate pe județe,2022-09-01,296.0000,Număr,RO-BC,ONRC,https://www.onrc.ro,https://ecifre.ro/indicatori/firme-infiintate-judete-ro/bacau,2026-09-01
Firme înființate pe județe,2022-10-01,253.0000,Număr,RO-BC,ONRC,https://www.onrc.ro,https://ecifre.ro/indicatori/firme-infiintate-judete-ro/bacau,2026-09-01
Firme înființate pe județe,2022-11-01,219.0000,Număr,RO-BC,ONRC,https://www.onrc.ro,https://ecifre.ro/indicatori/firme-infiintate-judete-ro/bacau,2026-09-01
Firme înființate pe județe,2022-12-01,165.0000,Număr,RO-BC,ONRC,https://www.onrc.ro,https://ecifre.ro/indicatori/firme-infiintate-judete-ro/bacau,2026-09-01
Firme înființate pe județe,2023-02-01,277.0000,Număr,RO-BC,ONRC,https://www.onrc.ro,https://ecifre.ro/indicatori/firme-infiintate-judete-ro/bacau,2026-09-01
Firme înființate pe județe,2023-03-01,286.0000,Număr,RO-BC,ONRC,https://www.onrc.ro,https://ecifre.ro/indicatori/firme-infiintate-judete-ro/bacau,2026-09-01
Firme înființate pe județe,2023-04-01,201.0000,Număr,RO-BC,ONRC,https://www.onrc.ro,https://ecifre.ro/indicatori/firme-infiintate-judete-ro/bacau,2026-09-01
Firme înființate pe județe,2023-05-01,259.0000,Număr,RO-BC,ONRC,https://www.onrc.ro,https://ecifre.ro/indicatori/firme-infiintate-judete-ro/bacau,2026-09-01
Firme înființate pe județe,2023-06-01,222.0000,Număr,RO-BC,ONRC,https://www.onrc.ro,https://ecifre.ro/indicatori/firme-infiintate-judete-ro/bacau,2026-09-01
Firme înființate pe județe,2023-07-01,234.0000,Număr,RO-BC,ONRC,https://www.onrc.ro,https://ecifre.ro/indicatori/firme-infiintate-judete-ro/bacau,2026-09-01
Firme înființate pe județe,2023-08-01,239.0000,Număr,RO-BC,ONRC,https://www.onrc.ro,https://ecifre.ro/indicatori/firme-infiintate-judete-ro/bacau,2026-09-01
Firme înființate pe județe,2023-09-01,290.0000,Număr,RO-BC,ONRC,https://www.onrc.ro,https://ecifre.ro/indicatori/firme-infiintate-judete-ro/bacau,2026-09-01
Firme înființate pe județe,2023-10-01,290.0000,Număr,RO-BC,ONRC,https://www.onrc.ro,https://ecifre.ro/indicatori/firme-infiintate-judete-ro/bacau,2026-09-01
Firme înființate pe județe,2023-11-01,241.0000,Număr,RO-BC,ONRC,https://www.onrc.ro,https://ecifre.ro/indicatori/firme-infiintate-judete-ro/bacau,2026-09-01
Firme înființate pe județe,2023-12-01,151.0000,Număr,RO-BC,ONRC,https://www.onrc.ro,https://ecifre.ro/indicatori/firme-infiintate-judete-ro/bacau,2026-09-01
Firme înființate pe județe,2024-02-01,221.0000,Număr,RO-BC,ONRC,https://www.onrc.ro,https://ecifre.ro/indicatori/firme-infiintate-judete-ro/bacau,2026-09-01
Firme înființate pe județe,2024-03-01,285.0000,Număr,RO-BC,ONRC,https://www.onrc.ro,https://ecifre.ro/indicatori/firme-infiintate-judete-ro/bacau,2026-09-01
Firme înființate pe județe,2024-04-01,237.0000,Număr,RO-BC,ONRC,https://www.onrc.ro,https://ecifre.ro/indicatori/firme-infiintate-judete-ro/bacau,2026-09-01
Firme înființate pe județe,2024-05-01,247.0000,Număr,RO-BC,ONRC,https://www.onrc.ro,https://ecifre.ro/indicatori/firme-infiintate-judete-ro/bacau,2026-09-01
Firme înființate pe județe,2024-06-01,188.0000,Număr,RO-BC,ONRC,https://www.onrc.ro,https://ecifre.ro/indicatori/firme-infiintate-judete-ro/bacau,2026-09-01
Firme înființate pe județe,2024-07-01,135.0000,Număr,RO-BC,ONRC,https://www.onrc.ro,https://ecifre.ro/indicatori/firme-infiintate-judete-ro/bacau,2026-09-01
Firme înființate pe județe,2024-08-01,108.0000,Număr,RO-BC,ONRC,https://www.onrc.ro,https://ecifre.ro/indicatori/firme-infiintate-judete-ro/bacau,2026-09-01
Firme înființate pe județe,2024-09-01,221.0000,Număr,RO-BC,ONRC,https://www.onrc.ro,https://ecifre.ro/indicatori/firme-infiintate-judete-ro/bacau,2026-09-01
Firme înființate pe județe,2024-10-01,384.0000,Număr,RO-BC,ONRC,https://www.onrc.ro,https://ecifre.ro/indicatori/firme-infiintate-judete-ro/bacau,2026-09-01
Firme înființate pe județe,2024-11-01,247.0000,Număr,RO-BC,ONRC,https://www.onrc.ro,https://ecifre.ro/indicatori/firme-infiintate-judete-ro/bacau,2026-09-01
Firme înființate pe județe,2024-12-01,160.0000,Număr,RO-BC,ONRC,https://www.onrc.ro,https://ecifre.ro/indicatori/firme-infiintate-judete-ro/bacau,2026-09-01
Firme înființate pe județe,2025-01-01,206.0000,Număr,RO-BC,ONRC,https://www.onrc.ro,https://ecifre.ro/indicatori/firme-infiintate-judete-ro/bacau,2026-09-01
Firme înființate pe județe,2025-02-01,271.0000,Număr,RO-BC,ONRC,https://www.onrc.ro,https://ecifre.ro/indicatori/firme-infiintate-judete-ro/bacau,2026-09-01
Firme înființate pe județe,2025-03-01,247.0000,Număr,RO-BC,ONRC,https://www.onrc.ro,https://ecifre.ro/indicatori/firme-infiintate-judete-ro/bacau,2026-09-01
Firme înființate pe județe,2025-04-01,243.0000,Număr,RO-BC,ONRC,https://www.onrc.ro,https://ecifre.ro/indicatori/firme-infiintate-judete-ro/bacau,2026-09-01
Firme înființate pe județe,2025-05-01,264.0000,Număr,RO-BC,ONRC,https://www.onrc.ro,https://ecifre.ro/indicatori/firme-infiintate-judete-ro/bacau,2026-09-01
Firme înființate pe județe,2025-06-01,274.0000,Număr,RO-BC,ONRC,https://www.onrc.ro,https://ecifre.ro/indicatori/firme-infiintate-judete-ro/bacau,2026-09-01
Firme înființate pe județe,2025-07-01,264.0000,Număr,RO-BC,ONRC,https://www.onrc.ro,https://ecifre.ro/indicatori/firme-infiintate-judete-ro/bacau,2026-09-01
Firme înființate pe județe,2025-08-01,304.0000,Număr,RO-BC,ONRC,https://www.onrc.ro,https://ecifre.ro/indicatori/firme-infiintate-judete-ro/bacau,2026-09-01
Firme înființate pe județe,2025-09-01,281.0000,Număr,RO-BC,ONRC,https://www.onrc.ro,https://ecifre.ro/indicatori/firme-infiintate-judete-ro/bacau,2026-09-01
Firme înființate pe județe,2025-10-01,296.0000,Număr,RO-BC,ONRC,https://www.onrc.ro,https://ecifre.ro/indicatori/firme-infiintate-judete-ro/bacau,2026-09-01
Firme înființate pe județe,2025-11-01,251.0000,Număr,RO-BC,ONRC,https://www.onrc.ro,https://ecifre.ro/indicatori/firme-infiintate-judete-ro/bacau,2026-09-01
Firme înființate pe județe,2025-12-01,240.0000,Număr,RO-BC,ONRC,https://www.onrc.ro,https://ecifre.ro/indicatori/firme-infiintate-judete-ro/bacau,2026-09-01
Firme înființate pe județe,2026-01-01,200.0000,Număr,RO-BC,ONRC,https://www.onrc.ro,https://ecifre.ro/indicatori/firme-infiintate-judete-ro/bacau,2026-09-01
Firme înființate pe județe,2026-02-01,287.0000,Număr,RO-BC,ONRC,https://www.onrc.ro,https://ecifre.ro/indicatori/firme-infiintate-judete-ro/bacau,2026-09-01
Firme înființate pe județe,2026-03-01,300.0000,Număr,RO-BC,ONRC,https://www.onrc.ro,https://ecifre.ro/indicatori/firme-infiintate-judete-ro/bacau,2026-09-01
Firme înființate pe județe,2026-04-01,177.0000,Număr,RO-BC,ONRC,https://www.onrc.ro,https://ecifre.ro/indicatori/firme-infiintate-judete-ro/bacau,2026-09-01
Firme înființate pe județe,2026-05-01,205.0000,Număr,RO-BC,ONRC,https://www.onrc.ro,https://ecifre.ro/indicatori/firme-infiintate-judete-ro/bacau,2026-09-01
Firme înființate pe județe,2026-06-01,202.0000,Număr,RO-BC,ONRC,https://www.onrc.ro,https://ecifre.ro/indicatori/firme-infiintate-judete-ro/bacau,2026-09-01
Firme înființate pe județe,2026-07-01,195.0000,Număr,RO-BC,ONRC,https://www.onrc.ro,https://ecifre.ro/indicatori/firme-infiintate-judete-ro/bacau,2026-09-01
Firme înființate pe județe,2014-01-01,343.0000,Număr,RO-BH,ONRC,https://www.onrc.ro,https://ecifre.ro/indicatori/firme-infiintate-judete-ro/bihor,2026-09-01
Firme înființate pe județe,2015-01-01,310.0000,Număr,RO-BH,ONRC,https://www.onrc.ro,https://ecifre.ro/indicatori/firme-infiintate-judete-ro/bihor,2026-09-01
Firme înființate pe județe,2016-01-01,292.0000,Număr,RO-BH,ONRC,https://www.onrc.ro,https://ecifre.ro/indicatori/firme-infiintate-judete-ro/bihor,2026-09-01
Firme înființate pe județe,2017-01-01,189.0000,Număr,RO-BH,ONRC,https://www.onrc.ro,https://ecifre.ro/indicatori/firme-infiintate-judete-ro/bihor,2026-09-01
Firme înființate pe județe,2017-03-01,613.0000,Număr,RO-BH,ONRC,https://www.onrc.ro,https://ecifre.ro/indicatori/firme-infiintate-judete-ro/bihor,2026-09-01
Firme înființate pe județe,2017-04-01,616.0000,Număr,RO-BH,ONRC,https://www.onrc.ro,https://ecifre.ro/indicatori/firme-infiintate-judete-ro/bihor,2026-09-01
Firme înființate pe județe,2017-05-01,831.0000,Număr,RO-BH,ONRC,https://www.onrc.ro,https://ecifre.ro/indicatori/firme-infiintate-judete-ro/bihor,2026-09-01
Firme înființate pe județe,2017-06-01,614.0000,Număr,RO-BH,ONRC,https://www.onrc.ro,https://ecifre.ro/indicatori/firme-infiintate-judete-ro/bihor,2026-09-01
Firme înființate pe județe,2017-07-01,501.0000,Număr,RO-BH,ONRC,https://www.onrc.ro,https://ecifre.ro/indicatori/firme-infiintate-judete-ro/bihor,2026-09-01
Firme înființate pe județe,2017-08-01,342.0000,Număr,RO-BH,ONRC,https://www.onrc.ro,https://ecifre.ro/indicatori/firme-infiintate-judete-ro/bihor,2026-09-01
Firme înființate pe județe,2017-09-01,329.0000,Număr,RO-BH,ONRC,https://www.onrc.ro,https://ecifre.ro/indicatori/firme-infiintate-judete-ro/bihor,2026-09-01
Firme înființate pe județe,2017-10-01,344.0000,Număr,RO-BH,ONRC,https://www.onrc.ro,https://ecifre.ro/indicatori/firme-infiintate-judete-ro/bihor,2026-09-01
Firme înființate pe județe,2017-11-01,316.0000,Număr,RO-BH,ONRC,https://www.onrc.ro,https://ecifre.ro/indicatori/firme-infiintate-judete-ro/bihor,2026-09-01
Firme înființate pe județe,2017-12-01,210.0000,Număr,RO-BH,ONRC,https://www.onrc.ro,https://ecifre.ro/indicatori/firme-infiintate-judete-ro/bihor,2026-09-01
Firme înființate pe județe,2018-01-01,390.0000,Număr,RO-BH,ONRC,https://www.onrc.ro,https://ecifre.ro/indicatori/firme-infiintate-judete-ro/bihor,2026-09-01
Firme înființate pe județe,2018-02-01,520.0000,Număr,RO-BH,ONRC,https://www.onrc.ro,https://ecifre.ro/indicatori/firme-infiintate-judete-ro/bihor,2026-09-01
Firme înființate pe județe,2018-03-01,763.0000,Număr,RO-BH,ONRC,https://www.onrc.ro,https://ecifre.ro/indicatori/firme-infiintate-judete-ro/bihor,2026-09-01
Firme înființate pe județe,2018-04-01,582.0000,Număr,RO-BH,ONRC,https://www.onrc.ro,https://ecifre.ro/indicatori/firme-infiintate-judete-ro/bihor,2026-09-01
Firme înființate pe județe,2018-05-01,566.0000,Număr,RO-BH,ONRC,https://www.onrc.ro,https://ecifre.ro/indicatori/firme-infiintate-judete-ro/bihor,2026-09-01
Firme înființate pe județe,2018-06-01,477.0000,Număr,RO-BH,ONRC,https://www.onrc.ro,https://ecifre.ro/indicatori/firme-infiintate-judete-ro/bihor,2026-09-01
Firme înființate pe județe,2018-07-01,416.0000,Număr,RO-BH,ONRC,https://www.onrc.ro,https://ecifre.ro/indicatori/firme-infiintate-judete-ro/bihor,2026-09-01
Firme înființate pe județe,2018-08-01,387.0000,Număr,RO-BH,ONRC,https://www.onrc.ro,https://ecifre.ro/indicatori/firme-infiintate-judete-ro/bihor,2026-09-01
Firme înființate pe județe,2018-09-01,317.0000,Număr,RO-BH,ONRC,https://www.onrc.ro,https://ecifre.ro/indicatori/firme-infiintate-judete-ro/bihor,2026-09-01
Firme înființate pe județe,2018-10-01,421.0000,Număr,RO-BH,ONRC,https://www.onrc.ro,https://ecifre.ro/indicatori/firme-infiintate-judete-ro/bihor,2026-09-01
Firme înființate pe județe,2018-11-01,496.0000,Număr,RO-BH,ONRC,https://www.onrc.ro,https://ecifre.ro/indicatori/firme-infiintate-judete-ro/bihor,2026-09-01
Firme înființate pe județe,2018-12-01,410.0000,Număr,RO-BH,ONRC,https://www.onrc.ro,https://ecifre.ro/indicatori/firme-infiintate-judete-ro/bihor,2026-09-01
Firme înființate pe județe,2019-01-01,595.0000,Număr,RO-BH,ONRC,https://www.onrc.ro,https://ecifre.ro/indicatori/firme-infiintate-judete-ro/bihor,2026-09-01
Firme înființate pe județe,2019-02-01,498.0000,Număr,RO-BH,ONRC,https://www.onrc.ro,https://ecifre.ro/indicatori/firme-infiintate-judete-ro/bihor,2026-09-01
Firme înființate pe județe,2019-03-01,513.0000,Număr,RO-BH,ONRC,https://www.onrc.ro,https://ecifre.ro/indicatori/firme-infiintate-judete-ro/bihor,2026-09-01
Firme înființate pe județe,2019-04-01,533.0000,Număr,RO-BH,ONRC,https://www.onrc.ro,https://ecifre.ro/indicatori/firme-infiintate-judete-ro/bihor,2026-09-01
Firme înființate pe județe,2019-05-01,453.0000,Număr,RO-BH,ONRC,https://www.onrc.ro,https://ecifre.ro/indicatori/firme-infiintate-judete-ro/bihor,2026-09-01
Firme înființate pe județe,2019-06-01,366.0000,Număr,RO-BH,ONRC,https://www.onrc.ro,https://ecifre.ro/indicatori/firme-infiintate-judete-ro/bihor,2026-09-01
Firme înființate pe județe,2019-07-01,398.0000,Număr,RO-BH,ONRC,https://www.onrc.ro,https://ecifre.ro/indicatori/firme-infiintate-judete-ro/bihor,2026-09-01
Firme înființate pe județe,2019-08-01,275.0000,Număr,RO-BH,ONRC,https://www.onrc.ro,https://ecifre.ro/indicatori/firme-infiintate-judete-ro/bihor,2026-09-01
Firme înființate pe județe,2019-09-01,262.0000,Număr,RO-BH,ONRC,https://www.onrc.ro,https://ecifre.ro/indicatori/firme-infiintate-judete-ro/bihor,2026-09-01
Firme înființate pe județe,2019-10-01,344.0000,Număr,RO-BH,ONRC,https://www.onrc.ro,https://ecifre.ro/indicatori/firme-infiintate-judete-ro/bihor,2026-09-01
Firme înființate pe județe,2019-11-01,302.0000,Număr,RO-BH,ONRC,https://www.onrc.ro,https://ecifre.ro/indicatori/firme-infiintate-judete-ro/bihor,2026-09-01
Firme înființate pe județe,2019-12-01,295.0000,Număr,RO-BH,ONRC,https://www.onrc.ro,https://ecifre.ro/indicatori/firme-infiintate-judete-ro/bihor,2026-09-01
Firme înființate pe județe,2020-01-01,298.0000,Număr,RO-BH,ONRC,https://www.onrc.ro,https://ecifre.ro/indicatori/firme-infiintate-judete-ro/bihor,2026-09-01
Firme înființate pe județe,2020-02-01,416.0000,Număr,RO-BH,ONRC,https://www.onrc.ro,https://ecifre.ro/indicatori/firme-infiintate-judete-ro/bihor,2026-09-01
Firme înființate pe județe,2020-03-01,194.0000,Număr,RO-BH,ONRC,https://www.onrc.ro,https://ecifre.ro/indicatori/firme-infiintate-judete-ro/bihor,2026-09-01
Firme înființate pe județe,2020-04-01,130.0000,Număr,RO-BH,ONRC,https://www.onrc.ro,https://ecifre.ro/indicatori/firme-infiintate-judete-ro/bihor,2026-09-01
Firme înființate pe județe,2020-05-01,232.0000,Număr,RO-BH,ONRC,https://www.onrc.ro,https://ecifre.ro/indicatori/firme-infiintate-judete-ro/bihor,2026-09-01
Firme înființate pe județe,2020-06-01,397.0000,Număr,RO-BH,ONRC,https://www.onrc.ro,https://ecifre.ro/indicatori/firme-infiintate-judete-ro/bihor,2026-09-01
Firme înființate pe județe,2020-07-01,379.0000,Număr,RO-BH,ONRC,https://www.onrc.ro,https://ecifre.ro/indicatori/firme-infiintate-judete-ro/bihor,2026-09-01
Firme înființate pe județe,2020-08-01,321.0000,Număr,RO-BH,ONRC,https://www.onrc.ro,https://ecifre.ro/indicatori/firme-infiintate-judete-ro/bihor,2026-09-01
Firme înființate pe județe,2020-09-01,332.0000,Număr,RO-BH,ONRC,https://www.onrc.ro,https://ecifre.ro/indicatori/firme-infiintate-judete-ro/bihor,2026-09-01
Firme înființate pe județe,2020-10-01,361.0000,Număr,RO-BH,ONRC,https://www.onrc.ro,https://ecifre.ro/indicatori/firme-infiintate-judete-ro/bihor,2026-09-01
Firme înființate pe județe,2020-11-01,277.0000,Număr,RO-BH,ONRC,https://www.onrc.ro,https://ecifre.ro/indicatori/firme-infiintate-judete-ro/bihor,2026-09-01
Firme înființate pe județe,2020-12-01,280.0000,Număr,RO-BH,ONRC,https://www.onrc.ro,https://ecifre.ro/indicatori/firme-infiintate-judete-ro/bihor,2026-09-01
Firme înființate pe județe,2021-02-01,444.0000,Număr,RO-BH,ONRC,https://www.onrc.ro,https://ecifre.ro/indicatori/firme-infiintate-judete-ro/bihor,2026-09-01
Firme înființate pe județe,2021-03-01,663.0000,Număr,RO-BH,ONRC,https://www.onrc.ro,https://ecifre.ro/indicatori/firme-infiintate-judete-ro/bihor,2026-09-01
Firme înființate pe județe,2021-04-01,599.0000,Număr,RO-BH,ONRC,https://www.onrc.ro,https://ecifre.ro/indicatori/firme-infiintate-judete-ro/bihor,2026-09-01
Firme înființate pe județe,2021-05-01,470.0000,Număr,RO-BH,ONRC,https://www.onrc.ro,https://ecifre.ro/indicatori/firme-infiintate-judete-ro/bihor,2026-09-01
Firme înființate pe județe,2021-06-01,472.0000,Număr,RO-BH,ONRC,https://www.onrc.ro,https://ecifre.ro/indicatori/firme-infiintate-judete-ro/bihor,2026-09-01
Firme înființate pe județe,2021-07-01,438.0000,Număr,RO-BH,ONRC,https://www.onrc.ro,https://ecifre.ro/indicatori/firme-infiintate-judete-ro/bihor,2026-09-01
Firme înființate pe județe,2021-08-01,648.0000,Număr,RO-BH,ONRC,https://www.onrc.ro,https://ecifre.ro/indicatori/firme-infiintate-judete-ro/bihor,2026-09-01
Firme înființate pe județe,2021-09-01,486.0000,Număr,RO-BH,ONRC,https://www.onrc.ro,https://ecifre.ro/indicatori/firme-infiintate-judete-ro/bihor,2026-09-01
Firme înființate pe județe,2021-10-01,448.0000,Număr,RO-BH,ONRC,https://www.onrc.ro,https://ecifre.ro/indicatori/firme-infiintate-judete-ro/bihor,2026-09-01
Firme înființate pe județe,2021-11-01,317.0000,Număr,RO-BH,ONRC,https://www.onrc.ro,https://ecifre.ro/indicatori/firme-infiintate-judete-ro/bihor,2026-09-01
Firme înființate pe județe,2021-12-01,285.0000,Număr,RO-BH,ONRC,https://www.onrc.ro,https://ecifre.ro/indicatori/firme-infiintate-judete-ro/bihor,2026-09-01
Firme înființate pe județe,2022-02-01,447.0000,Număr,RO-BH,ONRC,https://www.onrc.ro,https://ecifre.ro/indicatori/firme-infiintate-judete-ro/bihor,2026-09-01
Firme înființate pe județe,2022-03-01,484.0000,Număr,RO-BH,ONRC,https://www.onrc.ro,https://ecifre.ro/indicatori/firme-infiintate-judete-ro/bihor,2026-09-01
Firme înființate pe județe,2022-04-01,387.0000,Număr,RO-BH,ONRC,https://www.onrc.ro,https://ecifre.ro/indicatori/firme-infiintate-judete-ro/bihor,2026-09-01
Firme înființate pe județe,2022-05-01,572.0000,Număr,RO-BH,ONRC,https://www.onrc.ro,https://ecifre.ro/indicatori/firme-infiintate-judete-ro/bihor,2026-09-01
Firme înființate pe județe,2022-07-01,514.0000,Număr,RO-BH,ONRC,https://www.onrc.ro,https://ecifre.ro/indicatori/firme-infiintate-judete-ro/bihor,2026-09-01
Firme înființate pe județe,2022-08-01,624.0000,Număr,RO-BH,ONRC,https://www.onrc.ro,https://ecifre.ro/indicatori/firme-infiintate-judete-ro/bihor,2026-09-01
Firme înființate pe județe,2022-09-01,482.0000,Număr,RO-BH,ONRC,https://www.onrc.ro,https://ecifre.ro/indicatori/firme-infiintate-judete-ro/bihor,2026-09-01
Firme înființate pe județe,2022-10-01,378.0000,Număr,RO-BH,ONRC,https://www.onrc.ro,https://ecifre.ro/indicatori/firme-infiintate-judete-ro/bihor,2026-09-01
Firme înființate pe județe,2022-11-01,386.0000,Număr,RO-BH,ONRC,https://www.onrc.ro,https://ecifre.ro/indicatori/firme-infiintate-judete-ro/bihor,2026-09-01
Firme înființate pe județe,2022-12-01,295.0000,Număr,RO-BH,ONRC,https://www.onrc.ro,https://ecifre.ro/indicatori/firme-infiintate-judete-ro/bihor,2026-09-01
Firme înființate pe județe,2023-02-01,524.0000,Număr,RO-BH,ONRC,https://www.onrc.ro,https://ecifre.ro/indicatori/firme-infiintate-judete-ro/bihor,2026-09-01
Firme înființate pe județe,2023-03-01,662.0000,Număr,RO-BH,ONRC,https://www.onrc.ro,https://ecifre.ro/indicatori/firme-infiintate-judete-ro/bihor,2026-09-01
Firme înființate pe județe,2023-04-01,692.0000,Număr,RO-BH,ONRC,https://www.onrc.ro,https://ecifre.ro/indicatori/firme-infiintate-judete-ro/bihor,2026-09-01
Firme înființate pe județe,2023-05-01,907.0000,Număr,RO-BH,ONRC,https://www.onrc.ro,https://ecifre.ro/indicatori/firme-infiintate-judete-ro/bihor,2026-09-01
Firme înființate pe județe,2023-06-01,524.0000,Număr,RO-BH,ONRC,https://www.onrc.ro,https://ecifre.ro/indicatori/firme-infiintate-judete-ro/bihor,2026-09-01
Firme înființate pe județe,2023-07-01,390.0000,Număr,RO-BH,ONRC,https://www.onrc.ro,https://ecifre.ro/indicatori/firme-infiintate-judete-ro/bihor,2026-09-01
Firme înființate pe județe,2023-08-01,411.0000,Număr,RO-BH,ONRC,https://www.onrc.ro,https://ecifre.ro/indicatori/firme-infiintate-judete-ro/bihor,2026-09-01
Firme înființate pe județe,2023-09-01,434.0000,Număr,RO-BH,ONRC,https://www.onrc.ro,https://ecifre.ro/indicatori/firme-infiintate-judete-ro/bihor,2026-09-01
Firme înființate pe județe,2023-10-01,460.0000,Număr,RO-BH,ONRC,https://www.onrc.ro,https://ecifre.ro/indicatori/firme-infiintate-judete-ro/bihor,2026-09-01
Firme înființate pe județe,2023-11-01,380.0000,Număr,RO-BH,ONRC,https://www.onrc.ro,https://ecifre.ro/indicatori/firme-infiintate-judete-ro/bihor,2026-09-01
Firme înființate pe județe,2023-12-01,275.0000,Număr,RO-BH,ONRC,https://www.onrc.ro,https://ecifre.ro/indicatori/firme-infiintate-judete-ro/bihor,2026-09-01
Firme înființate pe județe,2024-02-01,477.0000,Număr,RO-BH,ONRC,https://www.onrc.ro,https://ecifre.ro/indicatori/firme-infiintate-judete-ro/bihor,2026-09-01
Firme înființate pe județe,2024-03-01,427.0000,Număr,RO-BH,ONRC,https://www.onrc.ro,https://ecifre.ro/indicatori/firme-infiintate-judete-ro/bihor,2026-09-01
Firme înființate pe județe,2024-04-01,433.0000,Număr,RO-BH,ONRC,https://www.onrc.ro,https://ecifre.ro/indicatori/firme-infiintate-judete-ro/bihor,2026-09-01
Firme înființate pe județe,2024-05-01,301.0000,Număr,RO-BH,ONRC,https://www.onrc.ro,https://ecifre.ro/indicatori/firme-infiintate-judete-ro/bihor,2026-09-01
Firme înființate pe județe,2024-06-01,302.0000,Număr,RO-BH,ONRC,https://www.onrc.ro,https://ecifre.ro/indicatori/firme-infiintate-judete-ro/bihor,2026-09-01
Firme înființate pe județe,2024-07-01,234.0000,Număr,RO-BH,ONRC,https://www.onrc.ro,https://ecifre.ro/indicatori/firme-infiintate-judete-ro/bihor,2026-09-01
Firme înființate pe județe,2024-08-01,190.0000,Număr,RO-BH,ONRC,https://www.onrc.ro,https://ecifre.ro/indicatori/firme-infiintate-judete-ro/bihor,2026-09-01
Firme înființate pe județe,2024-09-01,324.0000,Număr,RO-BH,ONRC,https://www.onrc.ro,https://ecifre.ro/indicatori/firme-infiintate-judete-ro/bihor,2026-09-01
Firme înființate pe județe,2024-10-01,516.0000,Număr,RO-BH,ONRC,https://www.onrc.ro,https://ecifre.ro/indicatori/firme-infiintate-judete-ro/bihor,2026-09-01
Firme înființate pe județe,2024-11-01,403.0000,Număr,RO-BH,ONRC,https://www.onrc.ro,https://ecifre.ro/indicatori/firme-infiintate-judete-ro/bihor,2026-09-01
Firme înființate pe județe,2024-12-01,240.0000,Număr,RO-BH,ONRC,https://www.onrc.ro,https://ecifre.ro/indicatori/firme-infiintate-judete-ro/bihor,2026-09-01
Firme înființate pe județe,2025-01-01,335.0000,Număr,RO-BH,ONRC,https://www.onrc.ro,https://ecifre.ro/indicatori/firme-infiintate-judete-ro/bihor,2026-09-01
Firme înființate pe județe,2025-02-01,408.0000,Număr,RO-BH,ONRC,https://www.onrc.ro,https://ecifre.ro/indicatori/firme-infiintate-judete-ro/bihor,2026-09-01
Firme înființate pe județe,2025-03-01,412.0000,Număr,RO-BH,ONRC,https://www.onrc.ro,https://ecifre.ro/indicatori/firme-infiintate-judete-ro/bihor,2026-09-01
Firme înființate pe județe,2025-04-01,335.0000,Număr,RO-BH,ONRC,https://www.onrc.ro,https://ecifre.ro/indicatori/firme-infiintate-judete-ro/bihor,2026-09-01
Firme înființate pe județe,2025-05-01,420.0000,Număr,RO-BH,ONRC,https://www.onrc.ro,https://ecifre.ro/indicatori/firme-infiintate-judete-ro/bihor,2026-09-01
Firme înființate pe județe,2025-06-01,398.0000,Număr,RO-BH,ONRC,https://www.onrc.ro,https://ecifre.ro/indicatori/firme-infiintate-judete-ro/bihor,2026-09-01
Firme înființate pe județe,2025-07-01,416.0000,Număr,RO-BH,ONRC,https://www.onrc.ro,https://ecifre.ro/indicatori/firme-infiintate-judete-ro/bihor,2026-09-01
Firme înființate pe județe,2025-08-01,354.0000,Număr,RO-BH,ONRC,https://www.onrc.ro,https://ecifre.ro/indicatori/firme-infiintate-judete-ro/bihor,2026-09-01
Firme înființate pe județe,2025-09-01,434.0000,Număr,RO-BH,ONRC,https://www.onrc.ro,https://ecifre.ro/indicatori/firme-infiintate-judete-ro/bihor,2026-09-01
Firme înființate pe județe,2025-10-01,459.0000,Număr,RO-BH,ONRC,https://www.onrc.ro,https://ecifre.ro/indicatori/firme-infiintate-judete-ro/bihor,2026-09-01
Firme înființate pe județe,2025-11-01,558.0000,Număr,RO-BH,ONRC,https://www.onrc.ro,https://ecifre.ro/indicatori/firme-infiintate-judete-ro/bihor,2026-09-01
Firme înființate pe județe,2025-12-01,420.0000,Număr,RO-BH,ONRC,https://www.onrc.ro,https://ecifre.ro/indicatori/firme-infiintate-judete-ro/bihor,2026-09-01
Firme înființate pe județe,2026-01-01,332.0000,Număr,RO-BH,ONRC,https://www.onrc.ro,https://ecifre.ro/indicatori/firme-infiintate-judete-ro/bihor,2026-09-01
Firme înființate pe județe,2026-02-01,471.0000,Număr,RO-BH,ONRC,https://www.onrc.ro,https://ecifre.ro/indicatori/firme-infiintate-judete-ro/bihor,2026-09-01
Firme înființate pe județe,2026-03-01,499.0000,Număr,RO-BH,ONRC,https://www.onrc.ro,https://ecifre.ro/indicatori/firme-infiintate-judete-ro/bihor,2026-09-01
Firme înființate pe județe,2026-04-01,383.0000,Număr,RO-BH,ONRC,https://www.onrc.ro,https://ecifre.ro/indicatori/firme-infiintate-judete-ro/bihor,2026-09-01
Firme înființate pe județe,2026-05-01,396.0000,Număr,RO-BH,ONRC,https://www.onrc.ro,https://ecifre.ro/indicatori/firme-infiintate-judete-ro/bihor,2026-09-01
Firme înființate pe județe,2026-06-01,382.0000,Număr,RO-BH,ONRC,https://www.onrc.ro,https://ecifre.ro/indicatori/firme-infiintate-judete-ro/bihor,2026-09-01
Firme înființate pe județe,2026-07-01,328.0000,Număr,RO-BH,ONRC,https://www.onrc.ro,https://ecifre.ro/indicatori/firme-infiintate-judete-ro/bihor,2026-09-01
Firme înființate pe județe,2014-01-01,102.0000,Număr,RO-BN,ONRC,https://www.onrc.ro,https://ecifre.ro/indicatori/firme-infiintate-judete-ro/bistrita-nasaud,2026-09-01
Firme înființate pe județe,2015-01-01,94.0000,Număr,RO-BN,ONRC,https://www.onrc.ro,https://ecifre.ro/indicatori/firme-infiintate-judete-ro/bistrita-nasaud,2026-09-01
Firme înființate pe județe,2016-01-01,128.0000,Număr,RO-BN,ONRC,https://www.onrc.ro,https://ecifre.ro/indicatori/firme-infiintate-judete-ro/bistrita-nasaud,2026-09-01
Firme înființate pe județe,2017-01-01,71.0000,Număr,RO-BN,ONRC,https://www.onrc.ro,https://ecifre.ro/indicatori/firme-infiintate-judete-ro/bistrita-nasaud,2026-09-01
Firme înființate pe județe,2017-03-01,320.0000,Număr,RO-BN,ONRC,https://www.onrc.ro,https://ecifre.ro/indicatori/firme-infiintate-judete-ro/bistrita-nasaud,2026-09-01
Firme înființate pe județe,2017-04-01,225.0000,Număr,RO-BN,ONRC,https://www.onrc.ro,https://ecifre.ro/indicatori/firme-infiintate-judete-ro/bistrita-nasaud,2026-09-01
Firme înființate pe județe,2017-05-01,335.0000,Număr,RO-BN,ONRC,https://www.onrc.ro,https://ecifre.ro/indicatori/firme-infiintate-judete-ro/bistrita-nasaud,2026-09-01
Firme înființate pe județe,2017-07-01,272.0000,Număr,RO-BN,ONRC,https://www.onrc.ro,https://ecifre.ro/indicatori/firme-infiintate-judete-ro/bistrita-nasaud,2026-09-01
Firme înființate pe județe,2017-08-01,153.0000,Număr,RO-BN,ONRC,https://www.onrc.ro,https://ecifre.ro/indicatori/firme-infiintate-judete-ro/bistrita-nasaud,2026-09-01
Firme înființate pe județe,2017-09-01,158.0000,Număr,RO-BN,ONRC,https://www.onrc.ro,https://ecifre.ro/indicatori/firme-infiintate-judete-ro/bistrita-nasaud,2026-09-01
Firme înființate pe județe,2017-10-01,110.0000,Număr,RO-BN,ONRC,https://www.onrc.ro,https://ecifre.ro/indicatori/firme-infiintate-judete-ro/bistrita-nasaud,2026-09-01
Firme înființate pe județe,2017-11-01,110.0000,Număr,RO-BN,ONRC,https://www.onrc.ro,https://ecifre.ro/indicatori/firme-infiintate-judete-ro/bistrita-nasaud,2026-09-01
Firme înființate pe județe,2017-12-01,107.0000,Număr,RO-BN,ONRC,https://www.onrc.ro,https://ecifre.ro/indicatori/firme-infiintate-judete-ro/bistrita-nasaud,2026-09-01
Firme înființate pe județe,2018-01-01,155.0000,Număr,RO-BN,ONRC,https://www.onrc.ro,https://ecifre.ro/indicatori/firme-infiintate-judete-ro/bistrita-nasaud,2026-09-01
Firme înființate pe județe,2018-02-01,206.0000,Număr,RO-BN,ONRC,https://www.onrc.ro,https://ecifre.ro/indicatori/firme-infiintate-judete-ro/bistrita-nasaud,2026-09-01
Firme înființate pe județe,2018-03-01,222.0000,Număr,RO-BN,ONRC,https://www.onrc.ro,https://ecifre.ro/indicatori/firme-infiintate-judete-ro/bistrita-nasaud,2026-09-01
Firme înființate pe județe,2018-04-01,179.0000,Număr,RO-BN,ONRC,https://www.onrc.ro,https://ecifre.ro/indicatori/firme-infiintate-judete-ro/bistrita-nasaud,2026-09-01
Firme înființate pe județe,2018-05-01,281.0000,Număr,RO-BN,ONRC,https://www.onrc.ro,https://ecifre.ro/indicatori/firme-infiintate-judete-ro/bistrita-nasaud,2026-09-01
Firme înființate pe județe,2018-06-01,174.0000,Număr,RO-BN,ONRC,https://www.onrc.ro,https://ecifre.ro/indicatori/firme-infiintate-judete-ro/bistrita-nasaud,2026-09-01
Firme înființate pe județe,2018-07-01,240.0000,Număr,RO-BN,ONRC,https://www.onrc.ro,https://ecifre.ro/indicatori/firme-infiintate-judete-ro/bistrita-nasaud,2026-09-01
Firme înființate pe județe,2018-08-01,211.0000,Număr,RO-BN,ONRC,https://www.onrc.ro,https://ecifre.ro/indicatori/firme-infiintate-judete-ro/bistrita-nasaud,2026-09-01
Firme înființate pe județe,2018-09-01,135.0000,Număr,RO-BN,ONRC,https://www.onrc.ro,https://ecifre.ro/indicatori/firme-infiintate-judete-ro/bistrita-nasaud,2026-09-01
Firme înființate pe județe,2018-10-01,193.0000,Număr,RO-BN,ONRC,https://www.onrc.ro,https://ecifre.ro/indicatori/firme-infiintate-judete-ro/bistrita-nasaud,2026-09-01
Firme înființate pe județe,2018-11-01,254.0000,Număr,RO-BN,ONRC,https://www.onrc.ro,https://ecifre.ro/indicatori/firme-infiintate-judete-ro/bistrita-nasaud,2026-09-01
Firme înființate pe județe,2018-12-01,183.0000,Număr,RO-BN,ONRC,https://www.onrc.ro,https://ecifre.ro/indicatori/firme-infiintate-judete-ro/bistrita-nasaud,2026-09-01
Firme înființate pe județe,2019-01-01,338.0000,Număr,RO-BN,ONRC,https://www.onrc.ro,https://ecifre.ro/indicatori/firme-infiintate-judete-ro/bistrita-nasaud,2026-09-01
Firme înființate pe județe,2019-02-01,225.0000,Număr,RO-BN,ONRC,https://www.onrc.ro,https://ecifre.ro/indicatori/firme-infiintate-judete-ro/bistrita-nasaud,2026-09-01
Firme înființate pe județe,2019-03-01,171.0000,Număr,RO-BN,ONRC,https://www.onrc.ro,https://ecifre.ro/indicatori/firme-infiintate-judete-ro/bistrita-nasaud,2026-09-01
Firme înființate pe județe,2019-04-01,180.0000,Număr,RO-BN,ONRC,https://www.onrc.ro,https://ecifre.ro/indicatori/firme-infiintate-judete-ro/bistrita-nasaud,2026-09-01
Firme înființate pe județe,2019-05-01,157.0000,Număr,RO-BN,ONRC,https://www.onrc.ro,https://ecifre.ro/indicatori/firme-infiintate-judete-ro/bistrita-nasaud,2026-09-01
Firme înființate pe județe,2019-06-01,143.0000,Număr,RO-BN,ONRC,https://www.onrc.ro,https://ecifre.ro/indicatori/firme-infiintate-judete-ro/bistrita-nasaud,2026-09-01
Firme înființate pe județe,2019-07-01,158.0000,Număr,RO-BN,ONRC,https://www.onrc.ro,https://ecifre.ro/indicatori/firme-infiintate-judete-ro/bistrita-nasaud,2026-09-01
Firme înființate pe județe,2019-08-01,143.0000,Număr,RO-BN,ONRC,https://www.onrc.ro,https://ecifre.ro/indicatori/firme-infiintate-judete-ro/bistrita-nasaud,2026-09-01
Firme înființate pe județe,2019-09-01,143.0000,Număr,RO-BN,ONRC,https://www.onrc.ro,https://ecifre.ro/indicatori/firme-infiintate-judete-ro/bistrita-nasaud,2026-09-01
Firme înființate pe județe,2019-10-01,136.0000,Număr,RO-BN,ONRC,https://www.onrc.ro,https://ecifre.ro/indicatori/firme-infiintate-judete-ro/bistrita-nasaud,2026-09-01
Firme înființate pe județe,2019-11-01,109.0000,Număr,RO-BN,ONRC,https://www.onrc.ro,https://ecifre.ro/indicatori/firme-infiintate-judete-ro/bistrita-nasaud,2026-09-01
Firme înființate pe județe,2019-12-01,116.0000,Număr,RO-BN,ONRC,https://www.onrc.ro,https://ecifre.ro/indicatori/firme-infiintate-judete-ro/bistrita-nasaud,2026-09-01
Firme înființate pe județe,2020-01-01,138.0000,Număr,RO-BN,ONRC,https://www.onrc.ro,https://ecifre.ro/indicatori/firme-infiintate-judete-ro/bistrita-nasaud,2026-09-01
Firme înființate pe județe,2020-02-01,170.0000,Număr,RO-BN,ONRC,https://www.onrc.ro,https://ecifre.ro/indicatori/firme-infiintate-judete-ro/bistrita-nasaud,2026-09-01
Firme înființate pe județe,2020-03-01,109.0000,Număr,RO-BN,ONRC,https://www.onrc.ro,https://ecifre.ro/indicatori/firme-infiintate-judete-ro/bistrita-nasaud,2026-09-01
Firme înființate pe județe,2020-04-01,27.0000,Număr,RO-BN,ONRC,https://www.onrc.ro,https://ecifre.ro/indicatori/firme-infiintate-judete-ro/bistrita-nasaud,2026-09-01
Firme înființate pe județe,2020-05-01,124.0000,Număr,RO-BN,ONRC,https://www.onrc.ro,https://ecifre.ro/indicatori/firme-infiintate-judete-ro/bistrita-nasaud,2026-09-01
Firme înființate pe județe,2020-06-01,180.0000,Număr,RO-BN,ONRC,https://www.onrc.ro,https://ecifre.ro/indicatori/firme-infiintate-judete-ro/bistrita-nasaud,2026-09-01
Firme înființate pe județe,2020-07-01,174.0000,Număr,RO-BN,ONRC,https://www.onrc.ro,https://ecifre.ro/indicatori/firme-infiintate-judete-ro/bistrita-nasaud,2026-09-01
Firme înființate pe județe,2020-08-01,162.0000,Număr,RO-BN,ONRC,https://www.onrc.ro,https://ecifre.ro/indicatori/firme-infiintate-judete-ro/bistrita-nasaud,2026-09-01
Firme înființate pe județe,2020-09-01,144.0000,Număr,RO-BN,ONRC,https://www.onrc.ro,https://ecifre.ro/indicatori/firme-infiintate-judete-ro/bistrita-nasaud,2026-09-01
Firme înființate pe județe,2020-10-01,143.0000,Număr,RO-BN,ONRC,https://www.onrc.ro,https://ecifre.ro/indicatori/firme-infiintate-judete-ro/bistrita-nasaud,2026-09-01
Firme înființate pe județe,2020-11-01,119.0000,Număr,RO-BN,ONRC,https://www.onrc.ro,https://ecifre.ro/indicatori/firme-infiintate-judete-ro/bistrita-nasaud,2026-09-01
Firme înființate pe județe,2020-12-01,81.0000,Număr,RO-BN,ONRC,https://www.onrc.ro,https://ecifre.ro/indicatori/firme-infiintate-judete-ro/bistrita-nasaud,2026-09-01
Firme înființate pe județe,2021-02-01,230.0000,Număr,RO-BN,ONRC,https://www.onrc.ro,https://ecifre.ro/indicatori/firme-infiintate-judete-ro/bistrita-nasaud,2026-09-01
Firme înființate pe județe,2021-03-01,244.0000,Număr,RO-BN,ONRC,https://www.onrc.ro,https://ecifre.ro/indicatori/firme-infiintate-judete-ro/bistrita-nasaud,2026-09-01
Firme înființate pe județe,2021-04-01,210.0000,Număr,RO-BN,ONRC,https://www.onrc.ro,https://ecifre.ro/indicatori/firme-infiintate-judete-ro/bistrita-nasaud,2026-09-01
Firme înființate pe județe,2021-05-01,208.0000,Număr,RO-BN,ONRC,https://www.onrc.ro,https://ecifre.ro/indicatori/firme-infiintate-judete-ro/bistrita-nasaud,2026-09-01
Firme înființate pe județe,2021-06-01,304.0000,Număr,RO-BN,ONRC,https://www.onrc.ro,https://ecifre.ro/indicatori/firme-infiintate-judete-ro/bistrita-nasaud,2026-09-01
Firme înființate pe județe,2021-07-01,265.0000,Număr,RO-BN,ONRC,https://www.onrc.ro,https://ecifre.ro/indicatori/firme-infiintate-judete-ro/bistrita-nasaud,2026-09-01
Firme înființate pe județe,2021-08-01,262.0000,Număr,RO-BN,ONRC,https://www.onrc.ro,https://ecifre.ro/indicatori/firme-infiintate-judete-ro/bistrita-nasaud,2026-09-01
Firme înființate pe județe,2021-09-01,372.0000,Număr,RO-BN,ONRC,https://www.onrc.ro,https://ecifre.ro/indicatori/firme-infiintate-judete-ro/bistrita-nasaud,2026-09-01
Firme înființate pe județe,2021-10-01,234.0000,Număr,RO-BN,ONRC,https://www.onrc.ro,https://ecifre.ro/indicatori/firme-infiintate-judete-ro/bistrita-nasaud,2026-09-01
Firme înființate pe județe,2021-11-01,121.0000,Număr,RO-BN,ONRC,https://www.onrc.ro,https://ecifre.ro/indicatori/firme-infiintate-judete-ro/bistrita-nasaud,2026-09-01
Firme înființate pe județe,2021-12-01,85.0000,Număr,RO-BN,ONRC,https://www.onrc.ro,https://ecifre.ro/indicatori/firme-infiintate-judete-ro/bistrita-nasaud,2026-09-01
Firme înființate pe județe,2022-02-01,130.0000,Număr,RO-BN,ONRC,https://www.onrc.ro,https://ecifre.ro/indicatori/firme-infiintate-judete-ro/bistrita-nasaud,2026-09-01
Firme înființate pe județe,2022-03-01,179.0000,Număr,RO-BN,ONRC,https://www.onrc.ro,https://ecifre.ro/indicatori/firme-infiintate-judete-ro/bistrita-nasaud,2026-09-01
Firme înființate pe județe,2022-04-01,204.0000,Număr,RO-BN,ONRC,https://www.onrc.ro,https://ecifre.ro/indicatori/firme-infiintate-judete-ro/bistrita-nasaud,2026-09-01
Firme înființate pe județe,2022-05-01,304.0000,Număr,RO-BN,ONRC,https://www.onrc.ro,https://ecifre.ro/indicatori/firme-infiintate-judete-ro/bistrita-nasaud,2026-09-01
Firme înființate pe județe,2022-07-01,215.0000,Număr,RO-BN,ONRC,https://www.onrc.ro,https://ecifre.ro/indicatori/firme-infiintate-judete-ro/bistrita-nasaud,2026-09-01
Firme înființate pe județe,2022-08-01,252.0000,Număr,RO-BN,ONRC,https://www.onrc.ro,https://ecifre.ro/indicatori/firme-infiintate-judete-ro/bistrita-nasaud,2026-09-01
Firme înființate pe județe,2022-09-01,220.0000,Număr,RO-BN,ONRC,https://www.onrc.ro,https://ecifre.ro/indicatori/firme-infiintate-judete-ro/bistrita-nasaud,2026-09-01
Firme înființate pe județe,2022-10-01,137.0000,Număr,RO-BN,ONRC,https://www.onrc.ro,https://ecifre.ro/indicatori/firme-infiintate-judete-ro/bistrita-nasaud,2026-09-01
Firme înființate pe județe,2022-11-01,148.0000,Număr,RO-BN,ONRC,https://www.onrc.ro,https://ecifre.ro/indicatori/firme-infiintate-judete-ro/bistrita-nasaud,2026-09-01
Firme înființate pe județe,2022-12-01,87.0000,Număr,RO-BN,ONRC,https://www.onrc.ro,https://ecifre.ro/indicatori/firme-infiintate-judete-ro/bistrita-nasaud,2026-09-01
Firme înființate pe județe,2023-02-01,157.0000,Număr,RO-BN,ONRC,https://www.onrc.ro,https://ecifre.ro/indicatori/firme-infiintate-judete-ro/bistrita-nasaud,2026-09-01
Firme înființate pe județe,2023-03-01,192.0000,Număr,RO-BN,ONRC,https://www.onrc.ro,https://ecifre.ro/indicatori/firme-infiintate-judete-ro/bistrita-nasaud,2026-09-01
Firme înființate pe județe,2023-04-01,201.0000,Număr,RO-BN,ONRC,https://www.onrc.ro,https://ecifre.ro/indicatori/firme-infiintate-judete-ro/bistrita-nasaud,2026-09-01
Firme înființate pe județe,2023-05-01,233.0000,Număr,RO-BN,ONRC,https://www.onrc.ro,https://ecifre.ro/indicatori/firme-infiintate-judete-ro/bistrita-nasaud,2026-09-01
Firme înființate pe județe,2023-06-01,322.0000,Număr,RO-BN,ONRC,https://www.onrc.ro,https://ecifre.ro/indicatori/firme-infiintate-judete-ro/bistrita-nasaud,2026-09-01
Firme înființate pe județe,2023-07-01,165.0000,Număr,RO-BN,ONRC,https://www.onrc.ro,https://ecifre.ro/indicatori/firme-infiintate-judete-ro/bistrita-nasaud,2026-09-01
Firme înființate pe județe,2023-08-01,187.0000,Număr,RO-BN,ONRC,https://www.onrc.ro,https://ecifre.ro/indicatori/firme-infiintate-judete-ro/bistrita-nasaud,2026-09-01
Firme înființate pe județe,2023-09-01,249.0000,Număr,RO-BN,ONRC,https://www.onrc.ro,https://ecifre.ro/indicatori/firme-infiintate-judete-ro/bistrita-nasaud,2026-09-01
Firme înființate pe județe,2023-10-01,193.0000,Număr,RO-BN,ONRC,https://www.onrc.ro,https://ecifre.ro/indicatori/firme-infiintate-judete-ro/bistrita-nasaud,2026-09-01
Firme înființate pe județe,2023-11-01,162.0000,Număr,RO-BN,ONRC,https://www.onrc.ro,https://ecifre.ro/indicatori/firme-infiintate-judete-ro/bistrita-nasaud,2026-09-01
Firme înființate pe județe,2023-12-01,97.0000,Număr,RO-BN,ONRC,https://www.onrc.ro,https://ecifre.ro/indicatori/firme-infiintate-judete-ro/bistrita-nasaud,2026-09-01
Firme înființate pe județe,2024-02-01,151.0000,Număr,RO-BN,ONRC,https://www.onrc.ro,https://ecifre.ro/indicatori/firme-infiintate-judete-ro/bistrita-nasaud,2026-09-01
Firme înființate pe județe,2024-03-01,146.0000,Număr,RO-BN,ONRC,https://www.onrc.ro,https://ecifre.ro/indicatori/firme-infiintate-judete-ro/bistrita-nasaud,2026-09-01
Firme înființate pe județe,2024-04-01,136.0000,Număr,RO-BN,ONRC,https://www.onrc.ro,https://ecifre.ro/indicatori/firme-infiintate-judete-ro/bistrita-nasaud,2026-09-01
Firme înființate pe județe,2024-05-01,116.0000,Număr,RO-BN,ONRC,https://www.onrc.ro,https://ecifre.ro/indicatori/firme-infiintate-judete-ro/bistrita-nasaud,2026-09-01
Firme înființate pe județe,2024-06-01,115.0000,Număr,RO-BN,ONRC,https://www.onrc.ro,https://ecifre.ro/indicatori/firme-infiintate-judete-ro/bistrita-nasaud,2026-09-01
Firme înființate pe județe,2024-07-01,68.0000,Număr,RO-BN,ONRC,https://www.onrc.ro,https://ecifre.ro/indicatori/firme-infiintate-judete-ro/bistrita-nasaud,2026-09-01
Firme înființate pe județe,2024-08-01,80.0000,Număr,RO-BN,ONRC,https://www.onrc.ro,https://ecifre.ro/indicatori/firme-infiintate-judete-ro/bistrita-nasaud,2026-09-01
Firme înființate pe județe,2024-09-01,92.0000,Număr,RO-BN,ONRC,https://www.onrc.ro,https://ecifre.ro/indicatori/firme-infiintate-judete-ro/bistrita-nasaud,2026-09-01
Firme înființate pe județe,2024-10-01,220.0000,Număr,RO-BN,ONRC,https://www.onrc.ro,https://ecifre.ro/indicatori/firme-infiintate-judete-ro/bistrita-nasaud,2026-09-01
Firme înființate pe județe,2024-11-01,117.0000,Număr,RO-BN,ONRC,https://www.onrc.ro,https://ecifre.ro/indicatori/firme-infiintate-judete-ro/bistrita-nasaud,2026-09-01
Firme înființate pe județe,2025-05-01,133.0000,Număr,RO-BN,ONRC,https://www.onrc.ro,https://ecifre.ro/indicatori/firme-infiintate-judete-ro/bistrita-nasaud,2026-09-01
Firme înființate pe județe,2025-06-01,102.0000,Număr,RO-BN,ONRC,https://www.onrc.ro,https://ecifre.ro/indicatori/firme-infiintate-judete-ro/bistrita-nasaud,2026-09-01
Firme înființate pe județe,2025-07-01,178.0000,Număr,RO-BN,ONRC,https://www.onrc.ro,https://ecifre.ro/indicatori/firme-infiintate-judete-ro/bistrita-nasaud,2026-09-01
Firme înființate pe județe,2025-08-01,130.0000,Număr,RO-BN,ONRC,https://www.onrc.ro,https://ecifre.ro/indicatori/firme-infiintate-judete-ro/bistrita-nasaud,2026-09-01
Firme înființate pe județe,2025-09-01,199.0000,Număr,RO-BN,ONRC,https://www.onrc.ro,https://ecifre.ro/indicatori/firme-infiintate-judete-ro/bistrita-nasaud,2026-09-01
Firme înființate pe județe,2025-10-01,190.0000,Număr,RO-BN,ONRC,https://www.onrc.ro,https://ecifre.ro/indicatori/firme-infiintate-judete-ro/bistrita-nasaud,2026-09-01
Firme înființate pe județe,2025-11-01,197.0000,Număr,RO-BN,ONRC,https://www.onrc.ro,https://ecifre.ro/indicatori/firme-infiintate-judete-ro/bistrita-nasaud,2026-09-01
Firme înființate pe județe,2025-12-01,194.0000,Număr,RO-BN,ONRC,https://www.onrc.ro,https://ecifre.ro/indicatori/firme-infiintate-judete-ro/bistrita-nasaud,2026-09-01
Firme înființate pe județe,2026-01-01,130.0000,Număr,RO-BN,ONRC,https://www.onrc.ro,https://ecifre.ro/indicatori/firme-infiintate-judete-ro/bistrita-nasaud,2026-09-01
Firme înființate pe județe,2026-02-01,128.0000,Număr,RO-BN,ONRC,https://www.onrc.ro,https://ecifre.ro/indicatori/firme-infiintate-judete-ro/bistrita-nasaud,2026-09-01
Firme înființate pe județe,2026-03-01,169.0000,Număr,RO-BN,ONRC,https://www.onrc.ro,https://ecifre.ro/indicatori/firme-infiintate-judete-ro/bistrita-nasaud,2026-09-01
Firme înființate pe județe,2026-04-01,199.0000,Număr,RO-BN,ONRC,https://www.onrc.ro,https://ecifre.ro/indicatori/firme-infiintate-judete-ro/bistrita-nasaud,2026-09-01
Firme înființate pe județe,2026-05-01,170.0000,Număr,RO-BN,ONRC,https://www.onrc.ro,https://ecifre.ro/indicatori/firme-infiintate-judete-ro/bistrita-nasaud,2026-09-01
Firme înființate pe județe,2026-06-01,99.0000,Număr,RO-BN,ONRC,https://www.onrc.ro,https://ecifre.ro/indicatori/firme-infiintate-judete-ro/bistrita-nasaud,2026-09-01
Firme înființate pe județe,2026-07-01,92.0000,Număr,RO-BN,ONRC,https://www.onrc.ro,https://ecifre.ro/indicatori/firme-infiintate-judete-ro/bistrita-nasaud,2026-09-01
Firme înființate pe județe,2014-01-01,94.0000,Număr,RO-BT,ONRC,https://www.onrc.ro,https://ecifre.ro/indicatori/firme-infiintate-judete-ro/botosani,2026-09-01
Firme înființate pe județe,2015-01-01,91.0000,Număr,RO-BT,ONRC,https://www.onrc.ro,https://ecifre.ro/indicatori/firme-infiintate-judete-ro/botosani,2026-09-01
Firme înființate pe județe,2016-01-01,89.0000,Număr,RO-BT,ONRC,https://www.onrc.ro,https://ecifre.ro/indicatori/firme-infiintate-judete-ro/botosani,2026-09-01
Firme înființate pe județe,2017-01-01,62.0000,Număr,RO-BT,ONRC,https://www.onrc.ro,https://ecifre.ro/indicatori/firme-infiintate-judete-ro/botosani,2026-09-01
Firme înființate pe județe,2017-03-01,222.0000,Număr,RO-BT,ONRC,https://www.onrc.ro,https://ecifre.ro/indicatori/firme-infiintate-judete-ro/botosani,2026-09-01
Firme înființate pe județe,2017-04-01,178.0000,Număr,RO-BT,ONRC,https://www.onrc.ro,https://ecifre.ro/indicatori/firme-infiintate-judete-ro/botosani,2026-09-01
Firme înființate pe județe,2017-05-01,231.0000,Număr,RO-BT,ONRC,https://www.onrc.ro,https://ecifre.ro/indicatori/firme-infiintate-judete-ro/botosani,2026-09-01
Firme înființate pe județe,2017-06-01,167.0000,Număr,RO-BT,ONRC,https://www.onrc.ro,https://ecifre.ro/indicatori/firme-infiintate-judete-ro/botosani,2026-09-01
Firme înființate pe județe,2017-07-01,122.0000,Număr,RO-BT,ONRC,https://www.onrc.ro,https://ecifre.ro/indicatori/firme-infiintate-judete-ro/botosani,2026-09-01
Firme înființate pe județe,2017-08-01,105.0000,Număr,RO-BT,ONRC,https://www.onrc.ro,https://ecifre.ro/indicatori/firme-infiintate-judete-ro/botosani,2026-09-01
Firme înființate pe județe,2017-09-01,94.0000,Număr,RO-BT,ONRC,https://www.onrc.ro,https://ecifre.ro/indicatori/firme-infiintate-judete-ro/botosani,2026-09-01
Firme înființate pe județe,2017-10-01,102.0000,Număr,RO-BT,ONRC,https://www.onrc.ro,https://ecifre.ro/indicatori/firme-infiintate-judete-ro/botosani,2026-09-01
Firme înființate pe județe,2017-11-01,98.0000,Număr,RO-BT,ONRC,https://www.onrc.ro,https://ecifre.ro/indicatori/firme-infiintate-judete-ro/botosani,2026-09-01
Firme înființate pe județe,2017-12-01,71.0000,Număr,RO-BT,ONRC,https://www.onrc.ro,https://ecifre.ro/indicatori/firme-infiintate-judete-ro/botosani,2026-09-01
Firme înființate pe județe,2018-01-01,136.0000,Număr,RO-BT,ONRC,https://www.onrc.ro,https://ecifre.ro/indicatori/firme-infiintate-judete-ro/botosani,2026-09-01
Firme înființate pe județe,2018-02-01,205.0000,Număr,RO-BT,ONRC,https://www.onrc.ro,https://ecifre.ro/indicatori/firme-infiintate-judete-ro/botosani,2026-09-01
Firme înființate pe județe,2018-03-01,269.0000,Număr,RO-BT,ONRC,https://www.onrc.ro,https://ecifre.ro/indicatori/firme-infiintate-judete-ro/botosani,2026-09-01
Firme înființate pe județe,2018-04-01,160.0000,Număr,RO-BT,ONRC,https://www.onrc.ro,https://ecifre.ro/indicatori/firme-infiintate-judete-ro/botosani,2026-09-01
Firme înființate pe județe,2018-05-01,156.0000,Număr,RO-BT,ONRC,https://www.onrc.ro,https://ecifre.ro/indicatori/firme-infiintate-judete-ro/botosani,2026-09-01
Firme înființate pe județe,2018-06-01,93.0000,Număr,RO-BT,ONRC,https://www.onrc.ro,https://ecifre.ro/indicatori/firme-infiintate-judete-ro/botosani,2026-09-01
Firme înființate pe județe,2018-07-01,97.0000,Număr,RO-BT,ONRC,https://www.onrc.ro,https://ecifre.ro/indicatori/firme-infiintate-judete-ro/botosani,2026-09-01
Firme înființate pe județe,2018-08-01,97.0000,Număr,RO-BT,ONRC,https://www.onrc.ro,https://ecifre.ro/indicatori/firme-infiintate-judete-ro/botosani,2026-09-01
Firme înființate pe județe,2018-09-01,103.0000,Număr,RO-BT,ONRC,https://www.onrc.ro,https://ecifre.ro/indicatori/firme-infiintate-judete-ro/botosani,2026-09-01
Firme înființate pe județe,2018-10-01,136.0000,Număr,RO-BT,ONRC,https://www.onrc.ro,https://ecifre.ro/indicatori/firme-infiintate-judete-ro/botosani,2026-09-01
Firme înființate pe județe,2018-11-01,131.0000,Număr,RO-BT,ONRC,https://www.onrc.ro,https://ecifre.ro/indicatori/firme-infiintate-judete-ro/botosani,2026-09-01
Firme înființate pe județe,2018-12-01,108.0000,Număr,RO-BT,ONRC,https://www.onrc.ro,https://ecifre.ro/indicatori/firme-infiintate-judete-ro/botosani,2026-09-01
Firme înființate pe județe,2019-01-01,213.0000,Număr,RO-BT,ONRC,https://www.onrc.ro,https://ecifre.ro/indicatori/firme-infiintate-judete-ro/botosani,2026-09-01
Firme înființate pe județe,2019-02-01,134.0000,Număr,RO-BT,ONRC,https://www.onrc.ro,https://ecifre.ro/indicatori/firme-infiintate-judete-ro/botosani,2026-09-01
Firme înființate pe județe,2019-03-01,107.0000,Număr,RO-BT,ONRC,https://www.onrc.ro,https://ecifre.ro/indicatori/firme-infiintate-judete-ro/botosani,2026-09-01
Firme înființate pe județe,2019-04-01,121.0000,Număr,RO-BT,ONRC,https://www.onrc.ro,https://ecifre.ro/indicatori/firme-infiintate-judete-ro/botosani,2026-09-01
Firme înființate pe județe,2019-05-01,86.0000,Număr,RO-BT,ONRC,https://www.onrc.ro,https://ecifre.ro/indicatori/firme-infiintate-judete-ro/botosani,2026-09-01
Firme înființate pe județe,2019-06-01,72.0000,Număr,RO-BT,ONRC,https://www.onrc.ro,https://ecifre.ro/indicatori/firme-infiintate-judete-ro/botosani,2026-09-01
Firme înființate pe județe,2019-07-01,110.0000,Număr,RO-BT,ONRC,https://www.onrc.ro,https://ecifre.ro/indicatori/firme-infiintate-judete-ro/botosani,2026-09-01
Firme înființate pe județe,2019-08-01,89.0000,Număr,RO-BT,ONRC,https://www.onrc.ro,https://ecifre.ro/indicatori/firme-infiintate-judete-ro/botosani,2026-09-01
Firme înființate pe județe,2019-09-01,97.0000,Număr,RO-BT,ONRC,https://www.onrc.ro,https://ecifre.ro/indicatori/firme-infiintate-judete-ro/botosani,2026-09-01
Firme înființate pe județe,2019-10-01,119.0000,Număr,RO-BT,ONRC,https://www.onrc.ro,https://ecifre.ro/indicatori/firme-infiintate-judete-ro/botosani,2026-09-01
Firme înființate pe județe,2019-11-01,90.0000,Număr,RO-BT,ONRC,https://www.onrc.ro,https://ecifre.ro/indicatori/firme-infiintate-judete-ro/botosani,2026-09-01
Firme înființate pe județe,2019-12-01,121.0000,Număr,RO-BT,ONRC,https://www.onrc.ro,https://ecifre.ro/indicatori/firme-infiintate-judete-ro/botosani,2026-09-01
Firme înființate pe județe,2020-01-01,118.0000,Număr,RO-BT,ONRC,https://www.onrc.ro,https://ecifre.ro/indicatori/firme-infiintate-judete-ro/botosani,2026-09-01
Firme înființate pe județe,2020-02-01,147.0000,Număr,RO-BT,ONRC,https://www.onrc.ro,https://ecifre.ro/indicatori/firme-infiintate-judete-ro/botosani,2026-09-01
Firme înființate pe județe,2020-03-01,57.0000,Număr,RO-BT,ONRC,https://www.onrc.ro,https://ecifre.ro/indicatori/firme-infiintate-judete-ro/botosani,2026-09-01
Firme înființate pe județe,2020-04-01,19.0000,Număr,RO-BT,ONRC,https://www.onrc.ro,https://ecifre.ro/indicatori/firme-infiintate-judete-ro/botosani,2026-09-01
Firme înființate pe județe,2020-05-01,91.0000,Număr,RO-BT,ONRC,https://www.onrc.ro,https://ecifre.ro/indicatori/firme-infiintate-judete-ro/botosani,2026-09-01
Firme înființate pe județe,2020-06-01,132.0000,Număr,RO-BT,ONRC,https://www.onrc.ro,https://ecifre.ro/indicatori/firme-infiintate-judete-ro/botosani,2026-09-01
Firme înființate pe județe,2020-07-01,104.0000,Număr,RO-BT,ONRC,https://www.onrc.ro,https://ecifre.ro/indicatori/firme-infiintate-judete-ro/botosani,2026-09-01
Firme înființate pe județe,2020-08-01,96.0000,Număr,RO-BT,ONRC,https://www.onrc.ro,https://ecifre.ro/indicatori/firme-infiintate-judete-ro/botosani,2026-09-01
Firme înființate pe județe,2020-09-01,107.0000,Număr,RO-BT,ONRC,https://www.onrc.ro,https://ecifre.ro/indicatori/firme-infiintate-judete-ro/botosani,2026-09-01
Firme înființate pe județe,2020-10-01,88.0000,Număr,RO-BT,ONRC,https://www.onrc.ro,https://ecifre.ro/indicatori/firme-infiintate-judete-ro/botosani,2026-09-01
Firme înființate pe județe,2020-11-01,95.0000,Număr,RO-BT,ONRC,https://www.onrc.ro,https://ecifre.ro/indicatori/firme-infiintate-judete-ro/botosani,2026-09-01
Firme înființate pe județe,2020-12-01,79.0000,Număr,RO-BT,ONRC,https://www.onrc.ro,https://ecifre.ro/indicatori/firme-infiintate-judete-ro/botosani,2026-09-01
Firme înființate pe județe,2021-02-01,127.0000,Număr,RO-BT,ONRC,https://www.onrc.ro,https://ecifre.ro/indicatori/firme-infiintate-judete-ro/botosani,2026-09-01
Firme înființate pe județe,2021-03-01,163.0000,Număr,RO-BT,ONRC,https://www.onrc.ro,https://ecifre.ro/indicatori/firme-infiintate-judete-ro/botosani,2026-09-01
Firme înființate pe județe,2021-04-01,162.0000,Număr,RO-BT,ONRC,https://www.onrc.ro,https://ecifre.ro/indicatori/firme-infiintate-judete-ro/botosani,2026-09-01
Firme înființate pe județe,2021-05-01,115.0000,Număr,RO-BT,ONRC,https://www.onrc.ro,https://ecifre.ro/indicatori/firme-infiintate-judete-ro/botosani,2026-09-01
Firme înființate pe județe,2021-06-01,128.0000,Număr,RO-BT,ONRC,https://www.onrc.ro,https://ecifre.ro/indicatori/firme-infiintate-judete-ro/botosani,2026-09-01
Firme înființate pe județe,2021-07-01,127.0000,Număr,RO-BT,ONRC,https://www.onrc.ro,https://ecifre.ro/indicatori/firme-infiintate-judete-ro/botosani,2026-09-01
Firme înființate pe județe,2021-08-01,154.0000,Număr,RO-BT,ONRC,https://www.onrc.ro,https://ecifre.ro/indicatori/firme-infiintate-judete-ro/botosani,2026-09-01
Firme înființate pe județe,2021-09-01,136.0000,Număr,RO-BT,ONRC,https://www.onrc.ro,https://ecifre.ro/indicatori/firme-infiintate-judete-ro/botosani,2026-09-01
Firme înființate pe județe,2021-10-01,103.0000,Număr,RO-BT,ONRC,https://www.onrc.ro,https://ecifre.ro/indicatori/firme-infiintate-judete-ro/botosani,2026-09-01
Firme înființate pe județe,2021-11-01,82.0000,Număr,RO-BT,ONRC,https://www.onrc.ro,https://ecifre.ro/indicatori/firme-infiintate-judete-ro/botosani,2026-09-01
Firme înființate pe județe,2021-12-01,74.0000,Număr,RO-BT,ONRC,https://www.onrc.ro,https://ecifre.ro/indicatori/firme-infiintate-judete-ro/botosani,2026-09-01
Firme înființate pe județe,2022-02-01,113.0000,Număr,RO-BT,ONRC,https://www.onrc.ro,https://ecifre.ro/indicatori/firme-infiintate-judete-ro/botosani,2026-09-01
Firme înființate pe județe,2022-03-01,91.0000,Număr,RO-BT,ONRC,https://www.onrc.ro,https://ecifre.ro/indicatori/firme-infiintate-judete-ro/botosani,2026-09-01
Firme înființate pe județe,2022-04-01,104.0000,Număr,RO-BT,ONRC,https://www.onrc.ro,https://ecifre.ro/indicatori/firme-infiintate-judete-ro/botosani,2026-09-01
Firme înființate pe județe,2022-05-01,147.0000,Număr,RO-BT,ONRC,https://www.onrc.ro,https://ecifre.ro/indicatori/firme-infiintate-judete-ro/botosani,2026-09-01
Firme înființate pe județe,2022-07-01,144.0000,Număr,RO-BT,ONRC,https://www.onrc.ro,https://ecifre.ro/indicatori/firme-infiintate-judete-ro/botosani,2026-09-01
Firme înființate pe județe,2022-08-01,147.0000,Număr,RO-BT,ONRC,https://www.onrc.ro,https://ecifre.ro/indicatori/firme-infiintate-judete-ro/botosani,2026-09-01
Firme înființate pe județe,2022-09-01,125.0000,Număr,RO-BT,ONRC,https://www.onrc.ro,https://ecifre.ro/indicatori/firme-infiintate-judete-ro/botosani,2026-09-01
Firme înființate pe județe,2022-10-01,93.0000,Număr,RO-BT,ONRC,https://www.onrc.ro,https://ecifre.ro/indicatori/firme-infiintate-judete-ro/botosani,2026-09-01
Firme înființate pe județe,2022-11-01,78.0000,Număr,RO-BT,ONRC,https://www.onrc.ro,https://ecifre.ro/indicatori/firme-infiintate-judete-ro/botosani,2026-09-01
Firme înființate pe județe,2022-12-01,59.0000,Număr,RO-BT,ONRC,https://www.onrc.ro,https://ecifre.ro/indicatori/firme-infiintate-judete-ro/botosani,2026-09-01
Firme înființate pe județe,2023-02-01,137.0000,Număr,RO-BT,ONRC,https://www.onrc.ro,https://ecifre.ro/indicatori/firme-infiintate-judete-ro/botosani,2026-09-01
Firme înființate pe județe,2023-03-01,154.0000,Număr,RO-BT,ONRC,https://www.onrc.ro,https://ecifre.ro/indicatori/firme-infiintate-judete-ro/botosani,2026-09-01
Firme înființate pe județe,2023-04-01,124.0000,Număr,RO-BT,ONRC,https://www.onrc.ro,https://ecifre.ro/indicatori/firme-infiintate-judete-ro/botosani,2026-09-01
Firme înființate pe județe,2023-05-01,176.0000,Număr,RO-BT,ONRC,https://www.onrc.ro,https://ecifre.ro/indicatori/firme-infiintate-judete-ro/botosani,2026-09-01
Firme înființate pe județe,2023-06-01,98.0000,Număr,RO-BT,ONRC,https://www.onrc.ro,https://ecifre.ro/indicatori/firme-infiintate-judete-ro/botosani,2026-09-01
Firme înființate pe județe,2023-07-01,78.0000,Număr,RO-BT,ONRC,https://www.onrc.ro,https://ecifre.ro/indicatori/firme-infiintate-judete-ro/botosani,2026-09-01
Firme înființate pe județe,2023-08-01,104.0000,Număr,RO-BT,ONRC,https://www.onrc.ro,https://ecifre.ro/indicatori/firme-infiintate-judete-ro/botosani,2026-09-01
Firme înființate pe județe,2023-09-01,131.0000,Număr,RO-BT,ONRC,https://www.onrc.ro,https://ecifre.ro/indicatori/firme-infiintate-judete-ro/botosani,2026-09-01
Firme înființate pe județe,2023-10-01,128.0000,Număr,RO-BT,ONRC,https://www.onrc.ro,https://ecifre.ro/indicatori/firme-infiintate-judete-ro/botosani,2026-09-01
Firme înființate pe județe,2023-11-01,116.0000,Număr,RO-BT,ONRC,https://www.onrc.ro,https://ecifre.ro/indicatori/firme-infiintate-judete-ro/botosani,2026-09-01
Firme înființate pe județe,2023-12-01,87.0000,Număr,RO-BT,ONRC,https://www.onrc.ro,https://ecifre.ro/indicatori/firme-infiintate-judete-ro/botosani,2026-09-01
Firme înființate pe județe,2024-02-01,122.0000,Număr,RO-BT,ONRC,https://www.onrc.ro,https://ecifre.ro/indicatori/firme-infiintate-judete-ro/botosani,2026-09-01
Firme înființate pe județe,2024-03-01,108.0000,Număr,RO-BT,ONRC,https://www.onrc.ro,https://ecifre.ro/indicatori/firme-infiintate-judete-ro/botosani,2026-09-01
Firme înființate pe județe,2024-04-01,95.0000,Număr,RO-BT,ONRC,https://www.onrc.ro,https://ecifre.ro/indicatori/firme-infiintate-judete-ro/botosani,2026-09-01
Firme înființate pe județe,2024-05-01,98.0000,Număr,RO-BT,ONRC,https://www.onrc.ro,https://ecifre.ro/indicatori/firme-infiintate-judete-ro/botosani,2026-09-01
Firme înființate pe județe,2024-06-01,83.0000,Număr,RO-BT,ONRC,https://www.onrc.ro,https://ecifre.ro/indicatori/firme-infiintate-judete-ro/botosani,2026-09-01
Firme înființate pe județe,2024-07-01,57.0000,Număr,RO-BT,ONRC,https://www.onrc.ro,https://ecifre.ro/indicatori/firme-infiintate-judete-ro/botosani,2026-09-01
Firme înființate pe județe,2024-08-01,47.0000,Număr,RO-BT,ONRC,https://www.onrc.ro,https://ecifre.ro/indicatori/firme-infiintate-judete-ro/botosani,2026-09-01
Firme înființate pe județe,2024-09-01,87.0000,Număr,RO-BT,ONRC,https://www.onrc.ro,https://ecifre.ro/indicatori/firme-infiintate-judete-ro/botosani,2026-09-01
Firme înființate pe județe,2024-10-01,130.0000,Număr,RO-BT,ONRC,https://www.onrc.ro,https://ecifre.ro/indicatori/firme-infiintate-judete-ro/botosani,2026-09-01
Firme înființate pe județe,2024-11-01,104.0000,Număr,RO-BT,ONRC,https://www.onrc.ro,https://ecifre.ro/indicatori/firme-infiintate-judete-ro/botosani,2026-09-01
Firme înființate pe județe,2024-12-01,67.0000,Număr,RO-BT,ONRC,https://www.onrc.ro,https://ecifre.ro/indicatori/firme-infiintate-judete-ro/botosani,2026-09-01
Firme înființate pe județe,2025-01-01,77.0000,Număr,RO-BT,ONRC,https://www.onrc.ro,https://ecifre.ro/indicatori/firme-infiintate-judete-ro/botosani,2026-09-01
Firme înființate pe județe,2025-02-01,124.0000,Număr,RO-BT,ONRC,https://www.onrc.ro,https://ecifre.ro/indicatori/firme-infiintate-judete-ro/botosani,2026-09-01
Firme înființate pe județe,2025-03-01,130.0000,Număr,RO-BT,ONRC,https://www.onrc.ro,https://ecifre.ro/indicatori/firme-infiintate-judete-ro/botosani,2026-09-01
Firme înființate pe județe,2025-04-01,114.0000,Număr,RO-BT,ONRC,https://www.onrc.ro,https://ecifre.ro/indicatori/firme-infiintate-judete-ro/botosani,2026-09-01
Firme înființate pe județe,2025-05-01,133.0000,Număr,RO-BT,ONRC,https://www.onrc.ro,https://ecifre.ro/indicatori/firme-infiintate-judete-ro/botosani,2026-09-01
Firme înființate pe județe,2025-06-01,95.0000,Număr,RO-BT,ONRC,https://www.onrc.ro,https://ecifre.ro/indicatori/firme-infiintate-judete-ro/botosani,2026-09-01
Firme înființate pe județe,2025-07-01,173.0000,Număr,RO-BT,ONRC,https://www.onrc.ro,https://ecifre.ro/indicatori/firme-infiintate-judete-ro/botosani,2026-09-01
Firme înființate pe județe,2025-08-01,104.0000,Număr,RO-BT,ONRC,https://www.onrc.ro,https://ecifre.ro/indicatori/firme-infiintate-judete-ro/botosani,2026-09-01
Firme înființate pe județe,2025-09-01,160.0000,Număr,RO-BT,ONRC,https://www.onrc.ro,https://ecifre.ro/indicatori/firme-infiintate-judete-ro/botosani,2026-09-01
Firme înființate pe județe,2025-10-01,138.0000,Număr,RO-BT,ONRC,https://www.onrc.ro,https://ecifre.ro/indicatori/firme-infiintate-judete-ro/botosani,2026-09-01
Firme înființate pe județe,2025-11-01,150.0000,Număr,RO-BT,ONRC,https://www.onrc.ro,https://ecifre.ro/indicatori/firme-infiintate-judete-ro/botosani,2026-09-01
Firme înființate pe județe,2025-12-01,78.0000,Număr,RO-BT,ONRC,https://www.onrc.ro,https://ecifre.ro/indicatori/firme-infiintate-judete-ro/botosani,2026-09-01
Firme înființate pe județe,2026-01-01,108.0000,Număr,RO-BT,ONRC,https://www.onrc.ro,https://ecifre.ro/indicatori/firme-infiintate-judete-ro/botosani,2026-09-01
Firme înființate pe județe,2026-02-01,123.0000,Număr,RO-BT,ONRC,https://www.onrc.ro,https://ecifre.ro/indicatori/firme-infiintate-judete-ro/botosani,2026-09-01
Firme înființate pe județe,2026-03-01,161.0000,Număr,RO-BT,ONRC,https://www.onrc.ro,https://ecifre.ro/indicatori/firme-infiintate-judete-ro/botosani,2026-09-01
Firme înființate pe județe,2026-04-01,116.0000,Număr,RO-BT,ONRC,https://www.onrc.ro,https://ecifre.ro/indicatori/firme-infiintate-judete-ro/botosani,2026-09-01
Firme înființate pe județe,2026-05-01,122.0000,Număr,RO-BT,ONRC,https://www.onrc.ro,https://ecifre.ro/indicatori/firme-infiintate-judete-ro/botosani,2026-09-01
Firme înființate pe județe,2026-06-01,106.0000,Număr,RO-BT,ONRC,https://www.onrc.ro,https://ecifre.ro/indicatori/firme-infiintate-judete-ro/botosani,2026-09-01
Firme înființate pe județe,2026-07-01,67.0000,Număr,RO-BT,ONRC,https://www.onrc.ro,https://ecifre.ro/indicatori/firme-infiintate-judete-ro/botosani,2026-09-01
Firme înființate pe județe,2014-01-01,274.0000,Număr,RO-BV,ONRC,https://www.onrc.ro,https://ecifre.ro/indicatori/firme-infiintate-judete-ro/brasov,2026-09-01
Firme înființate pe județe,2015-01-01,228.0000,Număr,RO-BV,ONRC,https://www.onrc.ro,https://ecifre.ro/indicatori/firme-infiintate-judete-ro/brasov,2026-09-01
Firme înființate pe județe,2016-01-01,238.0000,Număr,RO-BV,ONRC,https://www.onrc.ro,https://ecifre.ro/indicatori/firme-infiintate-judete-ro/brasov,2026-09-01
Firme înființate pe județe,2017-01-01,156.0000,Număr,RO-BV,ONRC,https://www.onrc.ro,https://ecifre.ro/indicatori/firme-infiintate-judete-ro/brasov,2026-09-01
Firme înființate pe județe,2017-03-01,401.0000,Număr,RO-BV,ONRC,https://www.onrc.ro,https://ecifre.ro/indicatori/firme-infiintate-judete-ro/brasov,2026-09-01
Firme înființate pe județe,2017-04-01,361.0000,Număr,RO-BV,ONRC,https://www.onrc.ro,https://ecifre.ro/indicatori/firme-infiintate-judete-ro/brasov,2026-09-01
Firme înființate pe județe,2017-05-01,495.0000,Număr,RO-BV,ONRC,https://www.onrc.ro,https://ecifre.ro/indicatori/firme-infiintate-judete-ro/brasov,2026-09-01
Firme înființate pe județe,2017-06-01,508.0000,Număr,RO-BV,ONRC,https://www.onrc.ro,https://ecifre.ro/indicatori/firme-infiintate-judete-ro/brasov,2026-09-01
Firme înființate pe județe,2017-07-01,482.0000,Număr,RO-BV,ONRC,https://www.onrc.ro,https://ecifre.ro/indicatori/firme-infiintate-judete-ro/brasov,2026-09-01
Firme înființate pe județe,2017-08-01,341.0000,Număr,RO-BV,ONRC,https://www.onrc.ro,https://ecifre.ro/indicatori/firme-infiintate-judete-ro/brasov,2026-09-01
Firme înființate pe județe,2017-09-01,319.0000,Număr,RO-BV,ONRC,https://www.onrc.ro,https://ecifre.ro/indicatori/firme-infiintate-judete-ro/brasov,2026-09-01
Firme înființate pe județe,2017-10-01,296.0000,Număr,RO-BV,ONRC,https://www.onrc.ro,https://ecifre.ro/indicatori/firme-infiintate-judete-ro/brasov,2026-09-01
Firme înființate pe județe,2017-11-01,298.0000,Număr,RO-BV,ONRC,https://www.onrc.ro,https://ecifre.ro/indicatori/firme-infiintate-judete-ro/brasov,2026-09-01
Firme înființate pe județe,2017-12-01,230.0000,Număr,RO-BV,ONRC,https://www.onrc.ro,https://ecifre.ro/indicatori/firme-infiintate-judete-ro/brasov,2026-09-01
Firme înființate pe județe,2018-01-01,311.0000,Număr,RO-BV,ONRC,https://www.onrc.ro,https://ecifre.ro/indicatori/firme-infiintate-judete-ro/brasov,2026-09-01
Firme înființate pe județe,2018-02-01,316.0000,Număr,RO-BV,ONRC,https://www.onrc.ro,https://ecifre.ro/indicatori/firme-infiintate-judete-ro/brasov,2026-09-01
Firme înființate pe județe,2018-03-01,332.0000,Număr,RO-BV,ONRC,https://www.onrc.ro,https://ecifre.ro/indicatori/firme-infiintate-judete-ro/brasov,2026-09-01
Firme înființate pe județe,2018-04-01,341.0000,Număr,RO-BV,ONRC,https://www.onrc.ro,https://ecifre.ro/indicatori/firme-infiintate-judete-ro/brasov,2026-09-01
Firme înființate pe județe,2018-05-01,365.0000,Număr,RO-BV,ONRC,https://www.onrc.ro,https://ecifre.ro/indicatori/firme-infiintate-judete-ro/brasov,2026-09-01
Firme înființate pe județe,2018-06-01,277.0000,Număr,RO-BV,ONRC,https://www.onrc.ro,https://ecifre.ro/indicatori/firme-infiintate-judete-ro/brasov,2026-09-01
Firme înființate pe județe,2018-07-01,319.0000,Număr,RO-BV,ONRC,https://www.onrc.ro,https://ecifre.ro/indicatori/firme-infiintate-judete-ro/brasov,2026-09-01
Firme înființate pe județe,2018-08-01,313.0000,Număr,RO-BV,ONRC,https://www.onrc.ro,https://ecifre.ro/indicatori/firme-infiintate-judete-ro/brasov,2026-09-01
Firme înființate pe județe,2018-09-01,298.0000,Număr,RO-BV,ONRC,https://www.onrc.ro,https://ecifre.ro/indicatori/firme-infiintate-judete-ro/brasov,2026-09-01
Firme înființate pe județe,2018-10-01,383.0000,Număr,RO-BV,ONRC,https://www.onrc.ro,https://ecifre.ro/indicatori/firme-infiintate-judete-ro/brasov,2026-09-01
Firme înființate pe județe,2018-11-01,414.0000,Număr,RO-BV,ONRC,https://www.onrc.ro,https://ecifre.ro/indicatori/firme-infiintate-judete-ro/brasov,2026-09-01
Firme înființate pe județe,2018-12-01,359.0000,Număr,RO-BV,ONRC,https://www.onrc.ro,https://ecifre.ro/indicatori/firme-infiintate-judete-ro/brasov,2026-09-01
Firme înființate pe județe,2019-01-01,594.0000,Număr,RO-BV,ONRC,https://www.onrc.ro,https://ecifre.ro/indicatori/firme-infiintate-judete-ro/brasov,2026-09-01
Firme înființate pe județe,2019-02-01,572.0000,Număr,RO-BV,ONRC,https://www.onrc.ro,https://ecifre.ro/indicatori/firme-infiintate-judete-ro/brasov,2026-09-01
Firme înființate pe județe,2019-03-01,373.0000,Număr,RO-BV,ONRC,https://www.onrc.ro,https://ecifre.ro/indicatori/firme-infiintate-judete-ro/brasov,2026-09-01
Firme înființate pe județe,2019-04-01,483.0000,Număr,RO-BV,ONRC,https://www.onrc.ro,https://ecifre.ro/indicatori/firme-infiintate-judete-ro/brasov,2026-09-01
Firme înființate pe județe,2019-05-01,396.0000,Număr,RO-BV,ONRC,https://www.onrc.ro,https://ecifre.ro/indicatori/firme-infiintate-judete-ro/brasov,2026-09-01
Firme înființate pe județe,2019-06-01,430.0000,Număr,RO-BV,ONRC,https://www.onrc.ro,https://ecifre.ro/indicatori/firme-infiintate-judete-ro/brasov,2026-09-01
Firme înființate pe județe,2019-07-01,362.0000,Număr,RO-BV,ONRC,https://www.onrc.ro,https://ecifre.ro/indicatori/firme-infiintate-judete-ro/brasov,2026-09-01
Firme înființate pe județe,2019-08-01,310.0000,Număr,RO-BV,ONRC,https://www.onrc.ro,https://ecifre.ro/indicatori/firme-infiintate-judete-ro/brasov,2026-09-01
Firme înființate pe județe,2019-09-01,317.0000,Număr,RO-BV,ONRC,https://www.onrc.ro,https://ecifre.ro/indicatori/firme-infiintate-judete-ro/brasov,2026-09-01
Firme înființate pe județe,2019-10-01,355.0000,Număr,RO-BV,ONRC,https://www.onrc.ro,https://ecifre.ro/indicatori/firme-infiintate-judete-ro/brasov,2026-09-01
Firme înființate pe județe,2019-11-01,308.0000,Număr,RO-BV,ONRC,https://www.onrc.ro,https://ecifre.ro/indicatori/firme-infiintate-judete-ro/brasov,2026-09-01
Firme înființate pe județe,2019-12-01,362.0000,Număr,RO-BV,ONRC,https://www.onrc.ro,https://ecifre.ro/indicatori/firme-infiintate-judete-ro/brasov,2026-09-01
Firme înființate pe județe,2020-01-01,305.0000,Număr,RO-BV,ONRC,https://www.onrc.ro,https://ecifre.ro/indicatori/firme-infiintate-judete-ro/brasov,2026-09-01
Firme înființate pe județe,2020-02-01,396.0000,Număr,RO-BV,ONRC,https://www.onrc.ro,https://ecifre.ro/indicatori/firme-infiintate-judete-ro/brasov,2026-09-01
Firme înființate pe județe,2020-03-01,199.0000,Număr,RO-BV,ONRC,https://www.onrc.ro,https://ecifre.ro/indicatori/firme-infiintate-judete-ro/brasov,2026-09-01
Firme înființate pe județe,2020-04-01,107.0000,Număr,RO-BV,ONRC,https://www.onrc.ro,https://ecifre.ro/indicatori/firme-infiintate-judete-ro/brasov,2026-09-01
Firme înființate pe județe,2020-05-01,238.0000,Număr,RO-BV,ONRC,https://www.onrc.ro,https://ecifre.ro/indicatori/firme-infiintate-judete-ro/brasov,2026-09-01
Firme înființate pe județe,2020-06-01,336.0000,Număr,RO-BV,ONRC,https://www.onrc.ro,https://ecifre.ro/indicatori/firme-infiintate-judete-ro/brasov,2026-09-01
Firme înființate pe județe,2020-07-01,376.0000,Număr,RO-BV,ONRC,https://www.onrc.ro,https://ecifre.ro/indicatori/firme-infiintate-judete-ro/brasov,2026-09-01
Firme înființate pe județe,2020-08-01,359.0000,Număr,RO-BV,ONRC,https://www.onrc.ro,https://ecifre.ro/indicatori/firme-infiintate-judete-ro/brasov,2026-09-01
Firme înființate pe județe,2020-09-01,374.0000,Număr,RO-BV,ONRC,https://www.onrc.ro,https://ecifre.ro/indicatori/firme-infiintate-judete-ro/brasov,2026-09-01
Firme înființate pe județe,2020-10-01,420.0000,Număr,RO-BV,ONRC,https://www.onrc.ro,https://ecifre.ro/indicatori/firme-infiintate-judete-ro/brasov,2026-09-01
Firme înființate pe județe,2020-11-01,337.0000,Număr,RO-BV,ONRC,https://www.onrc.ro,https://ecifre.ro/indicatori/firme-infiintate-judete-ro/brasov,2026-09-01
Firme înființate pe județe,2020-12-01,305.0000,Număr,RO-BV,ONRC,https://www.onrc.ro,https://ecifre.ro/indicatori/firme-infiintate-judete-ro/brasov,2026-09-01
Firme înființate pe județe,2021-02-01,462.0000,Număr,RO-BV,ONRC,https://www.onrc.ro,https://ecifre.ro/indicatori/firme-infiintate-judete-ro/brasov,2026-09-01
Firme înființate pe județe,2021-03-01,493.0000,Număr,RO-BV,ONRC,https://www.onrc.ro,https://ecifre.ro/indicatori/firme-infiintate-judete-ro/brasov,2026-09-01
Firme înființate pe județe,2021-04-01,433.0000,Număr,RO-BV,ONRC,https://www.onrc.ro,https://ecifre.ro/indicatori/firme-infiintate-judete-ro/brasov,2026-09-01
Firme înființate pe județe,2021-05-01,345.0000,Număr,RO-BV,ONRC,https://www.onrc.ro,https://ecifre.ro/indicatori/firme-infiintate-judete-ro/brasov,2026-09-01
Firme înființate pe județe,2021-06-01,429.0000,Număr,RO-BV,ONRC,https://www.onrc.ro,https://ecifre.ro/indicatori/firme-infiintate-judete-ro/brasov,2026-09-01
Firme înființate pe județe,2021-07-01,370.0000,Număr,RO-BV,ONRC,https://www.onrc.ro,https://ecifre.ro/indicatori/firme-infiintate-judete-ro/brasov,2026-09-01
Firme înființate pe județe,2021-08-01,429.0000,Număr,RO-BV,ONRC,https://www.onrc.ro,https://ecifre.ro/indicatori/firme-infiintate-judete-ro/brasov,2026-09-01
Firme înființate pe județe,2021-09-01,412.0000,Număr,RO-BV,ONRC,https://www.onrc.ro,https://ecifre.ro/indicatori/firme-infiintate-judete-ro/brasov,2026-09-01
Firme înființate pe județe,2021-10-01,433.0000,Număr,RO-BV,ONRC,https://www.onrc.ro,https://ecifre.ro/indicatori/firme-infiintate-judete-ro/brasov,2026-09-01
Firme înființate pe județe,2021-11-01,379.0000,Număr,RO-BV,ONRC,https://www.onrc.ro,https://ecifre.ro/indicatori/firme-infiintate-judete-ro/brasov,2026-09-01
Firme înființate pe județe,2021-12-01,287.0000,Număr,RO-BV,ONRC,https://www.onrc.ro,https://ecifre.ro/indicatori/firme-infiintate-judete-ro/brasov,2026-09-01
Firme înființate pe județe,2022-02-01,417.0000,Număr,RO-BV,ONRC,https://www.onrc.ro,https://ecifre.ro/indicatori/firme-infiintate-judete-ro/brasov,2026-09-01
Firme înființate pe județe,2022-03-01,475.0000,Număr,RO-BV,ONRC,https://www.onrc.ro,https://ecifre.ro/indicatori/firme-infiintate-judete-ro/brasov,2026-09-01
Firme înființate pe județe,2022-04-01,365.0000,Număr,RO-BV,ONRC,https://www.onrc.ro,https://ecifre.ro/indicatori/firme-infiintate-judete-ro/brasov,2026-09-01
Firme înființate pe județe,2022-05-01,486.0000,Număr,RO-BV,ONRC,https://www.onrc.ro,https://ecifre.ro/indicatori/firme-infiintate-judete-ro/brasov,2026-09-01
Firme înființate pe județe,2022-07-01,439.0000,Număr,RO-BV,ONRC,https://www.onrc.ro,https://ecifre.ro/indicatori/firme-infiintate-judete-ro/brasov,2026-09-01
Firme înființate pe județe,2022-08-01,501.0000,Număr,RO-BV,ONRC,https://www.onrc.ro,https://ecifre.ro/indicatori/firme-infiintate-judete-ro/brasov,2026-09-01
Firme înființate pe județe,2022-09-01,472.0000,Număr,RO-BV,ONRC,https://www.onrc.ro,https://ecifre.ro/indicatori/firme-infiintate-judete-ro/brasov,2026-09-01
Firme înființate pe județe,2022-10-01,449.0000,Număr,RO-BV,ONRC,https://www.onrc.ro,https://ecifre.ro/indicatori/firme-infiintate-judete-ro/brasov,2026-09-01
Firme înființate pe județe,2022-11-01,394.0000,Număr,RO-BV,ONRC,https://www.onrc.ro,https://ecifre.ro/indicatori/firme-infiintate-judete-ro/brasov,2026-09-01
Firme înființate pe județe,2022-12-01,325.0000,Număr,RO-BV,ONRC,https://www.onrc.ro,https://ecifre.ro/indicatori/firme-infiintate-judete-ro/brasov,2026-09-01
Firme înființate pe județe,2023-02-01,511.0000,Număr,RO-BV,ONRC,https://www.onrc.ro,https://ecifre.ro/indicatori/firme-infiintate-judete-ro/brasov,2026-09-01
Firme înființate pe județe,2023-03-01,503.0000,Număr,RO-BV,ONRC,https://www.onrc.ro,https://ecifre.ro/indicatori/firme-infiintate-judete-ro/brasov,2026-09-01
Firme înființate pe județe,2023-04-01,361.0000,Număr,RO-BV,ONRC,https://www.onrc.ro,https://ecifre.ro/indicatori/firme-infiintate-judete-ro/brasov,2026-09-01
Firme înființate pe județe,2023-05-01,461.0000,Număr,RO-BV,ONRC,https://www.onrc.ro,https://ecifre.ro/indicatori/firme-infiintate-judete-ro/brasov,2026-09-01
Firme înființate pe județe,2023-06-01,417.0000,Număr,RO-BV,ONRC,https://www.onrc.ro,https://ecifre.ro/indicatori/firme-infiintate-judete-ro/brasov,2026-09-01
Firme înființate pe județe,2023-07-01,350.0000,Număr,RO-BV,ONRC,https://www.onrc.ro,https://ecifre.ro/indicatori/firme-infiintate-judete-ro/brasov,2026-09-01
Firme înființate pe județe,2023-08-01,404.0000,Număr,RO-BV,ONRC,https://www.onrc.ro,https://ecifre.ro/indicatori/firme-infiintate-judete-ro/brasov,2026-09-01
Firme înființate pe județe,2023-09-01,467.0000,Număr,RO-BV,ONRC,https://www.onrc.ro,https://ecifre.ro/indicatori/firme-infiintate-judete-ro/brasov,2026-09-01
Firme înființate pe județe,2023-10-01,437.0000,Număr,RO-BV,ONRC,https://www.onrc.ro,https://ecifre.ro/indicatori/firme-infiintate-judete-ro/brasov,2026-09-01
Firme înființate pe județe,2023-11-01,486.0000,Număr,RO-BV,ONRC,https://www.onrc.ro,https://ecifre.ro/indicatori/firme-infiintate-judete-ro/brasov,2026-09-01
Firme înființate pe județe,2023-12-01,343.0000,Număr,RO-BV,ONRC,https://www.onrc.ro,https://ecifre.ro/indicatori/firme-infiintate-judete-ro/brasov,2026-09-01
Firme înființate pe județe,2024-02-01,494.0000,Număr,RO-BV,ONRC,https://www.onrc.ro,https://ecifre.ro/indicatori/firme-infiintate-judete-ro/brasov,2026-09-01
Firme înființate pe județe,2024-03-01,458.0000,Număr,RO-BV,ONRC,https://www.onrc.ro,https://ecifre.ro/indicatori/firme-infiintate-judete-ro/brasov,2026-09-01
Firme înființate pe județe,2024-04-01,442.0000,Număr,RO-BV,ONRC,https://www.onrc.ro,https://ecifre.ro/indicatori/firme-infiintate-judete-ro/brasov,2026-09-01
Firme înființate pe județe,2024-05-01,347.0000,Număr,RO-BV,ONRC,https://www.onrc.ro,https://ecifre.ro/indicatori/firme-infiintate-judete-ro/brasov,2026-09-01
Firme înființate pe județe,2024-06-01,349.0000,Număr,RO-BV,ONRC,https://www.onrc.ro,https://ecifre.ro/indicatori/firme-infiintate-judete-ro/brasov,2026-09-01
Firme înființate pe județe,2024-07-01,239.0000,Număr,RO-BV,ONRC,https://www.onrc.ro,https://ecifre.ro/indicatori/firme-infiintate-judete-ro/brasov,2026-09-01
Firme înființate pe județe,2024-08-01,151.0000,Număr,RO-BV,ONRC,https://www.onrc.ro,https://ecifre.ro/indicatori/firme-infiintate-judete-ro/brasov,2026-09-01
Firme înființate pe județe,2024-09-01,371.0000,Număr,RO-BV,ONRC,https://www.onrc.ro,https://ecifre.ro/indicatori/firme-infiintate-judete-ro/brasov,2026-09-01
Firme înființate pe județe,2024-10-01,595.0000,Număr,RO-BV,ONRC,https://www.onrc.ro,https://ecifre.ro/indicatori/firme-infiintate-judete-ro/brasov,2026-09-01
Firme înființate pe județe,2024-11-01,453.0000,Număr,RO-BV,ONRC,https://www.onrc.ro,https://ecifre.ro/indicatori/firme-infiintate-judete-ro/brasov,2026-09-01
Firme înființate pe județe,2024-12-01,286.0000,Număr,RO-BV,ONRC,https://www.onrc.ro,https://ecifre.ro/indicatori/firme-infiintate-judete-ro/brasov,2026-09-01
Firme înființate pe județe,2025-01-01,252.0000,Număr,RO-BV,ONRC,https://www.onrc.ro,https://ecifre.ro/indicatori/firme-infiintate-judete-ro/brasov,2026-09-01
Firme înființate pe județe,2025-02-01,397.0000,Număr,RO-BV,ONRC,https://www.onrc.ro,https://ecifre.ro/indicatori/firme-infiintate-judete-ro/brasov,2026-09-01
Firme înființate pe județe,2025-03-01,408.0000,Număr,RO-BV,ONRC,https://www.onrc.ro,https://ecifre.ro/indicatori/firme-infiintate-judete-ro/brasov,2026-09-01
Firme înființate pe județe,2025-04-01,362.0000,Număr,RO-BV,ONRC,https://www.onrc.ro,https://ecifre.ro/indicatori/firme-infiintate-judete-ro/brasov,2026-09-01
Firme înființate pe județe,2025-05-01,488.0000,Număr,RO-BV,ONRC,https://www.onrc.ro,https://ecifre.ro/indicatori/firme-infiintate-judete-ro/brasov,2026-09-01
Firme înființate pe județe,2025-06-01,421.0000,Număr,RO-BV,ONRC,https://www.onrc.ro,https://ecifre.ro/indicatori/firme-infiintate-judete-ro/brasov,2026-09-01
Firme înființate pe județe,2025-07-01,539.0000,Număr,RO-BV,ONRC,https://www.onrc.ro,https://ecifre.ro/indicatori/firme-infiintate-judete-ro/brasov,2026-09-01
Firme înființate pe județe,2025-08-01,375.0000,Număr,RO-BV,ONRC,https://www.onrc.ro,https://ecifre.ro/indicatori/firme-infiintate-judete-ro/brasov,2026-09-01
Firme înființate pe județe,2025-09-01,577.0000,Număr,RO-BV,ONRC,https://www.onrc.ro,https://ecifre.ro/indicatori/firme-infiintate-judete-ro/brasov,2026-09-01
Firme înființate pe județe,2025-10-01,543.0000,Număr,RO-BV,ONRC,https://www.onrc.ro,https://ecifre.ro/indicatori/firme-infiintate-judete-ro/brasov,2026-09-01
Firme înființate pe județe,2025-11-01,528.0000,Număr,RO-BV,ONRC,https://www.onrc.ro,https://ecifre.ro/indicatori/firme-infiintate-judete-ro/brasov,2026-09-01
Firme înființate pe județe,2025-12-01,380.0000,Număr,RO-BV,ONRC,https://www.onrc.ro,https://ecifre.ro/indicatori/firme-infiintate-judete-ro/brasov,2026-09-01
Firme înființate pe județe,2026-01-01,390.0000,Număr,RO-BV,ONRC,https://www.onrc.ro,https://ecifre.ro/indicatori/firme-infiintate-judete-ro/brasov,2026-09-01
Firme înființate pe județe,2026-02-01,398.0000,Număr,RO-BV,ONRC,https://www.onrc.ro,https://ecifre.ro/indicatori/firme-infiintate-judete-ro/brasov,2026-09-01
Firme înființate pe județe,2026-03-01,312.0000,Număr,RO-BV,ONRC,https://www.onrc.ro,https://ecifre.ro/indicatori/firme-infiintate-judete-ro/brasov,2026-09-01
Firme înființate pe județe,2026-04-01,547.0000,Număr,RO-BV,ONRC,https://www.onrc.ro,https://ecifre.ro/indicatori/firme-infiintate-judete-ro/brasov,2026-09-01
Firme înființate pe județe,2026-05-01,415.0000,Număr,RO-BV,ONRC,https://www.onrc.ro,https://ecifre.ro/indicatori/firme-infiintate-judete-ro/brasov,2026-09-01
Firme înființate pe județe,2026-06-01,380.0000,Număr,RO-BV,ONRC,https://www.onrc.ro,https://ecifre.ro/indicatori/firme-infiintate-judete-ro/brasov,2026-09-01
Firme înființate pe județe,2026-07-01,371.0000,Număr,RO-BV,ONRC,https://www.onrc.ro,https://ecifre.ro/indicatori/firme-infiintate-judete-ro/brasov,2026-09-01
Firme înființate pe județe,2014-01-01,124.0000,Număr,RO-BR,ONRC,https://www.onrc.ro,https://ecifre.ro/indicatori/firme-infiintate-judete-ro/braila,2026-09-01
Firme înființate pe județe,2015-01-01,136.0000,Număr,RO-BR,ONRC,https://www.onrc.ro,https://ecifre.ro/indicatori/firme-infiintate-judete-ro/braila,2026-09-01
Firme înființate pe județe,2016-01-01,80.0000,Număr,RO-BR,ONRC,https://www.onrc.ro,https://ecifre.ro/indicatori/firme-infiintate-judete-ro/braila,2026-09-01
Firme înființate pe județe,2017-01-01,70.0000,Număr,RO-BR,ONRC,https://www.onrc.ro,https://ecifre.ro/indicatori/firme-infiintate-judete-ro/braila,2026-09-01
Firme înființate pe județe,2017-03-01,178.0000,Număr,RO-BR,ONRC,https://www.onrc.ro,https://ecifre.ro/indicatori/firme-infiintate-judete-ro/braila,2026-09-01
Firme înființate pe județe,2017-04-01,167.0000,Număr,RO-BR,ONRC,https://www.onrc.ro,https://ecifre.ro/indicatori/firme-infiintate-judete-ro/braila,2026-09-01
Firme înființate pe județe,2017-05-01,169.0000,Număr,RO-BR,ONRC,https://www.onrc.ro,https://ecifre.ro/indicatori/firme-infiintate-judete-ro/braila,2026-09-01
Firme înființate pe județe,2017-06-01,150.0000,Număr,RO-BR,ONRC,https://www.onrc.ro,https://ecifre.ro/indicatori/firme-infiintate-judete-ro/braila,2026-09-01
Firme înființate pe județe,2017-07-01,144.0000,Număr,RO-BR,ONRC,https://www.onrc.ro,https://ecifre.ro/indicatori/firme-infiintate-judete-ro/braila,2026-09-01
Firme înființate pe județe,2017-08-01,96.0000,Număr,RO-BR,ONRC,https://www.onrc.ro,https://ecifre.ro/indicatori/firme-infiintate-judete-ro/braila,2026-09-01
Firme înființate pe județe,2017-09-01,114.0000,Număr,RO-BR,ONRC,https://www.onrc.ro,https://ecifre.ro/indicatori/firme-infiintate-judete-ro/braila,2026-09-01
Firme înființate pe județe,2017-10-01,113.0000,Număr,RO-BR,ONRC,https://www.onrc.ro,https://ecifre.ro/indicatori/firme-infiintate-judete-ro/braila,2026-09-01
Firme înființate pe județe,2017-11-01,86.0000,Număr,RO-BR,ONRC,https://www.onrc.ro,https://ecifre.ro/indicatori/firme-infiintate-judete-ro/braila,2026-09-01
Firme înființate pe județe,2017-12-01,97.0000,Număr,RO-BR,ONRC,https://www.onrc.ro,https://ecifre.ro/indicatori/firme-infiintate-judete-ro/braila,2026-09-01
Firme înființate pe județe,2018-01-01,122.0000,Număr,RO-BR,ONRC,https://www.onrc.ro,https://ecifre.ro/indicatori/firme-infiintate-judete-ro/braila,2026-09-01
Firme înființate pe județe,2018-02-01,150.0000,Număr,RO-BR,ONRC,https://www.onrc.ro,https://ecifre.ro/indicatori/firme-infiintate-judete-ro/braila,2026-09-01
Firme înființate pe județe,2018-03-01,130.0000,Număr,RO-BR,ONRC,https://www.onrc.ro,https://ecifre.ro/indicatori/firme-infiintate-judete-ro/braila,2026-09-01
Firme înființate pe județe,2018-04-01,118.0000,Număr,RO-BR,ONRC,https://www.onrc.ro,https://ecifre.ro/indicatori/firme-infiintate-judete-ro/braila,2026-09-01
Firme înființate pe județe,2018-05-01,135.0000,Număr,RO-BR,ONRC,https://www.onrc.ro,https://ecifre.ro/indicatori/firme-infiintate-judete-ro/braila,2026-09-01
Firme înființate pe județe,2018-06-01,119.0000,Număr,RO-BR,ONRC,https://www.onrc.ro,https://ecifre.ro/indicatori/firme-infiintate-judete-ro/braila,2026-09-01
Firme înființate pe județe,2018-07-01,115.0000,Număr,RO-BR,ONRC,https://www.onrc.ro,https://ecifre.ro/indicatori/firme-infiintate-judete-ro/braila,2026-09-01
Firme înființate pe județe,2018-08-01,113.0000,Număr,RO-BR,ONRC,https://www.onrc.ro,https://ecifre.ro/indicatori/firme-infiintate-judete-ro/braila,2026-09-01
Firme înființate pe județe,2018-09-01,93.0000,Număr,RO-BR,ONRC,https://www.onrc.ro,https://ecifre.ro/indicatori/firme-infiintate-judete-ro/braila,2026-09-01
Firme înființate pe județe,2018-10-01,148.0000,Număr,RO-BR,ONRC,https://www.onrc.ro,https://ecifre.ro/indicatori/firme-infiintate-judete-ro/braila,2026-09-01
Firme înființate pe județe,2018-11-01,122.0000,Număr,RO-BR,ONRC,https://www.onrc.ro,https://ecifre.ro/indicatori/firme-infiintate-judete-ro/braila,2026-09-01
Firme înființate pe județe,2018-12-01,114.0000,Număr,RO-BR,ONRC,https://www.onrc.ro,https://ecifre.ro/indicatori/firme-infiintate-judete-ro/braila,2026-09-01
Firme înființate pe județe,2019-01-01,171.0000,Număr,RO-BR,ONRC,https://www.onrc.ro,https://ecifre.ro/indicatori/firme-infiintate-judete-ro/braila,2026-09-01
Firme înființate pe județe,2019-02-01,147.0000,Număr,RO-BR,ONRC,https://www.onrc.ro,https://ecifre.ro/indicatori/firme-infiintate-judete-ro/braila,2026-09-01
Firme înființate pe județe,2019-03-01,169.0000,Număr,RO-BR,ONRC,https://www.onrc.ro,https://ecifre.ro/indicatori/firme-infiintate-judete-ro/braila,2026-09-01
Firme înființate pe județe,2019-04-01,146.0000,Număr,RO-BR,ONRC,https://www.onrc.ro,https://ecifre.ro/indicatori/firme-infiintate-judete-ro/braila,2026-09-01
Firme înființate pe județe,2019-05-01,131.0000,Număr,RO-BR,ONRC,https://www.onrc.ro,https://ecifre.ro/indicatori/firme-infiintate-judete-ro/braila,2026-09-01
Firme înființate pe județe,2019-06-01,94.0000,Număr,RO-BR,ONRC,https://www.onrc.ro,https://ecifre.ro/indicatori/firme-infiintate-judete-ro/braila,2026-09-01
Firme înființate pe județe,2019-07-01,112.0000,Număr,RO-BR,ONRC,https://www.onrc.ro,https://ecifre.ro/indicatori/firme-infiintate-judete-ro/braila,2026-09-01
Firme înființate pe județe,2019-08-01,92.0000,Număr,RO-BR,ONRC,https://www.onrc.ro,https://ecifre.ro/indicatori/firme-infiintate-judete-ro/braila,2026-09-01
Firme înființate pe județe,2019-09-01,97.0000,Număr,RO-BR,ONRC,https://www.onrc.ro,https://ecifre.ro/indicatori/firme-infiintate-judete-ro/braila,2026-09-01
Firme înființate pe județe,2019-10-01,109.0000,Număr,RO-BR,ONRC,https://www.onrc.ro,https://ecifre.ro/indicatori/firme-infiintate-judete-ro/braila,2026-09-01
Firme înființate pe județe,2019-11-01,118.0000,Număr,RO-BR,ONRC,https://www.onrc.ro,https://ecifre.ro/indicatori/firme-infiintate-judete-ro/braila,2026-09-01
Firme înființate pe județe,2019-12-01,72.0000,Număr,RO-BR,ONRC,https://www.onrc.ro,https://ecifre.ro/indicatori/firme-infiintate-judete-ro/braila,2026-09-01
Firme înființate pe județe,2020-01-01,137.0000,Număr,RO-BR,ONRC,https://www.onrc.ro,https://ecifre.ro/indicatori/firme-infiintate-judete-ro/braila,2026-09-01
Firme înființate pe județe,2020-02-01,139.0000,Număr,RO-BR,ONRC,https://www.onrc.ro,https://ecifre.ro/indicatori/firme-infiintate-judete-ro/braila,2026-09-01
Firme înființate pe județe,2020-03-01,49.0000,Număr,RO-BR,ONRC,https://www.onrc.ro,https://ecifre.ro/indicatori/firme-infiintate-judete-ro/braila,2026-09-01
Firme înființate pe județe,2020-04-01,42.0000,Număr,RO-BR,ONRC,https://www.onrc.ro,https://ecifre.ro/indicatori/firme-infiintate-judete-ro/braila,2026-09-01
Firme înființate pe județe,2020-05-01,110.0000,Număr,RO-BR,ONRC,https://www.onrc.ro,https://ecifre.ro/indicatori/firme-infiintate-judete-ro/braila,2026-09-01
Firme înființate pe județe,2020-06-01,127.0000,Număr,RO-BR,ONRC,https://www.onrc.ro,https://ecifre.ro/indicatori/firme-infiintate-judete-ro/braila,2026-09-01
Firme înființate pe județe,2020-07-01,131.0000,Număr,RO-BR,ONRC,https://www.onrc.ro,https://ecifre.ro/indicatori/firme-infiintate-judete-ro/braila,2026-09-01
Firme înființate pe județe,2020-08-01,99.0000,Număr,RO-BR,ONRC,https://www.onrc.ro,https://ecifre.ro/indicatori/firme-infiintate-judete-ro/braila,2026-09-01
Firme înființate pe județe,2020-09-01,128.0000,Număr,RO-BR,ONRC,https://www.onrc.ro,https://ecifre.ro/indicatori/firme-infiintate-judete-ro/braila,2026-09-01
Firme înființate pe județe,2020-10-01,130.0000,Număr,RO-BR,ONRC,https://www.onrc.ro,https://ecifre.ro/indicatori/firme-infiintate-judete-ro/braila,2026-09-01
Firme înființate pe județe,2020-11-01,124.0000,Număr,RO-BR,ONRC,https://www.onrc.ro,https://ecifre.ro/indicatori/firme-infiintate-judete-ro/braila,2026-09-01
Firme înființate pe județe,2020-12-01,101.0000,Număr,RO-BR,ONRC,https://www.onrc.ro,https://ecifre.ro/indicatori/firme-infiintate-judete-ro/braila,2026-09-01
Firme înființate pe județe,2021-02-01,143.0000,Număr,RO-BR,ONRC,https://www.onrc.ro,https://ecifre.ro/indicatori/firme-infiintate-judete-ro/braila,2026-09-01
Firme înființate pe județe,2021-03-01,175.0000,Număr,RO-BR,ONRC,https://www.onrc.ro,https://ecifre.ro/indicatori/firme-infiintate-judete-ro/braila,2026-09-01
Firme înființate pe județe,2021-04-01,131.0000,Număr,RO-BR,ONRC,https://www.onrc.ro,https://ecifre.ro/indicatori/firme-infiintate-judete-ro/braila,2026-09-01
Firme înființate pe județe,2021-05-01,107.0000,Număr,RO-BR,ONRC,https://www.onrc.ro,https://ecifre.ro/indicatori/firme-infiintate-judete-ro/braila,2026-09-01
Firme înființate pe județe,2021-06-01,108.0000,Număr,RO-BR,ONRC,https://www.onrc.ro,https://ecifre.ro/indicatori/firme-infiintate-judete-ro/braila,2026-09-01
Firme înființate pe județe,2021-07-01,116.0000,Număr,RO-BR,ONRC,https://www.onrc.ro,https://ecifre.ro/indicatori/firme-infiintate-judete-ro/braila,2026-09-01
Firme înființate pe județe,2021-08-01,138.0000,Număr,RO-BR,ONRC,https://www.onrc.ro,https://ecifre.ro/indicatori/firme-infiintate-judete-ro/braila,2026-09-01
Firme înființate pe județe,2021-09-01,124.0000,Număr,RO-BR,ONRC,https://www.onrc.ro,https://ecifre.ro/indicatori/firme-infiintate-judete-ro/braila,2026-09-01
Firme înființate pe județe,2021-10-01,93.0000,Număr,RO-BR,ONRC,https://www.onrc.ro,https://ecifre.ro/indicatori/firme-infiintate-judete-ro/braila,2026-09-01
Firme înființate pe județe,2021-11-01,99.0000,Număr,RO-BR,ONRC,https://www.onrc.ro,https://ecifre.ro/indicatori/firme-infiintate-judete-ro/braila,2026-09-01
Firme înființate pe județe,2021-12-01,98.0000,Număr,RO-BR,ONRC,https://www.onrc.ro,https://ecifre.ro/indicatori/firme-infiintate-judete-ro/braila,2026-09-01
Firme înființate pe județe,2022-02-01,124.0000,Număr,RO-BR,ONRC,https://www.onrc.ro,https://ecifre.ro/indicatori/firme-infiintate-judete-ro/braila,2026-09-01
Firme înființate pe județe,2022-03-01,106.0000,Număr,RO-BR,ONRC,https://www.onrc.ro,https://ecifre.ro/indicatori/firme-infiintate-judete-ro/braila,2026-09-01
Firme înființate pe județe,2022-04-01,100.0000,Număr,RO-BR,ONRC,https://www.onrc.ro,https://ecifre.ro/indicatori/firme-infiintate-judete-ro/braila,2026-09-01
Firme înființate pe județe,2022-05-01,153.0000,Număr,RO-BR,ONRC,https://www.onrc.ro,https://ecifre.ro/indicatori/firme-infiintate-judete-ro/braila,2026-09-01
Firme înființate pe județe,2022-07-01,111.0000,Număr,RO-BR,ONRC,https://www.onrc.ro,https://ecifre.ro/indicatori/firme-infiintate-judete-ro/braila,2026-09-01
Firme înființate pe județe,2022-08-01,147.0000,Număr,RO-BR,ONRC,https://www.onrc.ro,https://ecifre.ro/indicatori/firme-infiintate-judete-ro/braila,2026-09-01
Firme înființate pe județe,2022-09-01,126.0000,Număr,RO-BR,ONRC,https://www.onrc.ro,https://ecifre.ro/indicatori/firme-infiintate-judete-ro/braila,2026-09-01
Firme înființate pe județe,2022-10-01,113.0000,Număr,RO-BR,ONRC,https://www.onrc.ro,https://ecifre.ro/indicatori/firme-infiintate-judete-ro/braila,2026-09-01
Firme înființate pe județe,2022-11-01,105.0000,Număr,RO-BR,ONRC,https://www.onrc.ro,https://ecifre.ro/indicatori/firme-infiintate-judete-ro/braila,2026-09-01
Firme înființate pe județe,2022-12-01,99.0000,Număr,RO-BR,ONRC,https://www.onrc.ro,https://ecifre.ro/indicatori/firme-infiintate-judete-ro/braila,2026-09-01
Firme înființate pe județe,2023-02-01,160.0000,Număr,RO-BR,ONRC,https://www.onrc.ro,https://ecifre.ro/indicatori/firme-infiintate-judete-ro/braila,2026-09-01
Firme înființate pe județe,2023-03-01,118.0000,Număr,RO-BR,ONRC,https://www.onrc.ro,https://ecifre.ro/indicatori/firme-infiintate-judete-ro/braila,2026-09-01
Firme înființate pe județe,2023-04-01,109.0000,Număr,RO-BR,ONRC,https://www.onrc.ro,https://ecifre.ro/indicatori/firme-infiintate-judete-ro/braila,2026-09-01
Firme înființate pe județe,2023-05-01,133.0000,Număr,RO-BR,ONRC,https://www.onrc.ro,https://ecifre.ro/indicatori/firme-infiintate-judete-ro/braila,2026-09-01
Firme înființate pe județe,2023-06-01,99.0000,Număr,RO-BR,ONRC,https://www.onrc.ro,https://ecifre.ro/indicatori/firme-infiintate-judete-ro/braila,2026-09-01
Firme înființate pe județe,2023-07-01,95.0000,Număr,RO-BR,ONRC,https://www.onrc.ro,https://ecifre.ro/indicatori/firme-infiintate-judete-ro/braila,2026-09-01
Firme înființate pe județe,2023-08-01,108.0000,Număr,RO-BR,ONRC,https://www.onrc.ro,https://ecifre.ro/indicatori/firme-infiintate-judete-ro/braila,2026-09-01
Firme înființate pe județe,2023-09-01,108.0000,Număr,RO-BR,ONRC,https://www.onrc.ro,https://ecifre.ro/indicatori/firme-infiintate-judete-ro/braila,2026-09-01
Firme înființate pe județe,2023-10-01,133.0000,Număr,RO-BR,ONRC,https://www.onrc.ro,https://ecifre.ro/indicatori/firme-infiintate-judete-ro/braila,2026-09-01
Firme înființate pe județe,2023-11-01,116.0000,Număr,RO-BR,ONRC,https://www.onrc.ro,https://ecifre.ro/indicatori/firme-infiintate-judete-ro/braila,2026-09-01
Firme înființate pe județe,2023-12-01,79.0000,Număr,RO-BR,ONRC,https://www.onrc.ro,https://ecifre.ro/indicatori/firme-infiintate-judete-ro/braila,2026-09-01
Firme înființate pe județe,2024-02-01,110.0000,Număr,RO-BR,ONRC,https://www.onrc.ro,https://ecifre.ro/indicatori/firme-infiintate-judete-ro/braila,2026-09-01
Firme înființate pe județe,2024-03-01,105.0000,Număr,RO-BR,ONRC,https://www.onrc.ro,https://ecifre.ro/indicatori/firme-infiintate-judete-ro/braila,2026-09-01
Firme înființate pe județe,2024-04-01,79.0000,Număr,RO-BR,ONRC,https://www.onrc.ro,https://ecifre.ro/indicatori/firme-infiintate-judete-ro/braila,2026-09-01
Firme înființate pe județe,2024-05-01,73.0000,Număr,RO-BR,ONRC,https://www.onrc.ro,https://ecifre.ro/indicatori/firme-infiintate-judete-ro/braila,2026-09-01
Firme înființate pe județe,2024-06-01,80.0000,Număr,RO-BR,ONRC,https://www.onrc.ro,https://ecifre.ro/indicatori/firme-infiintate-judete-ro/braila,2026-09-01
Firme înființate pe județe,2024-07-01,59.0000,Număr,RO-BR,ONRC,https://www.onrc.ro,https://ecifre.ro/indicatori/firme-infiintate-judete-ro/braila,2026-09-01
Firme înființate pe județe,2024-08-01,82.0000,Număr,RO-BR,ONRC,https://www.onrc.ro,https://ecifre.ro/indicatori/firme-infiintate-judete-ro/braila,2026-09-01
Firme înființate pe județe,2024-09-01,73.0000,Număr,RO-BR,ONRC,https://www.onrc.ro,https://ecifre.ro/indicatori/firme-infiintate-judete-ro/braila,2026-09-01
Firme înființate pe județe,2024-10-01,159.0000,Număr,RO-BR,ONRC,https://www.onrc.ro,https://ecifre.ro/indicatori/firme-infiintate-judete-ro/braila,2026-09-01
Firme înființate pe județe,2024-11-01,96.0000,Număr,RO-BR,ONRC,https://www.onrc.ro,https://ecifre.ro/indicatori/firme-infiintate-judete-ro/braila,2026-09-01
Firme înființate pe județe,2024-12-01,51.0000,Număr,RO-BR,ONRC,https://www.onrc.ro,https://ecifre.ro/indicatori/firme-infiintate-judete-ro/braila,2026-09-01
Firme înființate pe județe,2025-01-01,87.0000,Număr,RO-BR,ONRC,https://www.onrc.ro,https://ecifre.ro/indicatori/firme-infiintate-judete-ro/braila,2026-09-01
Firme înființate pe județe,2025-02-01,131.0000,Număr,RO-BR,ONRC,https://www.onrc.ro,https://ecifre.ro/indicatori/firme-infiintate-judete-ro/braila,2026-09-01
Firme înființate pe județe,2025-03-01,127.0000,Număr,RO-BR,ONRC,https://www.onrc.ro,https://ecifre.ro/indicatori/firme-infiintate-judete-ro/braila,2026-09-01
Firme înființate pe județe,2025-04-01,105.0000,Număr,RO-BR,ONRC,https://www.onrc.ro,https://ecifre.ro/indicatori/firme-infiintate-judete-ro/braila,2026-09-01
Firme înființate pe județe,2025-05-01,119.0000,Număr,RO-BR,ONRC,https://www.onrc.ro,https://ecifre.ro/indicatori/firme-infiintate-judete-ro/braila,2026-09-01
Firme înființate pe județe,2025-06-01,130.0000,Număr,RO-BR,ONRC,https://www.onrc.ro,https://ecifre.ro/indicatori/firme-infiintate-judete-ro/braila,2026-09-01
Firme înființate pe județe,2025-07-01,127.0000,Număr,RO-BR,ONRC,https://www.onrc.ro,https://ecifre.ro/indicatori/firme-infiintate-judete-ro/braila,2026-09-01
Firme înființate pe județe,2025-08-01,129.0000,Număr,RO-BR,ONRC,https://www.onrc.ro,https://ecifre.ro/indicatori/firme-infiintate-judete-ro/braila,2026-09-01
Firme înființate pe județe,2025-09-01,165.0000,Număr,RO-BR,ONRC,https://www.onrc.ro,https://ecifre.ro/indicatori/firme-infiintate-judete-ro/braila,2026-09-01
Firme înființate pe județe,2025-10-01,139.0000,Număr,RO-BR,ONRC,https://www.onrc.ro,https://ecifre.ro/indicatori/firme-infiintate-judete-ro/braila,2026-09-01
Firme înființate pe județe,2025-11-01,156.0000,Număr,RO-BR,ONRC,https://www.onrc.ro,https://ecifre.ro/indicatori/firme-infiintate-judete-ro/braila,2026-09-01
Firme înființate pe județe,2025-12-01,117.0000,Număr,RO-BR,ONRC,https://www.onrc.ro,https://ecifre.ro/indicatori/firme-infiintate-judete-ro/braila,2026-09-01
Firme înființate pe județe,2026-01-01,108.0000,Număr,RO-BR,ONRC,https://www.onrc.ro,https://ecifre.ro/indicatori/firme-infiintate-judete-ro/braila,2026-09-01
Firme înființate pe județe,2026-02-01,133.0000,Număr,RO-BR,ONRC,https://www.onrc.ro,https://ecifre.ro/indicatori/firme-infiintate-judete-ro/braila,2026-09-01
Firme înființate pe județe,2026-03-01,170.0000,Număr,RO-BR,ONRC,https://www.onrc.ro,https://ecifre.ro/indicatori/firme-infiintate-judete-ro/braila,2026-09-01
Firme înființate pe județe,2026-04-01,147.0000,Număr,RO-BR,ONRC,https://www.onrc.ro,https://ecifre.ro/indicatori/firme-infiintate-judete-ro/braila,2026-09-01
Firme înființate pe județe,2026-05-01,129.0000,Număr,RO-BR,ONRC,https://www.onrc.ro,https://ecifre.ro/indicatori/firme-infiintate-judete-ro/braila,2026-09-01
Firme înființate pe județe,2026-06-01,98.0000,Număr,RO-BR,ONRC,https://www.onrc.ro,https://ecifre.ro/indicatori/firme-infiintate-judete-ro/braila,2026-09-01
Firme înființate pe județe,2026-07-01,101.0000,Număr,RO-BR,ONRC,https://www.onrc.ro,https://ecifre.ro/indicatori/firme-infiintate-judete-ro/braila,2026-09-01
Firme înființate pe județe,2014-01-01,1364.0000,Număr,RO-B,ONRC,https://www.onrc.ro,https://ecifre.ro/indicatori/firme-infiintate-judete-ro/bucuresti,2026-09-01
Firme înființate pe județe,2015-01-01,1410.0000,Număr,RO-B,ONRC,https://www.onrc.ro,https://ecifre.ro/indicatori/firme-infiintate-judete-ro/bucuresti,2026-09-01
Firme înființate pe județe,2016-01-01,1396.0000,Număr,RO-B,ONRC,https://www.onrc.ro,https://ecifre.ro/indicatori/firme-infiintate-judete-ro/bucuresti,2026-09-01
Firme înființate pe județe,2017-01-01,919.0000,Număr,RO-B,ONRC,https://www.onrc.ro,https://ecifre.ro/indicatori/firme-infiintate-judete-ro/bucuresti,2026-09-01
Firme înființate pe județe,2017-03-01,2131.0000,Număr,RO-B,ONRC,https://www.onrc.ro,https://ecifre.ro/indicatori/firme-infiintate-judete-ro/bucuresti,2026-09-01
Firme înființate pe județe,2017-04-01,1621.0000,Număr,RO-B,ONRC,https://www.onrc.ro,https://ecifre.ro/indicatori/firme-infiintate-judete-ro/bucuresti,2026-09-01
Firme înființate pe județe,2017-05-01,2382.0000,Număr,RO-B,ONRC,https://www.onrc.ro,https://ecifre.ro/indicatori/firme-infiintate-judete-ro/bucuresti,2026-09-01
Firme înființate pe județe,2017-06-01,2700.0000,Număr,RO-B,ONRC,https://www.onrc.ro,https://ecifre.ro/indicatori/firme-infiintate-judete-ro/bucuresti,2026-09-01
Firme înființate pe județe,2017-07-01,2805.0000,Număr,RO-B,ONRC,https://www.onrc.ro,https://ecifre.ro/indicatori/firme-infiintate-judete-ro/bucuresti,2026-09-01
Firme înființate pe județe,2017-08-01,1544.0000,Număr,RO-B,ONRC,https://www.onrc.ro,https://ecifre.ro/indicatori/firme-infiintate-judete-ro/bucuresti,2026-09-01
Firme înființate pe județe,2017-09-01,1669.0000,Număr,RO-B,ONRC,https://www.onrc.ro,https://ecifre.ro/indicatori/firme-infiintate-judete-ro/bucuresti,2026-09-01
Firme înființate pe județe,2017-10-01,1783.0000,Număr,RO-B,ONRC,https://www.onrc.ro,https://ecifre.ro/indicatori/firme-infiintate-judete-ro/bucuresti,2026-09-01
Firme înființate pe județe,2017-11-01,1717.0000,Număr,RO-B,ONRC,https://www.onrc.ro,https://ecifre.ro/indicatori/firme-infiintate-judete-ro/bucuresti,2026-09-01
Firme înființate pe județe,2017-12-01,1226.0000,Număr,RO-B,ONRC,https://www.onrc.ro,https://ecifre.ro/indicatori/firme-infiintate-judete-ro/bucuresti,2026-09-01
Firme înființate pe județe,2018-01-01,1455.0000,Număr,RO-B,ONRC,https://www.onrc.ro,https://ecifre.ro/indicatori/firme-infiintate-judete-ro/bucuresti,2026-09-01
Firme înființate pe județe,2018-02-01,1754.0000,Număr,RO-B,ONRC,https://www.onrc.ro,https://ecifre.ro/indicatori/firme-infiintate-judete-ro/bucuresti,2026-09-01
Firme înființate pe județe,2018-03-01,1725.0000,Număr,RO-B,ONRC,https://www.onrc.ro,https://ecifre.ro/indicatori/firme-infiintate-judete-ro/bucuresti,2026-09-01
Firme înființate pe județe,2018-04-01,1502.0000,Număr,RO-B,ONRC,https://www.onrc.ro,https://ecifre.ro/indicatori/firme-infiintate-judete-ro/bucuresti,2026-09-01
Firme înființate pe județe,2018-05-01,1947.0000,Număr,RO-B,ONRC,https://www.onrc.ro,https://ecifre.ro/indicatori/firme-infiintate-judete-ro/bucuresti,2026-09-01
Firme înființate pe județe,2018-06-01,1753.0000,Număr,RO-B,ONRC,https://www.onrc.ro,https://ecifre.ro/indicatori/firme-infiintate-judete-ro/bucuresti,2026-09-01
Firme înființate pe județe,2018-07-01,1750.0000,Număr,RO-B,ONRC,https://www.onrc.ro,https://ecifre.ro/indicatori/firme-infiintate-judete-ro/bucuresti,2026-09-01
Firme înființate pe județe,2018-08-01,1647.0000,Număr,RO-B,ONRC,https://www.onrc.ro,https://ecifre.ro/indicatori/firme-infiintate-judete-ro/bucuresti,2026-09-01
Firme înființate pe județe,2018-09-01,1618.0000,Număr,RO-B,ONRC,https://www.onrc.ro,https://ecifre.ro/indicatori/firme-infiintate-judete-ro/bucuresti,2026-09-01
Firme înființate pe județe,2018-10-01,1870.0000,Număr,RO-B,ONRC,https://www.onrc.ro,https://ecifre.ro/indicatori/firme-infiintate-judete-ro/bucuresti,2026-09-01
Firme înființate pe județe,2018-11-01,1577.0000,Număr,RO-B,ONRC,https://www.onrc.ro,https://ecifre.ro/indicatori/firme-infiintate-judete-ro/bucuresti,2026-09-01
Firme înființate pe județe,2018-12-01,1201.0000,Număr,RO-B,ONRC,https://www.onrc.ro,https://ecifre.ro/indicatori/firme-infiintate-judete-ro/bucuresti,2026-09-01
Firme înființate pe județe,2019-01-01,1397.0000,Număr,RO-B,ONRC,https://www.onrc.ro,https://ecifre.ro/indicatori/firme-infiintate-judete-ro/bucuresti,2026-09-01
Firme înființate pe județe,2019-02-01,1634.0000,Număr,RO-B,ONRC,https://www.onrc.ro,https://ecifre.ro/indicatori/firme-infiintate-judete-ro/bucuresti,2026-09-01
Firme înființate pe județe,2019-03-01,1613.0000,Număr,RO-B,ONRC,https://www.onrc.ro,https://ecifre.ro/indicatori/firme-infiintate-judete-ro/bucuresti,2026-09-01
Firme înființate pe județe,2019-04-01,1609.0000,Număr,RO-B,ONRC,https://www.onrc.ro,https://ecifre.ro/indicatori/firme-infiintate-judete-ro/bucuresti,2026-09-01
Firme înființate pe județe,2019-05-01,1421.0000,Număr,RO-B,ONRC,https://www.onrc.ro,https://ecifre.ro/indicatori/firme-infiintate-judete-ro/bucuresti,2026-09-01
Firme înființate pe județe,2019-06-01,1312.0000,Număr,RO-B,ONRC,https://www.onrc.ro,https://ecifre.ro/indicatori/firme-infiintate-judete-ro/bucuresti,2026-09-01
Firme înființate pe județe,2019-07-01,1614.0000,Număr,RO-B,ONRC,https://www.onrc.ro,https://ecifre.ro/indicatori/firme-infiintate-judete-ro/bucuresti,2026-09-01
Firme înființate pe județe,2019-08-01,1422.0000,Număr,RO-B,ONRC,https://www.onrc.ro,https://ecifre.ro/indicatori/firme-infiintate-judete-ro/bucuresti,2026-09-01
Firme înființate pe județe,2019-09-01,1520.0000,Număr,RO-B,ONRC,https://www.onrc.ro,https://ecifre.ro/indicatori/firme-infiintate-judete-ro/bucuresti,2026-09-01
Firme înființate pe județe,2019-10-01,1925.0000,Număr,RO-B,ONRC,https://www.onrc.ro,https://ecifre.ro/indicatori/firme-infiintate-judete-ro/bucuresti,2026-09-01
Firme înființate pe județe,2019-11-01,1598.0000,Număr,RO-B,ONRC,https://www.onrc.ro,https://ecifre.ro/indicatori/firme-infiintate-judete-ro/bucuresti,2026-09-01
Firme înființate pe județe,2019-12-01,1992.0000,Număr,RO-B,ONRC,https://www.onrc.ro,https://ecifre.ro/indicatori/firme-infiintate-judete-ro/bucuresti,2026-09-01
Firme înființate pe județe,2020-01-01,1596.0000,Număr,RO-B,ONRC,https://www.onrc.ro,https://ecifre.ro/indicatori/firme-infiintate-judete-ro/bucuresti,2026-09-01
Firme înființate pe județe,2020-02-01,1888.0000,Număr,RO-B,ONRC,https://www.onrc.ro,https://ecifre.ro/indicatori/firme-infiintate-judete-ro/bucuresti,2026-09-01
Firme înființate pe județe,2020-03-01,1063.0000,Număr,RO-B,ONRC,https://www.onrc.ro,https://ecifre.ro/indicatori/firme-infiintate-judete-ro/bucuresti,2026-09-01
Firme înființate pe județe,2020-04-01,464.0000,Număr,RO-B,ONRC,https://www.onrc.ro,https://ecifre.ro/indicatori/firme-infiintate-judete-ro/bucuresti,2026-09-01
Firme înființate pe județe,2020-05-01,1109.0000,Număr,RO-B,ONRC,https://www.onrc.ro,https://ecifre.ro/indicatori/firme-infiintate-judete-ro/bucuresti,2026-09-01
Firme înființate pe județe,2020-06-01,1647.0000,Număr,RO-B,ONRC,https://www.onrc.ro,https://ecifre.ro/indicatori/firme-infiintate-judete-ro/bucuresti,2026-09-01
Firme înființate pe județe,2020-07-01,2043.0000,Număr,RO-B,ONRC,https://www.onrc.ro,https://ecifre.ro/indicatori/firme-infiintate-judete-ro/bucuresti,2026-09-01
Firme înființate pe județe,2020-08-01,1757.0000,Număr,RO-B,ONRC,https://www.onrc.ro,https://ecifre.ro/indicatori/firme-infiintate-judete-ro/bucuresti,2026-09-01
Firme înființate pe județe,2020-09-01,1994.0000,Număr,RO-B,ONRC,https://www.onrc.ro,https://ecifre.ro/indicatori/firme-infiintate-judete-ro/bucuresti,2026-09-01
Firme înființate pe județe,2020-10-01,2062.0000,Număr,RO-B,ONRC,https://www.onrc.ro,https://ecifre.ro/indicatori/firme-infiintate-judete-ro/bucuresti,2026-09-01
Firme înființate pe județe,2020-11-01,1891.0000,Număr,RO-B,ONRC,https://www.onrc.ro,https://ecifre.ro/indicatori/firme-infiintate-judete-ro/bucuresti,2026-09-01
Firme înființate pe județe,2020-12-01,1582.0000,Număr,RO-B,ONRC,https://www.onrc.ro,https://ecifre.ro/indicatori/firme-infiintate-judete-ro/bucuresti,2026-09-01
Firme înființate pe județe,2021-02-01,2112.0000,Număr,RO-B,ONRC,https://www.onrc.ro,https://ecifre.ro/indicatori/firme-infiintate-judete-ro/bucuresti,2026-09-01
Firme înființate pe județe,2021-03-01,2442.0000,Număr,RO-B,ONRC,https://www.onrc.ro,https://ecifre.ro/indicatori/firme-infiintate-judete-ro/bucuresti,2026-09-01
Firme înființate pe județe,2021-04-01,2137.0000,Număr,RO-B,ONRC,https://www.onrc.ro,https://ecifre.ro/indicatori/firme-infiintate-judete-ro/bucuresti,2026-09-01
Firme înființate pe județe,2021-05-01,1697.0000,Număr,RO-B,ONRC,https://www.onrc.ro,https://ecifre.ro/indicatori/firme-infiintate-judete-ro/bucuresti,2026-09-01
Firme înființate pe județe,2021-06-01,1904.0000,Număr,RO-B,ONRC,https://www.onrc.ro,https://ecifre.ro/indicatori/firme-infiintate-judete-ro/bucuresti,2026-09-01
Firme înființate pe județe,2021-07-01,1882.0000,Număr,RO-B,ONRC,https://www.onrc.ro,https://ecifre.ro/indicatori/firme-infiintate-judete-ro/bucuresti,2026-09-01
Firme înființate pe județe,2021-08-01,1945.0000,Număr,RO-B,ONRC,https://www.onrc.ro,https://ecifre.ro/indicatori/firme-infiintate-judete-ro/bucuresti,2026-09-01
Firme înființate pe județe,2021-09-01,1984.0000,Număr,RO-B,ONRC,https://www.onrc.ro,https://ecifre.ro/indicatori/firme-infiintate-judete-ro/bucuresti,2026-09-01
Firme înființate pe județe,2021-10-01,2083.0000,Număr,RO-B,ONRC,https://www.onrc.ro,https://ecifre.ro/indicatori/firme-infiintate-judete-ro/bucuresti,2026-09-01
Firme înființate pe județe,2021-11-01,2240.0000,Număr,RO-B,ONRC,https://www.onrc.ro,https://ecifre.ro/indicatori/firme-infiintate-judete-ro/bucuresti,2026-09-01
Firme înființate pe județe,2021-12-01,1823.0000,Număr,RO-B,ONRC,https://www.onrc.ro,https://ecifre.ro/indicatori/firme-infiintate-judete-ro/bucuresti,2026-09-01
Firme înființate pe județe,2022-02-01,2443.0000,Număr,RO-B,ONRC,https://www.onrc.ro,https://ecifre.ro/indicatori/firme-infiintate-judete-ro/bucuresti,2026-09-01
Firme înființate pe județe,2022-03-01,2474.0000,Număr,RO-B,ONRC,https://www.onrc.ro,https://ecifre.ro/indicatori/firme-infiintate-judete-ro/bucuresti,2026-09-01
Firme înființate pe județe,2022-04-01,2123.0000,Număr,RO-B,ONRC,https://www.onrc.ro,https://ecifre.ro/indicatori/firme-infiintate-judete-ro/bucuresti,2026-09-01
Firme înființate pe județe,2022-05-01,2600.0000,Număr,RO-B,ONRC,https://www.onrc.ro,https://ecifre.ro/indicatori/firme-infiintate-judete-ro/bucuresti,2026-09-01
Firme înființate pe județe,2022-07-01,2473.0000,Număr,RO-B,ONRC,https://www.onrc.ro,https://ecifre.ro/indicatori/firme-infiintate-judete-ro/bucuresti,2026-09-01
Firme înființate pe județe,2022-08-01,3003.0000,Număr,RO-B,ONRC,https://www.onrc.ro,https://ecifre.ro/indicatori/firme-infiintate-judete-ro/bucuresti,2026-09-01
Firme înființate pe județe,2022-09-01,2889.0000,Număr,RO-B,ONRC,https://www.onrc.ro,https://ecifre.ro/indicatori/firme-infiintate-judete-ro/bucuresti,2026-09-01
Firme înființate pe județe,2022-10-01,2638.0000,Număr,RO-B,ONRC,https://www.onrc.ro,https://ecifre.ro/indicatori/firme-infiintate-judete-ro/bucuresti,2026-09-01
Firme înființate pe județe,2022-11-01,2343.0000,Număr,RO-B,ONRC,https://www.onrc.ro,https://ecifre.ro/indicatori/firme-infiintate-judete-ro/bucuresti,2026-09-01
Firme înființate pe județe,2022-12-01,1640.0000,Număr,RO-B,ONRC,https://www.onrc.ro,https://ecifre.ro/indicatori/firme-infiintate-judete-ro/bucuresti,2026-09-01
Firme înființate pe județe,2023-02-01,2943.0000,Număr,RO-B,ONRC,https://www.onrc.ro,https://ecifre.ro/indicatori/firme-infiintate-judete-ro/bucuresti,2026-09-01
Firme înființate pe județe,2023-03-01,2944.0000,Număr,RO-B,ONRC,https://www.onrc.ro,https://ecifre.ro/indicatori/firme-infiintate-judete-ro/bucuresti,2026-09-01
Firme înființate pe județe,2023-04-01,2183.0000,Număr,RO-B,ONRC,https://www.onrc.ro,https://ecifre.ro/indicatori/firme-infiintate-judete-ro/bucuresti,2026-09-01
Firme înființate pe județe,2023-05-01,2739.0000,Număr,RO-B,ONRC,https://www.onrc.ro,https://ecifre.ro/indicatori/firme-infiintate-judete-ro/bucuresti,2026-09-01
Firme înființate pe județe,2023-06-01,2427.0000,Număr,RO-B,ONRC,https://www.onrc.ro,https://ecifre.ro/indicatori/firme-infiintate-judete-ro/bucuresti,2026-09-01
Firme înființate pe județe,2023-07-01,2429.0000,Număr,RO-B,ONRC,https://www.onrc.ro,https://ecifre.ro/indicatori/firme-infiintate-judete-ro/bucuresti,2026-09-01
Firme înființate pe județe,2023-08-01,2598.0000,Număr,RO-B,ONRC,https://www.onrc.ro,https://ecifre.ro/indicatori/firme-infiintate-judete-ro/bucuresti,2026-09-01
Firme înființate pe județe,2023-09-01,2604.0000,Număr,RO-B,ONRC,https://www.onrc.ro,https://ecifre.ro/indicatori/firme-infiintate-judete-ro/bucuresti,2026-09-01
Firme înființate pe județe,2023-10-01,2932.0000,Număr,RO-B,ONRC,https://www.onrc.ro,https://ecifre.ro/indicatori/firme-infiintate-judete-ro/bucuresti,2026-09-01
Firme înființate pe județe,2023-11-01,2813.0000,Număr,RO-B,ONRC,https://www.onrc.ro,https://ecifre.ro/indicatori/firme-infiintate-judete-ro/bucuresti,2026-09-01
Firme înființate pe județe,2023-12-01,2148.0000,Număr,RO-B,ONRC,https://www.onrc.ro,https://ecifre.ro/indicatori/firme-infiintate-judete-ro/bucuresti,2026-09-01
Firme înființate pe județe,2024-02-01,3104.0000,Număr,RO-B,ONRC,https://www.onrc.ro,https://ecifre.ro/indicatori/firme-infiintate-judete-ro/bucuresti,2026-09-01
Firme înființate pe județe,2024-03-01,2968.0000,Număr,RO-B,ONRC,https://www.onrc.ro,https://ecifre.ro/indicatori/firme-infiintate-judete-ro/bucuresti,2026-09-01
Firme înființate pe județe,2024-04-01,2601.0000,Număr,RO-B,ONRC,https://www.onrc.ro,https://ecifre.ro/indicatori/firme-infiintate-judete-ro/bucuresti,2026-09-01
Firme înființate pe județe,2024-05-01,2229.0000,Număr,RO-B,ONRC,https://www.onrc.ro,https://ecifre.ro/indicatori/firme-infiintate-judete-ro/bucuresti,2026-09-01
Firme înființate pe județe,2024-06-01,2270.0000,Număr,RO-B,ONRC,https://www.onrc.ro,https://ecifre.ro/indicatori/firme-infiintate-judete-ro/bucuresti,2026-09-01
Firme înființate pe județe,2024-07-01,1810.0000,Număr,RO-B,ONRC,https://www.onrc.ro,https://ecifre.ro/indicatori/firme-infiintate-judete-ro/bucuresti,2026-09-01
Firme înființate pe județe,2024-08-01,1229.0000,Număr,RO-B,ONRC,https://www.onrc.ro,https://ecifre.ro/indicatori/firme-infiintate-judete-ro/bucuresti,2026-09-01
Firme înființate pe județe,2024-09-01,2236.0000,Număr,RO-B,ONRC,https://www.onrc.ro,https://ecifre.ro/indicatori/firme-infiintate-judete-ro/bucuresti,2026-09-01
Firme înființate pe județe,2024-10-01,2656.0000,Număr,RO-B,ONRC,https://www.onrc.ro,https://ecifre.ro/indicatori/firme-infiintate-judete-ro/bucuresti,2026-09-01
Firme înființate pe județe,2024-11-01,3773.0000,Număr,RO-B,ONRC,https://www.onrc.ro,https://ecifre.ro/indicatori/firme-infiintate-judete-ro/bucuresti,2026-09-01
Firme înființate pe județe,2024-12-01,2301.0000,Număr,RO-B,ONRC,https://www.onrc.ro,https://ecifre.ro/indicatori/firme-infiintate-judete-ro/bucuresti,2026-09-01
Firme înființate pe județe,2025-01-01,1748.0000,Număr,RO-B,ONRC,https://www.onrc.ro,https://ecifre.ro/indicatori/firme-infiintate-judete-ro/bucuresti,2026-09-01
Firme înființate pe județe,2025-02-01,2774.0000,Număr,RO-B,ONRC,https://www.onrc.ro,https://ecifre.ro/indicatori/firme-infiintate-judete-ro/bucuresti,2026-09-01
Firme înființate pe județe,2025-03-01,3064.0000,Număr,RO-B,ONRC,https://www.onrc.ro,https://ecifre.ro/indicatori/firme-infiintate-judete-ro/bucuresti,2026-09-01
Firme înființate pe județe,2025-04-01,2747.0000,Număr,RO-B,ONRC,https://www.onrc.ro,https://ecifre.ro/indicatori/firme-infiintate-judete-ro/bucuresti,2026-09-01
Firme înființate pe județe,2025-05-01,2919.0000,Număr,RO-B,ONRC,https://www.onrc.ro,https://ecifre.ro/indicatori/firme-infiintate-judete-ro/bucuresti,2026-09-01
Firme înființate pe județe,2025-06-01,2679.0000,Număr,RO-B,ONRC,https://www.onrc.ro,https://ecifre.ro/indicatori/firme-infiintate-judete-ro/bucuresti,2026-09-01
Firme înființate pe județe,2025-07-01,3170.0000,Număr,RO-B,ONRC,https://www.onrc.ro,https://ecifre.ro/indicatori/firme-infiintate-judete-ro/bucuresti,2026-09-01
Firme înființate pe județe,2025-08-01,2560.0000,Număr,RO-B,ONRC,https://www.onrc.ro,https://ecifre.ro/indicatori/firme-infiintate-judete-ro/bucuresti,2026-09-01
Firme înființate pe județe,2025-09-01,3366.0000,Număr,RO-B,ONRC,https://www.onrc.ro,https://ecifre.ro/indicatori/firme-infiintate-judete-ro/bucuresti,2026-09-01
Firme înființate pe județe,2025-10-01,3508.0000,Număr,RO-B,ONRC,https://www.onrc.ro,https://ecifre.ro/indicatori/firme-infiintate-judete-ro/bucuresti,2026-09-01
Firme înființate pe județe,2025-11-01,3233.0000,Număr,RO-B,ONRC,https://www.onrc.ro,https://ecifre.ro/indicatori/firme-infiintate-judete-ro/bucuresti,2026-09-01
Firme înființate pe județe,2025-12-01,2682.0000,Număr,RO-B,ONRC,https://www.onrc.ro,https://ecifre.ro/indicatori/firme-infiintate-judete-ro/bucuresti,2026-09-01
Firme înființate pe județe,2026-01-01,2706.0000,Număr,RO-B,ONRC,https://www.onrc.ro,https://ecifre.ro/indicatori/firme-infiintate-judete-ro/bucuresti,2026-09-01
Firme înființate pe județe,2026-02-01,2730.0000,Număr,RO-B,ONRC,https://www.onrc.ro,https://ecifre.ro/indicatori/firme-infiintate-judete-ro/bucuresti,2026-09-01
Firme înființate pe județe,2026-03-01,3576.0000,Număr,RO-B,ONRC,https://www.onrc.ro,https://ecifre.ro/indicatori/firme-infiintate-judete-ro/bucuresti,2026-09-01
Firme înființate pe județe,2026-04-01,2905.0000,Număr,RO-B,ONRC,https://www.onrc.ro,https://ecifre.ro/indicatori/firme-infiintate-judete-ro/bucuresti,2026-09-01
Firme înființate pe județe,2026-05-01,2910.0000,Număr,RO-B,ONRC,https://www.onrc.ro,https://ecifre.ro/indicatori/firme-infiintate-judete-ro/bucuresti,2026-09-01
Firme înființate pe județe,2026-06-01,2665.0000,Număr,RO-B,ONRC,https://www.onrc.ro,https://ecifre.ro/indicatori/firme-infiintate-judete-ro/bucuresti,2026-09-01
Firme înființate pe județe,2026-07-01,2784.0000,Număr,RO-B,ONRC,https://www.onrc.ro,https://ecifre.ro/indicatori/firme-infiintate-judete-ro/bucuresti,2026-09-01
Firme înființate pe județe,2014-01-01,113.0000,Număr,RO-BZ,ONRC,https://www.onrc.ro,https://ecifre.ro/indicatori/firme-infiintate-judete-ro/buzau,2026-09-01
Firme înființate pe județe,2015-01-01,147.0000,Număr,RO-BZ,ONRC,https://www.onrc.ro,https://ecifre.ro/indicatori/firme-infiintate-judete-ro/buzau,2026-09-01
Firme înființate pe județe,2016-01-01,162.0000,Număr,RO-BZ,ONRC,https://www.onrc.ro,https://ecifre.ro/indicatori/firme-infiintate-judete-ro/buzau,2026-09-01
Firme înființate pe județe,2017-01-01,94.0000,Număr,RO-BZ,ONRC,https://www.onrc.ro,https://ecifre.ro/indicatori/firme-infiintate-judete-ro/buzau,2026-09-01
Firme înființate pe județe,2017-03-01,286.0000,Număr,RO-BZ,ONRC,https://www.onrc.ro,https://ecifre.ro/indicatori/firme-infiintate-judete-ro/buzau,2026-09-01
Firme înființate pe județe,2017-04-01,209.0000,Număr,RO-BZ,ONRC,https://www.onrc.ro,https://ecifre.ro/indicatori/firme-infiintate-judete-ro/buzau,2026-09-01
Firme înființate pe județe,2017-05-01,236.0000,Număr,RO-BZ,ONRC,https://www.onrc.ro,https://ecifre.ro/indicatori/firme-infiintate-judete-ro/buzau,2026-09-01
Firme înființate pe județe,2017-06-01,212.0000,Număr,RO-BZ,ONRC,https://www.onrc.ro,https://ecifre.ro/indicatori/firme-infiintate-judete-ro/buzau,2026-09-01
Firme înființate pe județe,2017-07-01,199.0000,Număr,RO-BZ,ONRC,https://www.onrc.ro,https://ecifre.ro/indicatori/firme-infiintate-judete-ro/buzau,2026-09-01
Firme înființate pe județe,2017-08-01,146.0000,Număr,RO-BZ,ONRC,https://www.onrc.ro,https://ecifre.ro/indicatori/firme-infiintate-judete-ro/buzau,2026-09-01
Firme înființate pe județe,2017-09-01,126.0000,Număr,RO-BZ,ONRC,https://www.onrc.ro,https://ecifre.ro/indicatori/firme-infiintate-judete-ro/buzau,2026-09-01
Firme înființate pe județe,2017-10-01,137.0000,Număr,RO-BZ,ONRC,https://www.onrc.ro,https://ecifre.ro/indicatori/firme-infiintate-judete-ro/buzau,2026-09-01
Firme înființate pe județe,2017-11-01,128.0000,Număr,RO-BZ,ONRC,https://www.onrc.ro,https://ecifre.ro/indicatori/firme-infiintate-judete-ro/buzau,2026-09-01
Firme înființate pe județe,2017-12-01,77.0000,Număr,RO-BZ,ONRC,https://www.onrc.ro,https://ecifre.ro/indicatori/firme-infiintate-judete-ro/buzau,2026-09-01
Firme înființate pe județe,2018-01-01,153.0000,Număr,RO-BZ,ONRC,https://www.onrc.ro,https://ecifre.ro/indicatori/firme-infiintate-judete-ro/buzau,2026-09-01
Firme înființate pe județe,2018-02-01,188.0000,Număr,RO-BZ,ONRC,https://www.onrc.ro,https://ecifre.ro/indicatori/firme-infiintate-judete-ro/buzau,2026-09-01
Firme înființate pe județe,2018-03-01,189.0000,Număr,RO-BZ,ONRC,https://www.onrc.ro,https://ecifre.ro/indicatori/firme-infiintate-judete-ro/buzau,2026-09-01
Firme înființate pe județe,2018-04-01,175.0000,Număr,RO-BZ,ONRC,https://www.onrc.ro,https://ecifre.ro/indicatori/firme-infiintate-judete-ro/buzau,2026-09-01
Firme înființate pe județe,2018-05-01,186.0000,Număr,RO-BZ,ONRC,https://www.onrc.ro,https://ecifre.ro/indicatori/firme-infiintate-judete-ro/buzau,2026-09-01
Firme înființate pe județe,2018-06-01,148.0000,Număr,RO-BZ,ONRC,https://www.onrc.ro,https://ecifre.ro/indicatori/firme-infiintate-judete-ro/buzau,2026-09-01
Firme înființate pe județe,2018-07-01,166.0000,Număr,RO-BZ,ONRC,https://www.onrc.ro,https://ecifre.ro/indicatori/firme-infiintate-judete-ro/buzau,2026-09-01
Firme înființate pe județe,2018-08-01,159.0000,Număr,RO-BZ,ONRC,https://www.onrc.ro,https://ecifre.ro/indicatori/firme-infiintate-judete-ro/buzau,2026-09-01
Firme înființate pe județe,2018-09-01,139.0000,Număr,RO-BZ,ONRC,https://www.onrc.ro,https://ecifre.ro/indicatori/firme-infiintate-judete-ro/buzau,2026-09-01
Firme înființate pe județe,2018-10-01,197.0000,Număr,RO-BZ,ONRC,https://www.onrc.ro,https://ecifre.ro/indicatori/firme-infiintate-judete-ro/buzau,2026-09-01
Firme înființate pe județe,2018-11-01,203.0000,Număr,RO-BZ,ONRC,https://www.onrc.ro,https://ecifre.ro/indicatori/firme-infiintate-judete-ro/buzau,2026-09-01
Firme înființate pe județe,2018-12-01,197.0000,Număr,RO-BZ,ONRC,https://www.onrc.ro,https://ecifre.ro/indicatori/firme-infiintate-judete-ro/buzau,2026-09-01
Firme înființate pe județe,2019-01-01,259.0000,Număr,RO-BZ,ONRC,https://www.onrc.ro,https://ecifre.ro/indicatori/firme-infiintate-judete-ro/buzau,2026-09-01
Firme înființate pe județe,2019-02-01,221.0000,Număr,RO-BZ,ONRC,https://www.onrc.ro,https://ecifre.ro/indicatori/firme-infiintate-judete-ro/buzau,2026-09-01
Firme înființate pe județe,2019-03-01,185.0000,Număr,RO-BZ,ONRC,https://www.onrc.ro,https://ecifre.ro/indicatori/firme-infiintate-judete-ro/buzau,2026-09-01
Firme înființate pe județe,2019-04-01,229.0000,Număr,RO-BZ,ONRC,https://www.onrc.ro,https://ecifre.ro/indicatori/firme-infiintate-judete-ro/buzau,2026-09-01
Firme înființate pe județe,2019-05-01,253.0000,Număr,RO-BZ,ONRC,https://www.onrc.ro,https://ecifre.ro/indicatori/firme-infiintate-judete-ro/buzau,2026-09-01
Firme înființate pe județe,2019-06-01,143.0000,Număr,RO-BZ,ONRC,https://www.onrc.ro,https://ecifre.ro/indicatori/firme-infiintate-judete-ro/buzau,2026-09-01
Firme înființate pe județe,2019-07-01,164.0000,Număr,RO-BZ,ONRC,https://www.onrc.ro,https://ecifre.ro/indicatori/firme-infiintate-judete-ro/buzau,2026-09-01
Firme înființate pe județe,2019-08-01,129.0000,Număr,RO-BZ,ONRC,https://www.onrc.ro,https://ecifre.ro/indicatori/firme-infiintate-judete-ro/buzau,2026-09-01
Firme înființate pe județe,2019-09-01,132.0000,Număr,RO-BZ,ONRC,https://www.onrc.ro,https://ecifre.ro/indicatori/firme-infiintate-judete-ro/buzau,2026-09-01
Firme înființate pe județe,2019-10-01,132.0000,Număr,RO-BZ,ONRC,https://www.onrc.ro,https://ecifre.ro/indicatori/firme-infiintate-judete-ro/buzau,2026-09-01
Firme înființate pe județe,2019-11-01,117.0000,Număr,RO-BZ,ONRC,https://www.onrc.ro,https://ecifre.ro/indicatori/firme-infiintate-judete-ro/buzau,2026-09-01
Firme înființate pe județe,2019-12-01,125.0000,Număr,RO-BZ,ONRC,https://www.onrc.ro,https://ecifre.ro/indicatori/firme-infiintate-judete-ro/buzau,2026-09-01
Firme înființate pe județe,2020-01-01,146.0000,Număr,RO-BZ,ONRC,https://www.onrc.ro,https://ecifre.ro/indicatori/firme-infiintate-judete-ro/buzau,2026-09-01
Firme înființate pe județe,2020-02-01,168.0000,Număr,RO-BZ,ONRC,https://www.onrc.ro,https://ecifre.ro/indicatori/firme-infiintate-judete-ro/buzau,2026-09-01
Firme înființate pe județe,2020-03-01,64.0000,Număr,RO-BZ,ONRC,https://www.onrc.ro,https://ecifre.ro/indicatori/firme-infiintate-judete-ro/buzau,2026-09-01
Firme înființate pe județe,2020-04-01,40.0000,Număr,RO-BZ,ONRC,https://www.onrc.ro,https://ecifre.ro/indicatori/firme-infiintate-judete-ro/buzau,2026-09-01
Firme înființate pe județe,2020-05-01,166.0000,Număr,RO-BZ,ONRC,https://www.onrc.ro,https://ecifre.ro/indicatori/firme-infiintate-judete-ro/buzau,2026-09-01
Firme înființate pe județe,2020-06-01,322.0000,Număr,RO-BZ,ONRC,https://www.onrc.ro,https://ecifre.ro/indicatori/firme-infiintate-judete-ro/buzau,2026-09-01
Firme înființate pe județe,2020-07-01,218.0000,Număr,RO-BZ,ONRC,https://www.onrc.ro,https://ecifre.ro/indicatori/firme-infiintate-judete-ro/buzau,2026-09-01
Firme înființate pe județe,2020-08-01,148.0000,Număr,RO-BZ,ONRC,https://www.onrc.ro,https://ecifre.ro/indicatori/firme-infiintate-judete-ro/buzau,2026-09-01
Firme înființate pe județe,2020-09-01,128.0000,Număr,RO-BZ,ONRC,https://www.onrc.ro,https://ecifre.ro/indicatori/firme-infiintate-judete-ro/buzau,2026-09-01
Firme înființate pe județe,2020-10-01,195.0000,Număr,RO-BZ,ONRC,https://www.onrc.ro,https://ecifre.ro/indicatori/firme-infiintate-judete-ro/buzau,2026-09-01
Firme înființate pe județe,2020-11-01,143.0000,Număr,RO-BZ,ONRC,https://www.onrc.ro,https://ecifre.ro/indicatori/firme-infiintate-judete-ro/buzau,2026-09-01
Firme înființate pe județe,2020-12-01,136.0000,Număr,RO-BZ,ONRC,https://www.onrc.ro,https://ecifre.ro/indicatori/firme-infiintate-judete-ro/buzau,2026-09-01
Firme înființate pe județe,2021-02-01,229.0000,Număr,RO-BZ,ONRC,https://www.onrc.ro,https://ecifre.ro/indicatori/firme-infiintate-judete-ro/buzau,2026-09-01
Firme înființate pe județe,2021-03-01,226.0000,Număr,RO-BZ,ONRC,https://www.onrc.ro,https://ecifre.ro/indicatori/firme-infiintate-judete-ro/buzau,2026-09-01
Firme înființate pe județe,2021-04-01,196.0000,Număr,RO-BZ,ONRC,https://www.onrc.ro,https://ecifre.ro/indicatori/firme-infiintate-judete-ro/buzau,2026-09-01
Firme înființate pe județe,2021-05-01,194.0000,Număr,RO-BZ,ONRC,https://www.onrc.ro,https://ecifre.ro/indicatori/firme-infiintate-judete-ro/buzau,2026-09-01
Firme înființate pe județe,2021-06-01,199.0000,Număr,RO-BZ,ONRC,https://www.onrc.ro,https://ecifre.ro/indicatori/firme-infiintate-judete-ro/buzau,2026-09-01
Firme înființate pe județe,2021-07-01,164.0000,Număr,RO-BZ,ONRC,https://www.onrc.ro,https://ecifre.ro/indicatori/firme-infiintate-judete-ro/buzau,2026-09-01
Firme înființate pe județe,2021-08-01,240.0000,Număr,RO-BZ,ONRC,https://www.onrc.ro,https://ecifre.ro/indicatori/firme-infiintate-judete-ro/buzau,2026-09-01
Firme înființate pe județe,2021-09-01,210.0000,Număr,RO-BZ,ONRC,https://www.onrc.ro,https://ecifre.ro/indicatori/firme-infiintate-judete-ro/buzau,2026-09-01
Firme înființate pe județe,2021-10-01,167.0000,Număr,RO-BZ,ONRC,https://www.onrc.ro,https://ecifre.ro/indicatori/firme-infiintate-judete-ro/buzau,2026-09-01
Firme înființate pe județe,2021-11-01,126.0000,Număr,RO-BZ,ONRC,https://www.onrc.ro,https://ecifre.ro/indicatori/firme-infiintate-judete-ro/buzau,2026-09-01
Firme înființate pe județe,2021-12-01,98.0000,Număr,RO-BZ,ONRC,https://www.onrc.ro,https://ecifre.ro/indicatori/firme-infiintate-judete-ro/buzau,2026-09-01
Firme înființate pe județe,2022-02-01,201.0000,Număr,RO-BZ,ONRC,https://www.onrc.ro,https://ecifre.ro/indicatori/firme-infiintate-judete-ro/buzau,2026-09-01
Firme înființate pe județe,2022-03-01,186.0000,Număr,RO-BZ,ONRC,https://www.onrc.ro,https://ecifre.ro/indicatori/firme-infiintate-judete-ro/buzau,2026-09-01
Firme înființate pe județe,2022-04-01,168.0000,Număr,RO-BZ,ONRC,https://www.onrc.ro,https://ecifre.ro/indicatori/firme-infiintate-judete-ro/buzau,2026-09-01
Firme înființate pe județe,2022-05-01,212.0000,Număr,RO-BZ,ONRC,https://www.onrc.ro,https://ecifre.ro/indicatori/firme-infiintate-judete-ro/buzau,2026-09-01
Firme înființate pe județe,2022-07-01,197.0000,Număr,RO-BZ,ONRC,https://www.onrc.ro,https://ecifre.ro/indicatori/firme-infiintate-judete-ro/buzau,2026-09-01
Firme înființate pe județe,2022-08-01,222.0000,Număr,RO-BZ,ONRC,https://www.onrc.ro,https://ecifre.ro/indicatori/firme-infiintate-judete-ro/buzau,2026-09-01
Firme înființate pe județe,2022-09-01,225.0000,Număr,RO-BZ,ONRC,https://www.onrc.ro,https://ecifre.ro/indicatori/firme-infiintate-judete-ro/buzau,2026-09-01
Firme înființate pe județe,2022-10-01,163.0000,Număr,RO-BZ,ONRC,https://www.onrc.ro,https://ecifre.ro/indicatori/firme-infiintate-judete-ro/buzau,2026-09-01
Firme înființate pe județe,2022-11-01,181.0000,Număr,RO-BZ,ONRC,https://www.onrc.ro,https://ecifre.ro/indicatori/firme-infiintate-judete-ro/buzau,2026-09-01
Firme înființate pe județe,2022-12-01,141.0000,Număr,RO-BZ,ONRC,https://www.onrc.ro,https://ecifre.ro/indicatori/firme-infiintate-judete-ro/buzau,2026-09-01
Firme înființate pe județe,2023-02-01,162.0000,Număr,RO-BZ,ONRC,https://www.onrc.ro,https://ecifre.ro/indicatori/firme-infiintate-judete-ro/buzau,2026-09-01
Firme înființate pe județe,2023-03-01,173.0000,Număr,RO-BZ,ONRC,https://www.onrc.ro,https://ecifre.ro/indicatori/firme-infiintate-judete-ro/buzau,2026-09-01
Firme înființate pe județe,2023-04-01,124.0000,Număr,RO-BZ,ONRC,https://www.onrc.ro,https://ecifre.ro/indicatori/firme-infiintate-judete-ro/buzau,2026-09-01
Firme înființate pe județe,2023-05-01,166.0000,Număr,RO-BZ,ONRC,https://www.onrc.ro,https://ecifre.ro/indicatori/firme-infiintate-judete-ro/buzau,2026-09-01
Firme înființate pe județe,2023-06-01,149.0000,Număr,RO-BZ,ONRC,https://www.onrc.ro,https://ecifre.ro/indicatori/firme-infiintate-judete-ro/buzau,2026-09-01
Firme înființate pe județe,2023-07-01,141.0000,Număr,RO-BZ,ONRC,https://www.onrc.ro,https://ecifre.ro/indicatori/firme-infiintate-judete-ro/buzau,2026-09-01
Firme înființate pe județe,2023-08-01,151.0000,Număr,RO-BZ,ONRC,https://www.onrc.ro,https://ecifre.ro/indicatori/firme-infiintate-judete-ro/buzau,2026-09-01
Firme înființate pe județe,2023-09-01,135.0000,Număr,RO-BZ,ONRC,https://www.onrc.ro,https://ecifre.ro/indicatori/firme-infiintate-judete-ro/buzau,2026-09-01
Firme înființate pe județe,2023-10-01,161.0000,Număr,RO-BZ,ONRC,https://www.onrc.ro,https://ecifre.ro/indicatori/firme-infiintate-judete-ro/buzau,2026-09-01
Firme înființate pe județe,2023-11-01,138.0000,Număr,RO-BZ,ONRC,https://www.onrc.ro,https://ecifre.ro/indicatori/firme-infiintate-judete-ro/buzau,2026-09-01
Firme înființate pe județe,2023-12-01,114.0000,Număr,RO-BZ,ONRC,https://www.onrc.ro,https://ecifre.ro/indicatori/firme-infiintate-judete-ro/buzau,2026-09-01
Firme înființate pe județe,2024-02-01,183.0000,Număr,RO-BZ,ONRC,https://www.onrc.ro,https://ecifre.ro/indicatori/firme-infiintate-judete-ro/buzau,2026-09-01
Firme înființate pe județe,2024-03-01,145.0000,Număr,RO-BZ,ONRC,https://www.onrc.ro,https://ecifre.ro/indicatori/firme-infiintate-judete-ro/buzau,2026-09-01
Firme înființate pe județe,2024-04-01,153.0000,Număr,RO-BZ,ONRC,https://www.onrc.ro,https://ecifre.ro/indicatori/firme-infiintate-judete-ro/buzau,2026-09-01
Firme înființate pe județe,2024-05-01,132.0000,Număr,RO-BZ,ONRC,https://www.onrc.ro,https://ecifre.ro/indicatori/firme-infiintate-judete-ro/buzau,2026-09-01
Firme înființate pe județe,2024-06-01,131.0000,Număr,RO-BZ,ONRC,https://www.onrc.ro,https://ecifre.ro/indicatori/firme-infiintate-judete-ro/buzau,2026-09-01
Firme înființate pe județe,2024-07-01,91.0000,Număr,RO-BZ,ONRC,https://www.onrc.ro,https://ecifre.ro/indicatori/firme-infiintate-judete-ro/buzau,2026-09-01
Firme înființate pe județe,2024-08-01,57.0000,Număr,RO-BZ,ONRC,https://www.onrc.ro,https://ecifre.ro/indicatori/firme-infiintate-judete-ro/buzau,2026-09-01
Firme înființate pe județe,2024-09-01,124.0000,Număr,RO-BZ,ONRC,https://www.onrc.ro,https://ecifre.ro/indicatori/firme-infiintate-judete-ro/buzau,2026-09-01
Firme înființate pe județe,2024-10-01,196.0000,Număr,RO-BZ,ONRC,https://www.onrc.ro,https://ecifre.ro/indicatori/firme-infiintate-judete-ro/buzau,2026-09-01
Firme înființate pe județe,2024-11-01,126.0000,Număr,RO-BZ,ONRC,https://www.onrc.ro,https://ecifre.ro/indicatori/firme-infiintate-judete-ro/buzau,2026-09-01
Firme înființate pe județe,2024-12-01,95.0000,Număr,RO-BZ,ONRC,https://www.onrc.ro,https://ecifre.ro/indicatori/firme-infiintate-judete-ro/buzau,2026-09-01
Firme înființate pe județe,2025-01-01,120.0000,Număr,RO-BZ,ONRC,https://www.onrc.ro,https://ecifre.ro/indicatori/firme-infiintate-judete-ro/buzau,2026-09-01
Firme înființate pe județe,2025-02-01,170.0000,Număr,RO-BZ,ONRC,https://www.onrc.ro,https://ecifre.ro/indicatori/firme-infiintate-judete-ro/buzau,2026-09-01
Firme înființate pe județe,2025-03-01,140.0000,Număr,RO-BZ,ONRC,https://www.onrc.ro,https://ecifre.ro/indicatori/firme-infiintate-judete-ro/buzau,2026-09-01
Firme înființate pe județe,2025-04-01,146.0000,Număr,RO-BZ,ONRC,https://www.onrc.ro,https://ecifre.ro/indicatori/firme-infiintate-judete-ro/buzau,2026-09-01
Firme înființate pe județe,2025-05-01,155.0000,Număr,RO-BZ,ONRC,https://www.onrc.ro,https://ecifre.ro/indicatori/firme-infiintate-judete-ro/buzau,2026-09-01
Firme înființate pe județe,2025-06-01,143.0000,Număr,RO-BZ,ONRC,https://www.onrc.ro,https://ecifre.ro/indicatori/firme-infiintate-judete-ro/buzau,2026-09-01
Firme înființate pe județe,2025-07-01,189.0000,Număr,RO-BZ,ONRC,https://www.onrc.ro,https://ecifre.ro/indicatori/firme-infiintate-judete-ro/buzau,2026-09-01
Firme înființate pe județe,2025-08-01,170.0000,Număr,RO-BZ,ONRC,https://www.onrc.ro,https://ecifre.ro/indicatori/firme-infiintate-judete-ro/buzau,2026-09-01
Firme înființate pe județe,2025-09-01,209.0000,Număr,RO-BZ,ONRC,https://www.onrc.ro,https://ecifre.ro/indicatori/firme-infiintate-judete-ro/buzau,2026-09-01
Firme înființate pe județe,2025-10-01,219.0000,Număr,RO-BZ,ONRC,https://www.onrc.ro,https://ecifre.ro/indicatori/firme-infiintate-judete-ro/buzau,2026-09-01
Firme înființate pe județe,2025-11-01,199.0000,Număr,RO-BZ,ONRC,https://www.onrc.ro,https://ecifre.ro/indicatori/firme-infiintate-judete-ro/buzau,2026-09-01
Firme înființate pe județe,2025-12-01,149.0000,Număr,RO-BZ,ONRC,https://www.onrc.ro,https://ecifre.ro/indicatori/firme-infiintate-judete-ro/buzau,2026-09-01
Firme înființate pe județe,2026-01-01,139.0000,Număr,RO-BZ,ONRC,https://www.onrc.ro,https://ecifre.ro/indicatori/firme-infiintate-judete-ro/buzau,2026-09-01
Firme înființate pe județe,2026-02-01,194.0000,Număr,RO-BZ,ONRC,https://www.onrc.ro,https://ecifre.ro/indicatori/firme-infiintate-judete-ro/buzau,2026-09-01
Firme înființate pe județe,2026-03-01,198.0000,Număr,RO-BZ,ONRC,https://www.onrc.ro,https://ecifre.ro/indicatori/firme-infiintate-judete-ro/buzau,2026-09-01
Firme înființate pe județe,2026-04-01,203.0000,Număr,RO-BZ,ONRC,https://www.onrc.ro,https://ecifre.ro/indicatori/firme-infiintate-judete-ro/buzau,2026-09-01
Firme înființate pe județe,2026-05-01,191.0000,Număr,RO-BZ,ONRC,https://www.onrc.ro,https://ecifre.ro/indicatori/firme-infiintate-judete-ro/buzau,2026-09-01
Firme înființate pe județe,2026-06-01,171.0000,Număr,RO-BZ,ONRC,https://www.onrc.ro,https://ecifre.ro/indicatori/firme-infiintate-judete-ro/buzau,2026-09-01
Firme înființate pe județe,2026-07-01,129.0000,Număr,RO-BZ,ONRC,https://www.onrc.ro,https://ecifre.ro/indicatori/firme-infiintate-judete-ro/buzau,2026-09-01
Firme înființate pe județe,2014-01-01,79.0000,Număr,RO-CS,ONRC,https://www.onrc.ro,https://ecifre.ro/indicatori/firme-infiintate-judete-ro/caras-severin,2026-09-01
Firme înființate pe județe,2015-01-01,77.0000,Număr,RO-CS,ONRC,https://www.onrc.ro,https://ecifre.ro/indicatori/firme-infiintate-judete-ro/caras-severin,2026-09-01
Firme înființate pe județe,2016-01-01,86.0000,Număr,RO-CS,ONRC,https://www.onrc.ro,https://ecifre.ro/indicatori/firme-infiintate-judete-ro/caras-severin,2026-09-01
Firme înființate pe județe,2017-01-01,45.0000,Număr,RO-CS,ONRC,https://www.onrc.ro,https://ecifre.ro/indicatori/firme-infiintate-judete-ro/caras-severin,2026-09-01
Firme înființate pe județe,2017-03-01,172.0000,Număr,RO-CS,ONRC,https://www.onrc.ro,https://ecifre.ro/indicatori/firme-infiintate-judete-ro/caras-severin,2026-09-01
Firme înființate pe județe,2017-04-01,141.0000,Număr,RO-CS,ONRC,https://www.onrc.ro,https://ecifre.ro/indicatori/firme-infiintate-judete-ro/caras-severin,2026-09-01
Firme înființate pe județe,2017-05-01,239.0000,Număr,RO-CS,ONRC,https://www.onrc.ro,https://ecifre.ro/indicatori/firme-infiintate-judete-ro/caras-severin,2026-09-01
Firme înființate pe județe,2017-06-01,178.0000,Număr,RO-CS,ONRC,https://www.onrc.ro,https://ecifre.ro/indicatori/firme-infiintate-judete-ro/caras-severin,2026-09-01
Firme înființate pe județe,2017-07-01,137.0000,Număr,RO-CS,ONRC,https://www.onrc.ro,https://ecifre.ro/indicatori/firme-infiintate-judete-ro/caras-severin,2026-09-01
Firme înființate pe județe,2017-08-01,99.0000,Număr,RO-CS,ONRC,https://www.onrc.ro,https://ecifre.ro/indicatori/firme-infiintate-judete-ro/caras-severin,2026-09-01
Firme înființate pe județe,2017-09-01,70.0000,Număr,RO-CS,ONRC,https://www.onrc.ro,https://ecifre.ro/indicatori/firme-infiintate-judete-ro/caras-severin,2026-09-01
Firme înființate pe județe,2017-10-01,96.0000,Număr,RO-CS,ONRC,https://www.onrc.ro,https://ecifre.ro/indicatori/firme-infiintate-judete-ro/caras-severin,2026-09-01
Firme înființate pe județe,2017-11-01,83.0000,Număr,RO-CS,ONRC,https://www.onrc.ro,https://ecifre.ro/indicatori/firme-infiintate-judete-ro/caras-severin,2026-09-01
Firme înființate pe județe,2017-12-01,58.0000,Număr,RO-CS,ONRC,https://www.onrc.ro,https://ecifre.ro/indicatori/firme-infiintate-judete-ro/caras-severin,2026-09-01
Firme înființate pe județe,2018-01-01,124.0000,Număr,RO-CS,ONRC,https://www.onrc.ro,https://ecifre.ro/indicatori/firme-infiintate-judete-ro/caras-severin,2026-09-01
Firme înființate pe județe,2018-02-01,200.0000,Număr,RO-CS,ONRC,https://www.onrc.ro,https://ecifre.ro/indicatori/firme-infiintate-judete-ro/caras-severin,2026-09-01
Firme înființate pe județe,2018-03-01,269.0000,Număr,RO-CS,ONRC,https://www.onrc.ro,https://ecifre.ro/indicatori/firme-infiintate-judete-ro/caras-severin,2026-09-01
Firme înființate pe județe,2018-04-01,171.0000,Număr,RO-CS,ONRC,https://www.onrc.ro,https://ecifre.ro/indicatori/firme-infiintate-judete-ro/caras-severin,2026-09-01
Firme înființate pe județe,2018-05-01,145.0000,Număr,RO-CS,ONRC,https://www.onrc.ro,https://ecifre.ro/indicatori/firme-infiintate-judete-ro/caras-severin,2026-09-01
Firme înființate pe județe,2018-06-01,99.0000,Număr,RO-CS,ONRC,https://www.onrc.ro,https://ecifre.ro/indicatori/firme-infiintate-judete-ro/caras-severin,2026-09-01
Firme înființate pe județe,2018-07-01,100.0000,Număr,RO-CS,ONRC,https://www.onrc.ro,https://ecifre.ro/indicatori/firme-infiintate-judete-ro/caras-severin,2026-09-01
Firme înființate pe județe,2018-08-01,109.0000,Număr,RO-CS,ONRC,https://www.onrc.ro,https://ecifre.ro/indicatori/firme-infiintate-judete-ro/caras-severin,2026-09-01
Firme înființate pe județe,2018-09-01,75.0000,Număr,RO-CS,ONRC,https://www.onrc.ro,https://ecifre.ro/indicatori/firme-infiintate-judete-ro/caras-severin,2026-09-01
Firme înființate pe județe,2018-10-01,130.0000,Număr,RO-CS,ONRC,https://www.onrc.ro,https://ecifre.ro/indicatori/firme-infiintate-judete-ro/caras-severin,2026-09-01
Firme înființate pe județe,2018-11-01,155.0000,Număr,RO-CS,ONRC,https://www.onrc.ro,https://ecifre.ro/indicatori/firme-infiintate-judete-ro/caras-severin,2026-09-01
Firme înființate pe județe,2018-12-01,111.0000,Număr,RO-CS,ONRC,https://www.onrc.ro,https://ecifre.ro/indicatori/firme-infiintate-judete-ro/caras-severin,2026-09-01
Firme înființate pe județe,2019-01-01,146.0000,Număr,RO-CS,ONRC,https://www.onrc.ro,https://ecifre.ro/indicatori/firme-infiintate-judete-ro/caras-severin,2026-09-01
Firme înființate pe județe,2019-02-01,102.0000,Număr,RO-CS,ONRC,https://www.onrc.ro,https://ecifre.ro/indicatori/firme-infiintate-judete-ro/caras-severin,2026-09-01
Firme înființate pe județe,2019-03-01,170.0000,Număr,RO-CS,ONRC,https://www.onrc.ro,https://ecifre.ro/indicatori/firme-infiintate-judete-ro/caras-severin,2026-09-01
Firme înființate pe județe,2019-04-01,170.0000,Număr,RO-CS,ONRC,https://www.onrc.ro,https://ecifre.ro/indicatori/firme-infiintate-judete-ro/caras-severin,2026-09-01
Firme înființate pe județe,2019-05-01,118.0000,Număr,RO-CS,ONRC,https://www.onrc.ro,https://ecifre.ro/indicatori/firme-infiintate-judete-ro/caras-severin,2026-09-01
Firme înființate pe județe,2019-06-01,95.0000,Număr,RO-CS,ONRC,https://www.onrc.ro,https://ecifre.ro/indicatori/firme-infiintate-judete-ro/caras-severin,2026-09-01
Firme înființate pe județe,2019-07-01,116.0000,Număr,RO-CS,ONRC,https://www.onrc.ro,https://ecifre.ro/indicatori/firme-infiintate-judete-ro/caras-severin,2026-09-01
Firme înființate pe județe,2019-08-01,108.0000,Număr,RO-CS,ONRC,https://www.onrc.ro,https://ecifre.ro/indicatori/firme-infiintate-judete-ro/caras-severin,2026-09-01
Firme înființate pe județe,2019-09-01,99.0000,Număr,RO-CS,ONRC,https://www.onrc.ro,https://ecifre.ro/indicatori/firme-infiintate-judete-ro/caras-severin,2026-09-01
Firme înființate pe județe,2019-10-01,82.0000,Număr,RO-CS,ONRC,https://www.onrc.ro,https://ecifre.ro/indicatori/firme-infiintate-judete-ro/caras-severin,2026-09-01
Firme înființate pe județe,2019-11-01,75.0000,Număr,RO-CS,ONRC,https://www.onrc.ro,https://ecifre.ro/indicatori/firme-infiintate-judete-ro/caras-severin,2026-09-01
Firme înființate pe județe,2019-12-01,61.0000,Număr,RO-CS,ONRC,https://www.onrc.ro,https://ecifre.ro/indicatori/firme-infiintate-judete-ro/caras-severin,2026-09-01
Firme înființate pe județe,2020-01-01,80.0000,Număr,RO-CS,ONRC,https://www.onrc.ro,https://ecifre.ro/indicatori/firme-infiintate-judete-ro/caras-severin,2026-09-01
Firme înființate pe județe,2020-02-01,93.0000,Număr,RO-CS,ONRC,https://www.onrc.ro,https://ecifre.ro/indicatori/firme-infiintate-judete-ro/caras-severin,2026-09-01
Firme înființate pe județe,2020-03-01,53.0000,Număr,RO-CS,ONRC,https://www.onrc.ro,https://ecifre.ro/indicatori/firme-infiintate-judete-ro/caras-severin,2026-09-01
Firme înființate pe județe,2020-04-01,18.0000,Număr,RO-CS,ONRC,https://www.onrc.ro,https://ecifre.ro/indicatori/firme-infiintate-judete-ro/caras-severin,2026-09-01
Firme înființate pe județe,2020-05-01,88.0000,Număr,RO-CS,ONRC,https://www.onrc.ro,https://ecifre.ro/indicatori/firme-infiintate-judete-ro/caras-severin,2026-09-01
Firme înființate pe județe,2020-06-01,99.0000,Număr,RO-CS,ONRC,https://www.onrc.ro,https://ecifre.ro/indicatori/firme-infiintate-judete-ro/caras-severin,2026-09-01
Firme înființate pe județe,2020-07-01,105.0000,Număr,RO-CS,ONRC,https://www.onrc.ro,https://ecifre.ro/indicatori/firme-infiintate-judete-ro/caras-severin,2026-09-01
Firme înființate pe județe,2020-08-01,66.0000,Număr,RO-CS,ONRC,https://www.onrc.ro,https://ecifre.ro/indicatori/firme-infiintate-judete-ro/caras-severin,2026-09-01
Firme înființate pe județe,2020-09-01,84.0000,Număr,RO-CS,ONRC,https://www.onrc.ro,https://ecifre.ro/indicatori/firme-infiintate-judete-ro/caras-severin,2026-09-01
Firme înființate pe județe,2020-10-01,84.0000,Număr,RO-CS,ONRC,https://www.onrc.ro,https://ecifre.ro/indicatori/firme-infiintate-judete-ro/caras-severin,2026-09-01
Firme înființate pe județe,2020-11-01,64.0000,Număr,RO-CS,ONRC,https://www.onrc.ro,https://ecifre.ro/indicatori/firme-infiintate-judete-ro/caras-severin,2026-09-01
Firme înființate pe județe,2020-12-01,67.0000,Număr,RO-CS,ONRC,https://www.onrc.ro,https://ecifre.ro/indicatori/firme-infiintate-judete-ro/caras-severin,2026-09-01
Firme înființate pe județe,2021-02-01,104.0000,Număr,RO-CS,ONRC,https://www.onrc.ro,https://ecifre.ro/indicatori/firme-infiintate-judete-ro/caras-severin,2026-09-01
Firme înființate pe județe,2021-03-01,135.0000,Număr,RO-CS,ONRC,https://www.onrc.ro,https://ecifre.ro/indicatori/firme-infiintate-judete-ro/caras-severin,2026-09-01
Firme înființate pe județe,2021-04-01,118.0000,Număr,RO-CS,ONRC,https://www.onrc.ro,https://ecifre.ro/indicatori/firme-infiintate-judete-ro/caras-severin,2026-09-01
Firme înființate pe județe,2021-05-01,98.0000,Număr,RO-CS,ONRC,https://www.onrc.ro,https://ecifre.ro/indicatori/firme-infiintate-judete-ro/caras-severin,2026-09-01
Firme înființate pe județe,2021-06-01,118.0000,Număr,RO-CS,ONRC,https://www.onrc.ro,https://ecifre.ro/indicatori/firme-infiintate-judete-ro/caras-severin,2026-09-01
Firme înființate pe județe,2021-07-01,95.0000,Număr,RO-CS,ONRC,https://www.onrc.ro,https://ecifre.ro/indicatori/firme-infiintate-judete-ro/caras-severin,2026-09-01
Firme înființate pe județe,2021-08-01,112.0000,Număr,RO-CS,ONRC,https://www.onrc.ro,https://ecifre.ro/indicatori/firme-infiintate-judete-ro/caras-severin,2026-09-01
Firme înființate pe județe,2021-09-01,145.0000,Număr,RO-CS,ONRC,https://www.onrc.ro,https://ecifre.ro/indicatori/firme-infiintate-judete-ro/caras-severin,2026-09-01
Firme înființate pe județe,2021-10-01,123.0000,Număr,RO-CS,ONRC,https://www.onrc.ro,https://ecifre.ro/indicatori/firme-infiintate-judete-ro/caras-severin,2026-09-01
Firme înființate pe județe,2021-11-01,74.0000,Număr,RO-CS,ONRC,https://www.onrc.ro,https://ecifre.ro/indicatori/firme-infiintate-judete-ro/caras-severin,2026-09-01
Firme înființate pe județe,2021-12-01,63.0000,Număr,RO-CS,ONRC,https://www.onrc.ro,https://ecifre.ro/indicatori/firme-infiintate-judete-ro/caras-severin,2026-09-01
Firme înființate pe județe,2022-02-01,94.0000,Număr,RO-CS,ONRC,https://www.onrc.ro,https://ecifre.ro/indicatori/firme-infiintate-judete-ro/caras-severin,2026-09-01
Firme înființate pe județe,2022-03-01,119.0000,Număr,RO-CS,ONRC,https://www.onrc.ro,https://ecifre.ro/indicatori/firme-infiintate-judete-ro/caras-severin,2026-09-01
Firme înființate pe județe,2022-04-01,101.0000,Număr,RO-CS,ONRC,https://www.onrc.ro,https://ecifre.ro/indicatori/firme-infiintate-judete-ro/caras-severin,2026-09-01
Firme înființate pe județe,2022-05-01,121.0000,Număr,RO-CS,ONRC,https://www.onrc.ro,https://ecifre.ro/indicatori/firme-infiintate-judete-ro/caras-severin,2026-09-01
Firme înființate pe județe,2022-07-01,106.0000,Număr,RO-CS,ONRC,https://www.onrc.ro,https://ecifre.ro/indicatori/firme-infiintate-judete-ro/caras-severin,2026-09-01
Firme înființate pe județe,2022-08-01,131.0000,Număr,RO-CS,ONRC,https://www.onrc.ro,https://ecifre.ro/indicatori/firme-infiintate-judete-ro/caras-severin,2026-09-01
Firme înființate pe județe,2022-09-01,104.0000,Număr,RO-CS,ONRC,https://www.onrc.ro,https://ecifre.ro/indicatori/firme-infiintate-judete-ro/caras-severin,2026-09-01
Firme înființate pe județe,2022-10-01,92.0000,Număr,RO-CS,ONRC,https://www.onrc.ro,https://ecifre.ro/indicatori/firme-infiintate-judete-ro/caras-severin,2026-09-01
Firme înființate pe județe,2022-11-01,104.0000,Număr,RO-CS,ONRC,https://www.onrc.ro,https://ecifre.ro/indicatori/firme-infiintate-judete-ro/caras-severin,2026-09-01
Firme înființate pe județe,2022-12-01,70.0000,Număr,RO-CS,ONRC,https://www.onrc.ro,https://ecifre.ro/indicatori/firme-infiintate-judete-ro/caras-severin,2026-09-01
Firme înființate pe județe,2023-02-01,96.0000,Număr,RO-CS,ONRC,https://www.onrc.ro,https://ecifre.ro/indicatori/firme-infiintate-judete-ro/caras-severin,2026-09-01
Firme înființate pe județe,2023-03-01,123.0000,Număr,RO-CS,ONRC,https://www.onrc.ro,https://ecifre.ro/indicatori/firme-infiintate-judete-ro/caras-severin,2026-09-01
Firme înființate pe județe,2023-04-01,82.0000,Număr,RO-CS,ONRC,https://www.onrc.ro,https://ecifre.ro/indicatori/firme-infiintate-judete-ro/caras-severin,2026-09-01
Firme înființate pe județe,2023-05-01,119.0000,Număr,RO-CS,ONRC,https://www.onrc.ro,https://ecifre.ro/indicatori/firme-infiintate-judete-ro/caras-severin,2026-09-01
Firme înființate pe județe,2023-06-01,106.0000,Număr,RO-CS,ONRC,https://www.onrc.ro,https://ecifre.ro/indicatori/firme-infiintate-judete-ro/caras-severin,2026-09-01
Firme înființate pe județe,2023-07-01,97.0000,Număr,RO-CS,ONRC,https://www.onrc.ro,https://ecifre.ro/indicatori/firme-infiintate-judete-ro/caras-severin,2026-09-01
Firme înființate pe județe,2023-08-01,85.0000,Număr,RO-CS,ONRC,https://www.onrc.ro,https://ecifre.ro/indicatori/firme-infiintate-judete-ro/caras-severin,2026-09-01
Firme înființate pe județe,2023-09-01,104.0000,Număr,RO-CS,ONRC,https://www.onrc.ro,https://ecifre.ro/indicatori/firme-infiintate-judete-ro/caras-severin,2026-09-01
Firme înființate pe județe,2023-10-01,102.0000,Număr,RO-CS,ONRC,https://www.onrc.ro,https://ecifre.ro/indicatori/firme-infiintate-judete-ro/caras-severin,2026-09-01
Firme înființate pe județe,2023-11-01,72.0000,Număr,RO-CS,ONRC,https://www.onrc.ro,https://ecifre.ro/indicatori/firme-infiintate-judete-ro/caras-severin,2026-09-01
Firme înființate pe județe,2023-12-01,57.0000,Număr,RO-CS,ONRC,https://www.onrc.ro,https://ecifre.ro/indicatori/firme-infiintate-judete-ro/caras-severin,2026-09-01
Firme înființate pe județe,2024-02-01,89.0000,Număr,RO-CS,ONRC,https://www.onrc.ro,https://ecifre.ro/indicatori/firme-infiintate-judete-ro/caras-severin,2026-09-01
Firme înființate pe județe,2024-03-01,93.0000,Număr,RO-CS,ONRC,https://www.onrc.ro,https://ecifre.ro/indicatori/firme-infiintate-judete-ro/caras-severin,2026-09-01
Firme înființate pe județe,2024-04-01,76.0000,Număr,RO-CS,ONRC,https://www.onrc.ro,https://ecifre.ro/indicatori/firme-infiintate-judete-ro/caras-severin,2026-09-01
Firme înființate pe județe,2024-05-01,57.0000,Număr,RO-CS,ONRC,https://www.onrc.ro,https://ecifre.ro/indicatori/firme-infiintate-judete-ro/caras-severin,2026-09-01
Firme înființate pe județe,2024-06-01,73.0000,Număr,RO-CS,ONRC,https://www.onrc.ro,https://ecifre.ro/indicatori/firme-infiintate-judete-ro/caras-severin,2026-09-01
Firme înființate pe județe,2024-07-01,39.0000,Număr,RO-CS,ONRC,https://www.onrc.ro,https://ecifre.ro/indicatori/firme-infiintate-judete-ro/caras-severin,2026-09-01
Firme înființate pe județe,2024-08-01,49.0000,Număr,RO-CS,ONRC,https://www.onrc.ro,https://ecifre.ro/indicatori/firme-infiintate-judete-ro/caras-severin,2026-09-01
Firme înființate pe județe,2024-09-01,84.0000,Număr,RO-CS,ONRC,https://www.onrc.ro,https://ecifre.ro/indicatori/firme-infiintate-judete-ro/caras-severin,2026-09-01
Firme înființate pe județe,2024-10-01,98.0000,Număr,RO-CS,ONRC,https://www.onrc.ro,https://ecifre.ro/indicatori/firme-infiintate-judete-ro/caras-severin,2026-09-01
Firme înființate pe județe,2024-11-01,79.0000,Număr,RO-CS,ONRC,https://www.onrc.ro,https://ecifre.ro/indicatori/firme-infiintate-judete-ro/caras-severin,2026-09-01
Firme înființate pe județe,2024-12-01,44.0000,Număr,RO-CS,ONRC,https://www.onrc.ro,https://ecifre.ro/indicatori/firme-infiintate-judete-ro/caras-severin,2026-09-01
Firme înființate pe județe,2025-01-01,56.0000,Număr,RO-CS,ONRC,https://www.onrc.ro,https://ecifre.ro/indicatori/firme-infiintate-judete-ro/caras-severin,2026-09-01
Firme înființate pe județe,2025-02-01,77.0000,Număr,RO-CS,ONRC,https://www.onrc.ro,https://ecifre.ro/indicatori/firme-infiintate-judete-ro/caras-severin,2026-09-01
Firme înființate pe județe,2025-03-01,84.0000,Număr,RO-CS,ONRC,https://www.onrc.ro,https://ecifre.ro/indicatori/firme-infiintate-judete-ro/caras-severin,2026-09-01
Firme înființate pe județe,2025-04-01,105.0000,Număr,RO-CS,ONRC,https://www.onrc.ro,https://ecifre.ro/indicatori/firme-infiintate-judete-ro/caras-severin,2026-09-01
Firme înființate pe județe,2025-05-01,91.0000,Număr,RO-CS,ONRC,https://www.onrc.ro,https://ecifre.ro/indicatori/firme-infiintate-judete-ro/caras-severin,2026-09-01
Firme înființate pe județe,2025-06-01,69.0000,Număr,RO-CS,ONRC,https://www.onrc.ro,https://ecifre.ro/indicatori/firme-infiintate-judete-ro/caras-severin,2026-09-01
Firme înființate pe județe,2025-07-01,173.0000,Număr,RO-CS,ONRC,https://www.onrc.ro,https://ecifre.ro/indicatori/firme-infiintate-judete-ro/caras-severin,2026-09-01
Firme înființate pe județe,2025-08-01,121.0000,Număr,RO-CS,ONRC,https://www.onrc.ro,https://ecifre.ro/indicatori/firme-infiintate-judete-ro/caras-severin,2026-09-01
Firme înființate pe județe,2025-09-01,107.0000,Număr,RO-CS,ONRC,https://www.onrc.ro,https://ecifre.ro/indicatori/firme-infiintate-judete-ro/caras-severin,2026-09-01
Firme înființate pe județe,2025-10-01,133.0000,Număr,RO-CS,ONRC,https://www.onrc.ro,https://ecifre.ro/indicatori/firme-infiintate-judete-ro/caras-severin,2026-09-01
Firme înființate pe județe,2025-11-01,100.0000,Număr,RO-CS,ONRC,https://www.onrc.ro,https://ecifre.ro/indicatori/firme-infiintate-judete-ro/caras-severin,2026-09-01
Firme înființate pe județe,2025-12-01,62.0000,Număr,RO-CS,ONRC,https://www.onrc.ro,https://ecifre.ro/indicatori/firme-infiintate-judete-ro/caras-severin,2026-09-01
Firme înființate pe județe,2026-01-01,62.0000,Număr,RO-CS,ONRC,https://www.onrc.ro,https://ecifre.ro/indicatori/firme-infiintate-judete-ro/caras-severin,2026-09-01
Firme înființate pe județe,2026-02-01,96.0000,Număr,RO-CS,ONRC,https://www.onrc.ro,https://ecifre.ro/indicatori/firme-infiintate-judete-ro/caras-severin,2026-09-01
Firme înființate pe județe,2026-03-01,108.0000,Număr,RO-CS,ONRC,https://www.onrc.ro,https://ecifre.ro/indicatori/firme-infiintate-judete-ro/caras-severin,2026-09-01
Firme înființate pe județe,2026-04-01,76.0000,Număr,RO-CS,ONRC,https://www.onrc.ro,https://ecifre.ro/indicatori/firme-infiintate-judete-ro/caras-severin,2026-09-01
Firme înființate pe județe,2026-05-01,102.0000,Număr,RO-CS,ONRC,https://www.onrc.ro,https://ecifre.ro/indicatori/firme-infiintate-judete-ro/caras-severin,2026-09-01
Firme înființate pe județe,2026-06-01,79.0000,Număr,RO-CS,ONRC,https://www.onrc.ro,https://ecifre.ro/indicatori/firme-infiintate-judete-ro/caras-severin,2026-09-01
Firme înființate pe județe,2026-07-01,82.0000,Număr,RO-CS,ONRC,https://www.onrc.ro,https://ecifre.ro/indicatori/firme-infiintate-judete-ro/caras-severin,2026-09-01
Firme înființate pe județe,2014-01-01,444.0000,Număr,RO-CJ,ONRC,https://www.onrc.ro,https://ecifre.ro/indicatori/firme-infiintate-judete-ro/cluj,2026-09-01
Firme înființate pe județe,2015-01-01,455.0000,Număr,RO-CJ,ONRC,https://www.onrc.ro,https://ecifre.ro/indicatori/firme-infiintate-judete-ro/cluj,2026-09-01
Firme înființate pe județe,2016-01-01,466.0000,Număr,RO-CJ,ONRC,https://www.onrc.ro,https://ecifre.ro/indicatori/firme-infiintate-judete-ro/cluj,2026-09-01
Firme înființate pe județe,2017-01-01,308.0000,Număr,RO-CJ,ONRC,https://www.onrc.ro,https://ecifre.ro/indicatori/firme-infiintate-judete-ro/cluj,2026-09-01
Firme înființate pe județe,2017-03-01,748.0000,Număr,RO-CJ,ONRC,https://www.onrc.ro,https://ecifre.ro/indicatori/firme-infiintate-judete-ro/cluj,2026-09-01
Firme înființate pe județe,2017-04-01,904.0000,Număr,RO-CJ,ONRC,https://www.onrc.ro,https://ecifre.ro/indicatori/firme-infiintate-judete-ro/cluj,2026-09-01
Firme înființate pe județe,2017-05-01,1387.0000,Număr,RO-CJ,ONRC,https://www.onrc.ro,https://ecifre.ro/indicatori/firme-infiintate-judete-ro/cluj,2026-09-01
Firme înființate pe județe,2017-06-01,1165.0000,Număr,RO-CJ,ONRC,https://www.onrc.ro,https://ecifre.ro/indicatori/firme-infiintate-judete-ro/cluj,2026-09-01
Firme înființate pe județe,2017-07-01,949.0000,Număr,RO-CJ,ONRC,https://www.onrc.ro,https://ecifre.ro/indicatori/firme-infiintate-judete-ro/cluj,2026-09-01
Firme înființate pe județe,2017-08-01,449.0000,Număr,RO-CJ,ONRC,https://www.onrc.ro,https://ecifre.ro/indicatori/firme-infiintate-judete-ro/cluj,2026-09-01
Firme înființate pe județe,2017-09-01,493.0000,Număr,RO-CJ,ONRC,https://www.onrc.ro,https://ecifre.ro/indicatori/firme-infiintate-judete-ro/cluj,2026-09-01
Firme înființate pe județe,2017-10-01,568.0000,Număr,RO-CJ,ONRC,https://www.onrc.ro,https://ecifre.ro/indicatori/firme-infiintate-judete-ro/cluj,2026-09-01
Firme înființate pe județe,2017-11-01,527.0000,Număr,RO-CJ,ONRC,https://www.onrc.ro,https://ecifre.ro/indicatori/firme-infiintate-judete-ro/cluj,2026-09-01
Firme înființate pe județe,2017-12-01,401.0000,Număr,RO-CJ,ONRC,https://www.onrc.ro,https://ecifre.ro/indicatori/firme-infiintate-judete-ro/cluj,2026-09-01
Firme înființate pe județe,2018-01-01,491.0000,Număr,RO-CJ,ONRC,https://www.onrc.ro,https://ecifre.ro/indicatori/firme-infiintate-judete-ro/cluj,2026-09-01
Firme înființate pe județe,2018-02-01,654.0000,Număr,RO-CJ,ONRC,https://www.onrc.ro,https://ecifre.ro/indicatori/firme-infiintate-judete-ro/cluj,2026-09-01
Firme înființate pe județe,2018-03-01,708.0000,Număr,RO-CJ,ONRC,https://www.onrc.ro,https://ecifre.ro/indicatori/firme-infiintate-judete-ro/cluj,2026-09-01
Firme înființate pe județe,2018-04-01,710.0000,Număr,RO-CJ,ONRC,https://www.onrc.ro,https://ecifre.ro/indicatori/firme-infiintate-judete-ro/cluj,2026-09-01
Firme înființate pe județe,2018-05-01,816.0000,Număr,RO-CJ,ONRC,https://www.onrc.ro,https://ecifre.ro/indicatori/firme-infiintate-judete-ro/cluj,2026-09-01
Firme înființate pe județe,2018-06-01,632.0000,Număr,RO-CJ,ONRC,https://www.onrc.ro,https://ecifre.ro/indicatori/firme-infiintate-judete-ro/cluj,2026-09-01
Firme înființate pe județe,2018-07-01,693.0000,Număr,RO-CJ,ONRC,https://www.onrc.ro,https://ecifre.ro/indicatori/firme-infiintate-judete-ro/cluj,2026-09-01
Firme înființate pe județe,2018-08-01,605.0000,Număr,RO-CJ,ONRC,https://www.onrc.ro,https://ecifre.ro/indicatori/firme-infiintate-judete-ro/cluj,2026-09-01
Firme înființate pe județe,2018-09-01,643.0000,Număr,RO-CJ,ONRC,https://www.onrc.ro,https://ecifre.ro/indicatori/firme-infiintate-judete-ro/cluj,2026-09-01
Firme înființate pe județe,2018-10-01,674.0000,Număr,RO-CJ,ONRC,https://www.onrc.ro,https://ecifre.ro/indicatori/firme-infiintate-judete-ro/cluj,2026-09-01
Firme înființate pe județe,2018-11-01,487.0000,Număr,RO-CJ,ONRC,https://www.onrc.ro,https://ecifre.ro/indicatori/firme-infiintate-judete-ro/cluj,2026-09-01
Firme înființate pe județe,2018-12-01,312.0000,Număr,RO-CJ,ONRC,https://www.onrc.ro,https://ecifre.ro/indicatori/firme-infiintate-judete-ro/cluj,2026-09-01
Firme înființate pe județe,2019-01-01,526.0000,Număr,RO-CJ,ONRC,https://www.onrc.ro,https://ecifre.ro/indicatori/firme-infiintate-judete-ro/cluj,2026-09-01
Firme înființate pe județe,2019-02-01,600.0000,Număr,RO-CJ,ONRC,https://www.onrc.ro,https://ecifre.ro/indicatori/firme-infiintate-judete-ro/cluj,2026-09-01
Firme înființate pe județe,2019-03-01,718.0000,Număr,RO-CJ,ONRC,https://www.onrc.ro,https://ecifre.ro/indicatori/firme-infiintate-judete-ro/cluj,2026-09-01
Firme înființate pe județe,2019-04-01,673.0000,Număr,RO-CJ,ONRC,https://www.onrc.ro,https://ecifre.ro/indicatori/firme-infiintate-judete-ro/cluj,2026-09-01
Firme înființate pe județe,2019-05-01,556.0000,Număr,RO-CJ,ONRC,https://www.onrc.ro,https://ecifre.ro/indicatori/firme-infiintate-judete-ro/cluj,2026-09-01
Firme înființate pe județe,2019-06-01,513.0000,Număr,RO-CJ,ONRC,https://www.onrc.ro,https://ecifre.ro/indicatori/firme-infiintate-judete-ro/cluj,2026-09-01
Firme înființate pe județe,2019-07-01,484.0000,Număr,RO-CJ,ONRC,https://www.onrc.ro,https://ecifre.ro/indicatori/firme-infiintate-judete-ro/cluj,2026-09-01
Firme înființate pe județe,2019-08-01,489.0000,Număr,RO-CJ,ONRC,https://www.onrc.ro,https://ecifre.ro/indicatori/firme-infiintate-judete-ro/cluj,2026-09-01
Firme înființate pe județe,2019-09-01,484.0000,Număr,RO-CJ,ONRC,https://www.onrc.ro,https://ecifre.ro/indicatori/firme-infiintate-judete-ro/cluj,2026-09-01
Firme înființate pe județe,2019-10-01,602.0000,Număr,RO-CJ,ONRC,https://www.onrc.ro,https://ecifre.ro/indicatori/firme-infiintate-judete-ro/cluj,2026-09-01
Firme înființate pe județe,2019-11-01,466.0000,Număr,RO-CJ,ONRC,https://www.onrc.ro,https://ecifre.ro/indicatori/firme-infiintate-judete-ro/cluj,2026-09-01
Firme înființate pe județe,2019-12-01,426.0000,Număr,RO-CJ,ONRC,https://www.onrc.ro,https://ecifre.ro/indicatori/firme-infiintate-judete-ro/cluj,2026-09-01
Firme înființate pe județe,2020-01-01,489.0000,Număr,RO-CJ,ONRC,https://www.onrc.ro,https://ecifre.ro/indicatori/firme-infiintate-judete-ro/cluj,2026-09-01
Firme înființate pe județe,2020-02-01,651.0000,Număr,RO-CJ,ONRC,https://www.onrc.ro,https://ecifre.ro/indicatori/firme-infiintate-judete-ro/cluj,2026-09-01
Firme înființate pe județe,2020-03-01,298.0000,Număr,RO-CJ,ONRC,https://www.onrc.ro,https://ecifre.ro/indicatori/firme-infiintate-judete-ro/cluj,2026-09-01
Firme înființate pe județe,2020-04-01,122.0000,Număr,RO-CJ,ONRC,https://www.onrc.ro,https://ecifre.ro/indicatori/firme-infiintate-judete-ro/cluj,2026-09-01
Firme înființate pe județe,2020-05-01,385.0000,Număr,RO-CJ,ONRC,https://www.onrc.ro,https://ecifre.ro/indicatori/firme-infiintate-judete-ro/cluj,2026-09-01
Firme înființate pe județe,2020-06-01,599.0000,Număr,RO-CJ,ONRC,https://www.onrc.ro,https://ecifre.ro/indicatori/firme-infiintate-judete-ro/cluj,2026-09-01
Firme înființate pe județe,2020-07-01,572.0000,Număr,RO-CJ,ONRC,https://www.onrc.ro,https://ecifre.ro/indicatori/firme-infiintate-judete-ro/cluj,2026-09-01
Firme înființate pe județe,2020-08-01,536.0000,Număr,RO-CJ,ONRC,https://www.onrc.ro,https://ecifre.ro/indicatori/firme-infiintate-judete-ro/cluj,2026-09-01
Firme înființate pe județe,2020-09-01,549.0000,Număr,RO-CJ,ONRC,https://www.onrc.ro,https://ecifre.ro/indicatori/firme-infiintate-judete-ro/cluj,2026-09-01
Firme înființate pe județe,2020-10-01,594.0000,Număr,RO-CJ,ONRC,https://www.onrc.ro,https://ecifre.ro/indicatori/firme-infiintate-judete-ro/cluj,2026-09-01
Firme înființate pe județe,2020-11-01,505.0000,Număr,RO-CJ,ONRC,https://www.onrc.ro,https://ecifre.ro/indicatori/firme-infiintate-judete-ro/cluj,2026-09-01
Firme înființate pe județe,2020-12-01,484.0000,Număr,RO-CJ,ONRC,https://www.onrc.ro,https://ecifre.ro/indicatori/firme-infiintate-judete-ro/cluj,2026-09-01
Firme înființate pe județe,2021-02-01,738.0000,Număr,RO-CJ,ONRC,https://www.onrc.ro,https://ecifre.ro/indicatori/firme-infiintate-judete-ro/cluj,2026-09-01
Firme înființate pe județe,2021-03-01,900.0000,Număr,RO-CJ,ONRC,https://www.onrc.ro,https://ecifre.ro/indicatori/firme-infiintate-judete-ro/cluj,2026-09-01
Firme înființate pe județe,2021-04-01,855.0000,Număr,RO-CJ,ONRC,https://www.onrc.ro,https://ecifre.ro/indicatori/firme-infiintate-judete-ro/cluj,2026-09-01
Firme înființate pe județe,2021-05-01,651.0000,Număr,RO-CJ,ONRC,https://www.onrc.ro,https://ecifre.ro/indicatori/firme-infiintate-judete-ro/cluj,2026-09-01
Firme înființate pe județe,2021-06-01,743.0000,Număr,RO-CJ,ONRC,https://www.onrc.ro,https://ecifre.ro/indicatori/firme-infiintate-judete-ro/cluj,2026-09-01
Firme înființate pe județe,2021-07-01,723.0000,Număr,RO-CJ,ONRC,https://www.onrc.ro,https://ecifre.ro/indicatori/firme-infiintate-judete-ro/cluj,2026-09-01
Firme înființate pe județe,2021-08-01,661.0000,Număr,RO-CJ,ONRC,https://www.onrc.ro,https://ecifre.ro/indicatori/firme-infiintate-judete-ro/cluj,2026-09-01
Firme înființate pe județe,2021-09-01,718.0000,Număr,RO-CJ,ONRC,https://www.onrc.ro,https://ecifre.ro/indicatori/firme-infiintate-judete-ro/cluj,2026-09-01
Firme înființate pe județe,2021-10-01,803.0000,Număr,RO-CJ,ONRC,https://www.onrc.ro,https://ecifre.ro/indicatori/firme-infiintate-judete-ro/cluj,2026-09-01
Firme înființate pe județe,2021-11-01,644.0000,Număr,RO-CJ,ONRC,https://www.onrc.ro,https://ecifre.ro/indicatori/firme-infiintate-judete-ro/cluj,2026-09-01
Firme înființate pe județe,2021-12-01,583.0000,Număr,RO-CJ,ONRC,https://www.onrc.ro,https://ecifre.ro/indicatori/firme-infiintate-judete-ro/cluj,2026-09-01
Firme înființate pe județe,2022-02-01,736.0000,Număr,RO-CJ,ONRC,https://www.onrc.ro,https://ecifre.ro/indicatori/firme-infiintate-judete-ro/cluj,2026-09-01
Firme înființate pe județe,2022-03-01,753.0000,Număr,RO-CJ,ONRC,https://www.onrc.ro,https://ecifre.ro/indicatori/firme-infiintate-judete-ro/cluj,2026-09-01
Firme înființate pe județe,2022-04-01,722.0000,Număr,RO-CJ,ONRC,https://www.onrc.ro,https://ecifre.ro/indicatori/firme-infiintate-judete-ro/cluj,2026-09-01
Firme înființate pe județe,2022-05-01,1080.0000,Număr,RO-CJ,ONRC,https://www.onrc.ro,https://ecifre.ro/indicatori/firme-infiintate-judete-ro/cluj,2026-09-01
Firme înființate pe județe,2022-07-01,798.0000,Număr,RO-CJ,ONRC,https://www.onrc.ro,https://ecifre.ro/indicatori/firme-infiintate-judete-ro/cluj,2026-09-01
Firme înființate pe județe,2022-08-01,1011.0000,Număr,RO-CJ,ONRC,https://www.onrc.ro,https://ecifre.ro/indicatori/firme-infiintate-judete-ro/cluj,2026-09-01
Firme înființate pe județe,2022-09-01,834.0000,Număr,RO-CJ,ONRC,https://www.onrc.ro,https://ecifre.ro/indicatori/firme-infiintate-judete-ro/cluj,2026-09-01
Firme înființate pe județe,2022-10-01,691.0000,Număr,RO-CJ,ONRC,https://www.onrc.ro,https://ecifre.ro/indicatori/firme-infiintate-judete-ro/cluj,2026-09-01
Firme înființate pe județe,2022-11-01,588.0000,Număr,RO-CJ,ONRC,https://www.onrc.ro,https://ecifre.ro/indicatori/firme-infiintate-judete-ro/cluj,2026-09-01
Firme înființate pe județe,2022-12-01,448.0000,Număr,RO-CJ,ONRC,https://www.onrc.ro,https://ecifre.ro/indicatori/firme-infiintate-judete-ro/cluj,2026-09-01
Firme înființate pe județe,2023-02-01,716.0000,Număr,RO-CJ,ONRC,https://www.onrc.ro,https://ecifre.ro/indicatori/firme-infiintate-judete-ro/cluj,2026-09-01
Firme înființate pe județe,2023-03-01,787.0000,Număr,RO-CJ,ONRC,https://www.onrc.ro,https://ecifre.ro/indicatori/firme-infiintate-judete-ro/cluj,2026-09-01
Firme înființate pe județe,2023-04-01,647.0000,Număr,RO-CJ,ONRC,https://www.onrc.ro,https://ecifre.ro/indicatori/firme-infiintate-judete-ro/cluj,2026-09-01
Firme înființate pe județe,2023-05-01,849.0000,Număr,RO-CJ,ONRC,https://www.onrc.ro,https://ecifre.ro/indicatori/firme-infiintate-judete-ro/cluj,2026-09-01
Firme înființate pe județe,2023-06-01,617.0000,Număr,RO-CJ,ONRC,https://www.onrc.ro,https://ecifre.ro/indicatori/firme-infiintate-judete-ro/cluj,2026-09-01
Firme înființate pe județe,2023-07-01,585.0000,Număr,RO-CJ,ONRC,https://www.onrc.ro,https://ecifre.ro/indicatori/firme-infiintate-judete-ro/cluj,2026-09-01
Firme înființate pe județe,2023-08-01,510.0000,Număr,RO-CJ,ONRC,https://www.onrc.ro,https://ecifre.ro/indicatori/firme-infiintate-judete-ro/cluj,2026-09-01
Firme înființate pe județe,2023-09-01,551.0000,Număr,RO-CJ,ONRC,https://www.onrc.ro,https://ecifre.ro/indicatori/firme-infiintate-judete-ro/cluj,2026-09-01
Firme înființate pe județe,2023-10-01,690.0000,Număr,RO-CJ,ONRC,https://www.onrc.ro,https://ecifre.ro/indicatori/firme-infiintate-judete-ro/cluj,2026-09-01
Firme înființate pe județe,2023-11-01,833.0000,Număr,RO-CJ,ONRC,https://www.onrc.ro,https://ecifre.ro/indicatori/firme-infiintate-judete-ro/cluj,2026-09-01
Firme înființate pe județe,2023-12-01,527.0000,Număr,RO-CJ,ONRC,https://www.onrc.ro,https://ecifre.ro/indicatori/firme-infiintate-judete-ro/cluj,2026-09-01
Firme înființate pe județe,2024-02-01,626.0000,Număr,RO-CJ,ONRC,https://www.onrc.ro,https://ecifre.ro/indicatori/firme-infiintate-judete-ro/cluj,2026-09-01
Firme înființate pe județe,2024-03-01,606.0000,Număr,RO-CJ,ONRC,https://www.onrc.ro,https://ecifre.ro/indicatori/firme-infiintate-judete-ro/cluj,2026-09-01
Firme înființate pe județe,2024-04-01,566.0000,Număr,RO-CJ,ONRC,https://www.onrc.ro,https://ecifre.ro/indicatori/firme-infiintate-judete-ro/cluj,2026-09-01
Firme înființate pe județe,2024-05-01,507.0000,Număr,RO-CJ,ONRC,https://www.onrc.ro,https://ecifre.ro/indicatori/firme-infiintate-judete-ro/cluj,2026-09-01
Firme înființate pe județe,2024-06-01,449.0000,Număr,RO-CJ,ONRC,https://www.onrc.ro,https://ecifre.ro/indicatori/firme-infiintate-judete-ro/cluj,2026-09-01
Firme înființate pe județe,2024-07-01,321.0000,Număr,RO-CJ,ONRC,https://www.onrc.ro,https://ecifre.ro/indicatori/firme-infiintate-judete-ro/cluj,2026-09-01
Firme înființate pe județe,2024-08-01,226.0000,Număr,RO-CJ,ONRC,https://www.onrc.ro,https://ecifre.ro/indicatori/firme-infiintate-judete-ro/cluj,2026-09-01
Firme înființate pe județe,2024-09-01,450.0000,Număr,RO-CJ,ONRC,https://www.onrc.ro,https://ecifre.ro/indicatori/firme-infiintate-judete-ro/cluj,2026-09-01
Firme înființate pe județe,2024-10-01,740.0000,Număr,RO-CJ,ONRC,https://www.onrc.ro,https://ecifre.ro/indicatori/firme-infiintate-judete-ro/cluj,2026-09-01
Firme înființate pe județe,2024-11-01,600.0000,Număr,RO-CJ,ONRC,https://www.onrc.ro,https://ecifre.ro/indicatori/firme-infiintate-judete-ro/cluj,2026-09-01
Firme înființate pe județe,2024-12-01,414.0000,Număr,RO-CJ,ONRC,https://www.onrc.ro,https://ecifre.ro/indicatori/firme-infiintate-judete-ro/cluj,2026-09-01
Firme înființate pe județe,2025-01-01,412.0000,Număr,RO-CJ,ONRC,https://www.onrc.ro,https://ecifre.ro/indicatori/firme-infiintate-judete-ro/cluj,2026-09-01
Firme înființate pe județe,2025-02-01,591.0000,Număr,RO-CJ,ONRC,https://www.onrc.ro,https://ecifre.ro/indicatori/firme-infiintate-judete-ro/cluj,2026-09-01
Firme înființate pe județe,2025-03-01,656.0000,Număr,RO-CJ,ONRC,https://www.onrc.ro,https://ecifre.ro/indicatori/firme-infiintate-judete-ro/cluj,2026-09-01
Firme înființate pe județe,2025-04-01,540.0000,Număr,RO-CJ,ONRC,https://www.onrc.ro,https://ecifre.ro/indicatori/firme-infiintate-judete-ro/cluj,2026-09-01
Firme înființate pe județe,2025-05-01,601.0000,Număr,RO-CJ,ONRC,https://www.onrc.ro,https://ecifre.ro/indicatori/firme-infiintate-judete-ro/cluj,2026-09-01
Firme înființate pe județe,2025-06-01,568.0000,Număr,RO-CJ,ONRC,https://www.onrc.ro,https://ecifre.ro/indicatori/firme-infiintate-judete-ro/cluj,2026-09-01
Firme înființate pe județe,2025-07-01,659.0000,Număr,RO-CJ,ONRC,https://www.onrc.ro,https://ecifre.ro/indicatori/firme-infiintate-judete-ro/cluj,2026-09-01
Firme înființate pe județe,2025-08-01,570.0000,Număr,RO-CJ,ONRC,https://www.onrc.ro,https://ecifre.ro/indicatori/firme-infiintate-judete-ro/cluj,2026-09-01
Firme înființate pe județe,2025-09-01,742.0000,Număr,RO-CJ,ONRC,https://www.onrc.ro,https://ecifre.ro/indicatori/firme-infiintate-judete-ro/cluj,2026-09-01
Firme înființate pe județe,2025-10-01,831.0000,Număr,RO-CJ,ONRC,https://www.onrc.ro,https://ecifre.ro/indicatori/firme-infiintate-judete-ro/cluj,2026-09-01
Firme înființate pe județe,2025-11-01,799.0000,Număr,RO-CJ,ONRC,https://www.onrc.ro,https://ecifre.ro/indicatori/firme-infiintate-judete-ro/cluj,2026-09-01
Firme înființate pe județe,2025-12-01,682.0000,Număr,RO-CJ,ONRC,https://www.onrc.ro,https://ecifre.ro/indicatori/firme-infiintate-judete-ro/cluj,2026-09-01
Firme înființate pe județe,2026-01-01,557.0000,Număr,RO-CJ,ONRC,https://www.onrc.ro,https://ecifre.ro/indicatori/firme-infiintate-judete-ro/cluj,2026-09-01
Firme înființate pe județe,2026-02-01,640.0000,Număr,RO-CJ,ONRC,https://www.onrc.ro,https://ecifre.ro/indicatori/firme-infiintate-judete-ro/cluj,2026-09-01
Firme înființate pe județe,2026-03-01,705.0000,Număr,RO-CJ,ONRC,https://www.onrc.ro,https://ecifre.ro/indicatori/firme-infiintate-judete-ro/cluj,2026-09-01
Firme înființate pe județe,2026-04-01,621.0000,Număr,RO-CJ,ONRC,https://www.onrc.ro,https://ecifre.ro/indicatori/firme-infiintate-judete-ro/cluj,2026-09-01
Firme înființate pe județe,2026-05-01,602.0000,Număr,RO-CJ,ONRC,https://www.onrc.ro,https://ecifre.ro/indicatori/firme-infiintate-judete-ro/cluj,2026-09-01
Firme înființate pe județe,2026-06-01,564.0000,Număr,RO-CJ,ONRC,https://www.onrc.ro,https://ecifre.ro/indicatori/firme-infiintate-judete-ro/cluj,2026-09-01
Firme înființate pe județe,2026-07-01,577.0000,Număr,RO-CJ,ONRC,https://www.onrc.ro,https://ecifre.ro/indicatori/firme-infiintate-judete-ro/cluj,2026-09-01
Firme înființate pe județe,2014-01-01,299.0000,Număr,RO-CT,ONRC,https://www.onrc.ro,https://ecifre.ro/indicatori/firme-infiintate-judete-ro/constanta,2026-09-01
Firme înființate pe județe,2015-01-01,270.0000,Număr,RO-CT,ONRC,https://www.onrc.ro,https://ecifre.ro/indicatori/firme-infiintate-judete-ro/constanta,2026-09-01
Firme înființate pe județe,2016-01-01,277.0000,Număr,RO-CT,ONRC,https://www.onrc.ro,https://ecifre.ro/indicatori/firme-infiintate-judete-ro/constanta,2026-09-01
Firme înființate pe județe,2017-01-01,165.0000,Număr,RO-CT,ONRC,https://www.onrc.ro,https://ecifre.ro/indicatori/firme-infiintate-judete-ro/constanta,2026-09-01
Firme înființate pe județe,2017-03-01,601.0000,Număr,RO-CT,ONRC,https://www.onrc.ro,https://ecifre.ro/indicatori/firme-infiintate-judete-ro/constanta,2026-09-01
Firme înființate pe județe,2017-04-01,420.0000,Număr,RO-CT,ONRC,https://www.onrc.ro,https://ecifre.ro/indicatori/firme-infiintate-judete-ro/constanta,2026-09-01
Firme înființate pe județe,2017-05-01,619.0000,Număr,RO-CT,ONRC,https://www.onrc.ro,https://ecifre.ro/indicatori/firme-infiintate-judete-ro/constanta,2026-09-01
Firme înființate pe județe,2017-06-01,599.0000,Număr,RO-CT,ONRC,https://www.onrc.ro,https://ecifre.ro/indicatori/firme-infiintate-judete-ro/constanta,2026-09-01
Firme înființate pe județe,2017-07-01,561.0000,Număr,RO-CT,ONRC,https://www.onrc.ro,https://ecifre.ro/indicatori/firme-infiintate-judete-ro/constanta,2026-09-01
Firme înființate pe județe,2017-08-01,317.0000,Număr,RO-CT,ONRC,https://www.onrc.ro,https://ecifre.ro/indicatori/firme-infiintate-judete-ro/constanta,2026-09-01
Firme înființate pe județe,2017-09-01,352.0000,Număr,RO-CT,ONRC,https://www.onrc.ro,https://ecifre.ro/indicatori/firme-infiintate-judete-ro/constanta,2026-09-01
Firme înființate pe județe,2017-10-01,342.0000,Număr,RO-CT,ONRC,https://www.onrc.ro,https://ecifre.ro/indicatori/firme-infiintate-judete-ro/constanta,2026-09-01
Firme înființate pe județe,2017-11-01,291.0000,Număr,RO-CT,ONRC,https://www.onrc.ro,https://ecifre.ro/indicatori/firme-infiintate-judete-ro/constanta,2026-09-01
Firme înființate pe județe,2017-12-01,213.0000,Număr,RO-CT,ONRC,https://www.onrc.ro,https://ecifre.ro/indicatori/firme-infiintate-judete-ro/constanta,2026-09-01
Firme înființate pe județe,2018-01-01,324.0000,Număr,RO-CT,ONRC,https://www.onrc.ro,https://ecifre.ro/indicatori/firme-infiintate-judete-ro/constanta,2026-09-01
Firme înființate pe județe,2018-02-01,413.0000,Număr,RO-CT,ONRC,https://www.onrc.ro,https://ecifre.ro/indicatori/firme-infiintate-judete-ro/constanta,2026-09-01
Firme înființate pe județe,2018-03-01,457.0000,Număr,RO-CT,ONRC,https://www.onrc.ro,https://ecifre.ro/indicatori/firme-infiintate-judete-ro/constanta,2026-09-01
Firme înființate pe județe,2018-04-01,409.0000,Număr,RO-CT,ONRC,https://www.onrc.ro,https://ecifre.ro/indicatori/firme-infiintate-judete-ro/constanta,2026-09-01
Firme înființate pe județe,2018-05-01,471.0000,Număr,RO-CT,ONRC,https://www.onrc.ro,https://ecifre.ro/indicatori/firme-infiintate-judete-ro/constanta,2026-09-01
Firme înființate pe județe,2018-06-01,426.0000,Număr,RO-CT,ONRC,https://www.onrc.ro,https://ecifre.ro/indicatori/firme-infiintate-judete-ro/constanta,2026-09-01
Firme înființate pe județe,2018-07-01,392.0000,Număr,RO-CT,ONRC,https://www.onrc.ro,https://ecifre.ro/indicatori/firme-infiintate-judete-ro/constanta,2026-09-01
Firme înființate pe județe,2018-08-01,334.0000,Număr,RO-CT,ONRC,https://www.onrc.ro,https://ecifre.ro/indicatori/firme-infiintate-judete-ro/constanta,2026-09-01
Firme înființate pe județe,2018-09-01,295.0000,Număr,RO-CT,ONRC,https://www.onrc.ro,https://ecifre.ro/indicatori/firme-infiintate-judete-ro/constanta,2026-09-01
Firme înființate pe județe,2018-10-01,437.0000,Număr,RO-CT,ONRC,https://www.onrc.ro,https://ecifre.ro/indicatori/firme-infiintate-judete-ro/constanta,2026-09-01
Firme înființate pe județe,2018-11-01,499.0000,Număr,RO-CT,ONRC,https://www.onrc.ro,https://ecifre.ro/indicatori/firme-infiintate-judete-ro/constanta,2026-09-01
Firme înființate pe județe,2018-12-01,397.0000,Număr,RO-CT,ONRC,https://www.onrc.ro,https://ecifre.ro/indicatori/firme-infiintate-judete-ro/constanta,2026-09-01
Firme înființate pe județe,2019-01-01,579.0000,Număr,RO-CT,ONRC,https://www.onrc.ro,https://ecifre.ro/indicatori/firme-infiintate-judete-ro/constanta,2026-09-01
Firme înființate pe județe,2019-02-01,518.0000,Număr,RO-CT,ONRC,https://www.onrc.ro,https://ecifre.ro/indicatori/firme-infiintate-judete-ro/constanta,2026-09-01
Firme înființate pe județe,2019-03-01,504.0000,Număr,RO-CT,ONRC,https://www.onrc.ro,https://ecifre.ro/indicatori/firme-infiintate-judete-ro/constanta,2026-09-01
Firme înființate pe județe,2019-04-01,497.0000,Număr,RO-CT,ONRC,https://www.onrc.ro,https://ecifre.ro/indicatori/firme-infiintate-judete-ro/constanta,2026-09-01
Firme înființate pe județe,2019-05-01,427.0000,Număr,RO-CT,ONRC,https://www.onrc.ro,https://ecifre.ro/indicatori/firme-infiintate-judete-ro/constanta,2026-09-01
Firme înființate pe județe,2019-06-01,419.0000,Număr,RO-CT,ONRC,https://www.onrc.ro,https://ecifre.ro/indicatori/firme-infiintate-judete-ro/constanta,2026-09-01
Firme înființate pe județe,2019-07-01,390.0000,Număr,RO-CT,ONRC,https://www.onrc.ro,https://ecifre.ro/indicatori/firme-infiintate-judete-ro/constanta,2026-09-01
Firme înființate pe județe,2019-08-01,314.0000,Număr,RO-CT,ONRC,https://www.onrc.ro,https://ecifre.ro/indicatori/firme-infiintate-judete-ro/constanta,2026-09-01
Firme înființate pe județe,2019-09-01,324.0000,Număr,RO-CT,ONRC,https://www.onrc.ro,https://ecifre.ro/indicatori/firme-infiintate-judete-ro/constanta,2026-09-01
Firme înființate pe județe,2019-10-01,344.0000,Număr,RO-CT,ONRC,https://www.onrc.ro,https://ecifre.ro/indicatori/firme-infiintate-judete-ro/constanta,2026-09-01
Firme înființate pe județe,2019-11-01,266.0000,Număr,RO-CT,ONRC,https://www.onrc.ro,https://ecifre.ro/indicatori/firme-infiintate-judete-ro/constanta,2026-09-01
Firme înființate pe județe,2019-12-01,304.0000,Număr,RO-CT,ONRC,https://www.onrc.ro,https://ecifre.ro/indicatori/firme-infiintate-judete-ro/constanta,2026-09-01
Firme înființate pe județe,2020-01-01,383.0000,Număr,RO-CT,ONRC,https://www.onrc.ro,https://ecifre.ro/indicatori/firme-infiintate-judete-ro/constanta,2026-09-01
Firme înființate pe județe,2020-02-01,416.0000,Număr,RO-CT,ONRC,https://www.onrc.ro,https://ecifre.ro/indicatori/firme-infiintate-judete-ro/constanta,2026-09-01
Firme înființate pe județe,2020-03-01,252.0000,Număr,RO-CT,ONRC,https://www.onrc.ro,https://ecifre.ro/indicatori/firme-infiintate-judete-ro/constanta,2026-09-01
Firme înființate pe județe,2020-04-01,118.0000,Număr,RO-CT,ONRC,https://www.onrc.ro,https://ecifre.ro/indicatori/firme-infiintate-judete-ro/constanta,2026-09-01
Firme înființate pe județe,2020-05-01,273.0000,Număr,RO-CT,ONRC,https://www.onrc.ro,https://ecifre.ro/indicatori/firme-infiintate-judete-ro/constanta,2026-09-01
Firme înființate pe județe,2020-06-01,446.0000,Număr,RO-CT,ONRC,https://www.onrc.ro,https://ecifre.ro/indicatori/firme-infiintate-judete-ro/constanta,2026-09-01
Firme înființate pe județe,2020-07-01,383.0000,Număr,RO-CT,ONRC,https://www.onrc.ro,https://ecifre.ro/indicatori/firme-infiintate-judete-ro/constanta,2026-09-01
Firme înființate pe județe,2020-08-01,353.0000,Număr,RO-CT,ONRC,https://www.onrc.ro,https://ecifre.ro/indicatori/firme-infiintate-judete-ro/constanta,2026-09-01
Firme înființate pe județe,2020-09-01,371.0000,Număr,RO-CT,ONRC,https://www.onrc.ro,https://ecifre.ro/indicatori/firme-infiintate-judete-ro/constanta,2026-09-01
Firme înființate pe județe,2020-10-01,430.0000,Număr,RO-CT,ONRC,https://www.onrc.ro,https://ecifre.ro/indicatori/firme-infiintate-judete-ro/constanta,2026-09-01
Firme înființate pe județe,2020-11-01,335.0000,Număr,RO-CT,ONRC,https://www.onrc.ro,https://ecifre.ro/indicatori/firme-infiintate-judete-ro/constanta,2026-09-01
Firme înființate pe județe,2020-12-01,281.0000,Număr,RO-CT,ONRC,https://www.onrc.ro,https://ecifre.ro/indicatori/firme-infiintate-judete-ro/constanta,2026-09-01
Firme înființate pe județe,2021-02-01,475.0000,Număr,RO-CT,ONRC,https://www.onrc.ro,https://ecifre.ro/indicatori/firme-infiintate-judete-ro/constanta,2026-09-01
Firme înființate pe județe,2021-03-01,536.0000,Număr,RO-CT,ONRC,https://www.onrc.ro,https://ecifre.ro/indicatori/firme-infiintate-judete-ro/constanta,2026-09-01
Firme înființate pe județe,2021-04-01,484.0000,Număr,RO-CT,ONRC,https://www.onrc.ro,https://ecifre.ro/indicatori/firme-infiintate-judete-ro/constanta,2026-09-01
Firme înființate pe județe,2021-05-01,413.0000,Număr,RO-CT,ONRC,https://www.onrc.ro,https://ecifre.ro/indicatori/firme-infiintate-judete-ro/constanta,2026-09-01
Firme înființate pe județe,2021-06-01,494.0000,Număr,RO-CT,ONRC,https://www.onrc.ro,https://ecifre.ro/indicatori/firme-infiintate-judete-ro/constanta,2026-09-01
Firme înființate pe județe,2021-07-01,450.0000,Număr,RO-CT,ONRC,https://www.onrc.ro,https://ecifre.ro/indicatori/firme-infiintate-judete-ro/constanta,2026-09-01
Firme înființate pe județe,2021-08-01,398.0000,Număr,RO-CT,ONRC,https://www.onrc.ro,https://ecifre.ro/indicatori/firme-infiintate-judete-ro/constanta,2026-09-01
Firme înființate pe județe,2021-09-01,397.0000,Număr,RO-CT,ONRC,https://www.onrc.ro,https://ecifre.ro/indicatori/firme-infiintate-judete-ro/constanta,2026-09-01
Firme înființate pe județe,2021-10-01,404.0000,Număr,RO-CT,ONRC,https://www.onrc.ro,https://ecifre.ro/indicatori/firme-infiintate-judete-ro/constanta,2026-09-01
Firme înființate pe județe,2021-11-01,342.0000,Număr,RO-CT,ONRC,https://www.onrc.ro,https://ecifre.ro/indicatori/firme-infiintate-judete-ro/constanta,2026-09-01
Firme înființate pe județe,2021-12-01,293.0000,Număr,RO-CT,ONRC,https://www.onrc.ro,https://ecifre.ro/indicatori/firme-infiintate-judete-ro/constanta,2026-09-01
Firme înființate pe județe,2022-02-01,459.0000,Număr,RO-CT,ONRC,https://www.onrc.ro,https://ecifre.ro/indicatori/firme-infiintate-judete-ro/constanta,2026-09-01
Firme înființate pe județe,2022-03-01,480.0000,Număr,RO-CT,ONRC,https://www.onrc.ro,https://ecifre.ro/indicatori/firme-infiintate-judete-ro/constanta,2026-09-01
Firme înființate pe județe,2022-04-01,355.0000,Număr,RO-CT,ONRC,https://www.onrc.ro,https://ecifre.ro/indicatori/firme-infiintate-judete-ro/constanta,2026-09-01
Firme înființate pe județe,2022-05-01,564.0000,Număr,RO-CT,ONRC,https://www.onrc.ro,https://ecifre.ro/indicatori/firme-infiintate-judete-ro/constanta,2026-09-01
Firme înființate pe județe,2022-07-01,467.0000,Număr,RO-CT,ONRC,https://www.onrc.ro,https://ecifre.ro/indicatori/firme-infiintate-judete-ro/constanta,2026-09-01
Firme înființate pe județe,2022-08-01,573.0000,Număr,RO-CT,ONRC,https://www.onrc.ro,https://ecifre.ro/indicatori/firme-infiintate-judete-ro/constanta,2026-09-01
Firme înființate pe județe,2022-09-01,439.0000,Număr,RO-CT,ONRC,https://www.onrc.ro,https://ecifre.ro/indicatori/firme-infiintate-judete-ro/constanta,2026-09-01
Firme înființate pe județe,2022-10-01,395.0000,Număr,RO-CT,ONRC,https://www.onrc.ro,https://ecifre.ro/indicatori/firme-infiintate-judete-ro/constanta,2026-09-01
Firme înființate pe județe,2022-11-01,370.0000,Număr,RO-CT,ONRC,https://www.onrc.ro,https://ecifre.ro/indicatori/firme-infiintate-judete-ro/constanta,2026-09-01
Firme înființate pe județe,2022-12-01,346.0000,Număr,RO-CT,ONRC,https://www.onrc.ro,https://ecifre.ro/indicatori/firme-infiintate-judete-ro/constanta,2026-09-01
Firme înființate pe județe,2023-02-01,503.0000,Număr,RO-CT,ONRC,https://www.onrc.ro,https://ecifre.ro/indicatori/firme-infiintate-judete-ro/constanta,2026-09-01
Firme înființate pe județe,2023-03-01,550.0000,Număr,RO-CT,ONRC,https://www.onrc.ro,https://ecifre.ro/indicatori/firme-infiintate-judete-ro/constanta,2026-09-01
Firme înființate pe județe,2023-04-01,403.0000,Număr,RO-CT,ONRC,https://www.onrc.ro,https://ecifre.ro/indicatori/firme-infiintate-judete-ro/constanta,2026-09-01
Firme înființate pe județe,2023-05-01,524.0000,Număr,RO-CT,ONRC,https://www.onrc.ro,https://ecifre.ro/indicatori/firme-infiintate-judete-ro/constanta,2026-09-01
Firme înființate pe județe,2023-06-01,462.0000,Număr,RO-CT,ONRC,https://www.onrc.ro,https://ecifre.ro/indicatori/firme-infiintate-judete-ro/constanta,2026-09-01
Firme înființate pe județe,2023-07-01,415.0000,Număr,RO-CT,ONRC,https://www.onrc.ro,https://ecifre.ro/indicatori/firme-infiintate-judete-ro/constanta,2026-09-01
Firme înființate pe județe,2023-08-01,417.0000,Număr,RO-CT,ONRC,https://www.onrc.ro,https://ecifre.ro/indicatori/firme-infiintate-judete-ro/constanta,2026-09-01
Firme înființate pe județe,2023-09-01,393.0000,Număr,RO-CT,ONRC,https://www.onrc.ro,https://ecifre.ro/indicatori/firme-infiintate-judete-ro/constanta,2026-09-01
Firme înființate pe județe,2023-10-01,405.0000,Număr,RO-CT,ONRC,https://www.onrc.ro,https://ecifre.ro/indicatori/firme-infiintate-judete-ro/constanta,2026-09-01
Firme înființate pe județe,2023-11-01,426.0000,Număr,RO-CT,ONRC,https://www.onrc.ro,https://ecifre.ro/indicatori/firme-infiintate-judete-ro/constanta,2026-09-01
Firme înființate pe județe,2023-12-01,379.0000,Număr,RO-CT,ONRC,https://www.onrc.ro,https://ecifre.ro/indicatori/firme-infiintate-judete-ro/constanta,2026-09-01
Firme înființate pe județe,2024-02-01,426.0000,Număr,RO-CT,ONRC,https://www.onrc.ro,https://ecifre.ro/indicatori/firme-infiintate-judete-ro/constanta,2026-09-01
Firme înființate pe județe,2024-03-01,426.0000,Număr,RO-CT,ONRC,https://www.onrc.ro,https://ecifre.ro/indicatori/firme-infiintate-judete-ro/constanta,2026-09-01
Firme înființate pe județe,2024-04-01,482.0000,Număr,RO-CT,ONRC,https://www.onrc.ro,https://ecifre.ro/indicatori/firme-infiintate-judete-ro/constanta,2026-09-01
Firme înființate pe județe,2024-05-01,341.0000,Număr,RO-CT,ONRC,https://www.onrc.ro,https://ecifre.ro/indicatori/firme-infiintate-judete-ro/constanta,2026-09-01
Firme înființate pe județe,2024-06-01,394.0000,Număr,RO-CT,ONRC,https://www.onrc.ro,https://ecifre.ro/indicatori/firme-infiintate-judete-ro/constanta,2026-09-01
Firme înființate pe județe,2024-07-01,252.0000,Număr,RO-CT,ONRC,https://www.onrc.ro,https://ecifre.ro/indicatori/firme-infiintate-judete-ro/constanta,2026-09-01
Firme înființate pe județe,2024-08-01,192.0000,Număr,RO-CT,ONRC,https://www.onrc.ro,https://ecifre.ro/indicatori/firme-infiintate-judete-ro/constanta,2026-09-01
Firme înființate pe județe,2024-09-01,307.0000,Număr,RO-CT,ONRC,https://www.onrc.ro,https://ecifre.ro/indicatori/firme-infiintate-judete-ro/constanta,2026-09-01
Firme înființate pe județe,2024-10-01,428.0000,Număr,RO-CT,ONRC,https://www.onrc.ro,https://ecifre.ro/indicatori/firme-infiintate-judete-ro/constanta,2026-09-01
Firme înființate pe județe,2024-11-01,467.0000,Număr,RO-CT,ONRC,https://www.onrc.ro,https://ecifre.ro/indicatori/firme-infiintate-judete-ro/constanta,2026-09-01
Firme înființate pe județe,2024-12-01,276.0000,Număr,RO-CT,ONRC,https://www.onrc.ro,https://ecifre.ro/indicatori/firme-infiintate-judete-ro/constanta,2026-09-01
Firme înființate pe județe,2025-01-01,218.0000,Număr,RO-CT,ONRC,https://www.onrc.ro,https://ecifre.ro/indicatori/firme-infiintate-judete-ro/constanta,2026-09-01
Firme înființate pe județe,2025-02-01,367.0000,Număr,RO-CT,ONRC,https://www.onrc.ro,https://ecifre.ro/indicatori/firme-infiintate-judete-ro/constanta,2026-09-01
Firme înființate pe județe,2025-03-01,328.0000,Număr,RO-CT,ONRC,https://www.onrc.ro,https://ecifre.ro/indicatori/firme-infiintate-judete-ro/constanta,2026-09-01
Firme înființate pe județe,2025-04-01,387.0000,Număr,RO-CT,ONRC,https://www.onrc.ro,https://ecifre.ro/indicatori/firme-infiintate-judete-ro/constanta,2026-09-01
Firme înființate pe județe,2025-05-01,550.0000,Număr,RO-CT,ONRC,https://www.onrc.ro,https://ecifre.ro/indicatori/firme-infiintate-judete-ro/constanta,2026-09-01
Firme înființate pe județe,2025-06-01,476.0000,Număr,RO-CT,ONRC,https://www.onrc.ro,https://ecifre.ro/indicatori/firme-infiintate-judete-ro/constanta,2026-09-01
Firme înființate pe județe,2025-07-01,447.0000,Număr,RO-CT,ONRC,https://www.onrc.ro,https://ecifre.ro/indicatori/firme-infiintate-judete-ro/constanta,2026-09-01
Firme înființate pe județe,2025-08-01,332.0000,Număr,RO-CT,ONRC,https://www.onrc.ro,https://ecifre.ro/indicatori/firme-infiintate-judete-ro/constanta,2026-09-01
Firme înființate pe județe,2025-09-01,448.0000,Număr,RO-CT,ONRC,https://www.onrc.ro,https://ecifre.ro/indicatori/firme-infiintate-judete-ro/constanta,2026-09-01
Firme înființate pe județe,2025-10-01,612.0000,Număr,RO-CT,ONRC,https://www.onrc.ro,https://ecifre.ro/indicatori/firme-infiintate-judete-ro/constanta,2026-09-01
Firme înființate pe județe,2025-11-01,519.0000,Număr,RO-CT,ONRC,https://www.onrc.ro,https://ecifre.ro/indicatori/firme-infiintate-judete-ro/constanta,2026-09-01
Firme înființate pe județe,2025-12-01,369.0000,Număr,RO-CT,ONRC,https://www.onrc.ro,https://ecifre.ro/indicatori/firme-infiintate-judete-ro/constanta,2026-09-01
Firme înființate pe județe,2026-01-01,348.0000,Număr,RO-CT,ONRC,https://www.onrc.ro,https://ecifre.ro/indicatori/firme-infiintate-judete-ro/constanta,2026-09-01
Firme înființate pe județe,2026-02-01,500.0000,Număr,RO-CT,ONRC,https://www.onrc.ro,https://ecifre.ro/indicatori/firme-infiintate-judete-ro/constanta,2026-09-01
Firme înființate pe județe,2026-03-01,416.0000,Număr,RO-CT,ONRC,https://www.onrc.ro,https://ecifre.ro/indicatori/firme-infiintate-judete-ro/constanta,2026-09-01
Firme înființate pe județe,2026-04-01,636.0000,Număr,RO-CT,ONRC,https://www.onrc.ro,https://ecifre.ro/indicatori/firme-infiintate-judete-ro/constanta,2026-09-01
Firme înființate pe județe,2026-05-01,533.0000,Număr,RO-CT,ONRC,https://www.onrc.ro,https://ecifre.ro/indicatori/firme-infiintate-judete-ro/constanta,2026-09-01
Firme înființate pe județe,2026-06-01,454.0000,Număr,RO-CT,ONRC,https://www.onrc.ro,https://ecifre.ro/indicatori/firme-infiintate-judete-ro/constanta,2026-09-01
Firme înființate pe județe,2026-07-01,399.0000,Număr,RO-CT,ONRC,https://www.onrc.ro,https://ecifre.ro/indicatori/firme-infiintate-judete-ro/constanta,2026-09-01
Firme înființate pe județe,2014-01-01,75.0000,Număr,RO-CV,ONRC,https://www.onrc.ro,https://ecifre.ro/indicatori/firme-infiintate-judete-ro/covasna,2026-09-01
Firme înființate pe județe,2015-01-01,74.0000,Număr,RO-CV,ONRC,https://www.onrc.ro,https://ecifre.ro/indicatori/firme-infiintate-judete-ro/covasna,2026-09-01
Firme înființate pe județe,2016-01-01,60.0000,Număr,RO-CV,ONRC,https://www.onrc.ro,https://ecifre.ro/indicatori/firme-infiintate-judete-ro/covasna,2026-09-01
Firme înființate pe județe,2017-01-01,52.0000,Număr,RO-CV,ONRC,https://www.onrc.ro,https://ecifre.ro/indicatori/firme-infiintate-judete-ro/covasna,2026-09-01
Firme înființate pe județe,2017-03-01,118.0000,Număr,RO-CV,ONRC,https://www.onrc.ro,https://ecifre.ro/indicatori/firme-infiintate-judete-ro/covasna,2026-09-01
Firme înființate pe județe,2017-04-01,114.0000,Număr,RO-CV,ONRC,https://www.onrc.ro,https://ecifre.ro/indicatori/firme-infiintate-judete-ro/covasna,2026-09-01
Firme înființate pe județe,2017-05-01,130.0000,Număr,RO-CV,ONRC,https://www.onrc.ro,https://ecifre.ro/indicatori/firme-infiintate-judete-ro/covasna,2026-09-01
Firme înființate pe județe,2017-06-01,111.0000,Număr,RO-CV,ONRC,https://www.onrc.ro,https://ecifre.ro/indicatori/firme-infiintate-judete-ro/covasna,2026-09-01
Firme înființate pe județe,2017-07-01,117.0000,Număr,RO-CV,ONRC,https://www.onrc.ro,https://ecifre.ro/indicatori/firme-infiintate-judete-ro/covasna,2026-09-01
Firme înființate pe județe,2017-08-01,60.0000,Număr,RO-CV,ONRC,https://www.onrc.ro,https://ecifre.ro/indicatori/firme-infiintate-judete-ro/covasna,2026-09-01
Firme înființate pe județe,2017-09-01,74.0000,Număr,RO-CV,ONRC,https://www.onrc.ro,https://ecifre.ro/indicatori/firme-infiintate-judete-ro/covasna,2026-09-01
Firme înființate pe județe,2017-10-01,61.0000,Număr,RO-CV,ONRC,https://www.onrc.ro,https://ecifre.ro/indicatori/firme-infiintate-judete-ro/covasna,2026-09-01
Firme înființate pe județe,2017-11-01,60.0000,Număr,RO-CV,ONRC,https://www.onrc.ro,https://ecifre.ro/indicatori/firme-infiintate-judete-ro/covasna,2026-09-01
Firme înființate pe județe,2017-12-01,36.0000,Număr,RO-CV,ONRC,https://www.onrc.ro,https://ecifre.ro/indicatori/firme-infiintate-judete-ro/covasna,2026-09-01
Firme înființate pe județe,2018-01-01,81.0000,Număr,RO-CV,ONRC,https://www.onrc.ro,https://ecifre.ro/indicatori/firme-infiintate-judete-ro/covasna,2026-09-01
Firme înființate pe județe,2018-02-01,158.0000,Număr,RO-CV,ONRC,https://www.onrc.ro,https://ecifre.ro/indicatori/firme-infiintate-judete-ro/covasna,2026-09-01
Firme înființate pe județe,2018-03-01,165.0000,Număr,RO-CV,ONRC,https://www.onrc.ro,https://ecifre.ro/indicatori/firme-infiintate-judete-ro/covasna,2026-09-01
Firme înființate pe județe,2018-04-01,94.0000,Număr,RO-CV,ONRC,https://www.onrc.ro,https://ecifre.ro/indicatori/firme-infiintate-judete-ro/covasna,2026-09-01
Firme înființate pe județe,2018-05-01,83.0000,Număr,RO-CV,ONRC,https://www.onrc.ro,https://ecifre.ro/indicatori/firme-infiintate-judete-ro/covasna,2026-09-01
Firme înființate pe județe,2018-06-01,62.0000,Număr,RO-CV,ONRC,https://www.onrc.ro,https://ecifre.ro/indicatori/firme-infiintate-judete-ro/covasna,2026-09-01
Firme înființate pe județe,2018-07-01,64.0000,Număr,RO-CV,ONRC,https://www.onrc.ro,https://ecifre.ro/indicatori/firme-infiintate-judete-ro/covasna,2026-09-01
Firme înființate pe județe,2018-08-01,66.0000,Număr,RO-CV,ONRC,https://www.onrc.ro,https://ecifre.ro/indicatori/firme-infiintate-judete-ro/covasna,2026-09-01
Firme înființate pe județe,2018-09-01,79.0000,Număr,RO-CV,ONRC,https://www.onrc.ro,https://ecifre.ro/indicatori/firme-infiintate-judete-ro/covasna,2026-09-01
Firme înființate pe județe,2018-10-01,82.0000,Număr,RO-CV,ONRC,https://www.onrc.ro,https://ecifre.ro/indicatori/firme-infiintate-judete-ro/covasna,2026-09-01
Firme înființate pe județe,2018-11-01,81.0000,Număr,RO-CV,ONRC,https://www.onrc.ro,https://ecifre.ro/indicatori/firme-infiintate-judete-ro/covasna,2026-09-01
Firme înființate pe județe,2018-12-01,54.0000,Număr,RO-CV,ONRC,https://www.onrc.ro,https://ecifre.ro/indicatori/firme-infiintate-judete-ro/covasna,2026-09-01
Firme înființate pe județe,2019-01-01,116.0000,Număr,RO-CV,ONRC,https://www.onrc.ro,https://ecifre.ro/indicatori/firme-infiintate-judete-ro/covasna,2026-09-01
Firme înființate pe județe,2019-02-01,98.0000,Număr,RO-CV,ONRC,https://www.onrc.ro,https://ecifre.ro/indicatori/firme-infiintate-judete-ro/covasna,2026-09-01
Firme înființate pe județe,2019-03-01,97.0000,Număr,RO-CV,ONRC,https://www.onrc.ro,https://ecifre.ro/indicatori/firme-infiintate-judete-ro/covasna,2026-09-01
Firme înființate pe județe,2019-04-01,113.0000,Număr,RO-CV,ONRC,https://www.onrc.ro,https://ecifre.ro/indicatori/firme-infiintate-judete-ro/covasna,2026-09-01
Firme înființate pe județe,2019-05-01,153.0000,Număr,RO-CV,ONRC,https://www.onrc.ro,https://ecifre.ro/indicatori/firme-infiintate-judete-ro/covasna,2026-09-01
Firme înființate pe județe,2019-06-01,105.0000,Număr,RO-CV,ONRC,https://www.onrc.ro,https://ecifre.ro/indicatori/firme-infiintate-judete-ro/covasna,2026-09-01
Firme înființate pe județe,2019-07-01,94.0000,Număr,RO-CV,ONRC,https://www.onrc.ro,https://ecifre.ro/indicatori/firme-infiintate-judete-ro/covasna,2026-09-01
Firme înființate pe județe,2019-08-01,73.0000,Număr,RO-CV,ONRC,https://www.onrc.ro,https://ecifre.ro/indicatori/firme-infiintate-judete-ro/covasna,2026-09-01
Firme înființate pe județe,2019-09-01,65.0000,Număr,RO-CV,ONRC,https://www.onrc.ro,https://ecifre.ro/indicatori/firme-infiintate-judete-ro/covasna,2026-09-01
Firme înființate pe județe,2019-10-01,86.0000,Număr,RO-CV,ONRC,https://www.onrc.ro,https://ecifre.ro/indicatori/firme-infiintate-judete-ro/covasna,2026-09-01
Firme înființate pe județe,2019-11-01,59.0000,Număr,RO-CV,ONRC,https://www.onrc.ro,https://ecifre.ro/indicatori/firme-infiintate-judete-ro/covasna,2026-09-01
Firme înființate pe județe,2019-12-01,48.0000,Număr,RO-CV,ONRC,https://www.onrc.ro,https://ecifre.ro/indicatori/firme-infiintate-judete-ro/covasna,2026-09-01
Firme înființate pe județe,2020-01-01,112.0000,Număr,RO-CV,ONRC,https://www.onrc.ro,https://ecifre.ro/indicatori/firme-infiintate-judete-ro/covasna,2026-09-01
Firme înființate pe județe,2020-02-01,90.0000,Număr,RO-CV,ONRC,https://www.onrc.ro,https://ecifre.ro/indicatori/firme-infiintate-judete-ro/covasna,2026-09-01
Firme înființate pe județe,2020-03-01,53.0000,Număr,RO-CV,ONRC,https://www.onrc.ro,https://ecifre.ro/indicatori/firme-infiintate-judete-ro/covasna,2026-09-01
Firme înființate pe județe,2020-04-01,20.0000,Număr,RO-CV,ONRC,https://www.onrc.ro,https://ecifre.ro/indicatori/firme-infiintate-judete-ro/covasna,2026-09-01
Firme înființate pe județe,2020-05-01,46.0000,Număr,RO-CV,ONRC,https://www.onrc.ro,https://ecifre.ro/indicatori/firme-infiintate-judete-ro/covasna,2026-09-01
Firme înființate pe județe,2020-06-01,88.0000,Număr,RO-CV,ONRC,https://www.onrc.ro,https://ecifre.ro/indicatori/firme-infiintate-judete-ro/covasna,2026-09-01
Firme înființate pe județe,2020-07-01,93.0000,Număr,RO-CV,ONRC,https://www.onrc.ro,https://ecifre.ro/indicatori/firme-infiintate-judete-ro/covasna,2026-09-01
Firme înființate pe județe,2020-08-01,63.0000,Număr,RO-CV,ONRC,https://www.onrc.ro,https://ecifre.ro/indicatori/firme-infiintate-judete-ro/covasna,2026-09-01
Firme înființate pe județe,2020-09-01,87.0000,Număr,RO-CV,ONRC,https://www.onrc.ro,https://ecifre.ro/indicatori/firme-infiintate-judete-ro/covasna,2026-09-01
Firme înființate pe județe,2020-10-01,65.0000,Număr,RO-CV,ONRC,https://www.onrc.ro,https://ecifre.ro/indicatori/firme-infiintate-judete-ro/covasna,2026-09-01
Firme înființate pe județe,2020-11-01,42.0000,Număr,RO-CV,ONRC,https://www.onrc.ro,https://ecifre.ro/indicatori/firme-infiintate-judete-ro/covasna,2026-09-01
Firme înființate pe județe,2020-12-01,46.0000,Număr,RO-CV,ONRC,https://www.onrc.ro,https://ecifre.ro/indicatori/firme-infiintate-judete-ro/covasna,2026-09-01
Firme înființate pe județe,2021-02-01,112.0000,Număr,RO-CV,ONRC,https://www.onrc.ro,https://ecifre.ro/indicatori/firme-infiintate-judete-ro/covasna,2026-09-01
Firme înființate pe județe,2021-03-01,114.0000,Număr,RO-CV,ONRC,https://www.onrc.ro,https://ecifre.ro/indicatori/firme-infiintate-judete-ro/covasna,2026-09-01
Firme înființate pe județe,2021-04-01,92.0000,Număr,RO-CV,ONRC,https://www.onrc.ro,https://ecifre.ro/indicatori/firme-infiintate-judete-ro/covasna,2026-09-01
Firme înființate pe județe,2021-05-01,75.0000,Număr,RO-CV,ONRC,https://www.onrc.ro,https://ecifre.ro/indicatori/firme-infiintate-judete-ro/covasna,2026-09-01
Firme înființate pe județe,2021-06-01,75.0000,Număr,RO-CV,ONRC,https://www.onrc.ro,https://ecifre.ro/indicatori/firme-infiintate-judete-ro/covasna,2026-09-01
Firme înființate pe județe,2021-07-01,85.0000,Număr,RO-CV,ONRC,https://www.onrc.ro,https://ecifre.ro/indicatori/firme-infiintate-judete-ro/covasna,2026-09-01
Firme înființate pe județe,2021-08-01,118.0000,Număr,RO-CV,ONRC,https://www.onrc.ro,https://ecifre.ro/indicatori/firme-infiintate-judete-ro/covasna,2026-09-01
Firme înființate pe județe,2021-09-01,120.0000,Număr,RO-CV,ONRC,https://www.onrc.ro,https://ecifre.ro/indicatori/firme-infiintate-judete-ro/covasna,2026-09-01
Firme înființate pe județe,2021-10-01,90.0000,Număr,RO-CV,ONRC,https://www.onrc.ro,https://ecifre.ro/indicatori/firme-infiintate-judete-ro/covasna,2026-09-01
Firme înființate pe județe,2021-11-01,64.0000,Număr,RO-CV,ONRC,https://www.onrc.ro,https://ecifre.ro/indicatori/firme-infiintate-judete-ro/covasna,2026-09-01
Firme înființate pe județe,2021-12-01,49.0000,Număr,RO-CV,ONRC,https://www.onrc.ro,https://ecifre.ro/indicatori/firme-infiintate-judete-ro/covasna,2026-09-01
Firme înființate pe județe,2022-02-01,84.0000,Număr,RO-CV,ONRC,https://www.onrc.ro,https://ecifre.ro/indicatori/firme-infiintate-judete-ro/covasna,2026-09-01
Firme înființate pe județe,2022-03-01,69.0000,Număr,RO-CV,ONRC,https://www.onrc.ro,https://ecifre.ro/indicatori/firme-infiintate-judete-ro/covasna,2026-09-01
Firme înființate pe județe,2022-04-01,66.0000,Număr,RO-CV,ONRC,https://www.onrc.ro,https://ecifre.ro/indicatori/firme-infiintate-judete-ro/covasna,2026-09-01
Firme înființate pe județe,2022-05-01,76.0000,Număr,RO-CV,ONRC,https://www.onrc.ro,https://ecifre.ro/indicatori/firme-infiintate-judete-ro/covasna,2026-09-01
Firme înființate pe județe,2022-07-01,59.0000,Număr,RO-CV,ONRC,https://www.onrc.ro,https://ecifre.ro/indicatori/firme-infiintate-judete-ro/covasna,2026-09-01
Firme înființate pe județe,2022-08-01,124.0000,Număr,RO-CV,ONRC,https://www.onrc.ro,https://ecifre.ro/indicatori/firme-infiintate-judete-ro/covasna,2026-09-01
Firme înființate pe județe,2022-09-01,123.0000,Număr,RO-CV,ONRC,https://www.onrc.ro,https://ecifre.ro/indicatori/firme-infiintate-judete-ro/covasna,2026-09-01
Firme înființate pe județe,2022-10-01,75.0000,Număr,RO-CV,ONRC,https://www.onrc.ro,https://ecifre.ro/indicatori/firme-infiintate-judete-ro/covasna,2026-09-01
Firme înființate pe județe,2022-11-01,54.0000,Număr,RO-CV,ONRC,https://www.onrc.ro,https://ecifre.ro/indicatori/firme-infiintate-judete-ro/covasna,2026-09-01
Firme înființate pe județe,2022-12-01,87.0000,Număr,RO-CV,ONRC,https://www.onrc.ro,https://ecifre.ro/indicatori/firme-infiintate-judete-ro/covasna,2026-09-01
Firme înființate pe județe,2023-02-01,91.0000,Număr,RO-CV,ONRC,https://www.onrc.ro,https://ecifre.ro/indicatori/firme-infiintate-judete-ro/covasna,2026-09-01
Firme înființate pe județe,2023-03-01,104.0000,Număr,RO-CV,ONRC,https://www.onrc.ro,https://ecifre.ro/indicatori/firme-infiintate-judete-ro/covasna,2026-09-01
Firme înființate pe județe,2023-04-01,55.0000,Număr,RO-CV,ONRC,https://www.onrc.ro,https://ecifre.ro/indicatori/firme-infiintate-judete-ro/covasna,2026-09-01
Firme înființate pe județe,2023-05-01,82.0000,Număr,RO-CV,ONRC,https://www.onrc.ro,https://ecifre.ro/indicatori/firme-infiintate-judete-ro/covasna,2026-09-01
Firme înființate pe județe,2023-06-01,86.0000,Număr,RO-CV,ONRC,https://www.onrc.ro,https://ecifre.ro/indicatori/firme-infiintate-judete-ro/covasna,2026-09-01
Firme înființate pe județe,2023-07-01,72.0000,Număr,RO-CV,ONRC,https://www.onrc.ro,https://ecifre.ro/indicatori/firme-infiintate-judete-ro/covasna,2026-09-01
Firme înființate pe județe,2023-08-01,62.0000,Număr,RO-CV,ONRC,https://www.onrc.ro,https://ecifre.ro/indicatori/firme-infiintate-judete-ro/covasna,2026-09-01
Firme înființate pe județe,2023-09-01,71.0000,Număr,RO-CV,ONRC,https://www.onrc.ro,https://ecifre.ro/indicatori/firme-infiintate-judete-ro/covasna,2026-09-01
Firme înființate pe județe,2023-10-01,92.0000,Număr,RO-CV,ONRC,https://www.onrc.ro,https://ecifre.ro/indicatori/firme-infiintate-judete-ro/covasna,2026-09-01
Firme înființate pe județe,2023-11-01,114.0000,Număr,RO-CV,ONRC,https://www.onrc.ro,https://ecifre.ro/indicatori/firme-infiintate-judete-ro/covasna,2026-09-01
Firme înființate pe județe,2023-12-01,34.0000,Număr,RO-CV,ONRC,https://www.onrc.ro,https://ecifre.ro/indicatori/firme-infiintate-judete-ro/covasna,2026-09-01
Firme înființate pe județe,2024-02-01,64.0000,Număr,RO-CV,ONRC,https://www.onrc.ro,https://ecifre.ro/indicatori/firme-infiintate-judete-ro/covasna,2026-09-01
Firme înființate pe județe,2024-03-01,61.0000,Număr,RO-CV,ONRC,https://www.onrc.ro,https://ecifre.ro/indicatori/firme-infiintate-judete-ro/covasna,2026-09-01
Firme înființate pe județe,2024-04-01,57.0000,Număr,RO-CV,ONRC,https://www.onrc.ro,https://ecifre.ro/indicatori/firme-infiintate-judete-ro/covasna,2026-09-01
Firme înființate pe județe,2024-05-01,52.0000,Număr,RO-CV,ONRC,https://www.onrc.ro,https://ecifre.ro/indicatori/firme-infiintate-judete-ro/covasna,2026-09-01
Firme înființate pe județe,2024-06-01,41.0000,Număr,RO-CV,ONRC,https://www.onrc.ro,https://ecifre.ro/indicatori/firme-infiintate-judete-ro/covasna,2026-09-01
Firme înființate pe județe,2024-07-01,28.0000,Număr,RO-CV,ONRC,https://www.onrc.ro,https://ecifre.ro/indicatori/firme-infiintate-judete-ro/covasna,2026-09-01
Firme înființate pe județe,2024-08-01,33.0000,Număr,RO-CV,ONRC,https://www.onrc.ro,https://ecifre.ro/indicatori/firme-infiintate-judete-ro/covasna,2026-09-01
Firme înființate pe județe,2024-09-01,49.0000,Număr,RO-CV,ONRC,https://www.onrc.ro,https://ecifre.ro/indicatori/firme-infiintate-judete-ro/covasna,2026-09-01
Firme înființate pe județe,2024-10-01,65.0000,Număr,RO-CV,ONRC,https://www.onrc.ro,https://ecifre.ro/indicatori/firme-infiintate-judete-ro/covasna,2026-09-01
Firme înființate pe județe,2024-11-01,56.0000,Număr,RO-CV,ONRC,https://www.onrc.ro,https://ecifre.ro/indicatori/firme-infiintate-judete-ro/covasna,2026-09-01
Firme înființate pe județe,2024-12-01,22.0000,Număr,RO-CV,ONRC,https://www.onrc.ro,https://ecifre.ro/indicatori/firme-infiintate-judete-ro/covasna,2026-09-01
Firme înființate pe județe,2025-01-01,37.0000,Număr,RO-CV,ONRC,https://www.onrc.ro,https://ecifre.ro/indicatori/firme-infiintate-judete-ro/covasna,2026-09-01
Firme înființate pe județe,2025-02-01,69.0000,Număr,RO-CV,ONRC,https://www.onrc.ro,https://ecifre.ro/indicatori/firme-infiintate-judete-ro/covasna,2026-09-01
Firme înființate pe județe,2025-03-01,68.0000,Număr,RO-CV,ONRC,https://www.onrc.ro,https://ecifre.ro/indicatori/firme-infiintate-judete-ro/covasna,2026-09-01
Firme înființate pe județe,2025-04-01,53.0000,Număr,RO-CV,ONRC,https://www.onrc.ro,https://ecifre.ro/indicatori/firme-infiintate-judete-ro/covasna,2026-09-01
Firme înființate pe județe,2025-05-01,68.0000,Număr,RO-CV,ONRC,https://www.onrc.ro,https://ecifre.ro/indicatori/firme-infiintate-judete-ro/covasna,2026-09-01
Firme înființate pe județe,2025-06-01,51.0000,Număr,RO-CV,ONRC,https://www.onrc.ro,https://ecifre.ro/indicatori/firme-infiintate-judete-ro/covasna,2026-09-01
Firme înființate pe județe,2025-07-01,133.0000,Număr,RO-CV,ONRC,https://www.onrc.ro,https://ecifre.ro/indicatori/firme-infiintate-judete-ro/covasna,2026-09-01
Firme înființate pe județe,2025-08-01,56.0000,Număr,RO-CV,ONRC,https://www.onrc.ro,https://ecifre.ro/indicatori/firme-infiintate-judete-ro/covasna,2026-09-01
Firme înființate pe județe,2025-09-01,86.0000,Număr,RO-CV,ONRC,https://www.onrc.ro,https://ecifre.ro/indicatori/firme-infiintate-judete-ro/covasna,2026-09-01
Firme înființate pe județe,2025-10-01,73.0000,Număr,RO-CV,ONRC,https://www.onrc.ro,https://ecifre.ro/indicatori/firme-infiintate-judete-ro/covasna,2026-09-01
Firme înființate pe județe,2025-11-01,62.0000,Număr,RO-CV,ONRC,https://www.onrc.ro,https://ecifre.ro/indicatori/firme-infiintate-judete-ro/covasna,2026-09-01
Firme înființate pe județe,2025-12-01,38.0000,Număr,RO-CV,ONRC,https://www.onrc.ro,https://ecifre.ro/indicatori/firme-infiintate-judete-ro/covasna,2026-09-01
Firme înființate pe județe,2026-01-01,54.0000,Număr,RO-CV,ONRC,https://www.onrc.ro,https://ecifre.ro/indicatori/firme-infiintate-judete-ro/covasna,2026-09-01
Firme înființate pe județe,2026-02-01,71.0000,Număr,RO-CV,ONRC,https://www.onrc.ro,https://ecifre.ro/indicatori/firme-infiintate-judete-ro/covasna,2026-09-01
Firme înființate pe județe,2026-03-01,83.0000,Număr,RO-CV,ONRC,https://www.onrc.ro,https://ecifre.ro/indicatori/firme-infiintate-judete-ro/covasna,2026-09-01
Firme înființate pe județe,2026-04-01,69.0000,Număr,RO-CV,ONRC,https://www.onrc.ro,https://ecifre.ro/indicatori/firme-infiintate-judete-ro/covasna,2026-09-01
Firme înființate pe județe,2026-05-01,63.0000,Număr,RO-CV,ONRC,https://www.onrc.ro,https://ecifre.ro/indicatori/firme-infiintate-judete-ro/covasna,2026-09-01
Firme înființate pe județe,2026-06-01,53.0000,Număr,RO-CV,ONRC,https://www.onrc.ro,https://ecifre.ro/indicatori/firme-infiintate-judete-ro/covasna,2026-09-01
Firme înființate pe județe,2026-07-01,66.0000,Număr,RO-CV,ONRC,https://www.onrc.ro,https://ecifre.ro/indicatori/firme-infiintate-judete-ro/covasna,2026-09-01
Firme înființate pe județe,2014-01-01,77.0000,Număr,RO-CL,ONRC,https://www.onrc.ro,https://ecifre.ro/indicatori/firme-infiintate-judete-ro/calarasi,2026-09-01
Firme înființate pe județe,2015-01-01,80.0000,Număr,RO-CL,ONRC,https://www.onrc.ro,https://ecifre.ro/indicatori/firme-infiintate-judete-ro/calarasi,2026-09-01
Firme înființate pe județe,2016-01-01,75.0000,Număr,RO-CL,ONRC,https://www.onrc.ro,https://ecifre.ro/indicatori/firme-infiintate-judete-ro/calarasi,2026-09-01
Firme înființate pe județe,2017-01-01,52.0000,Număr,RO-CL,ONRC,https://www.onrc.ro,https://ecifre.ro/indicatori/firme-infiintate-judete-ro/calarasi,2026-09-01
Firme înființate pe județe,2017-03-01,161.0000,Număr,RO-CL,ONRC,https://www.onrc.ro,https://ecifre.ro/indicatori/firme-infiintate-judete-ro/calarasi,2026-09-01
Firme înființate pe județe,2017-04-01,103.0000,Număr,RO-CL,ONRC,https://www.onrc.ro,https://ecifre.ro/indicatori/firme-infiintate-judete-ro/calarasi,2026-09-01
Firme înființate pe județe,2017-05-01,155.0000,Număr,RO-CL,ONRC,https://www.onrc.ro,https://ecifre.ro/indicatori/firme-infiintate-judete-ro/calarasi,2026-09-01
Firme înființate pe județe,2017-06-01,123.0000,Număr,RO-CL,ONRC,https://www.onrc.ro,https://ecifre.ro/indicatori/firme-infiintate-judete-ro/calarasi,2026-09-01
Firme înființate pe județe,2017-07-01,116.0000,Număr,RO-CL,ONRC,https://www.onrc.ro,https://ecifre.ro/indicatori/firme-infiintate-judete-ro/calarasi,2026-09-01
Firme înființate pe județe,2017-08-01,87.0000,Număr,RO-CL,ONRC,https://www.onrc.ro,https://ecifre.ro/indicatori/firme-infiintate-judete-ro/calarasi,2026-09-01
Firme înființate pe județe,2017-09-01,87.0000,Număr,RO-CL,ONRC,https://www.onrc.ro,https://ecifre.ro/indicatori/firme-infiintate-judete-ro/calarasi,2026-09-01
Firme înființate pe județe,2017-10-01,83.0000,Număr,RO-CL,ONRC,https://www.onrc.ro,https://ecifre.ro/indicatori/firme-infiintate-judete-ro/calarasi,2026-09-01
Firme înființate pe județe,2017-11-01,85.0000,Număr,RO-CL,ONRC,https://www.onrc.ro,https://ecifre.ro/indicatori/firme-infiintate-judete-ro/calarasi,2026-09-01
Firme înființate pe județe,2017-12-01,47.0000,Număr,RO-CL,ONRC,https://www.onrc.ro,https://ecifre.ro/indicatori/firme-infiintate-judete-ro/calarasi,2026-09-01
Firme înființate pe județe,2018-01-01,129.0000,Număr,RO-CL,ONRC,https://www.onrc.ro,https://ecifre.ro/indicatori/firme-infiintate-judete-ro/calarasi,2026-09-01
Firme înființate pe județe,2018-02-01,151.0000,Număr,RO-CL,ONRC,https://www.onrc.ro,https://ecifre.ro/indicatori/firme-infiintate-judete-ro/calarasi,2026-09-01
Firme înființate pe județe,2018-03-01,109.0000,Număr,RO-CL,ONRC,https://www.onrc.ro,https://ecifre.ro/indicatori/firme-infiintate-judete-ro/calarasi,2026-09-01
Firme înființate pe județe,2018-04-01,103.0000,Număr,RO-CL,ONRC,https://www.onrc.ro,https://ecifre.ro/indicatori/firme-infiintate-judete-ro/calarasi,2026-09-01
Firme înființate pe județe,2018-05-01,118.0000,Număr,RO-CL,ONRC,https://www.onrc.ro,https://ecifre.ro/indicatori/firme-infiintate-judete-ro/calarasi,2026-09-01
Firme înființate pe județe,2018-06-01,86.0000,Număr,RO-CL,ONRC,https://www.onrc.ro,https://ecifre.ro/indicatori/firme-infiintate-judete-ro/calarasi,2026-09-01
Firme înființate pe județe,2018-07-01,93.0000,Număr,RO-CL,ONRC,https://www.onrc.ro,https://ecifre.ro/indicatori/firme-infiintate-judete-ro/calarasi,2026-09-01
Firme înființate pe județe,2018-08-01,91.0000,Număr,RO-CL,ONRC,https://www.onrc.ro,https://ecifre.ro/indicatori/firme-infiintate-judete-ro/calarasi,2026-09-01
Firme înființate pe județe,2018-09-01,81.0000,Număr,RO-CL,ONRC,https://www.onrc.ro,https://ecifre.ro/indicatori/firme-infiintate-judete-ro/calarasi,2026-09-01
Firme înființate pe județe,2018-10-01,99.0000,Număr,RO-CL,ONRC,https://www.onrc.ro,https://ecifre.ro/indicatori/firme-infiintate-judete-ro/calarasi,2026-09-01
Firme înființate pe județe,2018-11-01,149.0000,Număr,RO-CL,ONRC,https://www.onrc.ro,https://ecifre.ro/indicatori/firme-infiintate-judete-ro/calarasi,2026-09-01
Firme înființate pe județe,2018-12-01,95.0000,Număr,RO-CL,ONRC,https://www.onrc.ro,https://ecifre.ro/indicatori/firme-infiintate-judete-ro/calarasi,2026-09-01
Firme înființate pe județe,2019-01-01,189.0000,Număr,RO-CL,ONRC,https://www.onrc.ro,https://ecifre.ro/indicatori/firme-infiintate-judete-ro/calarasi,2026-09-01
Firme înființate pe județe,2019-02-01,121.0000,Număr,RO-CL,ONRC,https://www.onrc.ro,https://ecifre.ro/indicatori/firme-infiintate-judete-ro/calarasi,2026-09-01
Firme înființate pe județe,2019-03-01,156.0000,Număr,RO-CL,ONRC,https://www.onrc.ro,https://ecifre.ro/indicatori/firme-infiintate-judete-ro/calarasi,2026-09-01
Firme înființate pe județe,2019-04-01,182.0000,Număr,RO-CL,ONRC,https://www.onrc.ro,https://ecifre.ro/indicatori/firme-infiintate-judete-ro/calarasi,2026-09-01
Firme înființate pe județe,2019-05-01,124.0000,Număr,RO-CL,ONRC,https://www.onrc.ro,https://ecifre.ro/indicatori/firme-infiintate-judete-ro/calarasi,2026-09-01
Firme înființate pe județe,2019-06-01,98.0000,Număr,RO-CL,ONRC,https://www.onrc.ro,https://ecifre.ro/indicatori/firme-infiintate-judete-ro/calarasi,2026-09-01
Firme înființate pe județe,2019-07-01,94.0000,Număr,RO-CL,ONRC,https://www.onrc.ro,https://ecifre.ro/indicatori/firme-infiintate-judete-ro/calarasi,2026-09-01
Firme înființate pe județe,2019-08-01,101.0000,Număr,RO-CL,ONRC,https://www.onrc.ro,https://ecifre.ro/indicatori/firme-infiintate-judete-ro/calarasi,2026-09-01
Firme înființate pe județe,2019-09-01,98.0000,Număr,RO-CL,ONRC,https://www.onrc.ro,https://ecifre.ro/indicatori/firme-infiintate-judete-ro/calarasi,2026-09-01
Firme înființate pe județe,2019-10-01,77.0000,Număr,RO-CL,ONRC,https://www.onrc.ro,https://ecifre.ro/indicatori/firme-infiintate-judete-ro/calarasi,2026-09-01
Firme înființate pe județe,2019-11-01,93.0000,Număr,RO-CL,ONRC,https://www.onrc.ro,https://ecifre.ro/indicatori/firme-infiintate-judete-ro/calarasi,2026-09-01
Firme înființate pe județe,2019-12-01,65.0000,Număr,RO-CL,ONRC,https://www.onrc.ro,https://ecifre.ro/indicatori/firme-infiintate-judete-ro/calarasi,2026-09-01
Firme înființate pe județe,2020-01-01,108.0000,Număr,RO-CL,ONRC,https://www.onrc.ro,https://ecifre.ro/indicatori/firme-infiintate-judete-ro/calarasi,2026-09-01
Firme înființate pe județe,2020-02-01,117.0000,Număr,RO-CL,ONRC,https://www.onrc.ro,https://ecifre.ro/indicatori/firme-infiintate-judete-ro/calarasi,2026-09-01
Firme înființate pe județe,2020-03-01,56.0000,Număr,RO-CL,ONRC,https://www.onrc.ro,https://ecifre.ro/indicatori/firme-infiintate-judete-ro/calarasi,2026-09-01
Firme înființate pe județe,2020-04-01,12.0000,Număr,RO-CL,ONRC,https://www.onrc.ro,https://ecifre.ro/indicatori/firme-infiintate-judete-ro/calarasi,2026-09-01
Firme înființate pe județe,2020-05-01,71.0000,Număr,RO-CL,ONRC,https://www.onrc.ro,https://ecifre.ro/indicatori/firme-infiintate-judete-ro/calarasi,2026-09-01
Firme înființate pe județe,2020-06-01,132.0000,Număr,RO-CL,ONRC,https://www.onrc.ro,https://ecifre.ro/indicatori/firme-infiintate-judete-ro/calarasi,2026-09-01
Firme înființate pe județe,2020-07-01,109.0000,Număr,RO-CL,ONRC,https://www.onrc.ro,https://ecifre.ro/indicatori/firme-infiintate-judete-ro/calarasi,2026-09-01
Firme înființate pe județe,2020-08-01,66.0000,Număr,RO-CL,ONRC,https://www.onrc.ro,https://ecifre.ro/indicatori/firme-infiintate-judete-ro/calarasi,2026-09-01
Firme înființate pe județe,2020-09-01,117.0000,Număr,RO-CL,ONRC,https://www.onrc.ro,https://ecifre.ro/indicatori/firme-infiintate-judete-ro/calarasi,2026-09-01
Firme înființate pe județe,2020-10-01,106.0000,Număr,RO-CL,ONRC,https://www.onrc.ro,https://ecifre.ro/indicatori/firme-infiintate-judete-ro/calarasi,2026-09-01
Firme înființate pe județe,2020-11-01,73.0000,Număr,RO-CL,ONRC,https://www.onrc.ro,https://ecifre.ro/indicatori/firme-infiintate-judete-ro/calarasi,2026-09-01
Firme înființate pe județe,2020-12-01,58.0000,Număr,RO-CL,ONRC,https://www.onrc.ro,https://ecifre.ro/indicatori/firme-infiintate-judete-ro/calarasi,2026-09-01
Firme înființate pe județe,2021-02-01,144.0000,Număr,RO-CL,ONRC,https://www.onrc.ro,https://ecifre.ro/indicatori/firme-infiintate-judete-ro/calarasi,2026-09-01
Firme înființate pe județe,2021-03-01,146.0000,Număr,RO-CL,ONRC,https://www.onrc.ro,https://ecifre.ro/indicatori/firme-infiintate-judete-ro/calarasi,2026-09-01
Firme înființate pe județe,2021-04-01,104.0000,Număr,RO-CL,ONRC,https://www.onrc.ro,https://ecifre.ro/indicatori/firme-infiintate-judete-ro/calarasi,2026-09-01
Firme înființate pe județe,2021-05-01,98.0000,Număr,RO-CL,ONRC,https://www.onrc.ro,https://ecifre.ro/indicatori/firme-infiintate-judete-ro/calarasi,2026-09-01
Firme înființate pe județe,2021-06-01,101.0000,Număr,RO-CL,ONRC,https://www.onrc.ro,https://ecifre.ro/indicatori/firme-infiintate-judete-ro/calarasi,2026-09-01
Firme înființate pe județe,2021-07-01,101.0000,Număr,RO-CL,ONRC,https://www.onrc.ro,https://ecifre.ro/indicatori/firme-infiintate-judete-ro/calarasi,2026-09-01
Firme înființate pe județe,2021-08-01,97.0000,Număr,RO-CL,ONRC,https://www.onrc.ro,https://ecifre.ro/indicatori/firme-infiintate-judete-ro/calarasi,2026-09-01
Firme înființate pe județe,2021-09-01,84.0000,Număr,RO-CL,ONRC,https://www.onrc.ro,https://ecifre.ro/indicatori/firme-infiintate-judete-ro/calarasi,2026-09-01
Firme înființate pe județe,2021-10-01,93.0000,Număr,RO-CL,ONRC,https://www.onrc.ro,https://ecifre.ro/indicatori/firme-infiintate-judete-ro/calarasi,2026-09-01
Firme înființate pe județe,2021-11-01,87.0000,Număr,RO-CL,ONRC,https://www.onrc.ro,https://ecifre.ro/indicatori/firme-infiintate-judete-ro/calarasi,2026-09-01
Firme înființate pe județe,2021-12-01,61.0000,Număr,RO-CL,ONRC,https://www.onrc.ro,https://ecifre.ro/indicatori/firme-infiintate-judete-ro/calarasi,2026-09-01
Firme înființate pe județe,2022-02-01,103.0000,Număr,RO-CL,ONRC,https://www.onrc.ro,https://ecifre.ro/indicatori/firme-infiintate-judete-ro/calarasi,2026-09-01
Firme înființate pe județe,2022-03-01,104.0000,Număr,RO-CL,ONRC,https://www.onrc.ro,https://ecifre.ro/indicatori/firme-infiintate-judete-ro/calarasi,2026-09-01
Firme înființate pe județe,2022-04-01,115.0000,Număr,RO-CL,ONRC,https://www.onrc.ro,https://ecifre.ro/indicatori/firme-infiintate-judete-ro/calarasi,2026-09-01
Firme înființate pe județe,2022-05-01,118.0000,Număr,RO-CL,ONRC,https://www.onrc.ro,https://ecifre.ro/indicatori/firme-infiintate-judete-ro/calarasi,2026-09-01
Firme înființate pe județe,2022-07-01,90.0000,Număr,RO-CL,ONRC,https://www.onrc.ro,https://ecifre.ro/indicatori/firme-infiintate-judete-ro/calarasi,2026-09-01
Firme înființate pe județe,2022-08-01,121.0000,Număr,RO-CL,ONRC,https://www.onrc.ro,https://ecifre.ro/indicatori/firme-infiintate-judete-ro/calarasi,2026-09-01
Firme înființate pe județe,2022-09-01,106.0000,Număr,RO-CL,ONRC,https://www.onrc.ro,https://ecifre.ro/indicatori/firme-infiintate-judete-ro/calarasi,2026-09-01
Firme înființate pe județe,2022-10-01,85.0000,Număr,RO-CL,ONRC,https://www.onrc.ro,https://ecifre.ro/indicatori/firme-infiintate-judete-ro/calarasi,2026-09-01
Firme înființate pe județe,2022-11-01,87.0000,Număr,RO-CL,ONRC,https://www.onrc.ro,https://ecifre.ro/indicatori/firme-infiintate-judete-ro/calarasi,2026-09-01
Firme înființate pe județe,2022-12-01,149.0000,Număr,RO-CL,ONRC,https://www.onrc.ro,https://ecifre.ro/indicatori/firme-infiintate-judete-ro/calarasi,2026-09-01
Firme înființate pe județe,2023-02-01,125.0000,Număr,RO-CL,ONRC,https://www.onrc.ro,https://ecifre.ro/indicatori/firme-infiintate-judete-ro/calarasi,2026-09-01
Firme înființate pe județe,2023-03-01,122.0000,Număr,RO-CL,ONRC,https://www.onrc.ro,https://ecifre.ro/indicatori/firme-infiintate-judete-ro/calarasi,2026-09-01
Firme înființate pe județe,2023-04-01,101.0000,Număr,RO-CL,ONRC,https://www.onrc.ro,https://ecifre.ro/indicatori/firme-infiintate-judete-ro/calarasi,2026-09-01
Firme înființate pe județe,2023-05-01,96.0000,Număr,RO-CL,ONRC,https://www.onrc.ro,https://ecifre.ro/indicatori/firme-infiintate-judete-ro/calarasi,2026-09-01
Firme înființate pe județe,2023-06-01,75.0000,Număr,RO-CL,ONRC,https://www.onrc.ro,https://ecifre.ro/indicatori/firme-infiintate-judete-ro/calarasi,2026-09-01
Firme înființate pe județe,2023-07-01,85.0000,Număr,RO-CL,ONRC,https://www.onrc.ro,https://ecifre.ro/indicatori/firme-infiintate-judete-ro/calarasi,2026-09-01
Firme înființate pe județe,2023-08-01,80.0000,Număr,RO-CL,ONRC,https://www.onrc.ro,https://ecifre.ro/indicatori/firme-infiintate-judete-ro/calarasi,2026-09-01
Firme înființate pe județe,2023-09-01,77.0000,Număr,RO-CL,ONRC,https://www.onrc.ro,https://ecifre.ro/indicatori/firme-infiintate-judete-ro/calarasi,2026-09-01
Firme înființate pe județe,2023-10-01,61.0000,Număr,RO-CL,ONRC,https://www.onrc.ro,https://ecifre.ro/indicatori/firme-infiintate-judete-ro/calarasi,2026-09-01
Firme înființate pe județe,2023-11-01,102.0000,Număr,RO-CL,ONRC,https://www.onrc.ro,https://ecifre.ro/indicatori/firme-infiintate-judete-ro/calarasi,2026-09-01
Firme înființate pe județe,2023-12-01,54.0000,Număr,RO-CL,ONRC,https://www.onrc.ro,https://ecifre.ro/indicatori/firme-infiintate-judete-ro/calarasi,2026-09-01
Firme înființate pe județe,2024-02-01,99.0000,Număr,RO-CL,ONRC,https://www.onrc.ro,https://ecifre.ro/indicatori/firme-infiintate-judete-ro/calarasi,2026-09-01
Firme înființate pe județe,2024-03-01,130.0000,Număr,RO-CL,ONRC,https://www.onrc.ro,https://ecifre.ro/indicatori/firme-infiintate-judete-ro/calarasi,2026-09-01
Firme înființate pe județe,2024-04-01,108.0000,Număr,RO-CL,ONRC,https://www.onrc.ro,https://ecifre.ro/indicatori/firme-infiintate-judete-ro/calarasi,2026-09-01
Firme înființate pe județe,2024-05-01,85.0000,Număr,RO-CL,ONRC,https://www.onrc.ro,https://ecifre.ro/indicatori/firme-infiintate-judete-ro/calarasi,2026-09-01
Firme înființate pe județe,2024-06-01,77.0000,Număr,RO-CL,ONRC,https://www.onrc.ro,https://ecifre.ro/indicatori/firme-infiintate-judete-ro/calarasi,2026-09-01
Firme înființate pe județe,2024-07-01,63.0000,Număr,RO-CL,ONRC,https://www.onrc.ro,https://ecifre.ro/indicatori/firme-infiintate-judete-ro/calarasi,2026-09-01
Firme înființate pe județe,2024-08-01,35.0000,Număr,RO-CL,ONRC,https://www.onrc.ro,https://ecifre.ro/indicatori/firme-infiintate-judete-ro/calarasi,2026-09-01
Firme înființate pe județe,2024-09-01,78.0000,Număr,RO-CL,ONRC,https://www.onrc.ro,https://ecifre.ro/indicatori/firme-infiintate-judete-ro/calarasi,2026-09-01
Firme înființate pe județe,2024-10-01,117.0000,Număr,RO-CL,ONRC,https://www.onrc.ro,https://ecifre.ro/indicatori/firme-infiintate-judete-ro/calarasi,2026-09-01
Firme înființate pe județe,2024-11-01,71.0000,Număr,RO-CL,ONRC,https://www.onrc.ro,https://ecifre.ro/indicatori/firme-infiintate-judete-ro/calarasi,2026-09-01
Firme înființate pe județe,2024-12-01,41.0000,Număr,RO-CL,ONRC,https://www.onrc.ro,https://ecifre.ro/indicatori/firme-infiintate-judete-ro/calarasi,2026-09-01
Firme înființate pe județe,2025-01-01,57.0000,Număr,RO-CL,ONRC,https://www.onrc.ro,https://ecifre.ro/indicatori/firme-infiintate-judete-ro/calarasi,2026-09-01
Firme înființate pe județe,2025-02-01,90.0000,Număr,RO-CL,ONRC,https://www.onrc.ro,https://ecifre.ro/indicatori/firme-infiintate-judete-ro/calarasi,2026-09-01
Firme înființate pe județe,2025-03-01,87.0000,Număr,RO-CL,ONRC,https://www.onrc.ro,https://ecifre.ro/indicatori/firme-infiintate-judete-ro/calarasi,2026-09-01
Firme înființate pe județe,2025-04-01,99.0000,Număr,RO-CL,ONRC,https://www.onrc.ro,https://ecifre.ro/indicatori/firme-infiintate-judete-ro/calarasi,2026-09-01
Firme înființate pe județe,2025-05-01,68.0000,Număr,RO-CL,ONRC,https://www.onrc.ro,https://ecifre.ro/indicatori/firme-infiintate-judete-ro/calarasi,2026-09-01
Firme înființate pe județe,2025-06-01,95.0000,Număr,RO-CL,ONRC,https://www.onrc.ro,https://ecifre.ro/indicatori/firme-infiintate-judete-ro/calarasi,2026-09-01
Firme înființate pe județe,2025-07-01,121.0000,Număr,RO-CL,ONRC,https://www.onrc.ro,https://ecifre.ro/indicatori/firme-infiintate-judete-ro/calarasi,2026-09-01
Firme înființate pe județe,2025-08-01,102.0000,Număr,RO-CL,ONRC,https://www.onrc.ro,https://ecifre.ro/indicatori/firme-infiintate-judete-ro/calarasi,2026-09-01
Firme înființate pe județe,2025-09-01,121.0000,Număr,RO-CL,ONRC,https://www.onrc.ro,https://ecifre.ro/indicatori/firme-infiintate-judete-ro/calarasi,2026-09-01
Firme înființate pe județe,2025-10-01,90.0000,Număr,RO-CL,ONRC,https://www.onrc.ro,https://ecifre.ro/indicatori/firme-infiintate-judete-ro/calarasi,2026-09-01
Firme înființate pe județe,2025-11-01,125.0000,Număr,RO-CL,ONRC,https://www.onrc.ro,https://ecifre.ro/indicatori/firme-infiintate-judete-ro/calarasi,2026-09-01
Firme înființate pe județe,2025-12-01,79.0000,Număr,RO-CL,ONRC,https://www.onrc.ro,https://ecifre.ro/indicatori/firme-infiintate-judete-ro/calarasi,2026-09-01
Firme înființate pe județe,2026-01-01,74.0000,Număr,RO-CL,ONRC,https://www.onrc.ro,https://ecifre.ro/indicatori/firme-infiintate-judete-ro/calarasi,2026-09-01
Firme înființate pe județe,2026-02-01,133.0000,Număr,RO-CL,ONRC,https://www.onrc.ro,https://ecifre.ro/indicatori/firme-infiintate-judete-ro/calarasi,2026-09-01
Firme înființate pe județe,2026-03-01,136.0000,Număr,RO-CL,ONRC,https://www.onrc.ro,https://ecifre.ro/indicatori/firme-infiintate-judete-ro/calarasi,2026-09-01
Firme înființate pe județe,2026-04-01,111.0000,Număr,RO-CL,ONRC,https://www.onrc.ro,https://ecifre.ro/indicatori/firme-infiintate-judete-ro/calarasi,2026-09-01
Firme înființate pe județe,2026-05-01,107.0000,Număr,RO-CL,ONRC,https://www.onrc.ro,https://ecifre.ro/indicatori/firme-infiintate-judete-ro/calarasi,2026-09-01
Firme înființate pe județe,2026-06-01,118.0000,Număr,RO-CL,ONRC,https://www.onrc.ro,https://ecifre.ro/indicatori/firme-infiintate-judete-ro/calarasi,2026-09-01
Firme înființate pe județe,2026-07-01,110.0000,Număr,RO-CL,ONRC,https://www.onrc.ro,https://ecifre.ro/indicatori/firme-infiintate-judete-ro/calarasi,2026-09-01
Firme înființate pe județe,2014-01-01,289.0000,Număr,RO-DJ,ONRC,https://www.onrc.ro,https://ecifre.ro/indicatori/firme-infiintate-judete-ro/dolj,2026-09-01
Firme înființate pe județe,2015-01-01,251.0000,Număr,RO-DJ,ONRC,https://www.onrc.ro,https://ecifre.ro/indicatori/firme-infiintate-judete-ro/dolj,2026-09-01
Firme înființate pe județe,2016-01-01,249.0000,Număr,RO-DJ,ONRC,https://www.onrc.ro,https://ecifre.ro/indicatori/firme-infiintate-judete-ro/dolj,2026-09-01
Firme înființate pe județe,2017-01-01,153.0000,Număr,RO-DJ,ONRC,https://www.onrc.ro,https://ecifre.ro/indicatori/firme-infiintate-judete-ro/dolj,2026-09-01
Firme înființate pe județe,2017-03-01,595.0000,Număr,RO-DJ,ONRC,https://www.onrc.ro,https://ecifre.ro/indicatori/firme-infiintate-judete-ro/dolj,2026-09-01
Firme înființate pe județe,2017-04-01,482.0000,Număr,RO-DJ,ONRC,https://www.onrc.ro,https://ecifre.ro/indicatori/firme-infiintate-judete-ro/dolj,2026-09-01
Firme înființate pe județe,2017-05-01,625.0000,Număr,RO-DJ,ONRC,https://www.onrc.ro,https://ecifre.ro/indicatori/firme-infiintate-judete-ro/dolj,2026-09-01
Firme înființate pe județe,2017-06-01,480.0000,Număr,RO-DJ,ONRC,https://www.onrc.ro,https://ecifre.ro/indicatori/firme-infiintate-judete-ro/dolj,2026-09-01
Firme înființate pe județe,2017-07-01,405.0000,Număr,RO-DJ,ONRC,https://www.onrc.ro,https://ecifre.ro/indicatori/firme-infiintate-judete-ro/dolj,2026-09-01
Firme înființate pe județe,2017-08-01,209.0000,Număr,RO-DJ,ONRC,https://www.onrc.ro,https://ecifre.ro/indicatori/firme-infiintate-judete-ro/dolj,2026-09-01
Firme înființate pe județe,2017-09-01,237.0000,Număr,RO-DJ,ONRC,https://www.onrc.ro,https://ecifre.ro/indicatori/firme-infiintate-judete-ro/dolj,2026-09-01
Firme înființate pe județe,2017-10-01,242.0000,Număr,RO-DJ,ONRC,https://www.onrc.ro,https://ecifre.ro/indicatori/firme-infiintate-judete-ro/dolj,2026-09-01
Firme înființate pe județe,2017-11-01,264.0000,Număr,RO-DJ,ONRC,https://www.onrc.ro,https://ecifre.ro/indicatori/firme-infiintate-judete-ro/dolj,2026-09-01
Firme înființate pe județe,2017-12-01,216.0000,Număr,RO-DJ,ONRC,https://www.onrc.ro,https://ecifre.ro/indicatori/firme-infiintate-judete-ro/dolj,2026-09-01
Firme înființate pe județe,2018-01-01,385.0000,Număr,RO-DJ,ONRC,https://www.onrc.ro,https://ecifre.ro/indicatori/firme-infiintate-judete-ro/dolj,2026-09-01
Firme înființate pe județe,2018-02-01,510.0000,Număr,RO-DJ,ONRC,https://www.onrc.ro,https://ecifre.ro/indicatori/firme-infiintate-judete-ro/dolj,2026-09-01
Firme înființate pe județe,2018-03-01,587.0000,Număr,RO-DJ,ONRC,https://www.onrc.ro,https://ecifre.ro/indicatori/firme-infiintate-judete-ro/dolj,2026-09-01
Firme înființate pe județe,2018-04-01,407.0000,Număr,RO-DJ,ONRC,https://www.onrc.ro,https://ecifre.ro/indicatori/firme-infiintate-judete-ro/dolj,2026-09-01
Firme înființate pe județe,2018-05-01,429.0000,Număr,RO-DJ,ONRC,https://www.onrc.ro,https://ecifre.ro/indicatori/firme-infiintate-judete-ro/dolj,2026-09-01
Firme înființate pe județe,2018-06-01,280.0000,Număr,RO-DJ,ONRC,https://www.onrc.ro,https://ecifre.ro/indicatori/firme-infiintate-judete-ro/dolj,2026-09-01
Firme înființate pe județe,2018-07-01,269.0000,Număr,RO-DJ,ONRC,https://www.onrc.ro,https://ecifre.ro/indicatori/firme-infiintate-judete-ro/dolj,2026-09-01
Firme înființate pe județe,2018-08-01,231.0000,Număr,RO-DJ,ONRC,https://www.onrc.ro,https://ecifre.ro/indicatori/firme-infiintate-judete-ro/dolj,2026-09-01
Firme înființate pe județe,2018-09-01,229.0000,Număr,RO-DJ,ONRC,https://www.onrc.ro,https://ecifre.ro/indicatori/firme-infiintate-judete-ro/dolj,2026-09-01
Firme înființate pe județe,2018-10-01,373.0000,Număr,RO-DJ,ONRC,https://www.onrc.ro,https://ecifre.ro/indicatori/firme-infiintate-judete-ro/dolj,2026-09-01
Firme înființate pe județe,2018-11-01,395.0000,Număr,RO-DJ,ONRC,https://www.onrc.ro,https://ecifre.ro/indicatori/firme-infiintate-judete-ro/dolj,2026-09-01
Firme înființate pe județe,2018-12-01,382.0000,Număr,RO-DJ,ONRC,https://www.onrc.ro,https://ecifre.ro/indicatori/firme-infiintate-judete-ro/dolj,2026-09-01
Firme înființate pe județe,2019-01-01,550.0000,Număr,RO-DJ,ONRC,https://www.onrc.ro,https://ecifre.ro/indicatori/firme-infiintate-judete-ro/dolj,2026-09-01
Firme înființate pe județe,2019-02-01,420.0000,Număr,RO-DJ,ONRC,https://www.onrc.ro,https://ecifre.ro/indicatori/firme-infiintate-judete-ro/dolj,2026-09-01
Firme înființate pe județe,2019-03-01,329.0000,Număr,RO-DJ,ONRC,https://www.onrc.ro,https://ecifre.ro/indicatori/firme-infiintate-judete-ro/dolj,2026-09-01
Firme înființate pe județe,2019-04-01,514.0000,Număr,RO-DJ,ONRC,https://www.onrc.ro,https://ecifre.ro/indicatori/firme-infiintate-judete-ro/dolj,2026-09-01
Firme înființate pe județe,2019-05-01,440.0000,Număr,RO-DJ,ONRC,https://www.onrc.ro,https://ecifre.ro/indicatori/firme-infiintate-judete-ro/dolj,2026-09-01
Firme înființate pe județe,2019-06-01,295.0000,Număr,RO-DJ,ONRC,https://www.onrc.ro,https://ecifre.ro/indicatori/firme-infiintate-judete-ro/dolj,2026-09-01
Firme înființate pe județe,2019-07-01,358.0000,Număr,RO-DJ,ONRC,https://www.onrc.ro,https://ecifre.ro/indicatori/firme-infiintate-judete-ro/dolj,2026-09-01
Firme înființate pe județe,2019-08-01,259.0000,Număr,RO-DJ,ONRC,https://www.onrc.ro,https://ecifre.ro/indicatori/firme-infiintate-judete-ro/dolj,2026-09-01
Firme înființate pe județe,2019-09-01,244.0000,Număr,RO-DJ,ONRC,https://www.onrc.ro,https://ecifre.ro/indicatori/firme-infiintate-judete-ro/dolj,2026-09-01
Firme înființate pe județe,2019-10-01,291.0000,Număr,RO-DJ,ONRC,https://www.onrc.ro,https://ecifre.ro/indicatori/firme-infiintate-judete-ro/dolj,2026-09-01
Firme înființate pe județe,2019-11-01,252.0000,Număr,RO-DJ,ONRC,https://www.onrc.ro,https://ecifre.ro/indicatori/firme-infiintate-judete-ro/dolj,2026-09-01
Firme înființate pe județe,2019-12-01,329.0000,Număr,RO-DJ,ONRC,https://www.onrc.ro,https://ecifre.ro/indicatori/firme-infiintate-judete-ro/dolj,2026-09-01
Firme înființate pe județe,2020-01-01,263.0000,Număr,RO-DJ,ONRC,https://www.onrc.ro,https://ecifre.ro/indicatori/firme-infiintate-judete-ro/dolj,2026-09-01
Firme înființate pe județe,2020-02-01,344.0000,Număr,RO-DJ,ONRC,https://www.onrc.ro,https://ecifre.ro/indicatori/firme-infiintate-judete-ro/dolj,2026-09-01
Firme înființate pe județe,2020-03-01,147.0000,Număr,RO-DJ,ONRC,https://www.onrc.ro,https://ecifre.ro/indicatori/firme-infiintate-judete-ro/dolj,2026-09-01
Firme înființate pe județe,2020-04-01,90.0000,Număr,RO-DJ,ONRC,https://www.onrc.ro,https://ecifre.ro/indicatori/firme-infiintate-judete-ro/dolj,2026-09-01
Firme înființate pe județe,2020-05-01,244.0000,Număr,RO-DJ,ONRC,https://www.onrc.ro,https://ecifre.ro/indicatori/firme-infiintate-judete-ro/dolj,2026-09-01
Firme înființate pe județe,2020-06-01,345.0000,Număr,RO-DJ,ONRC,https://www.onrc.ro,https://ecifre.ro/indicatori/firme-infiintate-judete-ro/dolj,2026-09-01
Firme înființate pe județe,2020-07-01,364.0000,Număr,RO-DJ,ONRC,https://www.onrc.ro,https://ecifre.ro/indicatori/firme-infiintate-judete-ro/dolj,2026-09-01
Firme înființate pe județe,2020-08-01,294.0000,Număr,RO-DJ,ONRC,https://www.onrc.ro,https://ecifre.ro/indicatori/firme-infiintate-judete-ro/dolj,2026-09-01
Firme înființate pe județe,2020-09-01,293.0000,Număr,RO-DJ,ONRC,https://www.onrc.ro,https://ecifre.ro/indicatori/firme-infiintate-judete-ro/dolj,2026-09-01
Firme înființate pe județe,2020-10-01,305.0000,Număr,RO-DJ,ONRC,https://www.onrc.ro,https://ecifre.ro/indicatori/firme-infiintate-judete-ro/dolj,2026-09-01
Firme înființate pe județe,2020-11-01,312.0000,Număr,RO-DJ,ONRC,https://www.onrc.ro,https://ecifre.ro/indicatori/firme-infiintate-judete-ro/dolj,2026-09-01
Firme înființate pe județe,2020-12-01,264.0000,Număr,RO-DJ,ONRC,https://www.onrc.ro,https://ecifre.ro/indicatori/firme-infiintate-judete-ro/dolj,2026-09-01
Firme înființate pe județe,2021-02-01,491.0000,Număr,RO-DJ,ONRC,https://www.onrc.ro,https://ecifre.ro/indicatori/firme-infiintate-judete-ro/dolj,2026-09-01
Firme înființate pe județe,2021-03-01,587.0000,Număr,RO-DJ,ONRC,https://www.onrc.ro,https://ecifre.ro/indicatori/firme-infiintate-judete-ro/dolj,2026-09-01
Firme înființate pe județe,2021-04-01,545.0000,Număr,RO-DJ,ONRC,https://www.onrc.ro,https://ecifre.ro/indicatori/firme-infiintate-judete-ro/dolj,2026-09-01
Firme înființate pe județe,2021-05-01,343.0000,Număr,RO-DJ,ONRC,https://www.onrc.ro,https://ecifre.ro/indicatori/firme-infiintate-judete-ro/dolj,2026-09-01
Firme înființate pe județe,2021-06-01,357.0000,Număr,RO-DJ,ONRC,https://www.onrc.ro,https://ecifre.ro/indicatori/firme-infiintate-judete-ro/dolj,2026-09-01
Firme înființate pe județe,2021-07-01,334.0000,Număr,RO-DJ,ONRC,https://www.onrc.ro,https://ecifre.ro/indicatori/firme-infiintate-judete-ro/dolj,2026-09-01
Firme înființate pe județe,2021-08-01,285.0000,Număr,RO-DJ,ONRC,https://www.onrc.ro,https://ecifre.ro/indicatori/firme-infiintate-judete-ro/dolj,2026-09-01
Firme înființate pe județe,2021-09-01,352.0000,Număr,RO-DJ,ONRC,https://www.onrc.ro,https://ecifre.ro/indicatori/firme-infiintate-judete-ro/dolj,2026-09-01
Firme înființate pe județe,2021-10-01,434.0000,Număr,RO-DJ,ONRC,https://www.onrc.ro,https://ecifre.ro/indicatori/firme-infiintate-judete-ro/dolj,2026-09-01
Firme înființate pe județe,2021-11-01,297.0000,Număr,RO-DJ,ONRC,https://www.onrc.ro,https://ecifre.ro/indicatori/firme-infiintate-judete-ro/dolj,2026-09-01
Firme înființate pe județe,2021-12-01,211.0000,Număr,RO-DJ,ONRC,https://www.onrc.ro,https://ecifre.ro/indicatori/firme-infiintate-judete-ro/dolj,2026-09-01
Firme înființate pe județe,2022-02-01,307.0000,Număr,RO-DJ,ONRC,https://www.onrc.ro,https://ecifre.ro/indicatori/firme-infiintate-judete-ro/dolj,2026-09-01
Firme înființate pe județe,2022-03-01,322.0000,Număr,RO-DJ,ONRC,https://www.onrc.ro,https://ecifre.ro/indicatori/firme-infiintate-judete-ro/dolj,2026-09-01
Firme înființate pe județe,2022-04-01,311.0000,Număr,RO-DJ,ONRC,https://www.onrc.ro,https://ecifre.ro/indicatori/firme-infiintate-judete-ro/dolj,2026-09-01
Firme înființate pe județe,2022-05-01,402.0000,Număr,RO-DJ,ONRC,https://www.onrc.ro,https://ecifre.ro/indicatori/firme-infiintate-judete-ro/dolj,2026-09-01
Firme înființate pe județe,2022-07-01,395.0000,Număr,RO-DJ,ONRC,https://www.onrc.ro,https://ecifre.ro/indicatori/firme-infiintate-judete-ro/dolj,2026-09-01
Firme înființate pe județe,2022-08-01,437.0000,Număr,RO-DJ,ONRC,https://www.onrc.ro,https://ecifre.ro/indicatori/firme-infiintate-judete-ro/dolj,2026-09-01
Firme înființate pe județe,2022-09-01,385.0000,Număr,RO-DJ,ONRC,https://www.onrc.ro,https://ecifre.ro/indicatori/firme-infiintate-judete-ro/dolj,2026-09-01
Firme înființate pe județe,2022-10-01,310.0000,Număr,RO-DJ,ONRC,https://www.onrc.ro,https://ecifre.ro/indicatori/firme-infiintate-judete-ro/dolj,2026-09-01
Firme înființate pe județe,2022-11-01,267.0000,Număr,RO-DJ,ONRC,https://www.onrc.ro,https://ecifre.ro/indicatori/firme-infiintate-judete-ro/dolj,2026-09-01
Firme înființate pe județe,2022-12-01,375.0000,Număr,RO-DJ,ONRC,https://www.onrc.ro,https://ecifre.ro/indicatori/firme-infiintate-judete-ro/dolj,2026-09-01
Firme înființate pe județe,2023-02-01,412.0000,Număr,RO-DJ,ONRC,https://www.onrc.ro,https://ecifre.ro/indicatori/firme-infiintate-judete-ro/dolj,2026-09-01
Firme înființate pe județe,2023-03-01,470.0000,Număr,RO-DJ,ONRC,https://www.onrc.ro,https://ecifre.ro/indicatori/firme-infiintate-judete-ro/dolj,2026-09-01
Firme înființate pe județe,2023-04-01,314.0000,Număr,RO-DJ,ONRC,https://www.onrc.ro,https://ecifre.ro/indicatori/firme-infiintate-judete-ro/dolj,2026-09-01
Firme înființate pe județe,2023-05-01,390.0000,Număr,RO-DJ,ONRC,https://www.onrc.ro,https://ecifre.ro/indicatori/firme-infiintate-judete-ro/dolj,2026-09-01
Firme înființate pe județe,2023-06-01,268.0000,Număr,RO-DJ,ONRC,https://www.onrc.ro,https://ecifre.ro/indicatori/firme-infiintate-judete-ro/dolj,2026-09-01
Firme înființate pe județe,2023-07-01,272.0000,Număr,RO-DJ,ONRC,https://www.onrc.ro,https://ecifre.ro/indicatori/firme-infiintate-judete-ro/dolj,2026-09-01
Firme înființate pe județe,2023-08-01,406.0000,Număr,RO-DJ,ONRC,https://www.onrc.ro,https://ecifre.ro/indicatori/firme-infiintate-judete-ro/dolj,2026-09-01
Firme înființate pe județe,2023-09-01,382.0000,Număr,RO-DJ,ONRC,https://www.onrc.ro,https://ecifre.ro/indicatori/firme-infiintate-judete-ro/dolj,2026-09-01
Firme înființate pe județe,2023-10-01,339.0000,Număr,RO-DJ,ONRC,https://www.onrc.ro,https://ecifre.ro/indicatori/firme-infiintate-judete-ro/dolj,2026-09-01
Firme înființate pe județe,2023-11-01,419.0000,Număr,RO-DJ,ONRC,https://www.onrc.ro,https://ecifre.ro/indicatori/firme-infiintate-judete-ro/dolj,2026-09-01
Firme înființate pe județe,2023-12-01,228.0000,Număr,RO-DJ,ONRC,https://www.onrc.ro,https://ecifre.ro/indicatori/firme-infiintate-judete-ro/dolj,2026-09-01
Firme înființate pe județe,2024-02-01,366.0000,Număr,RO-DJ,ONRC,https://www.onrc.ro,https://ecifre.ro/indicatori/firme-infiintate-judete-ro/dolj,2026-09-01
Firme înființate pe județe,2024-03-01,319.0000,Număr,RO-DJ,ONRC,https://www.onrc.ro,https://ecifre.ro/indicatori/firme-infiintate-judete-ro/dolj,2026-09-01
Firme înființate pe județe,2024-04-01,304.0000,Număr,RO-DJ,ONRC,https://www.onrc.ro,https://ecifre.ro/indicatori/firme-infiintate-judete-ro/dolj,2026-09-01
Firme înființate pe județe,2024-05-01,252.0000,Număr,RO-DJ,ONRC,https://www.onrc.ro,https://ecifre.ro/indicatori/firme-infiintate-judete-ro/dolj,2026-09-01
Firme înființate pe județe,2024-06-01,237.0000,Număr,RO-DJ,ONRC,https://www.onrc.ro,https://ecifre.ro/indicatori/firme-infiintate-judete-ro/dolj,2026-09-01
Firme înființate pe județe,2024-07-01,150.0000,Număr,RO-DJ,ONRC,https://www.onrc.ro,https://ecifre.ro/indicatori/firme-infiintate-judete-ro/dolj,2026-09-01
Firme înființate pe județe,2024-08-01,78.0000,Număr,RO-DJ,ONRC,https://www.onrc.ro,https://ecifre.ro/indicatori/firme-infiintate-judete-ro/dolj,2026-09-01
Firme înființate pe județe,2024-09-01,237.0000,Număr,RO-DJ,ONRC,https://www.onrc.ro,https://ecifre.ro/indicatori/firme-infiintate-judete-ro/dolj,2026-09-01
Firme înființate pe județe,2024-10-01,458.0000,Număr,RO-DJ,ONRC,https://www.onrc.ro,https://ecifre.ro/indicatori/firme-infiintate-judete-ro/dolj,2026-09-01
Firme înființate pe județe,2024-11-01,250.0000,Număr,RO-DJ,ONRC,https://www.onrc.ro,https://ecifre.ro/indicatori/firme-infiintate-judete-ro/dolj,2026-09-01
Firme înființate pe județe,2024-12-01,217.0000,Număr,RO-DJ,ONRC,https://www.onrc.ro,https://ecifre.ro/indicatori/firme-infiintate-judete-ro/dolj,2026-09-01
Firme înființate pe județe,2025-01-01,242.0000,Număr,RO-DJ,ONRC,https://www.onrc.ro,https://ecifre.ro/indicatori/firme-infiintate-judete-ro/dolj,2026-09-01
Firme înființate pe județe,2025-02-01,291.0000,Număr,RO-DJ,ONRC,https://www.onrc.ro,https://ecifre.ro/indicatori/firme-infiintate-judete-ro/dolj,2026-09-01
Firme înființate pe județe,2025-03-01,340.0000,Număr,RO-DJ,ONRC,https://www.onrc.ro,https://ecifre.ro/indicatori/firme-infiintate-judete-ro/dolj,2026-09-01
Firme înființate pe județe,2025-04-01,321.0000,Număr,RO-DJ,ONRC,https://www.onrc.ro,https://ecifre.ro/indicatori/firme-infiintate-judete-ro/dolj,2026-09-01
Firme înființate pe județe,2025-05-01,404.0000,Număr,RO-DJ,ONRC,https://www.onrc.ro,https://ecifre.ro/indicatori/firme-infiintate-judete-ro/dolj,2026-09-01
Firme înființate pe județe,2025-06-01,623.0000,Număr,RO-DJ,ONRC,https://www.onrc.ro,https://ecifre.ro/indicatori/firme-infiintate-judete-ro/dolj,2026-09-01
Firme înființate pe județe,2025-07-01,622.0000,Număr,RO-DJ,ONRC,https://www.onrc.ro,https://ecifre.ro/indicatori/firme-infiintate-judete-ro/dolj,2026-09-01
Firme înființate pe județe,2025-08-01,343.0000,Număr,RO-DJ,ONRC,https://www.onrc.ro,https://ecifre.ro/indicatori/firme-infiintate-judete-ro/dolj,2026-09-01
Firme înființate pe județe,2025-09-01,480.0000,Număr,RO-DJ,ONRC,https://www.onrc.ro,https://ecifre.ro/indicatori/firme-infiintate-judete-ro/dolj,2026-09-01
Firme înființate pe județe,2025-10-01,468.0000,Număr,RO-DJ,ONRC,https://www.onrc.ro,https://ecifre.ro/indicatori/firme-infiintate-judete-ro/dolj,2026-09-01
Firme înființate pe județe,2025-11-01,516.0000,Număr,RO-DJ,ONRC,https://www.onrc.ro,https://ecifre.ro/indicatori/firme-infiintate-judete-ro/dolj,2026-09-01
Firme înființate pe județe,2025-12-01,333.0000,Număr,RO-DJ,ONRC,https://www.onrc.ro,https://ecifre.ro/indicatori/firme-infiintate-judete-ro/dolj,2026-09-01
Firme înființate pe județe,2026-01-01,350.0000,Număr,RO-DJ,ONRC,https://www.onrc.ro,https://ecifre.ro/indicatori/firme-infiintate-judete-ro/dolj,2026-09-01
Firme înființate pe județe,2026-02-01,406.0000,Număr,RO-DJ,ONRC,https://www.onrc.ro,https://ecifre.ro/indicatori/firme-infiintate-judete-ro/dolj,2026-09-01
Firme înființate pe județe,2026-03-01,431.0000,Număr,RO-DJ,ONRC,https://www.onrc.ro,https://ecifre.ro/indicatori/firme-infiintate-judete-ro/dolj,2026-09-01
Firme înființate pe județe,2026-04-01,279.0000,Număr,RO-DJ,ONRC,https://www.onrc.ro,https://ecifre.ro/indicatori/firme-infiintate-judete-ro/dolj,2026-09-01
Firme înființate pe județe,2026-05-01,335.0000,Număr,RO-DJ,ONRC,https://www.onrc.ro,https://ecifre.ro/indicatori/firme-infiintate-judete-ro/dolj,2026-09-01
Firme înființate pe județe,2026-06-01,331.0000,Număr,RO-DJ,ONRC,https://www.onrc.ro,https://ecifre.ro/indicatori/firme-infiintate-judete-ro/dolj,2026-09-01
Firme înființate pe județe,2026-07-01,304.0000,Număr,RO-DJ,ONRC,https://www.onrc.ro,https://ecifre.ro/indicatori/firme-infiintate-judete-ro/dolj,2026-09-01
Firme înființate pe județe,2014-01-01,149.0000,Număr,RO-DB,ONRC,https://www.onrc.ro,https://ecifre.ro/indicatori/firme-infiintate-judete-ro/dambovita,2026-09-01
Firme înființate pe județe,2015-01-01,164.0000,Număr,RO-DB,ONRC,https://www.onrc.ro,https://ecifre.ro/indicatori/firme-infiintate-judete-ro/dambovita,2026-09-01
Firme înființate pe județe,2016-01-01,198.0000,Număr,RO-DB,ONRC,https://www.onrc.ro,https://ecifre.ro/indicatori/firme-infiintate-judete-ro/dambovita,2026-09-01
Firme înființate pe județe,2017-01-01,131.0000,Număr,RO-DB,ONRC,https://www.onrc.ro,https://ecifre.ro/indicatori/firme-infiintate-judete-ro/dambovita,2026-09-01
Firme înființate pe județe,2017-03-01,459.0000,Număr,RO-DB,ONRC,https://www.onrc.ro,https://ecifre.ro/indicatori/firme-infiintate-judete-ro/dambovita,2026-09-01
Firme înființate pe județe,2017-04-01,463.0000,Număr,RO-DB,ONRC,https://www.onrc.ro,https://ecifre.ro/indicatori/firme-infiintate-judete-ro/dambovita,2026-09-01
Firme înființate pe județe,2017-05-01,571.0000,Număr,RO-DB,ONRC,https://www.onrc.ro,https://ecifre.ro/indicatori/firme-infiintate-judete-ro/dambovita,2026-09-01
Firme înființate pe județe,2017-06-01,303.0000,Număr,RO-DB,ONRC,https://www.onrc.ro,https://ecifre.ro/indicatori/firme-infiintate-judete-ro/dambovita,2026-09-01
Firme înființate pe județe,2017-07-01,271.0000,Număr,RO-DB,ONRC,https://www.onrc.ro,https://ecifre.ro/indicatori/firme-infiintate-judete-ro/dambovita,2026-09-01
Firme înființate pe județe,2017-08-01,191.0000,Număr,RO-DB,ONRC,https://www.onrc.ro,https://ecifre.ro/indicatori/firme-infiintate-judete-ro/dambovita,2026-09-01
Firme înființate pe județe,2017-09-01,164.0000,Număr,RO-DB,ONRC,https://www.onrc.ro,https://ecifre.ro/indicatori/firme-infiintate-judete-ro/dambovita,2026-09-01
Firme înființate pe județe,2017-10-01,186.0000,Număr,RO-DB,ONRC,https://www.onrc.ro,https://ecifre.ro/indicatori/firme-infiintate-judete-ro/dambovita,2026-09-01
Firme înființate pe județe,2017-11-01,140.0000,Număr,RO-DB,ONRC,https://www.onrc.ro,https://ecifre.ro/indicatori/firme-infiintate-judete-ro/dambovita,2026-09-01
Firme înființate pe județe,2017-12-01,126.0000,Număr,RO-DB,ONRC,https://www.onrc.ro,https://ecifre.ro/indicatori/firme-infiintate-judete-ro/dambovita,2026-09-01
Firme înființate pe județe,2018-01-01,352.0000,Număr,RO-DB,ONRC,https://www.onrc.ro,https://ecifre.ro/indicatori/firme-infiintate-judete-ro/dambovita,2026-09-01
Firme înființate pe județe,2018-02-01,519.0000,Număr,RO-DB,ONRC,https://www.onrc.ro,https://ecifre.ro/indicatori/firme-infiintate-judete-ro/dambovita,2026-09-01
Firme înființate pe județe,2018-03-01,612.0000,Număr,RO-DB,ONRC,https://www.onrc.ro,https://ecifre.ro/indicatori/firme-infiintate-judete-ro/dambovita,2026-09-01
Firme înființate pe județe,2018-04-01,488.0000,Număr,RO-DB,ONRC,https://www.onrc.ro,https://ecifre.ro/indicatori/firme-infiintate-judete-ro/dambovita,2026-09-01
Firme înființate pe județe,2018-05-01,438.0000,Număr,RO-DB,ONRC,https://www.onrc.ro,https://ecifre.ro/indicatori/firme-infiintate-judete-ro/dambovita,2026-09-01
Firme înființate pe județe,2018-06-01,226.0000,Număr,RO-DB,ONRC,https://www.onrc.ro,https://ecifre.ro/indicatori/firme-infiintate-judete-ro/dambovita,2026-09-01
Firme înființate pe județe,2018-07-01,211.0000,Număr,RO-DB,ONRC,https://www.onrc.ro,https://ecifre.ro/indicatori/firme-infiintate-judete-ro/dambovita,2026-09-01
Firme înființate pe județe,2018-08-01,213.0000,Număr,RO-DB,ONRC,https://www.onrc.ro,https://ecifre.ro/indicatori/firme-infiintate-judete-ro/dambovita,2026-09-01
Firme înființate pe județe,2018-09-01,162.0000,Număr,RO-DB,ONRC,https://www.onrc.ro,https://ecifre.ro/indicatori/firme-infiintate-judete-ro/dambovita,2026-09-01
Firme înființate pe județe,2018-10-01,253.0000,Număr,RO-DB,ONRC,https://www.onrc.ro,https://ecifre.ro/indicatori/firme-infiintate-judete-ro/dambovita,2026-09-01
Firme înființate pe județe,2018-11-01,285.0000,Număr,RO-DB,ONRC,https://www.onrc.ro,https://ecifre.ro/indicatori/firme-infiintate-judete-ro/dambovita,2026-09-01
Firme înființate pe județe,2018-12-01,250.0000,Număr,RO-DB,ONRC,https://www.onrc.ro,https://ecifre.ro/indicatori/firme-infiintate-judete-ro/dambovita,2026-09-01
Firme înființate pe județe,2019-01-01,386.0000,Număr,RO-DB,ONRC,https://www.onrc.ro,https://ecifre.ro/indicatori/firme-infiintate-judete-ro/dambovita,2026-09-01
Firme înființate pe județe,2019-02-01,298.0000,Număr,RO-DB,ONRC,https://www.onrc.ro,https://ecifre.ro/indicatori/firme-infiintate-judete-ro/dambovita,2026-09-01
Firme înființate pe județe,2019-03-01,389.0000,Număr,RO-DB,ONRC,https://www.onrc.ro,https://ecifre.ro/indicatori/firme-infiintate-judete-ro/dambovita,2026-09-01
Firme înființate pe județe,2019-04-01,453.0000,Număr,RO-DB,ONRC,https://www.onrc.ro,https://ecifre.ro/indicatori/firme-infiintate-judete-ro/dambovita,2026-09-01
Firme înființate pe județe,2019-05-01,309.0000,Număr,RO-DB,ONRC,https://www.onrc.ro,https://ecifre.ro/indicatori/firme-infiintate-judete-ro/dambovita,2026-09-01
Firme înființate pe județe,2019-06-01,204.0000,Număr,RO-DB,ONRC,https://www.onrc.ro,https://ecifre.ro/indicatori/firme-infiintate-judete-ro/dambovita,2026-09-01
Firme înființate pe județe,2019-07-01,215.0000,Număr,RO-DB,ONRC,https://www.onrc.ro,https://ecifre.ro/indicatori/firme-infiintate-judete-ro/dambovita,2026-09-01
Firme înființate pe județe,2019-08-01,174.0000,Număr,RO-DB,ONRC,https://www.onrc.ro,https://ecifre.ro/indicatori/firme-infiintate-judete-ro/dambovita,2026-09-01
Firme înființate pe județe,2019-09-01,208.0000,Număr,RO-DB,ONRC,https://www.onrc.ro,https://ecifre.ro/indicatori/firme-infiintate-judete-ro/dambovita,2026-09-01
Firme înființate pe județe,2019-10-01,188.0000,Număr,RO-DB,ONRC,https://www.onrc.ro,https://ecifre.ro/indicatori/firme-infiintate-judete-ro/dambovita,2026-09-01
Firme înființate pe județe,2019-11-01,146.0000,Număr,RO-DB,ONRC,https://www.onrc.ro,https://ecifre.ro/indicatori/firme-infiintate-judete-ro/dambovita,2026-09-01
Firme înființate pe județe,2019-12-01,128.0000,Număr,RO-DB,ONRC,https://www.onrc.ro,https://ecifre.ro/indicatori/firme-infiintate-judete-ro/dambovita,2026-09-01
Firme înființate pe județe,2020-01-01,168.0000,Număr,RO-DB,ONRC,https://www.onrc.ro,https://ecifre.ro/indicatori/firme-infiintate-judete-ro/dambovita,2026-09-01
Firme înființate pe județe,2020-02-01,183.0000,Număr,RO-DB,ONRC,https://www.onrc.ro,https://ecifre.ro/indicatori/firme-infiintate-judete-ro/dambovita,2026-09-01
Firme înființate pe județe,2020-03-01,119.0000,Număr,RO-DB,ONRC,https://www.onrc.ro,https://ecifre.ro/indicatori/firme-infiintate-judete-ro/dambovita,2026-09-01
Firme înființate pe județe,2020-04-01,52.0000,Număr,RO-DB,ONRC,https://www.onrc.ro,https://ecifre.ro/indicatori/firme-infiintate-judete-ro/dambovita,2026-09-01
Firme înființate pe județe,2020-05-01,173.0000,Număr,RO-DB,ONRC,https://www.onrc.ro,https://ecifre.ro/indicatori/firme-infiintate-judete-ro/dambovita,2026-09-01
Firme înființate pe județe,2020-06-01,265.0000,Număr,RO-DB,ONRC,https://www.onrc.ro,https://ecifre.ro/indicatori/firme-infiintate-judete-ro/dambovita,2026-09-01
Firme înființate pe județe,2020-07-01,215.0000,Număr,RO-DB,ONRC,https://www.onrc.ro,https://ecifre.ro/indicatori/firme-infiintate-judete-ro/dambovita,2026-09-01
Firme înființate pe județe,2020-08-01,194.0000,Număr,RO-DB,ONRC,https://www.onrc.ro,https://ecifre.ro/indicatori/firme-infiintate-judete-ro/dambovita,2026-09-01
Firme înființate pe județe,2020-09-01,188.0000,Număr,RO-DB,ONRC,https://www.onrc.ro,https://ecifre.ro/indicatori/firme-infiintate-judete-ro/dambovita,2026-09-01
Firme înființate pe județe,2020-10-01,189.0000,Număr,RO-DB,ONRC,https://www.onrc.ro,https://ecifre.ro/indicatori/firme-infiintate-judete-ro/dambovita,2026-09-01
Firme înființate pe județe,2020-11-01,143.0000,Număr,RO-DB,ONRC,https://www.onrc.ro,https://ecifre.ro/indicatori/firme-infiintate-judete-ro/dambovita,2026-09-01
Firme înființate pe județe,2020-12-01,167.0000,Număr,RO-DB,ONRC,https://www.onrc.ro,https://ecifre.ro/indicatori/firme-infiintate-judete-ro/dambovita,2026-09-01
Firme înființate pe județe,2021-02-01,397.0000,Număr,RO-DB,ONRC,https://www.onrc.ro,https://ecifre.ro/indicatori/firme-infiintate-judete-ro/dambovita,2026-09-01
Firme înființate pe județe,2021-05-01,509.0000,Număr,RO-DB,ONRC,https://www.onrc.ro,https://ecifre.ro/indicatori/firme-infiintate-judete-ro/dambovita,2026-09-01
Firme înființate pe județe,2021-06-01,342.0000,Număr,RO-DB,ONRC,https://www.onrc.ro,https://ecifre.ro/indicatori/firme-infiintate-judete-ro/dambovita,2026-09-01
Firme înființate pe județe,2021-07-01,220.0000,Număr,RO-DB,ONRC,https://www.onrc.ro,https://ecifre.ro/indicatori/firme-infiintate-judete-ro/dambovita,2026-09-01
Firme înființate pe județe,2021-08-01,224.0000,Număr,RO-DB,ONRC,https://www.onrc.ro,https://ecifre.ro/indicatori/firme-infiintate-judete-ro/dambovita,2026-09-01
Firme înființate pe județe,2021-09-01,253.0000,Număr,RO-DB,ONRC,https://www.onrc.ro,https://ecifre.ro/indicatori/firme-infiintate-judete-ro/dambovita,2026-09-01
Firme înființate pe județe,2021-10-01,226.0000,Număr,RO-DB,ONRC,https://www.onrc.ro,https://ecifre.ro/indicatori/firme-infiintate-judete-ro/dambovita,2026-09-01
Firme înființate pe județe,2021-11-01,133.0000,Număr,RO-DB,ONRC,https://www.onrc.ro,https://ecifre.ro/indicatori/firme-infiintate-judete-ro/dambovita,2026-09-01
Firme înființate pe județe,2021-12-01,157.0000,Număr,RO-DB,ONRC,https://www.onrc.ro,https://ecifre.ro/indicatori/firme-infiintate-judete-ro/dambovita,2026-09-01
Firme înființate pe județe,2022-02-01,230.0000,Număr,RO-DB,ONRC,https://www.onrc.ro,https://ecifre.ro/indicatori/firme-infiintate-judete-ro/dambovita,2026-09-01
Firme înființate pe județe,2022-03-01,222.0000,Număr,RO-DB,ONRC,https://www.onrc.ro,https://ecifre.ro/indicatori/firme-infiintate-judete-ro/dambovita,2026-09-01
Firme înființate pe județe,2022-04-01,203.0000,Număr,RO-DB,ONRC,https://www.onrc.ro,https://ecifre.ro/indicatori/firme-infiintate-judete-ro/dambovita,2026-09-01
Firme înființate pe județe,2022-05-01,268.0000,Număr,RO-DB,ONRC,https://www.onrc.ro,https://ecifre.ro/indicatori/firme-infiintate-judete-ro/dambovita,2026-09-01
Firme înființate pe județe,2022-07-01,245.0000,Număr,RO-DB,ONRC,https://www.onrc.ro,https://ecifre.ro/indicatori/firme-infiintate-judete-ro/dambovita,2026-09-01
Firme înființate pe județe,2022-08-01,236.0000,Număr,RO-DB,ONRC,https://www.onrc.ro,https://ecifre.ro/indicatori/firme-infiintate-judete-ro/dambovita,2026-09-01
Firme înființate pe județe,2022-09-01,224.0000,Număr,RO-DB,ONRC,https://www.onrc.ro,https://ecifre.ro/indicatori/firme-infiintate-judete-ro/dambovita,2026-09-01
Firme înființate pe județe,2022-10-01,228.0000,Număr,RO-DB,ONRC,https://www.onrc.ro,https://ecifre.ro/indicatori/firme-infiintate-judete-ro/dambovita,2026-09-01
Firme înființate pe județe,2022-11-01,192.0000,Număr,RO-DB,ONRC,https://www.onrc.ro,https://ecifre.ro/indicatori/firme-infiintate-judete-ro/dambovita,2026-09-01
Firme înființate pe județe,2022-12-01,150.0000,Număr,RO-DB,ONRC,https://www.onrc.ro,https://ecifre.ro/indicatori/firme-infiintate-judete-ro/dambovita,2026-09-01
Firme înființate pe județe,2023-02-01,204.0000,Număr,RO-DB,ONRC,https://www.onrc.ro,https://ecifre.ro/indicatori/firme-infiintate-judete-ro/dambovita,2026-09-01
Firme înființate pe județe,2023-03-01,337.0000,Număr,RO-DB,ONRC,https://www.onrc.ro,https://ecifre.ro/indicatori/firme-infiintate-judete-ro/dambovita,2026-09-01
Firme înființate pe județe,2023-04-01,412.0000,Număr,RO-DB,ONRC,https://www.onrc.ro,https://ecifre.ro/indicatori/firme-infiintate-judete-ro/dambovita,2026-09-01
Firme înființate pe județe,2023-05-01,581.0000,Număr,RO-DB,ONRC,https://www.onrc.ro,https://ecifre.ro/indicatori/firme-infiintate-judete-ro/dambovita,2026-09-01
Firme înființate pe județe,2023-06-01,240.0000,Număr,RO-DB,ONRC,https://www.onrc.ro,https://ecifre.ro/indicatori/firme-infiintate-judete-ro/dambovita,2026-09-01
Firme înființate pe județe,2023-07-01,207.0000,Număr,RO-DB,ONRC,https://www.onrc.ro,https://ecifre.ro/indicatori/firme-infiintate-judete-ro/dambovita,2026-09-01
Firme înființate pe județe,2023-08-01,200.0000,Număr,RO-DB,ONRC,https://www.onrc.ro,https://ecifre.ro/indicatori/firme-infiintate-judete-ro/dambovita,2026-09-01
Firme înființate pe județe,2023-09-01,221.0000,Număr,RO-DB,ONRC,https://www.onrc.ro,https://ecifre.ro/indicatori/firme-infiintate-judete-ro/dambovita,2026-09-01
Firme înființate pe județe,2023-10-01,184.0000,Număr,RO-DB,ONRC,https://www.onrc.ro,https://ecifre.ro/indicatori/firme-infiintate-judete-ro/dambovita,2026-09-01
Firme înființate pe județe,2023-11-01,238.0000,Număr,RO-DB,ONRC,https://www.onrc.ro,https://ecifre.ro/indicatori/firme-infiintate-judete-ro/dambovita,2026-09-01
Firme înființate pe județe,2023-12-01,176.0000,Număr,RO-DB,ONRC,https://www.onrc.ro,https://ecifre.ro/indicatori/firme-infiintate-judete-ro/dambovita,2026-09-01
Firme înființate pe județe,2024-02-01,247.0000,Număr,RO-DB,ONRC,https://www.onrc.ro,https://ecifre.ro/indicatori/firme-infiintate-judete-ro/dambovita,2026-09-01
Firme înființate pe județe,2024-03-01,235.0000,Număr,RO-DB,ONRC,https://www.onrc.ro,https://ecifre.ro/indicatori/firme-infiintate-judete-ro/dambovita,2026-09-01
Firme înființate pe județe,2024-04-01,191.0000,Număr,RO-DB,ONRC,https://www.onrc.ro,https://ecifre.ro/indicatori/firme-infiintate-judete-ro/dambovita,2026-09-01
Firme înființate pe județe,2024-05-01,163.0000,Număr,RO-DB,ONRC,https://www.onrc.ro,https://ecifre.ro/indicatori/firme-infiintate-judete-ro/dambovita,2026-09-01
Firme înființate pe județe,2024-06-01,141.0000,Număr,RO-DB,ONRC,https://www.onrc.ro,https://ecifre.ro/indicatori/firme-infiintate-judete-ro/dambovita,2026-09-01
Firme înființate pe județe,2024-07-01,113.0000,Număr,RO-DB,ONRC,https://www.onrc.ro,https://ecifre.ro/indicatori/firme-infiintate-judete-ro/dambovita,2026-09-01
Firme înființate pe județe,2024-08-01,97.0000,Număr,RO-DB,ONRC,https://www.onrc.ro,https://ecifre.ro/indicatori/firme-infiintate-judete-ro/dambovita,2026-09-01
Firme înființate pe județe,2024-09-01,185.0000,Număr,RO-DB,ONRC,https://www.onrc.ro,https://ecifre.ro/indicatori/firme-infiintate-judete-ro/dambovita,2026-09-01
Firme înființate pe județe,2024-10-01,269.0000,Număr,RO-DB,ONRC,https://www.onrc.ro,https://ecifre.ro/indicatori/firme-infiintate-judete-ro/dambovita,2026-09-01
Firme înființate pe județe,2024-11-01,205.0000,Număr,RO-DB,ONRC,https://www.onrc.ro,https://ecifre.ro/indicatori/firme-infiintate-judete-ro/dambovita,2026-09-01
Firme înființate pe județe,2024-12-01,131.0000,Număr,RO-DB,ONRC,https://www.onrc.ro,https://ecifre.ro/indicatori/firme-infiintate-judete-ro/dambovita,2026-09-01
Firme înființate pe județe,2025-01-01,179.0000,Număr,RO-DB,ONRC,https://www.onrc.ro,https://ecifre.ro/indicatori/firme-infiintate-judete-ro/dambovita,2026-09-01
Firme înființate pe județe,2025-02-01,214.0000,Număr,RO-DB,ONRC,https://www.onrc.ro,https://ecifre.ro/indicatori/firme-infiintate-judete-ro/dambovita,2026-09-01
Firme înființate pe județe,2025-03-01,224.0000,Număr,RO-DB,ONRC,https://www.onrc.ro,https://ecifre.ro/indicatori/firme-infiintate-judete-ro/dambovita,2026-09-01
Firme înființate pe județe,2025-04-01,185.0000,Număr,RO-DB,ONRC,https://www.onrc.ro,https://ecifre.ro/indicatori/firme-infiintate-judete-ro/dambovita,2026-09-01
Firme înființate pe județe,2025-05-01,223.0000,Număr,RO-DB,ONRC,https://www.onrc.ro,https://ecifre.ro/indicatori/firme-infiintate-judete-ro/dambovita,2026-09-01
Firme înființate pe județe,2025-06-01,185.0000,Număr,RO-DB,ONRC,https://www.onrc.ro,https://ecifre.ro/indicatori/firme-infiintate-judete-ro/dambovita,2026-09-01
Firme înființate pe județe,2025-07-01,248.0000,Număr,RO-DB,ONRC,https://www.onrc.ro,https://ecifre.ro/indicatori/firme-infiintate-judete-ro/dambovita,2026-09-01
Firme înființate pe județe,2025-08-01,204.0000,Număr,RO-DB,ONRC,https://www.onrc.ro,https://ecifre.ro/indicatori/firme-infiintate-judete-ro/dambovita,2026-09-01
Firme înființate pe județe,2025-09-01,311.0000,Număr,RO-DB,ONRC,https://www.onrc.ro,https://ecifre.ro/indicatori/firme-infiintate-judete-ro/dambovita,2026-09-01
Firme înființate pe județe,2025-10-01,284.0000,Număr,RO-DB,ONRC,https://www.onrc.ro,https://ecifre.ro/indicatori/firme-infiintate-judete-ro/dambovita,2026-09-01
Firme înființate pe județe,2025-11-01,239.0000,Număr,RO-DB,ONRC,https://www.onrc.ro,https://ecifre.ro/indicatori/firme-infiintate-judete-ro/dambovita,2026-09-01
Firme înființate pe județe,2025-12-01,208.0000,Număr,RO-DB,ONRC,https://www.onrc.ro,https://ecifre.ro/indicatori/firme-infiintate-judete-ro/dambovita,2026-09-01
Firme înființate pe județe,2026-01-01,167.0000,Număr,RO-DB,ONRC,https://www.onrc.ro,https://ecifre.ro/indicatori/firme-infiintate-judete-ro/dambovita,2026-09-01
Firme înființate pe județe,2026-02-01,277.0000,Număr,RO-DB,ONRC,https://www.onrc.ro,https://ecifre.ro/indicatori/firme-infiintate-judete-ro/dambovita,2026-09-01
Firme înființate pe județe,2026-03-01,211.0000,Număr,RO-DB,ONRC,https://www.onrc.ro,https://ecifre.ro/indicatori/firme-infiintate-judete-ro/dambovita,2026-09-01
Firme înființate pe județe,2026-04-01,215.0000,Număr,RO-DB,ONRC,https://www.onrc.ro,https://ecifre.ro/indicatori/firme-infiintate-judete-ro/dambovita,2026-09-01
Firme înființate pe județe,2026-05-01,230.0000,Număr,RO-DB,ONRC,https://www.onrc.ro,https://ecifre.ro/indicatori/firme-infiintate-judete-ro/dambovita,2026-09-01
Firme înființate pe județe,2026-06-01,182.0000,Număr,RO-DB,ONRC,https://www.onrc.ro,https://ecifre.ro/indicatori/firme-infiintate-judete-ro/dambovita,2026-09-01
Firme înființate pe județe,2026-07-01,173.0000,Număr,RO-DB,ONRC,https://www.onrc.ro,https://ecifre.ro/indicatori/firme-infiintate-judete-ro/dambovita,2026-09-01
Firme înființate pe județe,2014-01-01,197.0000,Număr,RO-GL,ONRC,https://www.onrc.ro,https://ecifre.ro/indicatori/firme-infiintate-judete-ro/galati,2026-09-01
Firme înființate pe județe,2015-01-01,204.0000,Număr,RO-GL,ONRC,https://www.onrc.ro,https://ecifre.ro/indicatori/firme-infiintate-judete-ro/galati,2026-09-01
Firme înființate pe județe,2016-01-01,193.0000,Număr,RO-GL,ONRC,https://www.onrc.ro,https://ecifre.ro/indicatori/firme-infiintate-judete-ro/galati,2026-09-01
Firme înființate pe județe,2017-01-01,121.0000,Număr,RO-GL,ONRC,https://www.onrc.ro,https://ecifre.ro/indicatori/firme-infiintate-judete-ro/galati,2026-09-01
Firme înființate pe județe,2017-03-01,301.0000,Număr,RO-GL,ONRC,https://www.onrc.ro,https://ecifre.ro/indicatori/firme-infiintate-judete-ro/galati,2026-09-01
Firme înființate pe județe,2017-04-01,268.0000,Număr,RO-GL,ONRC,https://www.onrc.ro,https://ecifre.ro/indicatori/firme-infiintate-judete-ro/galati,2026-09-01
Firme înființate pe județe,2017-05-01,311.0000,Număr,RO-GL,ONRC,https://www.onrc.ro,https://ecifre.ro/indicatori/firme-infiintate-judete-ro/galati,2026-09-01
Firme înființate pe județe,2017-06-01,314.0000,Număr,RO-GL,ONRC,https://www.onrc.ro,https://ecifre.ro/indicatori/firme-infiintate-judete-ro/galati,2026-09-01
Firme înființate pe județe,2017-07-01,256.0000,Număr,RO-GL,ONRC,https://www.onrc.ro,https://ecifre.ro/indicatori/firme-infiintate-judete-ro/galati,2026-09-01
Firme înființate pe județe,2017-08-01,160.0000,Număr,RO-GL,ONRC,https://www.onrc.ro,https://ecifre.ro/indicatori/firme-infiintate-judete-ro/galati,2026-09-01
Firme înființate pe județe,2017-09-01,195.0000,Număr,RO-GL,ONRC,https://www.onrc.ro,https://ecifre.ro/indicatori/firme-infiintate-judete-ro/galati,2026-09-01
Firme înființate pe județe,2017-10-01,187.0000,Număr,RO-GL,ONRC,https://www.onrc.ro,https://ecifre.ro/indicatori/firme-infiintate-judete-ro/galati,2026-09-01
Firme înființate pe județe,2017-11-01,192.0000,Număr,RO-GL,ONRC,https://www.onrc.ro,https://ecifre.ro/indicatori/firme-infiintate-judete-ro/galati,2026-09-01
Firme înființate pe județe,2017-12-01,164.0000,Număr,RO-GL,ONRC,https://www.onrc.ro,https://ecifre.ro/indicatori/firme-infiintate-judete-ro/galati,2026-09-01
Firme înființate pe județe,2018-01-01,220.0000,Număr,RO-GL,ONRC,https://www.onrc.ro,https://ecifre.ro/indicatori/firme-infiintate-judete-ro/galati,2026-09-01
Firme înființate pe județe,2018-02-01,302.0000,Număr,RO-GL,ONRC,https://www.onrc.ro,https://ecifre.ro/indicatori/firme-infiintate-judete-ro/galati,2026-09-01
Firme înființate pe județe,2018-03-01,247.0000,Număr,RO-GL,ONRC,https://www.onrc.ro,https://ecifre.ro/indicatori/firme-infiintate-judete-ro/galati,2026-09-01
Firme înființate pe județe,2018-04-01,215.0000,Număr,RO-GL,ONRC,https://www.onrc.ro,https://ecifre.ro/indicatori/firme-infiintate-judete-ro/galati,2026-09-01
Firme înființate pe județe,2018-05-01,242.0000,Număr,RO-GL,ONRC,https://www.onrc.ro,https://ecifre.ro/indicatori/firme-infiintate-judete-ro/galati,2026-09-01
Firme înființate pe județe,2018-06-01,189.0000,Număr,RO-GL,ONRC,https://www.onrc.ro,https://ecifre.ro/indicatori/firme-infiintate-judete-ro/galati,2026-09-01
Firme înființate pe județe,2018-07-01,189.0000,Număr,RO-GL,ONRC,https://www.onrc.ro,https://ecifre.ro/indicatori/firme-infiintate-judete-ro/galati,2026-09-01
Firme înființate pe județe,2018-08-01,191.0000,Număr,RO-GL,ONRC,https://www.onrc.ro,https://ecifre.ro/indicatori/firme-infiintate-judete-ro/galati,2026-09-01
Firme înființate pe județe,2018-09-01,167.0000,Număr,RO-GL,ONRC,https://www.onrc.ro,https://ecifre.ro/indicatori/firme-infiintate-judete-ro/galati,2026-09-01
Firme înființate pe județe,2018-10-01,243.0000,Număr,RO-GL,ONRC,https://www.onrc.ro,https://ecifre.ro/indicatori/firme-infiintate-judete-ro/galati,2026-09-01
Firme înființate pe județe,2018-11-01,229.0000,Număr,RO-GL,ONRC,https://www.onrc.ro,https://ecifre.ro/indicatori/firme-infiintate-judete-ro/galati,2026-09-01
Firme înființate pe județe,2018-12-01,212.0000,Număr,RO-GL,ONRC,https://www.onrc.ro,https://ecifre.ro/indicatori/firme-infiintate-judete-ro/galati,2026-09-01
Firme înființate pe județe,2019-01-01,344.0000,Număr,RO-GL,ONRC,https://www.onrc.ro,https://ecifre.ro/indicatori/firme-infiintate-judete-ro/galati,2026-09-01
Firme înființate pe județe,2019-02-01,318.0000,Număr,RO-GL,ONRC,https://www.onrc.ro,https://ecifre.ro/indicatori/firme-infiintate-judete-ro/galati,2026-09-01
Firme înființate pe județe,2019-03-01,275.0000,Număr,RO-GL,ONRC,https://www.onrc.ro,https://ecifre.ro/indicatori/firme-infiintate-judete-ro/galati,2026-09-01
Firme înființate pe județe,2019-04-01,279.0000,Număr,RO-GL,ONRC,https://www.onrc.ro,https://ecifre.ro/indicatori/firme-infiintate-judete-ro/galati,2026-09-01
Firme înființate pe județe,2019-05-01,276.0000,Număr,RO-GL,ONRC,https://www.onrc.ro,https://ecifre.ro/indicatori/firme-infiintate-judete-ro/galati,2026-09-01
Firme înființate pe județe,2019-06-01,203.0000,Număr,RO-GL,ONRC,https://www.onrc.ro,https://ecifre.ro/indicatori/firme-infiintate-judete-ro/galati,2026-09-01
Firme înființate pe județe,2019-07-01,222.0000,Număr,RO-GL,ONRC,https://www.onrc.ro,https://ecifre.ro/indicatori/firme-infiintate-judete-ro/galati,2026-09-01
Firme înființate pe județe,2019-08-01,165.0000,Număr,RO-GL,ONRC,https://www.onrc.ro,https://ecifre.ro/indicatori/firme-infiintate-judete-ro/galati,2026-09-01
Firme înființate pe județe,2019-09-01,154.0000,Număr,RO-GL,ONRC,https://www.onrc.ro,https://ecifre.ro/indicatori/firme-infiintate-judete-ro/galati,2026-09-01
Firme înființate pe județe,2019-10-01,212.0000,Număr,RO-GL,ONRC,https://www.onrc.ro,https://ecifre.ro/indicatori/firme-infiintate-judete-ro/galati,2026-09-01
Firme înființate pe județe,2019-11-01,147.0000,Număr,RO-GL,ONRC,https://www.onrc.ro,https://ecifre.ro/indicatori/firme-infiintate-judete-ro/galati,2026-09-01
Firme înființate pe județe,2019-12-01,167.0000,Număr,RO-GL,ONRC,https://www.onrc.ro,https://ecifre.ro/indicatori/firme-infiintate-judete-ro/galati,2026-09-01
Firme înființate pe județe,2020-01-01,172.0000,Număr,RO-GL,ONRC,https://www.onrc.ro,https://ecifre.ro/indicatori/firme-infiintate-judete-ro/galati,2026-09-01
Firme înființate pe județe,2020-02-01,210.0000,Număr,RO-GL,ONRC,https://www.onrc.ro,https://ecifre.ro/indicatori/firme-infiintate-judete-ro/galati,2026-09-01
Firme înființate pe județe,2020-03-01,144.0000,Număr,RO-GL,ONRC,https://www.onrc.ro,https://ecifre.ro/indicatori/firme-infiintate-judete-ro/galati,2026-09-01
Firme înființate pe județe,2020-04-01,70.0000,Număr,RO-GL,ONRC,https://www.onrc.ro,https://ecifre.ro/indicatori/firme-infiintate-judete-ro/galati,2026-09-01
Firme înființate pe județe,2020-05-01,131.0000,Număr,RO-GL,ONRC,https://www.onrc.ro,https://ecifre.ro/indicatori/firme-infiintate-judete-ro/galati,2026-09-01
Firme înființate pe județe,2020-06-01,182.0000,Număr,RO-GL,ONRC,https://www.onrc.ro,https://ecifre.ro/indicatori/firme-infiintate-judete-ro/galati,2026-09-01
Firme înființate pe județe,2020-07-01,205.0000,Număr,RO-GL,ONRC,https://www.onrc.ro,https://ecifre.ro/indicatori/firme-infiintate-judete-ro/galati,2026-09-01
Firme înființate pe județe,2020-08-01,191.0000,Număr,RO-GL,ONRC,https://www.onrc.ro,https://ecifre.ro/indicatori/firme-infiintate-judete-ro/galati,2026-09-01
Firme înființate pe județe,2020-09-01,196.0000,Număr,RO-GL,ONRC,https://www.onrc.ro,https://ecifre.ro/indicatori/firme-infiintate-judete-ro/galati,2026-09-01
Firme înființate pe județe,2020-10-01,191.0000,Număr,RO-GL,ONRC,https://www.onrc.ro,https://ecifre.ro/indicatori/firme-infiintate-judete-ro/galati,2026-09-01
Firme înființate pe județe,2020-11-01,176.0000,Număr,RO-GL,ONRC,https://www.onrc.ro,https://ecifre.ro/indicatori/firme-infiintate-judete-ro/galati,2026-09-01
Firme înființate pe județe,2020-12-01,148.0000,Număr,RO-GL,ONRC,https://www.onrc.ro,https://ecifre.ro/indicatori/firme-infiintate-judete-ro/galati,2026-09-01
Firme înființate pe județe,2021-02-01,363.0000,Număr,RO-GL,ONRC,https://www.onrc.ro,https://ecifre.ro/indicatori/firme-infiintate-judete-ro/galati,2026-09-01
Firme înființate pe județe,2021-03-01,359.0000,Număr,RO-GL,ONRC,https://www.onrc.ro,https://ecifre.ro/indicatori/firme-infiintate-judete-ro/galati,2026-09-01
Firme înființate pe județe,2021-04-01,292.0000,Număr,RO-GL,ONRC,https://www.onrc.ro,https://ecifre.ro/indicatori/firme-infiintate-judete-ro/galati,2026-09-01
Firme înființate pe județe,2021-05-01,193.0000,Număr,RO-GL,ONRC,https://www.onrc.ro,https://ecifre.ro/indicatori/firme-infiintate-judete-ro/galati,2026-09-01
Firme înființate pe județe,2021-06-01,229.0000,Număr,RO-GL,ONRC,https://www.onrc.ro,https://ecifre.ro/indicatori/firme-infiintate-judete-ro/galati,2026-09-01
Firme înființate pe județe,2021-07-01,199.0000,Număr,RO-GL,ONRC,https://www.onrc.ro,https://ecifre.ro/indicatori/firme-infiintate-judete-ro/galati,2026-09-01
Firme înființate pe județe,2021-08-01,226.0000,Număr,RO-GL,ONRC,https://www.onrc.ro,https://ecifre.ro/indicatori/firme-infiintate-judete-ro/galati,2026-09-01
Firme înființate pe județe,2021-09-01,219.0000,Număr,RO-GL,ONRC,https://www.onrc.ro,https://ecifre.ro/indicatori/firme-infiintate-judete-ro/galati,2026-09-01
Firme înființate pe județe,2021-10-01,199.0000,Număr,RO-GL,ONRC,https://www.onrc.ro,https://ecifre.ro/indicatori/firme-infiintate-judete-ro/galati,2026-09-01
Firme înființate pe județe,2021-11-01,192.0000,Număr,RO-GL,ONRC,https://www.onrc.ro,https://ecifre.ro/indicatori/firme-infiintate-judete-ro/galati,2026-09-01
Firme înființate pe județe,2021-12-01,171.0000,Număr,RO-GL,ONRC,https://www.onrc.ro,https://ecifre.ro/indicatori/firme-infiintate-judete-ro/galati,2026-09-01
Firme înființate pe județe,2022-02-01,220.0000,Număr,RO-GL,ONRC,https://www.onrc.ro,https://ecifre.ro/indicatori/firme-infiintate-judete-ro/galati,2026-09-01
Firme înființate pe județe,2022-03-01,210.0000,Număr,RO-GL,ONRC,https://www.onrc.ro,https://ecifre.ro/indicatori/firme-infiintate-judete-ro/galati,2026-09-01
Firme înființate pe județe,2022-04-01,183.0000,Număr,RO-GL,ONRC,https://www.onrc.ro,https://ecifre.ro/indicatori/firme-infiintate-judete-ro/galati,2026-09-01
Firme înființate pe județe,2022-05-01,262.0000,Număr,RO-GL,ONRC,https://www.onrc.ro,https://ecifre.ro/indicatori/firme-infiintate-judete-ro/galati,2026-09-01
Firme înființate pe județe,2022-07-01,274.0000,Număr,RO-GL,ONRC,https://www.onrc.ro,https://ecifre.ro/indicatori/firme-infiintate-judete-ro/galati,2026-09-01
Firme înființate pe județe,2022-08-01,306.0000,Număr,RO-GL,ONRC,https://www.onrc.ro,https://ecifre.ro/indicatori/firme-infiintate-judete-ro/galati,2026-09-01
Firme înființate pe județe,2022-09-01,276.0000,Număr,RO-GL,ONRC,https://www.onrc.ro,https://ecifre.ro/indicatori/firme-infiintate-judete-ro/galati,2026-09-01
Firme înființate pe județe,2022-10-01,224.0000,Număr,RO-GL,ONRC,https://www.onrc.ro,https://ecifre.ro/indicatori/firme-infiintate-judete-ro/galati,2026-09-01
Firme înființate pe județe,2022-11-01,269.0000,Număr,RO-GL,ONRC,https://www.onrc.ro,https://ecifre.ro/indicatori/firme-infiintate-judete-ro/galati,2026-09-01
Firme înființate pe județe,2022-12-01,278.0000,Număr,RO-GL,ONRC,https://www.onrc.ro,https://ecifre.ro/indicatori/firme-infiintate-judete-ro/galati,2026-09-01
Firme înființate pe județe,2023-02-01,217.0000,Număr,RO-GL,ONRC,https://www.onrc.ro,https://ecifre.ro/indicatori/firme-infiintate-judete-ro/galati,2026-09-01
Firme înființate pe județe,2023-03-01,277.0000,Număr,RO-GL,ONRC,https://www.onrc.ro,https://ecifre.ro/indicatori/firme-infiintate-judete-ro/galati,2026-09-01
Firme înființate pe județe,2023-04-01,175.0000,Număr,RO-GL,ONRC,https://www.onrc.ro,https://ecifre.ro/indicatori/firme-infiintate-judete-ro/galati,2026-09-01
Firme înființate pe județe,2023-05-01,237.0000,Număr,RO-GL,ONRC,https://www.onrc.ro,https://ecifre.ro/indicatori/firme-infiintate-judete-ro/galati,2026-09-01
Firme înființate pe județe,2023-06-01,177.0000,Număr,RO-GL,ONRC,https://www.onrc.ro,https://ecifre.ro/indicatori/firme-infiintate-judete-ro/galati,2026-09-01
Firme înființate pe județe,2023-07-01,197.0000,Număr,RO-GL,ONRC,https://www.onrc.ro,https://ecifre.ro/indicatori/firme-infiintate-judete-ro/galati,2026-09-01
Firme înființate pe județe,2023-08-01,212.0000,Număr,RO-GL,ONRC,https://www.onrc.ro,https://ecifre.ro/indicatori/firme-infiintate-judete-ro/galati,2026-09-01
Firme înființate pe județe,2023-09-01,189.0000,Număr,RO-GL,ONRC,https://www.onrc.ro,https://ecifre.ro/indicatori/firme-infiintate-judete-ro/galati,2026-09-01
Firme înființate pe județe,2023-10-01,231.0000,Număr,RO-GL,ONRC,https://www.onrc.ro,https://ecifre.ro/indicatori/firme-infiintate-judete-ro/galati,2026-09-01
Firme înființate pe județe,2023-11-01,278.0000,Număr,RO-GL,ONRC,https://www.onrc.ro,https://ecifre.ro/indicatori/firme-infiintate-judete-ro/galati,2026-09-01
Firme înființate pe județe,2023-12-01,221.0000,Număr,RO-GL,ONRC,https://www.onrc.ro,https://ecifre.ro/indicatori/firme-infiintate-judete-ro/galati,2026-09-01
Firme înființate pe județe,2024-02-01,193.0000,Număr,RO-GL,ONRC,https://www.onrc.ro,https://ecifre.ro/indicatori/firme-infiintate-judete-ro/galati,2026-09-01
Firme înființate pe județe,2024-03-01,203.0000,Număr,RO-GL,ONRC,https://www.onrc.ro,https://ecifre.ro/indicatori/firme-infiintate-judete-ro/galati,2026-09-01
Firme înființate pe județe,2024-04-01,197.0000,Număr,RO-GL,ONRC,https://www.onrc.ro,https://ecifre.ro/indicatori/firme-infiintate-judete-ro/galati,2026-09-01
Firme înființate pe județe,2024-05-01,162.0000,Număr,RO-GL,ONRC,https://www.onrc.ro,https://ecifre.ro/indicatori/firme-infiintate-judete-ro/galati,2026-09-01
Firme înființate pe județe,2024-06-01,166.0000,Număr,RO-GL,ONRC,https://www.onrc.ro,https://ecifre.ro/indicatori/firme-infiintate-judete-ro/galati,2026-09-01
Firme înființate pe județe,2024-07-01,106.0000,Număr,RO-GL,ONRC,https://www.onrc.ro,https://ecifre.ro/indicatori/firme-infiintate-judete-ro/galati,2026-09-01
Firme înființate pe județe,2024-08-01,82.0000,Număr,RO-GL,ONRC,https://www.onrc.ro,https://ecifre.ro/indicatori/firme-infiintate-judete-ro/galati,2026-09-01
Firme înființate pe județe,2024-09-01,142.0000,Număr,RO-GL,ONRC,https://www.onrc.ro,https://ecifre.ro/indicatori/firme-infiintate-judete-ro/galati,2026-09-01
Firme înființate pe județe,2024-10-01,308.0000,Număr,RO-GL,ONRC,https://www.onrc.ro,https://ecifre.ro/indicatori/firme-infiintate-judete-ro/galati,2026-09-01
Firme înființate pe județe,2024-11-01,213.0000,Număr,RO-GL,ONRC,https://www.onrc.ro,https://ecifre.ro/indicatori/firme-infiintate-judete-ro/galati,2026-09-01
Firme înființate pe județe,2024-12-01,139.0000,Număr,RO-GL,ONRC,https://www.onrc.ro,https://ecifre.ro/indicatori/firme-infiintate-judete-ro/galati,2026-09-01
Firme înființate pe județe,2025-01-01,119.0000,Număr,RO-GL,ONRC,https://www.onrc.ro,https://ecifre.ro/indicatori/firme-infiintate-judete-ro/galati,2026-09-01
Firme înființate pe județe,2025-02-01,191.0000,Număr,RO-GL,ONRC,https://www.onrc.ro,https://ecifre.ro/indicatori/firme-infiintate-judete-ro/galati,2026-09-01
Firme înființate pe județe,2025-03-01,217.0000,Număr,RO-GL,ONRC,https://www.onrc.ro,https://ecifre.ro/indicatori/firme-infiintate-judete-ro/galati,2026-09-01
Firme înființate pe județe,2025-04-01,233.0000,Număr,RO-GL,ONRC,https://www.onrc.ro,https://ecifre.ro/indicatori/firme-infiintate-judete-ro/galati,2026-09-01
Firme înființate pe județe,2025-05-01,234.0000,Număr,RO-GL,ONRC,https://www.onrc.ro,https://ecifre.ro/indicatori/firme-infiintate-judete-ro/galati,2026-09-01
Firme înființate pe județe,2025-06-01,212.0000,Număr,RO-GL,ONRC,https://www.onrc.ro,https://ecifre.ro/indicatori/firme-infiintate-judete-ro/galati,2026-09-01
Firme înființate pe județe,2025-07-01,252.0000,Număr,RO-GL,ONRC,https://www.onrc.ro,https://ecifre.ro/indicatori/firme-infiintate-judete-ro/galati,2026-09-01
Firme înființate pe județe,2025-08-01,192.0000,Număr,RO-GL,ONRC,https://www.onrc.ro,https://ecifre.ro/indicatori/firme-infiintate-judete-ro/galati,2026-09-01
Firme înființate pe județe,2025-09-01,215.0000,Număr,RO-GL,ONRC,https://www.onrc.ro,https://ecifre.ro/indicatori/firme-infiintate-judete-ro/galati,2026-09-01
Firme înființate pe județe,2025-10-01,342.0000,Număr,RO-GL,ONRC,https://www.onrc.ro,https://ecifre.ro/indicatori/firme-infiintate-judete-ro/galati,2026-09-01
Firme înființate pe județe,2025-11-01,355.0000,Număr,RO-GL,ONRC,https://www.onrc.ro,https://ecifre.ro/indicatori/firme-infiintate-judete-ro/galati,2026-09-01
Firme înființate pe județe,2025-12-01,180.0000,Număr,RO-GL,ONRC,https://www.onrc.ro,https://ecifre.ro/indicatori/firme-infiintate-judete-ro/galati,2026-09-01
Firme înființate pe județe,2026-01-01,261.0000,Număr,RO-GL,ONRC,https://www.onrc.ro,https://ecifre.ro/indicatori/firme-infiintate-judete-ro/galati,2026-09-01
Firme înființate pe județe,2026-02-01,152.0000,Număr,RO-GL,ONRC,https://www.onrc.ro,https://ecifre.ro/indicatori/firme-infiintate-judete-ro/galati,2026-09-01
Firme înființate pe județe,2026-03-01,200.0000,Număr,RO-GL,ONRC,https://www.onrc.ro,https://ecifre.ro/indicatori/firme-infiintate-judete-ro/galati,2026-09-01
Firme înființate pe județe,2026-04-01,353.0000,Număr,RO-GL,ONRC,https://www.onrc.ro,https://ecifre.ro/indicatori/firme-infiintate-judete-ro/galati,2026-09-01
Firme înființate pe județe,2026-05-01,277.0000,Număr,RO-GL,ONRC,https://www.onrc.ro,https://ecifre.ro/indicatori/firme-infiintate-judete-ro/galati,2026-09-01
Firme înființate pe județe,2026-06-01,211.0000,Număr,RO-GL,ONRC,https://www.onrc.ro,https://ecifre.ro/indicatori/firme-infiintate-judete-ro/galati,2026-09-01
Firme înființate pe județe,2026-07-01,200.0000,Număr,RO-GL,ONRC,https://www.onrc.ro,https://ecifre.ro/indicatori/firme-infiintate-judete-ro/galati,2026-09-01
Firme înființate pe județe,2014-01-01,69.0000,Număr,RO-GR,ONRC,https://www.onrc.ro,https://ecifre.ro/indicatori/firme-infiintate-judete-ro/giurgiu,2026-09-01
Firme înființate pe județe,2015-01-01,85.0000,Număr,RO-GR,ONRC,https://www.onrc.ro,https://ecifre.ro/indicatori/firme-infiintate-judete-ro/giurgiu,2026-09-01
Firme înființate pe județe,2016-01-01,59.0000,Număr,RO-GR,ONRC,https://www.onrc.ro,https://ecifre.ro/indicatori/firme-infiintate-judete-ro/giurgiu,2026-09-01
Firme înființate pe județe,2017-01-01,35.0000,Număr,RO-GR,ONRC,https://www.onrc.ro,https://ecifre.ro/indicatori/firme-infiintate-judete-ro/giurgiu,2026-09-01
Firme înființate pe județe,2017-03-01,177.0000,Număr,RO-GR,ONRC,https://www.onrc.ro,https://ecifre.ro/indicatori/firme-infiintate-judete-ro/giurgiu,2026-09-01
Firme înființate pe județe,2017-04-01,124.0000,Număr,RO-GR,ONRC,https://www.onrc.ro,https://ecifre.ro/indicatori/firme-infiintate-judete-ro/giurgiu,2026-09-01
Firme înființate pe județe,2017-05-01,197.0000,Număr,RO-GR,ONRC,https://www.onrc.ro,https://ecifre.ro/indicatori/firme-infiintate-judete-ro/giurgiu,2026-09-01
Firme înființate pe județe,2017-06-01,132.0000,Număr,RO-GR,ONRC,https://www.onrc.ro,https://ecifre.ro/indicatori/firme-infiintate-judete-ro/giurgiu,2026-09-01
Firme înființate pe județe,2017-07-01,126.0000,Număr,RO-GR,ONRC,https://www.onrc.ro,https://ecifre.ro/indicatori/firme-infiintate-judete-ro/giurgiu,2026-09-01
Firme înființate pe județe,2017-08-01,86.0000,Număr,RO-GR,ONRC,https://www.onrc.ro,https://ecifre.ro/indicatori/firme-infiintate-judete-ro/giurgiu,2026-09-01
Firme înființate pe județe,2017-09-01,71.0000,Număr,RO-GR,ONRC,https://www.onrc.ro,https://ecifre.ro/indicatori/firme-infiintate-judete-ro/giurgiu,2026-09-01
Firme înființate pe județe,2017-10-01,79.0000,Număr,RO-GR,ONRC,https://www.onrc.ro,https://ecifre.ro/indicatori/firme-infiintate-judete-ro/giurgiu,2026-09-01
Firme înființate pe județe,2017-11-01,82.0000,Număr,RO-GR,ONRC,https://www.onrc.ro,https://ecifre.ro/indicatori/firme-infiintate-judete-ro/giurgiu,2026-09-01
Firme înființate pe județe,2017-12-01,63.0000,Număr,RO-GR,ONRC,https://www.onrc.ro,https://ecifre.ro/indicatori/firme-infiintate-judete-ro/giurgiu,2026-09-01
Firme înființate pe județe,2018-01-01,96.0000,Număr,RO-GR,ONRC,https://www.onrc.ro,https://ecifre.ro/indicatori/firme-infiintate-judete-ro/giurgiu,2026-09-01
Firme înființate pe județe,2018-02-01,123.0000,Număr,RO-GR,ONRC,https://www.onrc.ro,https://ecifre.ro/indicatori/firme-infiintate-judete-ro/giurgiu,2026-09-01
Firme înființate pe județe,2018-03-01,146.0000,Număr,RO-GR,ONRC,https://www.onrc.ro,https://ecifre.ro/indicatori/firme-infiintate-judete-ro/giurgiu,2026-09-01
Firme înființate pe județe,2018-04-01,116.0000,Număr,RO-GR,ONRC,https://www.onrc.ro,https://ecifre.ro/indicatori/firme-infiintate-judete-ro/giurgiu,2026-09-01
Firme înființate pe județe,2018-05-01,122.0000,Număr,RO-GR,ONRC,https://www.onrc.ro,https://ecifre.ro/indicatori/firme-infiintate-judete-ro/giurgiu,2026-09-01
Firme înființate pe județe,2018-06-01,122.0000,Număr,RO-GR,ONRC,https://www.onrc.ro,https://ecifre.ro/indicatori/firme-infiintate-judete-ro/giurgiu,2026-09-01
Firme înființate pe județe,2018-07-01,77.0000,Număr,RO-GR,ONRC,https://www.onrc.ro,https://ecifre.ro/indicatori/firme-infiintate-judete-ro/giurgiu,2026-09-01
Firme înființate pe județe,2018-08-01,72.0000,Număr,RO-GR,ONRC,https://www.onrc.ro,https://ecifre.ro/indicatori/firme-infiintate-judete-ro/giurgiu,2026-09-01
Firme înființate pe județe,2018-09-01,89.0000,Număr,RO-GR,ONRC,https://www.onrc.ro,https://ecifre.ro/indicatori/firme-infiintate-judete-ro/giurgiu,2026-09-01
Firme înființate pe județe,2018-10-01,92.0000,Număr,RO-GR,ONRC,https://www.onrc.ro,https://ecifre.ro/indicatori/firme-infiintate-judete-ro/giurgiu,2026-09-01
Firme înființate pe județe,2018-11-01,149.0000,Număr,RO-GR,ONRC,https://www.onrc.ro,https://ecifre.ro/indicatori/firme-infiintate-judete-ro/giurgiu,2026-09-01
Firme înființate pe județe,2018-12-01,133.0000,Număr,RO-GR,ONRC,https://www.onrc.ro,https://ecifre.ro/indicatori/firme-infiintate-judete-ro/giurgiu,2026-09-01
Firme înființate pe județe,2019-01-01,198.0000,Număr,RO-GR,ONRC,https://www.onrc.ro,https://ecifre.ro/indicatori/firme-infiintate-judete-ro/giurgiu,2026-09-01
Firme înființate pe județe,2019-02-01,185.0000,Număr,RO-GR,ONRC,https://www.onrc.ro,https://ecifre.ro/indicatori/firme-infiintate-judete-ro/giurgiu,2026-09-01
Firme înființate pe județe,2019-03-01,132.0000,Număr,RO-GR,ONRC,https://www.onrc.ro,https://ecifre.ro/indicatori/firme-infiintate-judete-ro/giurgiu,2026-09-01
Firme înființate pe județe,2019-04-01,142.0000,Număr,RO-GR,ONRC,https://www.onrc.ro,https://ecifre.ro/indicatori/firme-infiintate-judete-ro/giurgiu,2026-09-01
Firme înființate pe județe,2019-05-01,126.0000,Număr,RO-GR,ONRC,https://www.onrc.ro,https://ecifre.ro/indicatori/firme-infiintate-judete-ro/giurgiu,2026-09-01
Firme înființate pe județe,2019-06-01,87.0000,Număr,RO-GR,ONRC,https://www.onrc.ro,https://ecifre.ro/indicatori/firme-infiintate-judete-ro/giurgiu,2026-09-01
Firme înființate pe județe,2019-07-01,111.0000,Număr,RO-GR,ONRC,https://www.onrc.ro,https://ecifre.ro/indicatori/firme-infiintate-judete-ro/giurgiu,2026-09-01
Firme înființate pe județe,2019-08-01,108.0000,Număr,RO-GR,ONRC,https://www.onrc.ro,https://ecifre.ro/indicatori/firme-infiintate-judete-ro/giurgiu,2026-09-01
Firme înființate pe județe,2019-09-01,79.0000,Număr,RO-GR,ONRC,https://www.onrc.ro,https://ecifre.ro/indicatori/firme-infiintate-judete-ro/giurgiu,2026-09-01
Firme înființate pe județe,2019-10-01,107.0000,Număr,RO-GR,ONRC,https://www.onrc.ro,https://ecifre.ro/indicatori/firme-infiintate-judete-ro/giurgiu,2026-09-01
Firme înființate pe județe,2019-11-01,94.0000,Număr,RO-GR,ONRC,https://www.onrc.ro,https://ecifre.ro/indicatori/firme-infiintate-judete-ro/giurgiu,2026-09-01
Firme înființate pe județe,2019-12-01,107.0000,Număr,RO-GR,ONRC,https://www.onrc.ro,https://ecifre.ro/indicatori/firme-infiintate-judete-ro/giurgiu,2026-09-01
Firme înființate pe județe,2020-01-01,100.0000,Număr,RO-GR,ONRC,https://www.onrc.ro,https://ecifre.ro/indicatori/firme-infiintate-judete-ro/giurgiu,2026-09-01
Firme înființate pe județe,2020-02-01,145.0000,Număr,RO-GR,ONRC,https://www.onrc.ro,https://ecifre.ro/indicatori/firme-infiintate-judete-ro/giurgiu,2026-09-01
Firme înființate pe județe,2020-03-01,90.0000,Număr,RO-GR,ONRC,https://www.onrc.ro,https://ecifre.ro/indicatori/firme-infiintate-judete-ro/giurgiu,2026-09-01
Firme înființate pe județe,2020-04-01,24.0000,Număr,RO-GR,ONRC,https://www.onrc.ro,https://ecifre.ro/indicatori/firme-infiintate-judete-ro/giurgiu,2026-09-01
Firme înființate pe județe,2020-05-01,69.0000,Număr,RO-GR,ONRC,https://www.onrc.ro,https://ecifre.ro/indicatori/firme-infiintate-judete-ro/giurgiu,2026-09-01
Firme înființate pe județe,2020-06-01,127.0000,Număr,RO-GR,ONRC,https://www.onrc.ro,https://ecifre.ro/indicatori/firme-infiintate-judete-ro/giurgiu,2026-09-01
Firme înființate pe județe,2020-07-01,122.0000,Număr,RO-GR,ONRC,https://www.onrc.ro,https://ecifre.ro/indicatori/firme-infiintate-judete-ro/giurgiu,2026-09-01
Firme înființate pe județe,2020-08-01,99.0000,Număr,RO-GR,ONRC,https://www.onrc.ro,https://ecifre.ro/indicatori/firme-infiintate-judete-ro/giurgiu,2026-09-01
Firme înființate pe județe,2020-09-01,99.0000,Număr,RO-GR,ONRC,https://www.onrc.ro,https://ecifre.ro/indicatori/firme-infiintate-judete-ro/giurgiu,2026-09-01
Firme înființate pe județe,2020-10-01,114.0000,Număr,RO-GR,ONRC,https://www.onrc.ro,https://ecifre.ro/indicatori/firme-infiintate-judete-ro/giurgiu,2026-09-01
Firme înființate pe județe,2020-11-01,89.0000,Număr,RO-GR,ONRC,https://www.onrc.ro,https://ecifre.ro/indicatori/firme-infiintate-judete-ro/giurgiu,2026-09-01
Firme înființate pe județe,2020-12-01,86.0000,Număr,RO-GR,ONRC,https://www.onrc.ro,https://ecifre.ro/indicatori/firme-infiintate-judete-ro/giurgiu,2026-09-01
Firme înființate pe județe,2021-02-01,160.0000,Număr,RO-GR,ONRC,https://www.onrc.ro,https://ecifre.ro/indicatori/firme-infiintate-judete-ro/giurgiu,2026-09-01
Firme înființate pe județe,2021-03-01,180.0000,Număr,RO-GR,ONRC,https://www.onrc.ro,https://ecifre.ro/indicatori/firme-infiintate-judete-ro/giurgiu,2026-09-01
Firme înființate pe județe,2021-04-01,200.0000,Număr,RO-GR,ONRC,https://www.onrc.ro,https://ecifre.ro/indicatori/firme-infiintate-judete-ro/giurgiu,2026-09-01
Firme înființate pe județe,2021-05-01,143.0000,Număr,RO-GR,ONRC,https://www.onrc.ro,https://ecifre.ro/indicatori/firme-infiintate-judete-ro/giurgiu,2026-09-01
Firme înființate pe județe,2021-06-01,145.0000,Număr,RO-GR,ONRC,https://www.onrc.ro,https://ecifre.ro/indicatori/firme-infiintate-judete-ro/giurgiu,2026-09-01
Firme înființate pe județe,2021-07-01,111.0000,Număr,RO-GR,ONRC,https://www.onrc.ro,https://ecifre.ro/indicatori/firme-infiintate-judete-ro/giurgiu,2026-09-01
Firme înființate pe județe,2021-08-01,120.0000,Număr,RO-GR,ONRC,https://www.onrc.ro,https://ecifre.ro/indicatori/firme-infiintate-judete-ro/giurgiu,2026-09-01
Firme înființate pe județe,2021-09-01,127.0000,Număr,RO-GR,ONRC,https://www.onrc.ro,https://ecifre.ro/indicatori/firme-infiintate-judete-ro/giurgiu,2026-09-01
Firme înființate pe județe,2021-10-01,120.0000,Număr,RO-GR,ONRC,https://www.onrc.ro,https://ecifre.ro/indicatori/firme-infiintate-judete-ro/giurgiu,2026-09-01
Firme înființate pe județe,2021-11-01,84.0000,Număr,RO-GR,ONRC,https://www.onrc.ro,https://ecifre.ro/indicatori/firme-infiintate-judete-ro/giurgiu,2026-09-01
Firme înființate pe județe,2021-12-01,75.0000,Număr,RO-GR,ONRC,https://www.onrc.ro,https://ecifre.ro/indicatori/firme-infiintate-judete-ro/giurgiu,2026-09-01
Firme înființate pe județe,2022-02-01,125.0000,Număr,RO-GR,ONRC,https://www.onrc.ro,https://ecifre.ro/indicatori/firme-infiintate-judete-ro/giurgiu,2026-09-01
Firme înființate pe județe,2022-03-01,140.0000,Număr,RO-GR,ONRC,https://www.onrc.ro,https://ecifre.ro/indicatori/firme-infiintate-judete-ro/giurgiu,2026-09-01
Firme înființate pe județe,2022-04-01,97.0000,Număr,RO-GR,ONRC,https://www.onrc.ro,https://ecifre.ro/indicatori/firme-infiintate-judete-ro/giurgiu,2026-09-01
Firme înființate pe județe,2022-05-01,114.0000,Număr,RO-GR,ONRC,https://www.onrc.ro,https://ecifre.ro/indicatori/firme-infiintate-judete-ro/giurgiu,2026-09-01
Firme înființate pe județe,2022-07-01,130.0000,Număr,RO-GR,ONRC,https://www.onrc.ro,https://ecifre.ro/indicatori/firme-infiintate-judete-ro/giurgiu,2026-09-01
Firme înființate pe județe,2022-08-01,124.0000,Număr,RO-GR,ONRC,https://www.onrc.ro,https://ecifre.ro/indicatori/firme-infiintate-judete-ro/giurgiu,2026-09-01
Firme înființate pe județe,2022-09-01,121.0000,Număr,RO-GR,ONRC,https://www.onrc.ro,https://ecifre.ro/indicatori/firme-infiintate-judete-ro/giurgiu,2026-09-01
Firme înființate pe județe,2022-10-01,97.0000,Număr,RO-GR,ONRC,https://www.onrc.ro,https://ecifre.ro/indicatori/firme-infiintate-judete-ro/giurgiu,2026-09-01
Firme înființate pe județe,2022-11-01,87.0000,Număr,RO-GR,ONRC,https://www.onrc.ro,https://ecifre.ro/indicatori/firme-infiintate-judete-ro/giurgiu,2026-09-01
Firme înființate pe județe,2022-12-01,86.0000,Număr,RO-GR,ONRC,https://www.onrc.ro,https://ecifre.ro/indicatori/firme-infiintate-judete-ro/giurgiu,2026-09-01
Firme înființate pe județe,2023-02-01,119.0000,Număr,RO-GR,ONRC,https://www.onrc.ro,https://ecifre.ro/indicatori/firme-infiintate-judete-ro/giurgiu,2026-09-01
Firme înființate pe județe,2023-03-01,137.0000,Număr,RO-GR,ONRC,https://www.onrc.ro,https://ecifre.ro/indicatori/firme-infiintate-judete-ro/giurgiu,2026-09-01
Firme înființate pe județe,2023-04-01,95.0000,Număr,RO-GR,ONRC,https://www.onrc.ro,https://ecifre.ro/indicatori/firme-infiintate-judete-ro/giurgiu,2026-09-01
Firme înființate pe județe,2023-05-01,140.0000,Număr,RO-GR,ONRC,https://www.onrc.ro,https://ecifre.ro/indicatori/firme-infiintate-judete-ro/giurgiu,2026-09-01
Firme înființate pe județe,2023-06-01,101.0000,Număr,RO-GR,ONRC,https://www.onrc.ro,https://ecifre.ro/indicatori/firme-infiintate-judete-ro/giurgiu,2026-09-01
Firme înființate pe județe,2023-07-01,99.0000,Număr,RO-GR,ONRC,https://www.onrc.ro,https://ecifre.ro/indicatori/firme-infiintate-judete-ro/giurgiu,2026-09-01
Firme înființate pe județe,2023-08-01,102.0000,Număr,RO-GR,ONRC,https://www.onrc.ro,https://ecifre.ro/indicatori/firme-infiintate-judete-ro/giurgiu,2026-09-01
Firme înființate pe județe,2023-09-01,109.0000,Număr,RO-GR,ONRC,https://www.onrc.ro,https://ecifre.ro/indicatori/firme-infiintate-judete-ro/giurgiu,2026-09-01
Firme înființate pe județe,2023-10-01,124.0000,Număr,RO-GR,ONRC,https://www.onrc.ro,https://ecifre.ro/indicatori/firme-infiintate-judete-ro/giurgiu,2026-09-01
Firme înființate pe județe,2023-11-01,111.0000,Număr,RO-GR,ONRC,https://www.onrc.ro,https://ecifre.ro/indicatori/firme-infiintate-judete-ro/giurgiu,2026-09-01
Firme înființate pe județe,2023-12-01,110.0000,Număr,RO-GR,ONRC,https://www.onrc.ro,https://ecifre.ro/indicatori/firme-infiintate-judete-ro/giurgiu,2026-09-01
Firme înființate pe județe,2024-02-01,140.0000,Număr,RO-GR,ONRC,https://www.onrc.ro,https://ecifre.ro/indicatori/firme-infiintate-judete-ro/giurgiu,2026-09-01
Firme înființate pe județe,2024-03-01,118.0000,Număr,RO-GR,ONRC,https://www.onrc.ro,https://ecifre.ro/indicatori/firme-infiintate-judete-ro/giurgiu,2026-09-01
Firme înființate pe județe,2024-04-01,107.0000,Număr,RO-GR,ONRC,https://www.onrc.ro,https://ecifre.ro/indicatori/firme-infiintate-judete-ro/giurgiu,2026-09-01
Firme înființate pe județe,2024-05-01,94.0000,Număr,RO-GR,ONRC,https://www.onrc.ro,https://ecifre.ro/indicatori/firme-infiintate-judete-ro/giurgiu,2026-09-01
Firme înființate pe județe,2024-06-01,84.0000,Număr,RO-GR,ONRC,https://www.onrc.ro,https://ecifre.ro/indicatori/firme-infiintate-judete-ro/giurgiu,2026-09-01
Firme înființate pe județe,2024-07-01,54.0000,Număr,RO-GR,ONRC,https://www.onrc.ro,https://ecifre.ro/indicatori/firme-infiintate-judete-ro/giurgiu,2026-09-01
Firme înființate pe județe,2024-08-01,53.0000,Număr,RO-GR,ONRC,https://www.onrc.ro,https://ecifre.ro/indicatori/firme-infiintate-judete-ro/giurgiu,2026-09-01
Firme înființate pe județe,2024-09-01,98.0000,Număr,RO-GR,ONRC,https://www.onrc.ro,https://ecifre.ro/indicatori/firme-infiintate-judete-ro/giurgiu,2026-09-01
Firme înființate pe județe,2024-10-01,126.0000,Număr,RO-GR,ONRC,https://www.onrc.ro,https://ecifre.ro/indicatori/firme-infiintate-judete-ro/giurgiu,2026-09-01
Firme înființate pe județe,2024-11-01,90.0000,Număr,RO-GR,ONRC,https://www.onrc.ro,https://ecifre.ro/indicatori/firme-infiintate-judete-ro/giurgiu,2026-09-01
Firme înființate pe județe,2024-12-01,105.0000,Număr,RO-GR,ONRC,https://www.onrc.ro,https://ecifre.ro/indicatori/firme-infiintate-judete-ro/giurgiu,2026-09-01
Firme înființate pe județe,2025-01-01,68.0000,Număr,RO-GR,ONRC,https://www.onrc.ro,https://ecifre.ro/indicatori/firme-infiintate-judete-ro/giurgiu,2026-09-01
Firme înființate pe județe,2025-02-01,118.0000,Număr,RO-GR,ONRC,https://www.onrc.ro,https://ecifre.ro/indicatori/firme-infiintate-judete-ro/giurgiu,2026-09-01
Firme înființate pe județe,2025-03-01,106.0000,Număr,RO-GR,ONRC,https://www.onrc.ro,https://ecifre.ro/indicatori/firme-infiintate-judete-ro/giurgiu,2026-09-01
Firme înființate pe județe,2025-04-01,82.0000,Număr,RO-GR,ONRC,https://www.onrc.ro,https://ecifre.ro/indicatori/firme-infiintate-judete-ro/giurgiu,2026-09-01
Firme înființate pe județe,2025-05-01,91.0000,Număr,RO-GR,ONRC,https://www.onrc.ro,https://ecifre.ro/indicatori/firme-infiintate-judete-ro/giurgiu,2026-09-01
Firme înființate pe județe,2025-06-01,98.0000,Număr,RO-GR,ONRC,https://www.onrc.ro,https://ecifre.ro/indicatori/firme-infiintate-judete-ro/giurgiu,2026-09-01
Firme înființate pe județe,2025-07-01,131.0000,Număr,RO-GR,ONRC,https://www.onrc.ro,https://ecifre.ro/indicatori/firme-infiintate-judete-ro/giurgiu,2026-09-01
Firme înființate pe județe,2025-08-01,105.0000,Număr,RO-GR,ONRC,https://www.onrc.ro,https://ecifre.ro/indicatori/firme-infiintate-judete-ro/giurgiu,2026-09-01
Firme înființate pe județe,2025-09-01,162.0000,Număr,RO-GR,ONRC,https://www.onrc.ro,https://ecifre.ro/indicatori/firme-infiintate-judete-ro/giurgiu,2026-09-01
Firme înființate pe județe,2025-10-01,130.0000,Număr,RO-GR,ONRC,https://www.onrc.ro,https://ecifre.ro/indicatori/firme-infiintate-judete-ro/giurgiu,2026-09-01
Firme înființate pe județe,2025-11-01,143.0000,Număr,RO-GR,ONRC,https://www.onrc.ro,https://ecifre.ro/indicatori/firme-infiintate-judete-ro/giurgiu,2026-09-01
Firme înființate pe județe,2025-12-01,117.0000,Număr,RO-GR,ONRC,https://www.onrc.ro,https://ecifre.ro/indicatori/firme-infiintate-judete-ro/giurgiu,2026-09-01
Firme înființate pe județe,2026-01-01,112.0000,Număr,RO-GR,ONRC,https://www.onrc.ro,https://ecifre.ro/indicatori/firme-infiintate-judete-ro/giurgiu,2026-09-01
Firme înființate pe județe,2026-02-01,119.0000,Număr,RO-GR,ONRC,https://www.onrc.ro,https://ecifre.ro/indicatori/firme-infiintate-judete-ro/giurgiu,2026-09-01
Firme înființate pe județe,2026-03-01,80.0000,Număr,RO-GR,ONRC,https://www.onrc.ro,https://ecifre.ro/indicatori/firme-infiintate-judete-ro/giurgiu,2026-09-01
Firme înființate pe județe,2026-04-01,154.0000,Număr,RO-GR,ONRC,https://www.onrc.ro,https://ecifre.ro/indicatori/firme-infiintate-judete-ro/giurgiu,2026-09-01
Firme înființate pe județe,2026-05-01,122.0000,Număr,RO-GR,ONRC,https://www.onrc.ro,https://ecifre.ro/indicatori/firme-infiintate-judete-ro/giurgiu,2026-09-01
Firme înființate pe județe,2026-06-01,113.0000,Număr,RO-GR,ONRC,https://www.onrc.ro,https://ecifre.ro/indicatori/firme-infiintate-judete-ro/giurgiu,2026-09-01
Firme înființate pe județe,2026-07-01,110.0000,Număr,RO-GR,ONRC,https://www.onrc.ro,https://ecifre.ro/indicatori/firme-infiintate-judete-ro/giurgiu,2026-09-01
Firme înființate pe județe,2014-01-01,146.0000,Număr,RO-GJ,ONRC,https://www.onrc.ro,https://ecifre.ro/indicatori/firme-infiintate-judete-ro/gorj,2026-09-01
Firme înființate pe județe,2015-01-01,93.0000,Număr,RO-GJ,ONRC,https://www.onrc.ro,https://ecifre.ro/indicatori/firme-infiintate-judete-ro/gorj,2026-09-01
Firme înființate pe județe,2016-01-01,108.0000,Număr,RO-GJ,ONRC,https://www.onrc.ro,https://ecifre.ro/indicatori/firme-infiintate-judete-ro/gorj,2026-09-01
Firme înființate pe județe,2017-01-01,83.0000,Număr,RO-GJ,ONRC,https://www.onrc.ro,https://ecifre.ro/indicatori/firme-infiintate-judete-ro/gorj,2026-09-01
Firme înființate pe județe,2017-03-01,199.0000,Număr,RO-GJ,ONRC,https://www.onrc.ro,https://ecifre.ro/indicatori/firme-infiintate-judete-ro/gorj,2026-09-01
Firme înființate pe județe,2017-04-01,216.0000,Număr,RO-GJ,ONRC,https://www.onrc.ro,https://ecifre.ro/indicatori/firme-infiintate-judete-ro/gorj,2026-09-01
Firme înființate pe județe,2017-05-01,242.0000,Număr,RO-GJ,ONRC,https://www.onrc.ro,https://ecifre.ro/indicatori/firme-infiintate-judete-ro/gorj,2026-09-01
Firme înființate pe județe,2017-06-01,244.0000,Număr,RO-GJ,ONRC,https://www.onrc.ro,https://ecifre.ro/indicatori/firme-infiintate-judete-ro/gorj,2026-09-01
Firme înființate pe județe,2017-07-01,182.0000,Număr,RO-GJ,ONRC,https://www.onrc.ro,https://ecifre.ro/indicatori/firme-infiintate-judete-ro/gorj,2026-09-01
Firme înființate pe județe,2017-08-01,116.0000,Număr,RO-GJ,ONRC,https://www.onrc.ro,https://ecifre.ro/indicatori/firme-infiintate-judete-ro/gorj,2026-09-01
Firme înființate pe județe,2017-09-01,112.0000,Număr,RO-GJ,ONRC,https://www.onrc.ro,https://ecifre.ro/indicatori/firme-infiintate-judete-ro/gorj,2026-09-01
Firme înființate pe județe,2017-10-01,106.0000,Număr,RO-GJ,ONRC,https://www.onrc.ro,https://ecifre.ro/indicatori/firme-infiintate-judete-ro/gorj,2026-09-01
Firme înființate pe județe,2017-11-01,103.0000,Număr,RO-GJ,ONRC,https://www.onrc.ro,https://ecifre.ro/indicatori/firme-infiintate-judete-ro/gorj,2026-09-01
Firme înființate pe județe,2017-12-01,93.0000,Număr,RO-GJ,ONRC,https://www.onrc.ro,https://ecifre.ro/indicatori/firme-infiintate-judete-ro/gorj,2026-09-01
Firme înființate pe județe,2018-01-01,111.0000,Număr,RO-GJ,ONRC,https://www.onrc.ro,https://ecifre.ro/indicatori/firme-infiintate-judete-ro/gorj,2026-09-01
Firme înființate pe județe,2018-02-01,138.0000,Număr,RO-GJ,ONRC,https://www.onrc.ro,https://ecifre.ro/indicatori/firme-infiintate-judete-ro/gorj,2026-09-01
Firme înființate pe județe,2018-03-01,121.0000,Număr,RO-GJ,ONRC,https://www.onrc.ro,https://ecifre.ro/indicatori/firme-infiintate-judete-ro/gorj,2026-09-01
Firme înființate pe județe,2018-04-01,96.0000,Număr,RO-GJ,ONRC,https://www.onrc.ro,https://ecifre.ro/indicatori/firme-infiintate-judete-ro/gorj,2026-09-01
Firme înființate pe județe,2018-05-01,116.0000,Număr,RO-GJ,ONRC,https://www.onrc.ro,https://ecifre.ro/indicatori/firme-infiintate-judete-ro/gorj,2026-09-01
Firme înființate pe județe,2018-06-01,121.0000,Număr,RO-GJ,ONRC,https://www.onrc.ro,https://ecifre.ro/indicatori/firme-infiintate-judete-ro/gorj,2026-09-01
Firme înființate pe județe,2018-07-01,120.0000,Număr,RO-GJ,ONRC,https://www.onrc.ro,https://ecifre.ro/indicatori/firme-infiintate-judete-ro/gorj,2026-09-01
Firme înființate pe județe,2018-08-01,159.0000,Număr,RO-GJ,ONRC,https://www.onrc.ro,https://ecifre.ro/indicatori/firme-infiintate-judete-ro/gorj,2026-09-01
Firme înființate pe județe,2018-09-01,117.0000,Număr,RO-GJ,ONRC,https://www.onrc.ro,https://ecifre.ro/indicatori/firme-infiintate-judete-ro/gorj,2026-09-01
Firme înființate pe județe,2018-10-01,143.0000,Număr,RO-GJ,ONRC,https://www.onrc.ro,https://ecifre.ro/indicatori/firme-infiintate-judete-ro/gorj,2026-09-01
Firme înființate pe județe,2018-11-01,159.0000,Număr,RO-GJ,ONRC,https://www.onrc.ro,https://ecifre.ro/indicatori/firme-infiintate-judete-ro/gorj,2026-09-01
Firme înființate pe județe,2018-12-01,142.0000,Număr,RO-GJ,ONRC,https://www.onrc.ro,https://ecifre.ro/indicatori/firme-infiintate-judete-ro/gorj,2026-09-01
Firme înființate pe județe,2019-01-01,214.0000,Număr,RO-GJ,ONRC,https://www.onrc.ro,https://ecifre.ro/indicatori/firme-infiintate-judete-ro/gorj,2026-09-01
Firme înființate pe județe,2019-02-01,196.0000,Număr,RO-GJ,ONRC,https://www.onrc.ro,https://ecifre.ro/indicatori/firme-infiintate-judete-ro/gorj,2026-09-01
Firme înființate pe județe,2019-03-01,215.0000,Număr,RO-GJ,ONRC,https://www.onrc.ro,https://ecifre.ro/indicatori/firme-infiintate-judete-ro/gorj,2026-09-01
Firme înființate pe județe,2019-04-01,246.0000,Număr,RO-GJ,ONRC,https://www.onrc.ro,https://ecifre.ro/indicatori/firme-infiintate-judete-ro/gorj,2026-09-01
Firme înființate pe județe,2019-05-01,185.0000,Număr,RO-GJ,ONRC,https://www.onrc.ro,https://ecifre.ro/indicatori/firme-infiintate-judete-ro/gorj,2026-09-01
Firme înființate pe județe,2019-06-01,160.0000,Număr,RO-GJ,ONRC,https://www.onrc.ro,https://ecifre.ro/indicatori/firme-infiintate-judete-ro/gorj,2026-09-01
Firme înființate pe județe,2019-07-01,111.0000,Număr,RO-GJ,ONRC,https://www.onrc.ro,https://ecifre.ro/indicatori/firme-infiintate-judete-ro/gorj,2026-09-01
Firme înființate pe județe,2019-08-01,112.0000,Număr,RO-GJ,ONRC,https://www.onrc.ro,https://ecifre.ro/indicatori/firme-infiintate-judete-ro/gorj,2026-09-01
Firme înființate pe județe,2019-09-01,139.0000,Număr,RO-GJ,ONRC,https://www.onrc.ro,https://ecifre.ro/indicatori/firme-infiintate-judete-ro/gorj,2026-09-01
Firme înființate pe județe,2019-10-01,103.0000,Număr,RO-GJ,ONRC,https://www.onrc.ro,https://ecifre.ro/indicatori/firme-infiintate-judete-ro/gorj,2026-09-01
Firme înființate pe județe,2019-11-01,93.0000,Număr,RO-GJ,ONRC,https://www.onrc.ro,https://ecifre.ro/indicatori/firme-infiintate-judete-ro/gorj,2026-09-01
Firme înființate pe județe,2019-12-01,90.0000,Număr,RO-GJ,ONRC,https://www.onrc.ro,https://ecifre.ro/indicatori/firme-infiintate-judete-ro/gorj,2026-09-01
Firme înființate pe județe,2020-01-01,112.0000,Număr,RO-GJ,ONRC,https://www.onrc.ro,https://ecifre.ro/indicatori/firme-infiintate-judete-ro/gorj,2026-09-01
Firme înființate pe județe,2020-02-01,122.0000,Număr,RO-GJ,ONRC,https://www.onrc.ro,https://ecifre.ro/indicatori/firme-infiintate-judete-ro/gorj,2026-09-01
Firme înființate pe județe,2020-03-01,78.0000,Număr,RO-GJ,ONRC,https://www.onrc.ro,https://ecifre.ro/indicatori/firme-infiintate-judete-ro/gorj,2026-09-01
Firme înființate pe județe,2020-04-01,46.0000,Număr,RO-GJ,ONRC,https://www.onrc.ro,https://ecifre.ro/indicatori/firme-infiintate-judete-ro/gorj,2026-09-01
Firme înființate pe județe,2020-05-01,92.0000,Număr,RO-GJ,ONRC,https://www.onrc.ro,https://ecifre.ro/indicatori/firme-infiintate-judete-ro/gorj,2026-09-01
Firme înființate pe județe,2020-06-01,133.0000,Număr,RO-GJ,ONRC,https://www.onrc.ro,https://ecifre.ro/indicatori/firme-infiintate-judete-ro/gorj,2026-09-01
Firme înființate pe județe,2020-07-01,141.0000,Număr,RO-GJ,ONRC,https://www.onrc.ro,https://ecifre.ro/indicatori/firme-infiintate-judete-ro/gorj,2026-09-01
Firme înființate pe județe,2020-08-01,109.0000,Număr,RO-GJ,ONRC,https://www.onrc.ro,https://ecifre.ro/indicatori/firme-infiintate-judete-ro/gorj,2026-09-01
Firme înființate pe județe,2020-09-01,120.0000,Număr,RO-GJ,ONRC,https://www.onrc.ro,https://ecifre.ro/indicatori/firme-infiintate-judete-ro/gorj,2026-09-01
Firme înființate pe județe,2020-10-01,142.0000,Număr,RO-GJ,ONRC,https://www.onrc.ro,https://ecifre.ro/indicatori/firme-infiintate-judete-ro/gorj,2026-09-01
Firme înființate pe județe,2020-11-01,102.0000,Număr,RO-GJ,ONRC,https://www.onrc.ro,https://ecifre.ro/indicatori/firme-infiintate-judete-ro/gorj,2026-09-01
Firme înființate pe județe,2020-12-01,117.0000,Număr,RO-GJ,ONRC,https://www.onrc.ro,https://ecifre.ro/indicatori/firme-infiintate-judete-ro/gorj,2026-09-01
Firme înființate pe județe,2021-02-01,176.0000,Număr,RO-GJ,ONRC,https://www.onrc.ro,https://ecifre.ro/indicatori/firme-infiintate-judete-ro/gorj,2026-09-01
Firme înființate pe județe,2021-03-01,198.0000,Număr,RO-GJ,ONRC,https://www.onrc.ro,https://ecifre.ro/indicatori/firme-infiintate-judete-ro/gorj,2026-09-01
Firme înființate pe județe,2021-04-01,104.0000,Număr,RO-GJ,ONRC,https://www.onrc.ro,https://ecifre.ro/indicatori/firme-infiintate-judete-ro/gorj,2026-09-01
Firme înființate pe județe,2021-05-01,134.0000,Număr,RO-GJ,ONRC,https://www.onrc.ro,https://ecifre.ro/indicatori/firme-infiintate-judete-ro/gorj,2026-09-01
Firme înființate pe județe,2021-06-01,166.0000,Număr,RO-GJ,ONRC,https://www.onrc.ro,https://ecifre.ro/indicatori/firme-infiintate-judete-ro/gorj,2026-09-01
Firme înființate pe județe,2021-07-01,157.0000,Număr,RO-GJ,ONRC,https://www.onrc.ro,https://ecifre.ro/indicatori/firme-infiintate-judete-ro/gorj,2026-09-01
Firme înființate pe județe,2021-08-01,146.0000,Număr,RO-GJ,ONRC,https://www.onrc.ro,https://ecifre.ro/indicatori/firme-infiintate-judete-ro/gorj,2026-09-01
Firme înființate pe județe,2021-09-01,158.0000,Număr,RO-GJ,ONRC,https://www.onrc.ro,https://ecifre.ro/indicatori/firme-infiintate-judete-ro/gorj,2026-09-01
Firme înființate pe județe,2021-10-01,162.0000,Număr,RO-GJ,ONRC,https://www.onrc.ro,https://ecifre.ro/indicatori/firme-infiintate-judete-ro/gorj,2026-09-01
Firme înființate pe județe,2021-11-01,95.0000,Număr,RO-GJ,ONRC,https://www.onrc.ro,https://ecifre.ro/indicatori/firme-infiintate-judete-ro/gorj,2026-09-01
Firme înființate pe județe,2021-12-01,108.0000,Număr,RO-GJ,ONRC,https://www.onrc.ro,https://ecifre.ro/indicatori/firme-infiintate-judete-ro/gorj,2026-09-01
Firme înființate pe județe,2022-02-01,136.0000,Număr,RO-GJ,ONRC,https://www.onrc.ro,https://ecifre.ro/indicatori/firme-infiintate-judete-ro/gorj,2026-09-01
Firme înființate pe județe,2022-03-01,155.0000,Număr,RO-GJ,ONRC,https://www.onrc.ro,https://ecifre.ro/indicatori/firme-infiintate-judete-ro/gorj,2026-09-01
Firme înființate pe județe,2022-04-01,128.0000,Număr,RO-GJ,ONRC,https://www.onrc.ro,https://ecifre.ro/indicatori/firme-infiintate-judete-ro/gorj,2026-09-01
Firme înființate pe județe,2022-05-01,187.0000,Număr,RO-GJ,ONRC,https://www.onrc.ro,https://ecifre.ro/indicatori/firme-infiintate-judete-ro/gorj,2026-09-01
Firme înființate pe județe,2022-07-01,155.0000,Număr,RO-GJ,ONRC,https://www.onrc.ro,https://ecifre.ro/indicatori/firme-infiintate-judete-ro/gorj,2026-09-01
Firme înființate pe județe,2022-08-01,185.0000,Număr,RO-GJ,ONRC,https://www.onrc.ro,https://ecifre.ro/indicatori/firme-infiintate-judete-ro/gorj,2026-09-01
Firme înființate pe județe,2022-09-01,185.0000,Număr,RO-GJ,ONRC,https://www.onrc.ro,https://ecifre.ro/indicatori/firme-infiintate-judete-ro/gorj,2026-09-01
Firme înființate pe județe,2022-10-01,118.0000,Număr,RO-GJ,ONRC,https://www.onrc.ro,https://ecifre.ro/indicatori/firme-infiintate-judete-ro/gorj,2026-09-01
Firme înființate pe județe,2022-11-01,142.0000,Număr,RO-GJ,ONRC,https://www.onrc.ro,https://ecifre.ro/indicatori/firme-infiintate-judete-ro/gorj,2026-09-01
Firme înființate pe județe,2022-12-01,112.0000,Număr,RO-GJ,ONRC,https://www.onrc.ro,https://ecifre.ro/indicatori/firme-infiintate-judete-ro/gorj,2026-09-01
Firme înființate pe județe,2023-02-01,134.0000,Număr,RO-GJ,ONRC,https://www.onrc.ro,https://ecifre.ro/indicatori/firme-infiintate-judete-ro/gorj,2026-09-01
Firme înființate pe județe,2023-03-01,145.0000,Număr,RO-GJ,ONRC,https://www.onrc.ro,https://ecifre.ro/indicatori/firme-infiintate-judete-ro/gorj,2026-09-01
Firme înființate pe județe,2023-04-01,104.0000,Număr,RO-GJ,ONRC,https://www.onrc.ro,https://ecifre.ro/indicatori/firme-infiintate-judete-ro/gorj,2026-09-01
Firme înființate pe județe,2023-05-01,143.0000,Număr,RO-GJ,ONRC,https://www.onrc.ro,https://ecifre.ro/indicatori/firme-infiintate-judete-ro/gorj,2026-09-01
Firme înființate pe județe,2023-06-01,117.0000,Număr,RO-GJ,ONRC,https://www.onrc.ro,https://ecifre.ro/indicatori/firme-infiintate-judete-ro/gorj,2026-09-01
Firme înființate pe județe,2023-07-01,110.0000,Număr,RO-GJ,ONRC,https://www.onrc.ro,https://ecifre.ro/indicatori/firme-infiintate-judete-ro/gorj,2026-09-01
Firme înființate pe județe,2023-08-01,128.0000,Număr,RO-GJ,ONRC,https://www.onrc.ro,https://ecifre.ro/indicatori/firme-infiintate-judete-ro/gorj,2026-09-01
Firme înființate pe județe,2023-09-01,127.0000,Număr,RO-GJ,ONRC,https://www.onrc.ro,https://ecifre.ro/indicatori/firme-infiintate-judete-ro/gorj,2026-09-01
Firme înființate pe județe,2023-10-01,130.0000,Număr,RO-GJ,ONRC,https://www.onrc.ro,https://ecifre.ro/indicatori/firme-infiintate-judete-ro/gorj,2026-09-01
Firme înființate pe județe,2023-11-01,125.0000,Număr,RO-GJ,ONRC,https://www.onrc.ro,https://ecifre.ro/indicatori/firme-infiintate-judete-ro/gorj,2026-09-01
Firme înființate pe județe,2023-12-01,79.0000,Număr,RO-GJ,ONRC,https://www.onrc.ro,https://ecifre.ro/indicatori/firme-infiintate-judete-ro/gorj,2026-09-01
Firme înființate pe județe,2024-02-01,129.0000,Număr,RO-GJ,ONRC,https://www.onrc.ro,https://ecifre.ro/indicatori/firme-infiintate-judete-ro/gorj,2026-09-01
Firme înființate pe județe,2024-03-01,127.0000,Număr,RO-GJ,ONRC,https://www.onrc.ro,https://ecifre.ro/indicatori/firme-infiintate-judete-ro/gorj,2026-09-01
Firme înființate pe județe,2024-04-01,114.0000,Număr,RO-GJ,ONRC,https://www.onrc.ro,https://ecifre.ro/indicatori/firme-infiintate-judete-ro/gorj,2026-09-01
Firme înființate pe județe,2024-05-01,95.0000,Număr,RO-GJ,ONRC,https://www.onrc.ro,https://ecifre.ro/indicatori/firme-infiintate-judete-ro/gorj,2026-09-01
Firme înființate pe județe,2024-06-01,94.0000,Număr,RO-GJ,ONRC,https://www.onrc.ro,https://ecifre.ro/indicatori/firme-infiintate-judete-ro/gorj,2026-09-01
Firme înființate pe județe,2024-07-01,70.0000,Număr,RO-GJ,ONRC,https://www.onrc.ro,https://ecifre.ro/indicatori/firme-infiintate-judete-ro/gorj,2026-09-01
Firme înființate pe județe,2024-08-01,77.0000,Număr,RO-GJ,ONRC,https://www.onrc.ro,https://ecifre.ro/indicatori/firme-infiintate-judete-ro/gorj,2026-09-01
Firme înființate pe județe,2024-09-01,111.0000,Număr,RO-GJ,ONRC,https://www.onrc.ro,https://ecifre.ro/indicatori/firme-infiintate-judete-ro/gorj,2026-09-01
Firme înființate pe județe,2024-10-01,144.0000,Număr,RO-GJ,ONRC,https://www.onrc.ro,https://ecifre.ro/indicatori/firme-infiintate-judete-ro/gorj,2026-09-01
Firme înființate pe județe,2024-11-01,86.0000,Număr,RO-GJ,ONRC,https://www.onrc.ro,https://ecifre.ro/indicatori/firme-infiintate-judete-ro/gorj,2026-09-01
Firme înființate pe județe,2024-12-01,82.0000,Număr,RO-GJ,ONRC,https://www.onrc.ro,https://ecifre.ro/indicatori/firme-infiintate-judete-ro/gorj,2026-09-01
Firme înființate pe județe,2025-01-01,104.0000,Număr,RO-GJ,ONRC,https://www.onrc.ro,https://ecifre.ro/indicatori/firme-infiintate-judete-ro/gorj,2026-09-01
Firme înființate pe județe,2025-02-01,117.0000,Număr,RO-GJ,ONRC,https://www.onrc.ro,https://ecifre.ro/indicatori/firme-infiintate-judete-ro/gorj,2026-09-01
Firme înființate pe județe,2025-03-01,125.0000,Număr,RO-GJ,ONRC,https://www.onrc.ro,https://ecifre.ro/indicatori/firme-infiintate-judete-ro/gorj,2026-09-01
Firme înființate pe județe,2025-04-01,123.0000,Număr,RO-GJ,ONRC,https://www.onrc.ro,https://ecifre.ro/indicatori/firme-infiintate-judete-ro/gorj,2026-09-01
Firme înființate pe județe,2025-05-01,119.0000,Număr,RO-GJ,ONRC,https://www.onrc.ro,https://ecifre.ro/indicatori/firme-infiintate-judete-ro/gorj,2026-09-01
Firme înființate pe județe,2025-06-01,125.0000,Număr,RO-GJ,ONRC,https://www.onrc.ro,https://ecifre.ro/indicatori/firme-infiintate-judete-ro/gorj,2026-09-01
Firme înființate pe județe,2025-07-01,166.0000,Număr,RO-GJ,ONRC,https://www.onrc.ro,https://ecifre.ro/indicatori/firme-infiintate-judete-ro/gorj,2026-09-01
Firme înființate pe județe,2025-08-01,112.0000,Număr,RO-GJ,ONRC,https://www.onrc.ro,https://ecifre.ro/indicatori/firme-infiintate-judete-ro/gorj,2026-09-01
Firme înființate pe județe,2025-09-01,143.0000,Număr,RO-GJ,ONRC,https://www.onrc.ro,https://ecifre.ro/indicatori/firme-infiintate-judete-ro/gorj,2026-09-01
Firme înființate pe județe,2025-10-01,146.0000,Număr,RO-GJ,ONRC,https://www.onrc.ro,https://ecifre.ro/indicatori/firme-infiintate-judete-ro/gorj,2026-09-01
Firme înființate pe județe,2025-11-01,156.0000,Număr,RO-GJ,ONRC,https://www.onrc.ro,https://ecifre.ro/indicatori/firme-infiintate-judete-ro/gorj,2026-09-01
Firme înființate pe județe,2025-12-01,109.0000,Număr,RO-GJ,ONRC,https://www.onrc.ro,https://ecifre.ro/indicatori/firme-infiintate-judete-ro/gorj,2026-09-01
Firme înființate pe județe,2026-01-01,107.0000,Număr,RO-GJ,ONRC,https://www.onrc.ro,https://ecifre.ro/indicatori/firme-infiintate-judete-ro/gorj,2026-09-01
Firme înființate pe județe,2026-02-01,136.0000,Număr,RO-GJ,ONRC,https://www.onrc.ro,https://ecifre.ro/indicatori/firme-infiintate-judete-ro/gorj,2026-09-01
Firme înființate pe județe,2026-03-01,117.0000,Număr,RO-GJ,ONRC,https://www.onrc.ro,https://ecifre.ro/indicatori/firme-infiintate-judete-ro/gorj,2026-09-01
Firme înființate pe județe,2026-04-01,101.0000,Număr,RO-GJ,ONRC,https://www.onrc.ro,https://ecifre.ro/indicatori/firme-infiintate-judete-ro/gorj,2026-09-01
Firme înființate pe județe,2026-05-01,119.0000,Număr,RO-GJ,ONRC,https://www.onrc.ro,https://ecifre.ro/indicatori/firme-infiintate-judete-ro/gorj,2026-09-01
Firme înființate pe județe,2026-06-01,104.0000,Număr,RO-GJ,ONRC,https://www.onrc.ro,https://ecifre.ro/indicatori/firme-infiintate-judete-ro/gorj,2026-09-01
Firme înființate pe județe,2026-07-01,99.0000,Număr,RO-GJ,ONRC,https://www.onrc.ro,https://ecifre.ro/indicatori/firme-infiintate-judete-ro/gorj,2026-09-01
Firme înființate pe județe,2014-01-01,86.0000,Număr,RO-HR,ONRC,https://www.onrc.ro,https://ecifre.ro/indicatori/firme-infiintate-judete-ro/harghita,2026-09-01
Firme înființate pe județe,2015-01-01,87.0000,Număr,RO-HR,ONRC,https://www.onrc.ro,https://ecifre.ro/indicatori/firme-infiintate-judete-ro/harghita,2026-09-01
Firme înființate pe județe,2016-01-01,89.0000,Număr,RO-HR,ONRC,https://www.onrc.ro,https://ecifre.ro/indicatori/firme-infiintate-judete-ro/harghita,2026-09-01
Firme înființate pe județe,2017-01-01,64.0000,Număr,RO-HR,ONRC,https://www.onrc.ro,https://ecifre.ro/indicatori/firme-infiintate-judete-ro/harghita,2026-09-01
Firme înființate pe județe,2017-03-01,148.0000,Număr,RO-HR,ONRC,https://www.onrc.ro,https://ecifre.ro/indicatori/firme-infiintate-judete-ro/harghita,2026-09-01
Firme înființate pe județe,2017-04-01,187.0000,Număr,RO-HR,ONRC,https://www.onrc.ro,https://ecifre.ro/indicatori/firme-infiintate-judete-ro/harghita,2026-09-01
Firme înființate pe județe,2017-05-01,189.0000,Număr,RO-HR,ONRC,https://www.onrc.ro,https://ecifre.ro/indicatori/firme-infiintate-judete-ro/harghita,2026-09-01
Firme înființate pe județe,2017-06-01,121.0000,Număr,RO-HR,ONRC,https://www.onrc.ro,https://ecifre.ro/indicatori/firme-infiintate-judete-ro/harghita,2026-09-01
Firme înființate pe județe,2017-07-01,140.0000,Număr,RO-HR,ONRC,https://www.onrc.ro,https://ecifre.ro/indicatori/firme-infiintate-judete-ro/harghita,2026-09-01
Firme înființate pe județe,2017-08-01,83.0000,Număr,RO-HR,ONRC,https://www.onrc.ro,https://ecifre.ro/indicatori/firme-infiintate-judete-ro/harghita,2026-09-01
Firme înființate pe județe,2017-09-01,127.0000,Număr,RO-HR,ONRC,https://www.onrc.ro,https://ecifre.ro/indicatori/firme-infiintate-judete-ro/harghita,2026-09-01
Firme înființate pe județe,2017-10-01,102.0000,Număr,RO-HR,ONRC,https://www.onrc.ro,https://ecifre.ro/indicatori/firme-infiintate-judete-ro/harghita,2026-09-01
Firme înființate pe județe,2017-11-01,71.0000,Număr,RO-HR,ONRC,https://www.onrc.ro,https://ecifre.ro/indicatori/firme-infiintate-judete-ro/harghita,2026-09-01
Firme înființate pe județe,2017-12-01,58.0000,Număr,RO-HR,ONRC,https://www.onrc.ro,https://ecifre.ro/indicatori/firme-infiintate-judete-ro/harghita,2026-09-01
Firme înființate pe județe,2018-01-01,76.0000,Număr,RO-HR,ONRC,https://www.onrc.ro,https://ecifre.ro/indicatori/firme-infiintate-judete-ro/harghita,2026-09-01
Firme înființate pe județe,2018-02-01,109.0000,Număr,RO-HR,ONRC,https://www.onrc.ro,https://ecifre.ro/indicatori/firme-infiintate-judete-ro/harghita,2026-09-01
Firme înființate pe județe,2018-03-01,149.0000,Număr,RO-HR,ONRC,https://www.onrc.ro,https://ecifre.ro/indicatori/firme-infiintate-judete-ro/harghita,2026-09-01
Firme înființate pe județe,2018-04-01,99.0000,Număr,RO-HR,ONRC,https://www.onrc.ro,https://ecifre.ro/indicatori/firme-infiintate-judete-ro/harghita,2026-09-01
Firme înființate pe județe,2018-05-01,103.0000,Număr,RO-HR,ONRC,https://www.onrc.ro,https://ecifre.ro/indicatori/firme-infiintate-judete-ro/harghita,2026-09-01
Firme înființate pe județe,2018-06-01,90.0000,Număr,RO-HR,ONRC,https://www.onrc.ro,https://ecifre.ro/indicatori/firme-infiintate-judete-ro/harghita,2026-09-01
Firme înființate pe județe,2018-07-01,86.0000,Număr,RO-HR,ONRC,https://www.onrc.ro,https://ecifre.ro/indicatori/firme-infiintate-judete-ro/harghita,2026-09-01
Firme înființate pe județe,2018-08-01,90.0000,Număr,RO-HR,ONRC,https://www.onrc.ro,https://ecifre.ro/indicatori/firme-infiintate-judete-ro/harghita,2026-09-01
Firme înființate pe județe,2018-09-01,97.0000,Număr,RO-HR,ONRC,https://www.onrc.ro,https://ecifre.ro/indicatori/firme-infiintate-judete-ro/harghita,2026-09-01
Firme înființate pe județe,2018-10-01,127.0000,Număr,RO-HR,ONRC,https://www.onrc.ro,https://ecifre.ro/indicatori/firme-infiintate-judete-ro/harghita,2026-09-01
Firme înființate pe județe,2018-11-01,118.0000,Număr,RO-HR,ONRC,https://www.onrc.ro,https://ecifre.ro/indicatori/firme-infiintate-judete-ro/harghita,2026-09-01
Firme înființate pe județe,2018-12-01,103.0000,Număr,RO-HR,ONRC,https://www.onrc.ro,https://ecifre.ro/indicatori/firme-infiintate-judete-ro/harghita,2026-09-01
Firme înființate pe județe,2019-01-01,153.0000,Număr,RO-HR,ONRC,https://www.onrc.ro,https://ecifre.ro/indicatori/firme-infiintate-judete-ro/harghita,2026-09-01
Firme înființate pe județe,2019-02-01,165.0000,Număr,RO-HR,ONRC,https://www.onrc.ro,https://ecifre.ro/indicatori/firme-infiintate-judete-ro/harghita,2026-09-01
Firme înființate pe județe,2019-03-01,166.0000,Număr,RO-HR,ONRC,https://www.onrc.ro,https://ecifre.ro/indicatori/firme-infiintate-judete-ro/harghita,2026-09-01
Firme înființate pe județe,2019-04-01,146.0000,Număr,RO-HR,ONRC,https://www.onrc.ro,https://ecifre.ro/indicatori/firme-infiintate-judete-ro/harghita,2026-09-01
Firme înființate pe județe,2019-05-01,157.0000,Număr,RO-HR,ONRC,https://www.onrc.ro,https://ecifre.ro/indicatori/firme-infiintate-judete-ro/harghita,2026-09-01
Firme înființate pe județe,2019-06-01,113.0000,Număr,RO-HR,ONRC,https://www.onrc.ro,https://ecifre.ro/indicatori/firme-infiintate-judete-ro/harghita,2026-09-01
Firme înființate pe județe,2019-07-01,122.0000,Număr,RO-HR,ONRC,https://www.onrc.ro,https://ecifre.ro/indicatori/firme-infiintate-judete-ro/harghita,2026-09-01
Firme înființate pe județe,2019-08-01,92.0000,Număr,RO-HR,ONRC,https://www.onrc.ro,https://ecifre.ro/indicatori/firme-infiintate-judete-ro/harghita,2026-09-01
Firme înființate pe județe,2019-09-01,93.0000,Număr,RO-HR,ONRC,https://www.onrc.ro,https://ecifre.ro/indicatori/firme-infiintate-judete-ro/harghita,2026-09-01
Firme înființate pe județe,2019-10-01,101.0000,Număr,RO-HR,ONRC,https://www.onrc.ro,https://ecifre.ro/indicatori/firme-infiintate-judete-ro/harghita,2026-09-01
Firme înființate pe județe,2019-11-01,97.0000,Număr,RO-HR,ONRC,https://www.onrc.ro,https://ecifre.ro/indicatori/firme-infiintate-judete-ro/harghita,2026-09-01
Firme înființate pe județe,2019-12-01,80.0000,Număr,RO-HR,ONRC,https://www.onrc.ro,https://ecifre.ro/indicatori/firme-infiintate-judete-ro/harghita,2026-09-01
Firme înființate pe județe,2020-01-01,100.0000,Număr,RO-HR,ONRC,https://www.onrc.ro,https://ecifre.ro/indicatori/firme-infiintate-judete-ro/harghita,2026-09-01
Firme înființate pe județe,2020-02-01,123.0000,Număr,RO-HR,ONRC,https://www.onrc.ro,https://ecifre.ro/indicatori/firme-infiintate-judete-ro/harghita,2026-09-01
Firme înființate pe județe,2020-03-01,64.0000,Număr,RO-HR,ONRC,https://www.onrc.ro,https://ecifre.ro/indicatori/firme-infiintate-judete-ro/harghita,2026-09-01
Firme înființate pe județe,2020-04-01,25.0000,Număr,RO-HR,ONRC,https://www.onrc.ro,https://ecifre.ro/indicatori/firme-infiintate-judete-ro/harghita,2026-09-01
Firme înființate pe județe,2020-05-01,84.0000,Număr,RO-HR,ONRC,https://www.onrc.ro,https://ecifre.ro/indicatori/firme-infiintate-judete-ro/harghita,2026-09-01
Firme înființate pe județe,2020-06-01,104.0000,Număr,RO-HR,ONRC,https://www.onrc.ro,https://ecifre.ro/indicatori/firme-infiintate-judete-ro/harghita,2026-09-01
Firme înființate pe județe,2020-07-01,159.0000,Număr,RO-HR,ONRC,https://www.onrc.ro,https://ecifre.ro/indicatori/firme-infiintate-judete-ro/harghita,2026-09-01
Firme înființate pe județe,2020-08-01,98.0000,Număr,RO-HR,ONRC,https://www.onrc.ro,https://ecifre.ro/indicatori/firme-infiintate-judete-ro/harghita,2026-09-01
Firme înființate pe județe,2020-09-01,116.0000,Număr,RO-HR,ONRC,https://www.onrc.ro,https://ecifre.ro/indicatori/firme-infiintate-judete-ro/harghita,2026-09-01
Firme înființate pe județe,2020-10-01,135.0000,Număr,RO-HR,ONRC,https://www.onrc.ro,https://ecifre.ro/indicatori/firme-infiintate-judete-ro/harghita,2026-09-01
Firme înființate pe județe,2020-11-01,101.0000,Număr,RO-HR,ONRC,https://www.onrc.ro,https://ecifre.ro/indicatori/firme-infiintate-judete-ro/harghita,2026-09-01
Firme înființate pe județe,2020-12-01,66.0000,Număr,RO-HR,ONRC,https://www.onrc.ro,https://ecifre.ro/indicatori/firme-infiintate-judete-ro/harghita,2026-09-01
Firme înființate pe județe,2021-02-01,144.0000,Număr,RO-HR,ONRC,https://www.onrc.ro,https://ecifre.ro/indicatori/firme-infiintate-judete-ro/harghita,2026-09-01
Firme înființate pe județe,2021-03-01,162.0000,Număr,RO-HR,ONRC,https://www.onrc.ro,https://ecifre.ro/indicatori/firme-infiintate-judete-ro/harghita,2026-09-01
Firme înființate pe județe,2021-04-01,111.0000,Număr,RO-HR,ONRC,https://www.onrc.ro,https://ecifre.ro/indicatori/firme-infiintate-judete-ro/harghita,2026-09-01
Firme înființate pe județe,2021-05-01,116.0000,Număr,RO-HR,ONRC,https://www.onrc.ro,https://ecifre.ro/indicatori/firme-infiintate-judete-ro/harghita,2026-09-01
Firme înființate pe județe,2021-06-01,131.0000,Număr,RO-HR,ONRC,https://www.onrc.ro,https://ecifre.ro/indicatori/firme-infiintate-judete-ro/harghita,2026-09-01
Firme înființate pe județe,2021-07-01,106.0000,Număr,RO-HR,ONRC,https://www.onrc.ro,https://ecifre.ro/indicatori/firme-infiintate-judete-ro/harghita,2026-09-01
Firme înființate pe județe,2021-08-01,97.0000,Număr,RO-HR,ONRC,https://www.onrc.ro,https://ecifre.ro/indicatori/firme-infiintate-judete-ro/harghita,2026-09-01
Firme înființate pe județe,2021-09-01,134.0000,Număr,RO-HR,ONRC,https://www.onrc.ro,https://ecifre.ro/indicatori/firme-infiintate-judete-ro/harghita,2026-09-01
Firme înființate pe județe,2021-10-01,146.0000,Număr,RO-HR,ONRC,https://www.onrc.ro,https://ecifre.ro/indicatori/firme-infiintate-judete-ro/harghita,2026-09-01
Firme înființate pe județe,2021-11-01,108.0000,Număr,RO-HR,ONRC,https://www.onrc.ro,https://ecifre.ro/indicatori/firme-infiintate-judete-ro/harghita,2026-09-01
Firme înființate pe județe,2021-12-01,93.0000,Număr,RO-HR,ONRC,https://www.onrc.ro,https://ecifre.ro/indicatori/firme-infiintate-judete-ro/harghita,2026-09-01
Firme înființate pe județe,2022-02-01,133.0000,Număr,RO-HR,ONRC,https://www.onrc.ro,https://ecifre.ro/indicatori/firme-infiintate-judete-ro/harghita,2026-09-01
Firme înființate pe județe,2022-03-01,110.0000,Număr,RO-HR,ONRC,https://www.onrc.ro,https://ecifre.ro/indicatori/firme-infiintate-judete-ro/harghita,2026-09-01
Firme înființate pe județe,2022-04-01,115.0000,Număr,RO-HR,ONRC,https://www.onrc.ro,https://ecifre.ro/indicatori/firme-infiintate-judete-ro/harghita,2026-09-01
Firme înființate pe județe,2022-05-01,130.0000,Număr,RO-HR,ONRC,https://www.onrc.ro,https://ecifre.ro/indicatori/firme-infiintate-judete-ro/harghita,2026-09-01
Firme înființate pe județe,2022-07-01,119.0000,Număr,RO-HR,ONRC,https://www.onrc.ro,https://ecifre.ro/indicatori/firme-infiintate-judete-ro/harghita,2026-09-01
Firme înființate pe județe,2022-08-01,133.0000,Număr,RO-HR,ONRC,https://www.onrc.ro,https://ecifre.ro/indicatori/firme-infiintate-judete-ro/harghita,2026-09-01
Firme înființate pe județe,2022-09-01,126.0000,Număr,RO-HR,ONRC,https://www.onrc.ro,https://ecifre.ro/indicatori/firme-infiintate-judete-ro/harghita,2026-09-01
Firme înființate pe județe,2022-10-01,118.0000,Număr,RO-HR,ONRC,https://www.onrc.ro,https://ecifre.ro/indicatori/firme-infiintate-judete-ro/harghita,2026-09-01
Firme înființate pe județe,2022-11-01,117.0000,Număr,RO-HR,ONRC,https://www.onrc.ro,https://ecifre.ro/indicatori/firme-infiintate-judete-ro/harghita,2026-09-01
Firme înființate pe județe,2022-12-01,110.0000,Număr,RO-HR,ONRC,https://www.onrc.ro,https://ecifre.ro/indicatori/firme-infiintate-judete-ro/harghita,2026-09-01
Firme înființate pe județe,2023-02-01,160.0000,Număr,RO-HR,ONRC,https://www.onrc.ro,https://ecifre.ro/indicatori/firme-infiintate-judete-ro/harghita,2026-09-01
Firme înființate pe județe,2023-03-01,142.0000,Număr,RO-HR,ONRC,https://www.onrc.ro,https://ecifre.ro/indicatori/firme-infiintate-judete-ro/harghita,2026-09-01
Firme înființate pe județe,2023-04-01,108.0000,Număr,RO-HR,ONRC,https://www.onrc.ro,https://ecifre.ro/indicatori/firme-infiintate-judete-ro/harghita,2026-09-01
Firme înființate pe județe,2023-05-01,119.0000,Număr,RO-HR,ONRC,https://www.onrc.ro,https://ecifre.ro/indicatori/firme-infiintate-judete-ro/harghita,2026-09-01
Firme înființate pe județe,2023-06-01,95.0000,Număr,RO-HR,ONRC,https://www.onrc.ro,https://ecifre.ro/indicatori/firme-infiintate-judete-ro/harghita,2026-09-01
Firme înființate pe județe,2023-07-01,86.0000,Număr,RO-HR,ONRC,https://www.onrc.ro,https://ecifre.ro/indicatori/firme-infiintate-judete-ro/harghita,2026-09-01
Firme înființate pe județe,2023-08-01,94.0000,Număr,RO-HR,ONRC,https://www.onrc.ro,https://ecifre.ro/indicatori/firme-infiintate-judete-ro/harghita,2026-09-01
Firme înființate pe județe,2023-09-01,115.0000,Număr,RO-HR,ONRC,https://www.onrc.ro,https://ecifre.ro/indicatori/firme-infiintate-judete-ro/harghita,2026-09-01
Firme înființate pe județe,2023-10-01,113.0000,Număr,RO-HR,ONRC,https://www.onrc.ro,https://ecifre.ro/indicatori/firme-infiintate-judete-ro/harghita,2026-09-01
Firme înființate pe județe,2023-11-01,109.0000,Număr,RO-HR,ONRC,https://www.onrc.ro,https://ecifre.ro/indicatori/firme-infiintate-judete-ro/harghita,2026-09-01
Firme înființate pe județe,2023-12-01,81.0000,Număr,RO-HR,ONRC,https://www.onrc.ro,https://ecifre.ro/indicatori/firme-infiintate-judete-ro/harghita,2026-09-01
Firme înființate pe județe,2024-02-01,131.0000,Număr,RO-HR,ONRC,https://www.onrc.ro,https://ecifre.ro/indicatori/firme-infiintate-judete-ro/harghita,2026-09-01
Firme înființate pe județe,2024-03-01,83.0000,Număr,RO-HR,ONRC,https://www.onrc.ro,https://ecifre.ro/indicatori/firme-infiintate-judete-ro/harghita,2026-09-01
Firme înființate pe județe,2024-04-01,104.0000,Număr,RO-HR,ONRC,https://www.onrc.ro,https://ecifre.ro/indicatori/firme-infiintate-judete-ro/harghita,2026-09-01
Firme înființate pe județe,2024-05-01,93.0000,Număr,RO-HR,ONRC,https://www.onrc.ro,https://ecifre.ro/indicatori/firme-infiintate-judete-ro/harghita,2026-09-01
Firme înființate pe județe,2024-06-01,80.0000,Număr,RO-HR,ONRC,https://www.onrc.ro,https://ecifre.ro/indicatori/firme-infiintate-judete-ro/harghita,2026-09-01
Firme înființate pe județe,2024-07-01,68.0000,Număr,RO-HR,ONRC,https://www.onrc.ro,https://ecifre.ro/indicatori/firme-infiintate-judete-ro/harghita,2026-09-01
Firme înființate pe județe,2024-08-01,39.0000,Număr,RO-HR,ONRC,https://www.onrc.ro,https://ecifre.ro/indicatori/firme-infiintate-judete-ro/harghita,2026-09-01
Firme înființate pe județe,2024-09-01,105.0000,Număr,RO-HR,ONRC,https://www.onrc.ro,https://ecifre.ro/indicatori/firme-infiintate-judete-ro/harghita,2026-09-01
Firme înființate pe județe,2024-10-01,90.0000,Număr,RO-HR,ONRC,https://www.onrc.ro,https://ecifre.ro/indicatori/firme-infiintate-judete-ro/harghita,2026-09-01
Firme înființate pe județe,2024-11-01,56.0000,Număr,RO-HR,ONRC,https://www.onrc.ro,https://ecifre.ro/indicatori/firme-infiintate-judete-ro/harghita,2026-09-01
Firme înființate pe județe,2024-12-01,59.0000,Număr,RO-HR,ONRC,https://www.onrc.ro,https://ecifre.ro/indicatori/firme-infiintate-judete-ro/harghita,2026-09-01
Firme înființate pe județe,2025-01-01,87.0000,Număr,RO-HR,ONRC,https://www.onrc.ro,https://ecifre.ro/indicatori/firme-infiintate-judete-ro/harghita,2026-09-01
Firme înființate pe județe,2025-02-01,114.0000,Număr,RO-HR,ONRC,https://www.onrc.ro,https://ecifre.ro/indicatori/firme-infiintate-judete-ro/harghita,2026-09-01
Firme înființate pe județe,2025-03-01,127.0000,Număr,RO-HR,ONRC,https://www.onrc.ro,https://ecifre.ro/indicatori/firme-infiintate-judete-ro/harghita,2026-09-01
Firme înființate pe județe,2025-04-01,106.0000,Număr,RO-HR,ONRC,https://www.onrc.ro,https://ecifre.ro/indicatori/firme-infiintate-judete-ro/harghita,2026-09-01
Firme înființate pe județe,2025-05-01,93.0000,Număr,RO-HR,ONRC,https://www.onrc.ro,https://ecifre.ro/indicatori/firme-infiintate-judete-ro/harghita,2026-09-01
Firme înființate pe județe,2025-06-01,96.0000,Număr,RO-HR,ONRC,https://www.onrc.ro,https://ecifre.ro/indicatori/firme-infiintate-judete-ro/harghita,2026-09-01
Firme înființate pe județe,2025-07-01,123.0000,Număr,RO-HR,ONRC,https://www.onrc.ro,https://ecifre.ro/indicatori/firme-infiintate-judete-ro/harghita,2026-09-01
Firme înființate pe județe,2025-08-01,80.0000,Număr,RO-HR,ONRC,https://www.onrc.ro,https://ecifre.ro/indicatori/firme-infiintate-judete-ro/harghita,2026-09-01
Firme înființate pe județe,2025-09-01,111.0000,Număr,RO-HR,ONRC,https://www.onrc.ro,https://ecifre.ro/indicatori/firme-infiintate-judete-ro/harghita,2026-09-01
Firme înființate pe județe,2025-10-01,148.0000,Număr,RO-HR,ONRC,https://www.onrc.ro,https://ecifre.ro/indicatori/firme-infiintate-judete-ro/harghita,2026-09-01
Firme înființate pe județe,2025-11-01,99.0000,Număr,RO-HR,ONRC,https://www.onrc.ro,https://ecifre.ro/indicatori/firme-infiintate-judete-ro/harghita,2026-09-01
Firme înființate pe județe,2025-12-01,66.0000,Număr,RO-HR,ONRC,https://www.onrc.ro,https://ecifre.ro/indicatori/firme-infiintate-judete-ro/harghita,2026-09-01
Firme înființate pe județe,2026-01-01,93.0000,Număr,RO-HR,ONRC,https://www.onrc.ro,https://ecifre.ro/indicatori/firme-infiintate-judete-ro/harghita,2026-09-01
Firme înființate pe județe,2026-02-01,116.0000,Număr,RO-HR,ONRC,https://www.onrc.ro,https://ecifre.ro/indicatori/firme-infiintate-judete-ro/harghita,2026-09-01
Firme înființate pe județe,2026-03-01,134.0000,Număr,RO-HR,ONRC,https://www.onrc.ro,https://ecifre.ro/indicatori/firme-infiintate-judete-ro/harghita,2026-09-01
Firme înființate pe județe,2026-04-01,83.0000,Număr,RO-HR,ONRC,https://www.onrc.ro,https://ecifre.ro/indicatori/firme-infiintate-judete-ro/harghita,2026-09-01
Firme înființate pe județe,2026-05-01,91.0000,Număr,RO-HR,ONRC,https://www.onrc.ro,https://ecifre.ro/indicatori/firme-infiintate-judete-ro/harghita,2026-09-01
Firme înființate pe județe,2026-06-01,84.0000,Număr,RO-HR,ONRC,https://www.onrc.ro,https://ecifre.ro/indicatori/firme-infiintate-judete-ro/harghita,2026-09-01
Firme înființate pe județe,2026-07-01,93.0000,Număr,RO-HR,ONRC,https://www.onrc.ro,https://ecifre.ro/indicatori/firme-infiintate-judete-ro/harghita,2026-09-01
Firme înființate pe județe,2014-01-01,189.0000,Număr,RO-HD,ONRC,https://www.onrc.ro,https://ecifre.ro/indicatori/firme-infiintate-judete-ro/hunedoara,2026-09-01
Firme înființate pe județe,2015-01-01,152.0000,Număr,RO-HD,ONRC,https://www.onrc.ro,https://ecifre.ro/indicatori/firme-infiintate-judete-ro/hunedoara,2026-09-01
Firme înființate pe județe,2016-01-01,157.0000,Număr,RO-HD,ONRC,https://www.onrc.ro,https://ecifre.ro/indicatori/firme-infiintate-judete-ro/hunedoara,2026-09-01
Firme înființate pe județe,2017-01-01,85.0000,Număr,RO-HD,ONRC,https://www.onrc.ro,https://ecifre.ro/indicatori/firme-infiintate-judete-ro/hunedoara,2026-09-01
Firme înființate pe județe,2017-03-01,278.0000,Număr,RO-HD,ONRC,https://www.onrc.ro,https://ecifre.ro/indicatori/firme-infiintate-judete-ro/hunedoara,2026-09-01
Firme înființate pe județe,2017-04-01,316.0000,Număr,RO-HD,ONRC,https://www.onrc.ro,https://ecifre.ro/indicatori/firme-infiintate-judete-ro/hunedoara,2026-09-01
Firme înființate pe județe,2017-05-01,446.0000,Număr,RO-HD,ONRC,https://www.onrc.ro,https://ecifre.ro/indicatori/firme-infiintate-judete-ro/hunedoara,2026-09-01
Firme înființate pe județe,2017-06-01,308.0000,Număr,RO-HD,ONRC,https://www.onrc.ro,https://ecifre.ro/indicatori/firme-infiintate-judete-ro/hunedoara,2026-09-01
Firme înființate pe județe,2017-07-01,248.0000,Număr,RO-HD,ONRC,https://www.onrc.ro,https://ecifre.ro/indicatori/firme-infiintate-judete-ro/hunedoara,2026-09-01
Firme înființate pe județe,2017-08-01,183.0000,Număr,RO-HD,ONRC,https://www.onrc.ro,https://ecifre.ro/indicatori/firme-infiintate-judete-ro/hunedoara,2026-09-01
Firme înființate pe județe,2017-09-01,172.0000,Număr,RO-HD,ONRC,https://www.onrc.ro,https://ecifre.ro/indicatori/firme-infiintate-judete-ro/hunedoara,2026-09-01
Firme înființate pe județe,2017-10-01,151.0000,Număr,RO-HD,ONRC,https://www.onrc.ro,https://ecifre.ro/indicatori/firme-infiintate-judete-ro/hunedoara,2026-09-01
Firme înființate pe județe,2017-11-01,135.0000,Număr,RO-HD,ONRC,https://www.onrc.ro,https://ecifre.ro/indicatori/firme-infiintate-judete-ro/hunedoara,2026-09-01
Firme înființate pe județe,2017-12-01,83.0000,Număr,RO-HD,ONRC,https://www.onrc.ro,https://ecifre.ro/indicatori/firme-infiintate-judete-ro/hunedoara,2026-09-01
Firme înființate pe județe,2018-01-01,186.0000,Număr,RO-HD,ONRC,https://www.onrc.ro,https://ecifre.ro/indicatori/firme-infiintate-judete-ro/hunedoara,2026-09-01
Firme înființate pe județe,2018-02-01,199.0000,Număr,RO-HD,ONRC,https://www.onrc.ro,https://ecifre.ro/indicatori/firme-infiintate-judete-ro/hunedoara,2026-09-01
Firme înființate pe județe,2018-03-01,214.0000,Număr,RO-HD,ONRC,https://www.onrc.ro,https://ecifre.ro/indicatori/firme-infiintate-judete-ro/hunedoara,2026-09-01
Firme înființate pe județe,2018-04-01,210.0000,Număr,RO-HD,ONRC,https://www.onrc.ro,https://ecifre.ro/indicatori/firme-infiintate-judete-ro/hunedoara,2026-09-01
Firme înființate pe județe,2018-05-01,234.0000,Număr,RO-HD,ONRC,https://www.onrc.ro,https://ecifre.ro/indicatori/firme-infiintate-judete-ro/hunedoara,2026-09-01
Firme înființate pe județe,2018-06-01,201.0000,Număr,RO-HD,ONRC,https://www.onrc.ro,https://ecifre.ro/indicatori/firme-infiintate-judete-ro/hunedoara,2026-09-01
Firme înființate pe județe,2018-07-01,237.0000,Număr,RO-HD,ONRC,https://www.onrc.ro,https://ecifre.ro/indicatori/firme-infiintate-judete-ro/hunedoara,2026-09-01
Firme înființate pe județe,2018-08-01,175.0000,Număr,RO-HD,ONRC,https://www.onrc.ro,https://ecifre.ro/indicatori/firme-infiintate-judete-ro/hunedoara,2026-09-01
Firme înființate pe județe,2018-09-01,146.0000,Număr,RO-HD,ONRC,https://www.onrc.ro,https://ecifre.ro/indicatori/firme-infiintate-judete-ro/hunedoara,2026-09-01
Firme înființate pe județe,2018-10-01,243.0000,Număr,RO-HD,ONRC,https://www.onrc.ro,https://ecifre.ro/indicatori/firme-infiintate-judete-ro/hunedoara,2026-09-01
Firme înființate pe județe,2018-11-01,250.0000,Număr,RO-HD,ONRC,https://www.onrc.ro,https://ecifre.ro/indicatori/firme-infiintate-judete-ro/hunedoara,2026-09-01
Firme înființate pe județe,2018-12-01,176.0000,Număr,RO-HD,ONRC,https://www.onrc.ro,https://ecifre.ro/indicatori/firme-infiintate-judete-ro/hunedoara,2026-09-01
Firme înființate pe județe,2019-01-01,312.0000,Număr,RO-HD,ONRC,https://www.onrc.ro,https://ecifre.ro/indicatori/firme-infiintate-judete-ro/hunedoara,2026-09-01
Firme înființate pe județe,2019-02-01,226.0000,Număr,RO-HD,ONRC,https://www.onrc.ro,https://ecifre.ro/indicatori/firme-infiintate-judete-ro/hunedoara,2026-09-01
Firme înființate pe județe,2019-03-01,296.0000,Număr,RO-HD,ONRC,https://www.onrc.ro,https://ecifre.ro/indicatori/firme-infiintate-judete-ro/hunedoara,2026-09-01
Firme înființate pe județe,2019-04-01,281.0000,Număr,RO-HD,ONRC,https://www.onrc.ro,https://ecifre.ro/indicatori/firme-infiintate-judete-ro/hunedoara,2026-09-01
Firme înființate pe județe,2019-05-01,205.0000,Număr,RO-HD,ONRC,https://www.onrc.ro,https://ecifre.ro/indicatori/firme-infiintate-judete-ro/hunedoara,2026-09-01
Firme înființate pe județe,2019-06-01,172.0000,Număr,RO-HD,ONRC,https://www.onrc.ro,https://ecifre.ro/indicatori/firme-infiintate-judete-ro/hunedoara,2026-09-01
Firme înființate pe județe,2019-07-01,188.0000,Număr,RO-HD,ONRC,https://www.onrc.ro,https://ecifre.ro/indicatori/firme-infiintate-judete-ro/hunedoara,2026-09-01
Firme înființate pe județe,2019-08-01,193.0000,Număr,RO-HD,ONRC,https://www.onrc.ro,https://ecifre.ro/indicatori/firme-infiintate-judete-ro/hunedoara,2026-09-01
Firme înființate pe județe,2019-09-01,182.0000,Număr,RO-HD,ONRC,https://www.onrc.ro,https://ecifre.ro/indicatori/firme-infiintate-judete-ro/hunedoara,2026-09-01
Firme înființate pe județe,2019-10-01,182.0000,Număr,RO-HD,ONRC,https://www.onrc.ro,https://ecifre.ro/indicatori/firme-infiintate-judete-ro/hunedoara,2026-09-01
Firme înființate pe județe,2019-11-01,140.0000,Număr,RO-HD,ONRC,https://www.onrc.ro,https://ecifre.ro/indicatori/firme-infiintate-judete-ro/hunedoara,2026-09-01
Firme înființate pe județe,2019-12-01,118.0000,Număr,RO-HD,ONRC,https://www.onrc.ro,https://ecifre.ro/indicatori/firme-infiintate-judete-ro/hunedoara,2026-09-01
Firme înființate pe județe,2020-01-01,177.0000,Număr,RO-HD,ONRC,https://www.onrc.ro,https://ecifre.ro/indicatori/firme-infiintate-judete-ro/hunedoara,2026-09-01
Firme înființate pe județe,2020-02-01,180.0000,Număr,RO-HD,ONRC,https://www.onrc.ro,https://ecifre.ro/indicatori/firme-infiintate-judete-ro/hunedoara,2026-09-01
Firme înființate pe județe,2020-03-01,110.0000,Număr,RO-HD,ONRC,https://www.onrc.ro,https://ecifre.ro/indicatori/firme-infiintate-judete-ro/hunedoara,2026-09-01
Firme înființate pe județe,2020-04-01,33.0000,Număr,RO-HD,ONRC,https://www.onrc.ro,https://ecifre.ro/indicatori/firme-infiintate-judete-ro/hunedoara,2026-09-01
Firme înființate pe județe,2020-05-01,116.0000,Număr,RO-HD,ONRC,https://www.onrc.ro,https://ecifre.ro/indicatori/firme-infiintate-judete-ro/hunedoara,2026-09-01
Firme înființate pe județe,2020-06-01,199.0000,Număr,RO-HD,ONRC,https://www.onrc.ro,https://ecifre.ro/indicatori/firme-infiintate-judete-ro/hunedoara,2026-09-01
Firme înființate pe județe,2020-07-01,203.0000,Număr,RO-HD,ONRC,https://www.onrc.ro,https://ecifre.ro/indicatori/firme-infiintate-judete-ro/hunedoara,2026-09-01
Firme înființate pe județe,2020-08-01,152.0000,Număr,RO-HD,ONRC,https://www.onrc.ro,https://ecifre.ro/indicatori/firme-infiintate-judete-ro/hunedoara,2026-09-01
Firme înființate pe județe,2020-09-01,166.0000,Număr,RO-HD,ONRC,https://www.onrc.ro,https://ecifre.ro/indicatori/firme-infiintate-judete-ro/hunedoara,2026-09-01
Firme înființate pe județe,2020-10-01,203.0000,Număr,RO-HD,ONRC,https://www.onrc.ro,https://ecifre.ro/indicatori/firme-infiintate-judete-ro/hunedoara,2026-09-01
Firme înființate pe județe,2020-11-01,157.0000,Număr,RO-HD,ONRC,https://www.onrc.ro,https://ecifre.ro/indicatori/firme-infiintate-judete-ro/hunedoara,2026-09-01
Firme înființate pe județe,2020-12-01,110.0000,Număr,RO-HD,ONRC,https://www.onrc.ro,https://ecifre.ro/indicatori/firme-infiintate-judete-ro/hunedoara,2026-09-01
Firme înființate pe județe,2021-02-01,206.0000,Număr,RO-HD,ONRC,https://www.onrc.ro,https://ecifre.ro/indicatori/firme-infiintate-judete-ro/hunedoara,2026-09-01
Firme înființate pe județe,2021-03-01,278.0000,Număr,RO-HD,ONRC,https://www.onrc.ro,https://ecifre.ro/indicatori/firme-infiintate-judete-ro/hunedoara,2026-09-01
Firme înființate pe județe,2021-04-01,213.0000,Număr,RO-HD,ONRC,https://www.onrc.ro,https://ecifre.ro/indicatori/firme-infiintate-judete-ro/hunedoara,2026-09-01
Firme înființate pe județe,2021-05-01,200.0000,Număr,RO-HD,ONRC,https://www.onrc.ro,https://ecifre.ro/indicatori/firme-infiintate-judete-ro/hunedoara,2026-09-01
Firme înființate pe județe,2021-06-01,259.0000,Număr,RO-HD,ONRC,https://www.onrc.ro,https://ecifre.ro/indicatori/firme-infiintate-judete-ro/hunedoara,2026-09-01
Firme înființate pe județe,2021-07-01,221.0000,Număr,RO-HD,ONRC,https://www.onrc.ro,https://ecifre.ro/indicatori/firme-infiintate-judete-ro/hunedoara,2026-09-01
Firme înființate pe județe,2021-08-01,232.0000,Număr,RO-HD,ONRC,https://www.onrc.ro,https://ecifre.ro/indicatori/firme-infiintate-judete-ro/hunedoara,2026-09-01
Firme înființate pe județe,2021-09-01,289.0000,Număr,RO-HD,ONRC,https://www.onrc.ro,https://ecifre.ro/indicatori/firme-infiintate-judete-ro/hunedoara,2026-09-01
Firme înființate pe județe,2021-10-01,254.0000,Număr,RO-HD,ONRC,https://www.onrc.ro,https://ecifre.ro/indicatori/firme-infiintate-judete-ro/hunedoara,2026-09-01
Firme înființate pe județe,2021-11-01,157.0000,Număr,RO-HD,ONRC,https://www.onrc.ro,https://ecifre.ro/indicatori/firme-infiintate-judete-ro/hunedoara,2026-09-01
Firme înființate pe județe,2021-12-01,134.0000,Număr,RO-HD,ONRC,https://www.onrc.ro,https://ecifre.ro/indicatori/firme-infiintate-judete-ro/hunedoara,2026-09-01
Firme înființate pe județe,2022-02-01,213.0000,Număr,RO-HD,ONRC,https://www.onrc.ro,https://ecifre.ro/indicatori/firme-infiintate-judete-ro/hunedoara,2026-09-01
Firme înființate pe județe,2022-03-01,195.0000,Număr,RO-HD,ONRC,https://www.onrc.ro,https://ecifre.ro/indicatori/firme-infiintate-judete-ro/hunedoara,2026-09-01
Firme înființate pe județe,2022-04-01,195.0000,Număr,RO-HD,ONRC,https://www.onrc.ro,https://ecifre.ro/indicatori/firme-infiintate-judete-ro/hunedoara,2026-09-01
Firme înființate pe județe,2022-05-01,277.0000,Număr,RO-HD,ONRC,https://www.onrc.ro,https://ecifre.ro/indicatori/firme-infiintate-judete-ro/hunedoara,2026-09-01
Firme înființate pe județe,2022-07-01,221.0000,Număr,RO-HD,ONRC,https://www.onrc.ro,https://ecifre.ro/indicatori/firme-infiintate-judete-ro/hunedoara,2026-09-01
Firme înființate pe județe,2022-08-01,279.0000,Număr,RO-HD,ONRC,https://www.onrc.ro,https://ecifre.ro/indicatori/firme-infiintate-judete-ro/hunedoara,2026-09-01
Firme înființate pe județe,2022-09-01,286.0000,Număr,RO-HD,ONRC,https://www.onrc.ro,https://ecifre.ro/indicatori/firme-infiintate-judete-ro/hunedoara,2026-09-01
Firme înființate pe județe,2022-10-01,188.0000,Număr,RO-HD,ONRC,https://www.onrc.ro,https://ecifre.ro/indicatori/firme-infiintate-judete-ro/hunedoara,2026-09-01
Firme înființate pe județe,2022-11-01,171.0000,Număr,RO-HD,ONRC,https://www.onrc.ro,https://ecifre.ro/indicatori/firme-infiintate-judete-ro/hunedoara,2026-09-01
Firme înființate pe județe,2022-12-01,109.0000,Număr,RO-HD,ONRC,https://www.onrc.ro,https://ecifre.ro/indicatori/firme-infiintate-judete-ro/hunedoara,2026-09-01
Firme înființate pe județe,2023-02-01,213.0000,Număr,RO-HD,ONRC,https://www.onrc.ro,https://ecifre.ro/indicatori/firme-infiintate-judete-ro/hunedoara,2026-09-01
Firme înființate pe județe,2023-03-01,254.0000,Număr,RO-HD,ONRC,https://www.onrc.ro,https://ecifre.ro/indicatori/firme-infiintate-judete-ro/hunedoara,2026-09-01
Firme înființate pe județe,2023-04-01,184.0000,Număr,RO-HD,ONRC,https://www.onrc.ro,https://ecifre.ro/indicatori/firme-infiintate-judete-ro/hunedoara,2026-09-01
Firme înființate pe județe,2023-05-01,235.0000,Număr,RO-HD,ONRC,https://www.onrc.ro,https://ecifre.ro/indicatori/firme-infiintate-judete-ro/hunedoara,2026-09-01
Firme înființate pe județe,2023-06-01,188.0000,Număr,RO-HD,ONRC,https://www.onrc.ro,https://ecifre.ro/indicatori/firme-infiintate-judete-ro/hunedoara,2026-09-01
Firme înființate pe județe,2023-07-01,177.0000,Număr,RO-HD,ONRC,https://www.onrc.ro,https://ecifre.ro/indicatori/firme-infiintate-judete-ro/hunedoara,2026-09-01
Firme înființate pe județe,2023-08-01,204.0000,Număr,RO-HD,ONRC,https://www.onrc.ro,https://ecifre.ro/indicatori/firme-infiintate-judete-ro/hunedoara,2026-09-01
Firme înființate pe județe,2023-09-01,175.0000,Număr,RO-HD,ONRC,https://www.onrc.ro,https://ecifre.ro/indicatori/firme-infiintate-judete-ro/hunedoara,2026-09-01
Firme înființate pe județe,2023-10-01,191.0000,Număr,RO-HD,ONRC,https://www.onrc.ro,https://ecifre.ro/indicatori/firme-infiintate-judete-ro/hunedoara,2026-09-01
Firme înființate pe județe,2023-11-01,186.0000,Număr,RO-HD,ONRC,https://www.onrc.ro,https://ecifre.ro/indicatori/firme-infiintate-judete-ro/hunedoara,2026-09-01
Firme înființate pe județe,2023-12-01,126.0000,Număr,RO-HD,ONRC,https://www.onrc.ro,https://ecifre.ro/indicatori/firme-infiintate-judete-ro/hunedoara,2026-09-01
Firme înființate pe județe,2024-02-01,201.0000,Număr,RO-HD,ONRC,https://www.onrc.ro,https://ecifre.ro/indicatori/firme-infiintate-judete-ro/hunedoara,2026-09-01
Firme înființate pe județe,2024-03-01,182.0000,Număr,RO-HD,ONRC,https://www.onrc.ro,https://ecifre.ro/indicatori/firme-infiintate-judete-ro/hunedoara,2026-09-01
Firme înființate pe județe,2024-04-01,169.0000,Număr,RO-HD,ONRC,https://www.onrc.ro,https://ecifre.ro/indicatori/firme-infiintate-judete-ro/hunedoara,2026-09-01
Firme înființate pe județe,2024-05-01,142.0000,Număr,RO-HD,ONRC,https://www.onrc.ro,https://ecifre.ro/indicatori/firme-infiintate-judete-ro/hunedoara,2026-09-01
Firme înființate pe județe,2024-06-01,132.0000,Număr,RO-HD,ONRC,https://www.onrc.ro,https://ecifre.ro/indicatori/firme-infiintate-judete-ro/hunedoara,2026-09-01
Firme înființate pe județe,2024-07-01,82.0000,Număr,RO-HD,ONRC,https://www.onrc.ro,https://ecifre.ro/indicatori/firme-infiintate-judete-ro/hunedoara,2026-09-01
Firme înființate pe județe,2024-08-01,60.0000,Număr,RO-HD,ONRC,https://www.onrc.ro,https://ecifre.ro/indicatori/firme-infiintate-judete-ro/hunedoara,2026-09-01
Firme înființate pe județe,2024-09-01,114.0000,Număr,RO-HD,ONRC,https://www.onrc.ro,https://ecifre.ro/indicatori/firme-infiintate-judete-ro/hunedoara,2026-09-01
Firme înființate pe județe,2024-10-01,291.0000,Număr,RO-HD,ONRC,https://www.onrc.ro,https://ecifre.ro/indicatori/firme-infiintate-judete-ro/hunedoara,2026-09-01
Firme înființate pe județe,2024-11-01,116.0000,Număr,RO-HD,ONRC,https://www.onrc.ro,https://ecifre.ro/indicatori/firme-infiintate-judete-ro/hunedoara,2026-09-01
Firme înființate pe județe,2024-12-01,100.0000,Număr,RO-HD,ONRC,https://www.onrc.ro,https://ecifre.ro/indicatori/firme-infiintate-judete-ro/hunedoara,2026-09-01
Firme înființate pe județe,2025-01-01,152.0000,Număr,RO-HD,ONRC,https://www.onrc.ro,https://ecifre.ro/indicatori/firme-infiintate-judete-ro/hunedoara,2026-09-01
Firme înființate pe județe,2025-02-01,186.0000,Număr,RO-HD,ONRC,https://www.onrc.ro,https://ecifre.ro/indicatori/firme-infiintate-judete-ro/hunedoara,2026-09-01
Firme înființate pe județe,2025-03-01,189.0000,Număr,RO-HD,ONRC,https://www.onrc.ro,https://ecifre.ro/indicatori/firme-infiintate-judete-ro/hunedoara,2026-09-01
Firme înființate pe județe,2025-04-01,141.0000,Număr,RO-HD,ONRC,https://www.onrc.ro,https://ecifre.ro/indicatori/firme-infiintate-judete-ro/hunedoara,2026-09-01
Firme înființate pe județe,2025-05-01,178.0000,Număr,RO-HD,ONRC,https://www.onrc.ro,https://ecifre.ro/indicatori/firme-infiintate-judete-ro/hunedoara,2026-09-01
Firme înființate pe județe,2025-06-01,149.0000,Număr,RO-HD,ONRC,https://www.onrc.ro,https://ecifre.ro/indicatori/firme-infiintate-judete-ro/hunedoara,2026-09-01
Firme înființate pe județe,2025-07-01,181.0000,Număr,RO-HD,ONRC,https://www.onrc.ro,https://ecifre.ro/indicatori/firme-infiintate-judete-ro/hunedoara,2026-09-01
Firme înființate pe județe,2025-08-01,153.0000,Număr,RO-HD,ONRC,https://www.onrc.ro,https://ecifre.ro/indicatori/firme-infiintate-judete-ro/hunedoara,2026-09-01
Firme înființate pe județe,2025-09-01,182.0000,Număr,RO-HD,ONRC,https://www.onrc.ro,https://ecifre.ro/indicatori/firme-infiintate-judete-ro/hunedoara,2026-09-01
Firme înființate pe județe,2025-10-01,249.0000,Număr,RO-HD,ONRC,https://www.onrc.ro,https://ecifre.ro/indicatori/firme-infiintate-judete-ro/hunedoara,2026-09-01
Firme înființate pe județe,2025-11-01,211.0000,Număr,RO-HD,ONRC,https://www.onrc.ro,https://ecifre.ro/indicatori/firme-infiintate-judete-ro/hunedoara,2026-09-01
Firme înființate pe județe,2025-12-01,164.0000,Număr,RO-HD,ONRC,https://www.onrc.ro,https://ecifre.ro/indicatori/firme-infiintate-judete-ro/hunedoara,2026-09-01
Firme înființate pe județe,2026-01-01,128.0000,Număr,RO-HD,ONRC,https://www.onrc.ro,https://ecifre.ro/indicatori/firme-infiintate-judete-ro/hunedoara,2026-09-01
Firme înființate pe județe,2026-02-01,181.0000,Număr,RO-HD,ONRC,https://www.onrc.ro,https://ecifre.ro/indicatori/firme-infiintate-judete-ro/hunedoara,2026-09-01
Firme înființate pe județe,2026-03-01,215.0000,Număr,RO-HD,ONRC,https://www.onrc.ro,https://ecifre.ro/indicatori/firme-infiintate-judete-ro/hunedoara,2026-09-01
Firme înființate pe județe,2026-04-01,151.0000,Număr,RO-HD,ONRC,https://www.onrc.ro,https://ecifre.ro/indicatori/firme-infiintate-judete-ro/hunedoara,2026-09-01
Firme înființate pe județe,2026-05-01,149.0000,Număr,RO-HD,ONRC,https://www.onrc.ro,https://ecifre.ro/indicatori/firme-infiintate-judete-ro/hunedoara,2026-09-01
Firme înființate pe județe,2026-06-01,158.0000,Număr,RO-HD,ONRC,https://www.onrc.ro,https://ecifre.ro/indicatori/firme-infiintate-judete-ro/hunedoara,2026-09-01
Firme înființate pe județe,2026-07-01,152.0000,Număr,RO-HD,ONRC,https://www.onrc.ro,https://ecifre.ro/indicatori/firme-infiintate-judete-ro/hunedoara,2026-09-01
Firme înființate pe județe,2014-01-01,65.0000,Număr,RO-IL,ONRC,https://www.onrc.ro,https://ecifre.ro/indicatori/firme-infiintate-judete-ro/ialomita,2026-09-01
Firme înființate pe județe,2015-01-01,69.0000,Număr,RO-IL,ONRC,https://www.onrc.ro,https://ecifre.ro/indicatori/firme-infiintate-judete-ro/ialomita,2026-09-01
Firme înființate pe județe,2016-01-01,59.0000,Număr,RO-IL,ONRC,https://www.onrc.ro,https://ecifre.ro/indicatori/firme-infiintate-judete-ro/ialomita,2026-09-01
Firme înființate pe județe,2017-01-01,31.0000,Număr,RO-IL,ONRC,https://www.onrc.ro,https://ecifre.ro/indicatori/firme-infiintate-judete-ro/ialomita,2026-09-01
Firme înființate pe județe,2017-03-01,116.0000,Număr,RO-IL,ONRC,https://www.onrc.ro,https://ecifre.ro/indicatori/firme-infiintate-judete-ro/ialomita,2026-09-01
Firme înființate pe județe,2017-04-01,132.0000,Număr,RO-IL,ONRC,https://www.onrc.ro,https://ecifre.ro/indicatori/firme-infiintate-judete-ro/ialomita,2026-09-01
Firme înființate pe județe,2017-05-01,169.0000,Număr,RO-IL,ONRC,https://www.onrc.ro,https://ecifre.ro/indicatori/firme-infiintate-judete-ro/ialomita,2026-09-01
Firme înființate pe județe,2017-06-01,106.0000,Număr,RO-IL,ONRC,https://www.onrc.ro,https://ecifre.ro/indicatori/firme-infiintate-judete-ro/ialomita,2026-09-01
Firme înființate pe județe,2017-07-01,91.0000,Număr,RO-IL,ONRC,https://www.onrc.ro,https://ecifre.ro/indicatori/firme-infiintate-judete-ro/ialomita,2026-09-01
Firme înființate pe județe,2017-08-01,78.0000,Număr,RO-IL,ONRC,https://www.onrc.ro,https://ecifre.ro/indicatori/firme-infiintate-judete-ro/ialomita,2026-09-01
Firme înființate pe județe,2017-09-01,51.0000,Număr,RO-IL,ONRC,https://www.onrc.ro,https://ecifre.ro/indicatori/firme-infiintate-judete-ro/ialomita,2026-09-01
Firme înființate pe județe,2017-10-01,70.0000,Număr,RO-IL,ONRC,https://www.onrc.ro,https://ecifre.ro/indicatori/firme-infiintate-judete-ro/ialomita,2026-09-01
Firme înființate pe județe,2017-11-01,58.0000,Număr,RO-IL,ONRC,https://www.onrc.ro,https://ecifre.ro/indicatori/firme-infiintate-judete-ro/ialomita,2026-09-01
Firme înființate pe județe,2017-12-01,32.0000,Număr,RO-IL,ONRC,https://www.onrc.ro,https://ecifre.ro/indicatori/firme-infiintate-judete-ro/ialomita,2026-09-01
Firme înființate pe județe,2018-01-01,89.0000,Număr,RO-IL,ONRC,https://www.onrc.ro,https://ecifre.ro/indicatori/firme-infiintate-judete-ro/ialomita,2026-09-01
Firme înființate pe județe,2018-02-01,108.0000,Număr,RO-IL,ONRC,https://www.onrc.ro,https://ecifre.ro/indicatori/firme-infiintate-judete-ro/ialomita,2026-09-01
Firme înființate pe județe,2018-03-01,132.0000,Număr,RO-IL,ONRC,https://www.onrc.ro,https://ecifre.ro/indicatori/firme-infiintate-judete-ro/ialomita,2026-09-01
Firme înființate pe județe,2018-04-01,95.0000,Număr,RO-IL,ONRC,https://www.onrc.ro,https://ecifre.ro/indicatori/firme-infiintate-judete-ro/ialomita,2026-09-01
Firme înființate pe județe,2018-05-01,140.0000,Număr,RO-IL,ONRC,https://www.onrc.ro,https://ecifre.ro/indicatori/firme-infiintate-judete-ro/ialomita,2026-09-01
Firme înființate pe județe,2018-06-01,97.0000,Număr,RO-IL,ONRC,https://www.onrc.ro,https://ecifre.ro/indicatori/firme-infiintate-judete-ro/ialomita,2026-09-01
Firme înființate pe județe,2018-07-01,92.0000,Număr,RO-IL,ONRC,https://www.onrc.ro,https://ecifre.ro/indicatori/firme-infiintate-judete-ro/ialomita,2026-09-01
Firme înființate pe județe,2018-08-01,84.0000,Număr,RO-IL,ONRC,https://www.onrc.ro,https://ecifre.ro/indicatori/firme-infiintate-judete-ro/ialomita,2026-09-01
Firme înființate pe județe,2018-09-01,93.0000,Număr,RO-IL,ONRC,https://www.onrc.ro,https://ecifre.ro/indicatori/firme-infiintate-judete-ro/ialomita,2026-09-01
Firme înființate pe județe,2018-10-01,96.0000,Număr,RO-IL,ONRC,https://www.onrc.ro,https://ecifre.ro/indicatori/firme-infiintate-judete-ro/ialomita,2026-09-01
Firme înființate pe județe,2018-11-01,87.0000,Număr,RO-IL,ONRC,https://www.onrc.ro,https://ecifre.ro/indicatori/firme-infiintate-judete-ro/ialomita,2026-09-01
Firme înființate pe județe,2018-12-01,100.0000,Număr,RO-IL,ONRC,https://www.onrc.ro,https://ecifre.ro/indicatori/firme-infiintate-judete-ro/ialomita,2026-09-01
Firme înființate pe județe,2019-01-01,181.0000,Număr,RO-IL,ONRC,https://www.onrc.ro,https://ecifre.ro/indicatori/firme-infiintate-judete-ro/ialomita,2026-09-01
Firme înființate pe județe,2019-02-01,150.0000,Număr,RO-IL,ONRC,https://www.onrc.ro,https://ecifre.ro/indicatori/firme-infiintate-judete-ro/ialomita,2026-09-01
Firme înființate pe județe,2019-03-01,102.0000,Număr,RO-IL,ONRC,https://www.onrc.ro,https://ecifre.ro/indicatori/firme-infiintate-judete-ro/ialomita,2026-09-01
Firme înființate pe județe,2019-04-01,123.0000,Număr,RO-IL,ONRC,https://www.onrc.ro,https://ecifre.ro/indicatori/firme-infiintate-judete-ro/ialomita,2026-09-01
Firme înființate pe județe,2019-05-01,88.0000,Număr,RO-IL,ONRC,https://www.onrc.ro,https://ecifre.ro/indicatori/firme-infiintate-judete-ro/ialomita,2026-09-01
Firme înființate pe județe,2019-06-01,81.0000,Număr,RO-IL,ONRC,https://www.onrc.ro,https://ecifre.ro/indicatori/firme-infiintate-judete-ro/ialomita,2026-09-01
Firme înființate pe județe,2019-07-01,83.0000,Număr,RO-IL,ONRC,https://www.onrc.ro,https://ecifre.ro/indicatori/firme-infiintate-judete-ro/ialomita,2026-09-01
Firme înființate pe județe,2019-08-01,62.0000,Număr,RO-IL,ONRC,https://www.onrc.ro,https://ecifre.ro/indicatori/firme-infiintate-judete-ro/ialomita,2026-09-01
Firme înființate pe județe,2019-09-01,70.0000,Număr,RO-IL,ONRC,https://www.onrc.ro,https://ecifre.ro/indicatori/firme-infiintate-judete-ro/ialomita,2026-09-01
Firme înființate pe județe,2019-10-01,65.0000,Număr,RO-IL,ONRC,https://www.onrc.ro,https://ecifre.ro/indicatori/firme-infiintate-judete-ro/ialomita,2026-09-01
Firme înființate pe județe,2019-11-01,59.0000,Număr,RO-IL,ONRC,https://www.onrc.ro,https://ecifre.ro/indicatori/firme-infiintate-judete-ro/ialomita,2026-09-01
Firme înființate pe județe,2019-12-01,58.0000,Număr,RO-IL,ONRC,https://www.onrc.ro,https://ecifre.ro/indicatori/firme-infiintate-judete-ro/ialomita,2026-09-01
Firme înființate pe județe,2020-01-01,76.0000,Număr,RO-IL,ONRC,https://www.onrc.ro,https://ecifre.ro/indicatori/firme-infiintate-judete-ro/ialomita,2026-09-01
Firme înființate pe județe,2020-02-01,73.0000,Număr,RO-IL,ONRC,https://www.onrc.ro,https://ecifre.ro/indicatori/firme-infiintate-judete-ro/ialomita,2026-09-01
Firme înființate pe județe,2020-03-01,48.0000,Număr,RO-IL,ONRC,https://www.onrc.ro,https://ecifre.ro/indicatori/firme-infiintate-judete-ro/ialomita,2026-09-01
Firme înființate pe județe,2020-04-01,10.0000,Număr,RO-IL,ONRC,https://www.onrc.ro,https://ecifre.ro/indicatori/firme-infiintate-judete-ro/ialomita,2026-09-01
Firme înființate pe județe,2020-05-01,72.0000,Număr,RO-IL,ONRC,https://www.onrc.ro,https://ecifre.ro/indicatori/firme-infiintate-judete-ro/ialomita,2026-09-01
Firme înființate pe județe,2020-06-01,91.0000,Număr,RO-IL,ONRC,https://www.onrc.ro,https://ecifre.ro/indicatori/firme-infiintate-judete-ro/ialomita,2026-09-01
Firme înființate pe județe,2020-07-01,78.0000,Număr,RO-IL,ONRC,https://www.onrc.ro,https://ecifre.ro/indicatori/firme-infiintate-judete-ro/ialomita,2026-09-01
Firme înființate pe județe,2020-08-01,79.0000,Număr,RO-IL,ONRC,https://www.onrc.ro,https://ecifre.ro/indicatori/firme-infiintate-judete-ro/ialomita,2026-09-01
Firme înființate pe județe,2020-09-01,76.0000,Număr,RO-IL,ONRC,https://www.onrc.ro,https://ecifre.ro/indicatori/firme-infiintate-judete-ro/ialomita,2026-09-01
Firme înființate pe județe,2020-10-01,78.0000,Număr,RO-IL,ONRC,https://www.onrc.ro,https://ecifre.ro/indicatori/firme-infiintate-judete-ro/ialomita,2026-09-01
Firme înființate pe județe,2020-11-01,59.0000,Număr,RO-IL,ONRC,https://www.onrc.ro,https://ecifre.ro/indicatori/firme-infiintate-judete-ro/ialomita,2026-09-01
Firme înființate pe județe,2020-12-01,59.0000,Număr,RO-IL,ONRC,https://www.onrc.ro,https://ecifre.ro/indicatori/firme-infiintate-judete-ro/ialomita,2026-09-01
Firme înființate pe județe,2021-02-01,93.0000,Număr,RO-IL,ONRC,https://www.onrc.ro,https://ecifre.ro/indicatori/firme-infiintate-judete-ro/ialomita,2026-09-01
Firme înființate pe județe,2021-03-01,106.0000,Număr,RO-IL,ONRC,https://www.onrc.ro,https://ecifre.ro/indicatori/firme-infiintate-judete-ro/ialomita,2026-09-01
Firme înființate pe județe,2021-04-01,85.0000,Număr,RO-IL,ONRC,https://www.onrc.ro,https://ecifre.ro/indicatori/firme-infiintate-judete-ro/ialomita,2026-09-01
Firme înființate pe județe,2021-05-01,89.0000,Număr,RO-IL,ONRC,https://www.onrc.ro,https://ecifre.ro/indicatori/firme-infiintate-judete-ro/ialomita,2026-09-01
Firme înființate pe județe,2021-06-01,93.0000,Număr,RO-IL,ONRC,https://www.onrc.ro,https://ecifre.ro/indicatori/firme-infiintate-judete-ro/ialomita,2026-09-01
Firme înființate pe județe,2021-07-01,92.0000,Număr,RO-IL,ONRC,https://www.onrc.ro,https://ecifre.ro/indicatori/firme-infiintate-judete-ro/ialomita,2026-09-01
Firme înființate pe județe,2021-08-01,108.0000,Număr,RO-IL,ONRC,https://www.onrc.ro,https://ecifre.ro/indicatori/firme-infiintate-judete-ro/ialomita,2026-09-01
Firme înființate pe județe,2021-09-01,111.0000,Număr,RO-IL,ONRC,https://www.onrc.ro,https://ecifre.ro/indicatori/firme-infiintate-judete-ro/ialomita,2026-09-01
Firme înființate pe județe,2021-10-01,116.0000,Număr,RO-IL,ONRC,https://www.onrc.ro,https://ecifre.ro/indicatori/firme-infiintate-judete-ro/ialomita,2026-09-01
Firme înființate pe județe,2021-11-01,78.0000,Număr,RO-IL,ONRC,https://www.onrc.ro,https://ecifre.ro/indicatori/firme-infiintate-judete-ro/ialomita,2026-09-01
Firme înființate pe județe,2021-12-01,50.0000,Număr,RO-IL,ONRC,https://www.onrc.ro,https://ecifre.ro/indicatori/firme-infiintate-judete-ro/ialomita,2026-09-01
Firme înființate pe județe,2022-02-01,95.0000,Număr,RO-IL,ONRC,https://www.onrc.ro,https://ecifre.ro/indicatori/firme-infiintate-judete-ro/ialomita,2026-09-01
Firme înființate pe județe,2022-03-01,115.0000,Număr,RO-IL,ONRC,https://www.onrc.ro,https://ecifre.ro/indicatori/firme-infiintate-judete-ro/ialomita,2026-09-01
Firme înființate pe județe,2022-04-01,74.0000,Număr,RO-IL,ONRC,https://www.onrc.ro,https://ecifre.ro/indicatori/firme-infiintate-judete-ro/ialomita,2026-09-01
Firme înființate pe județe,2022-05-01,115.0000,Număr,RO-IL,ONRC,https://www.onrc.ro,https://ecifre.ro/indicatori/firme-infiintate-judete-ro/ialomita,2026-09-01
Firme înființate pe județe,2022-07-01,78.0000,Număr,RO-IL,ONRC,https://www.onrc.ro,https://ecifre.ro/indicatori/firme-infiintate-judete-ro/ialomita,2026-09-01
Firme înființate pe județe,2022-08-01,106.0000,Număr,RO-IL,ONRC,https://www.onrc.ro,https://ecifre.ro/indicatori/firme-infiintate-judete-ro/ialomita,2026-09-01
Firme înființate pe județe,2022-09-01,93.0000,Număr,RO-IL,ONRC,https://www.onrc.ro,https://ecifre.ro/indicatori/firme-infiintate-judete-ro/ialomita,2026-09-01
Firme înființate pe județe,2022-10-01,85.0000,Număr,RO-IL,ONRC,https://www.onrc.ro,https://ecifre.ro/indicatori/firme-infiintate-judete-ro/ialomita,2026-09-01
Firme înființate pe județe,2022-11-01,73.0000,Număr,RO-IL,ONRC,https://www.onrc.ro,https://ecifre.ro/indicatori/firme-infiintate-judete-ro/ialomita,2026-09-01
Firme înființate pe județe,2022-12-01,57.0000,Număr,RO-IL,ONRC,https://www.onrc.ro,https://ecifre.ro/indicatori/firme-infiintate-judete-ro/ialomita,2026-09-01
Firme înființate pe județe,2023-02-01,83.0000,Număr,RO-IL,ONRC,https://www.onrc.ro,https://ecifre.ro/indicatori/firme-infiintate-judete-ro/ialomita,2026-09-01
Firme înființate pe județe,2023-03-01,95.0000,Număr,RO-IL,ONRC,https://www.onrc.ro,https://ecifre.ro/indicatori/firme-infiintate-judete-ro/ialomita,2026-09-01
Firme înființate pe județe,2023-04-01,77.0000,Număr,RO-IL,ONRC,https://www.onrc.ro,https://ecifre.ro/indicatori/firme-infiintate-judete-ro/ialomita,2026-09-01
Firme înființate pe județe,2023-05-01,96.0000,Număr,RO-IL,ONRC,https://www.onrc.ro,https://ecifre.ro/indicatori/firme-infiintate-judete-ro/ialomita,2026-09-01
Firme înființate pe județe,2023-06-01,84.0000,Număr,RO-IL,ONRC,https://www.onrc.ro,https://ecifre.ro/indicatori/firme-infiintate-judete-ro/ialomita,2026-09-01
Firme înființate pe județe,2023-07-01,71.0000,Număr,RO-IL,ONRC,https://www.onrc.ro,https://ecifre.ro/indicatori/firme-infiintate-judete-ro/ialomita,2026-09-01
Firme înființate pe județe,2023-08-01,71.0000,Număr,RO-IL,ONRC,https://www.onrc.ro,https://ecifre.ro/indicatori/firme-infiintate-judete-ro/ialomita,2026-09-01
Firme înființate pe județe,2023-09-01,59.0000,Număr,RO-IL,ONRC,https://www.onrc.ro,https://ecifre.ro/indicatori/firme-infiintate-judete-ro/ialomita,2026-09-01
Firme înființate pe județe,2023-10-01,88.0000,Număr,RO-IL,ONRC,https://www.onrc.ro,https://ecifre.ro/indicatori/firme-infiintate-judete-ro/ialomita,2026-09-01
Firme înființate pe județe,2023-11-01,83.0000,Număr,RO-IL,ONRC,https://www.onrc.ro,https://ecifre.ro/indicatori/firme-infiintate-judete-ro/ialomita,2026-09-01
Firme înființate pe județe,2023-12-01,99.0000,Număr,RO-IL,ONRC,https://www.onrc.ro,https://ecifre.ro/indicatori/firme-infiintate-judete-ro/ialomita,2026-09-01
Firme înființate pe județe,2024-02-01,95.0000,Număr,RO-IL,ONRC,https://www.onrc.ro,https://ecifre.ro/indicatori/firme-infiintate-judete-ro/ialomita,2026-09-01
Firme înființate pe județe,2024-03-01,80.0000,Număr,RO-IL,ONRC,https://www.onrc.ro,https://ecifre.ro/indicatori/firme-infiintate-judete-ro/ialomita,2026-09-01
Firme înființate pe județe,2024-04-01,67.0000,Număr,RO-IL,ONRC,https://www.onrc.ro,https://ecifre.ro/indicatori/firme-infiintate-judete-ro/ialomita,2026-09-01
Firme înființate pe județe,2024-05-01,68.0000,Număr,RO-IL,ONRC,https://www.onrc.ro,https://ecifre.ro/indicatori/firme-infiintate-judete-ro/ialomita,2026-09-01
Firme înființate pe județe,2024-06-01,55.0000,Număr,RO-IL,ONRC,https://www.onrc.ro,https://ecifre.ro/indicatori/firme-infiintate-judete-ro/ialomita,2026-09-01
Firme înființate pe județe,2024-07-01,40.0000,Număr,RO-IL,ONRC,https://www.onrc.ro,https://ecifre.ro/indicatori/firme-infiintate-judete-ro/ialomita,2026-09-01
Firme înființate pe județe,2024-08-01,37.0000,Număr,RO-IL,ONRC,https://www.onrc.ro,https://ecifre.ro/indicatori/firme-infiintate-judete-ro/ialomita,2026-09-01
Firme înființate pe județe,2024-09-01,55.0000,Număr,RO-IL,ONRC,https://www.onrc.ro,https://ecifre.ro/indicatori/firme-infiintate-judete-ro/ialomita,2026-09-01
Firme înființate pe județe,2024-10-01,103.0000,Număr,RO-IL,ONRC,https://www.onrc.ro,https://ecifre.ro/indicatori/firme-infiintate-judete-ro/ialomita,2026-09-01
Firme înființate pe județe,2024-11-01,59.0000,Număr,RO-IL,ONRC,https://www.onrc.ro,https://ecifre.ro/indicatori/firme-infiintate-judete-ro/ialomita,2026-09-01
Firme înființate pe județe,2024-12-01,33.0000,Număr,RO-IL,ONRC,https://www.onrc.ro,https://ecifre.ro/indicatori/firme-infiintate-judete-ro/ialomita,2026-09-01
Firme înființate pe județe,2025-01-01,45.0000,Număr,RO-IL,ONRC,https://www.onrc.ro,https://ecifre.ro/indicatori/firme-infiintate-judete-ro/ialomita,2026-09-01
Firme înființate pe județe,2025-02-01,91.0000,Număr,RO-IL,ONRC,https://www.onrc.ro,https://ecifre.ro/indicatori/firme-infiintate-judete-ro/ialomita,2026-09-01
Firme înființate pe județe,2025-03-01,96.0000,Număr,RO-IL,ONRC,https://www.onrc.ro,https://ecifre.ro/indicatori/firme-infiintate-judete-ro/ialomita,2026-09-01
Firme înființate pe județe,2025-04-01,75.0000,Număr,RO-IL,ONRC,https://www.onrc.ro,https://ecifre.ro/indicatori/firme-infiintate-judete-ro/ialomita,2026-09-01
Firme înființate pe județe,2025-05-01,90.0000,Număr,RO-IL,ONRC,https://www.onrc.ro,https://ecifre.ro/indicatori/firme-infiintate-judete-ro/ialomita,2026-09-01
Firme înființate pe județe,2025-06-01,63.0000,Număr,RO-IL,ONRC,https://www.onrc.ro,https://ecifre.ro/indicatori/firme-infiintate-judete-ro/ialomita,2026-09-01
Firme înființate pe județe,2025-07-01,94.0000,Număr,RO-IL,ONRC,https://www.onrc.ro,https://ecifre.ro/indicatori/firme-infiintate-judete-ro/ialomita,2026-09-01
Firme înființate pe județe,2025-08-01,67.0000,Număr,RO-IL,ONRC,https://www.onrc.ro,https://ecifre.ro/indicatori/firme-infiintate-judete-ro/ialomita,2026-09-01
Firme înființate pe județe,2025-09-01,82.0000,Număr,RO-IL,ONRC,https://www.onrc.ro,https://ecifre.ro/indicatori/firme-infiintate-judete-ro/ialomita,2026-09-01
Firme înființate pe județe,2025-10-01,95.0000,Număr,RO-IL,ONRC,https://www.onrc.ro,https://ecifre.ro/indicatori/firme-infiintate-judete-ro/ialomita,2026-09-01
Firme înființate pe județe,2025-11-01,98.0000,Număr,RO-IL,ONRC,https://www.onrc.ro,https://ecifre.ro/indicatori/firme-infiintate-judete-ro/ialomita,2026-09-01
Firme înființate pe județe,2025-12-01,73.0000,Număr,RO-IL,ONRC,https://www.onrc.ro,https://ecifre.ro/indicatori/firme-infiintate-judete-ro/ialomita,2026-09-01
Firme înființate pe județe,2026-01-01,74.0000,Număr,RO-IL,ONRC,https://www.onrc.ro,https://ecifre.ro/indicatori/firme-infiintate-judete-ro/ialomita,2026-09-01
Firme înființate pe județe,2026-02-01,96.0000,Număr,RO-IL,ONRC,https://www.onrc.ro,https://ecifre.ro/indicatori/firme-infiintate-judete-ro/ialomita,2026-09-01
Firme înființate pe județe,2026-03-01,100.0000,Număr,RO-IL,ONRC,https://www.onrc.ro,https://ecifre.ro/indicatori/firme-infiintate-judete-ro/ialomita,2026-09-01
Firme înființate pe județe,2026-04-01,115.0000,Număr,RO-IL,ONRC,https://www.onrc.ro,https://ecifre.ro/indicatori/firme-infiintate-judete-ro/ialomita,2026-09-01
Firme înființate pe județe,2026-05-01,85.0000,Număr,RO-IL,ONRC,https://www.onrc.ro,https://ecifre.ro/indicatori/firme-infiintate-judete-ro/ialomita,2026-09-01
Firme înființate pe județe,2026-06-01,67.0000,Număr,RO-IL,ONRC,https://www.onrc.ro,https://ecifre.ro/indicatori/firme-infiintate-judete-ro/ialomita,2026-09-01
Firme înființate pe județe,2026-07-01,69.0000,Număr,RO-IL,ONRC,https://www.onrc.ro,https://ecifre.ro/indicatori/firme-infiintate-judete-ro/ialomita,2026-09-01
Firme înființate pe județe,2014-01-01,302.0000,Număr,RO-IS,ONRC,https://www.onrc.ro,https://ecifre.ro/indicatori/firme-infiintate-judete-ro/iasi,2026-09-01
Firme înființate pe județe,2015-01-01,344.0000,Număr,RO-IS,ONRC,https://www.onrc.ro,https://ecifre.ro/indicatori/firme-infiintate-judete-ro/iasi,2026-09-01
Firme înființate pe județe,2016-01-01,311.0000,Număr,RO-IS,ONRC,https://www.onrc.ro,https://ecifre.ro/indicatori/firme-infiintate-judete-ro/iasi,2026-09-01
Firme înființate pe județe,2017-01-01,204.0000,Număr,RO-IS,ONRC,https://www.onrc.ro,https://ecifre.ro/indicatori/firme-infiintate-judete-ro/iasi,2026-09-01
Firme înființate pe județe,2017-03-01,493.0000,Număr,RO-IS,ONRC,https://www.onrc.ro,https://ecifre.ro/indicatori/firme-infiintate-judete-ro/iasi,2026-09-01
Firme înființate pe județe,2017-04-01,433.0000,Număr,RO-IS,ONRC,https://www.onrc.ro,https://ecifre.ro/indicatori/firme-infiintate-judete-ro/iasi,2026-09-01
Firme înființate pe județe,2017-05-01,593.0000,Număr,RO-IS,ONRC,https://www.onrc.ro,https://ecifre.ro/indicatori/firme-infiintate-judete-ro/iasi,2026-09-01
Firme înființate pe județe,2017-06-01,553.0000,Număr,RO-IS,ONRC,https://www.onrc.ro,https://ecifre.ro/indicatori/firme-infiintate-judete-ro/iasi,2026-09-01
Firme înființate pe județe,2017-07-01,554.0000,Număr,RO-IS,ONRC,https://www.onrc.ro,https://ecifre.ro/indicatori/firme-infiintate-judete-ro/iasi,2026-09-01
Firme înființate pe județe,2017-08-01,349.0000,Număr,RO-IS,ONRC,https://www.onrc.ro,https://ecifre.ro/indicatori/firme-infiintate-judete-ro/iasi,2026-09-01
Firme înființate pe județe,2017-09-01,388.0000,Număr,RO-IS,ONRC,https://www.onrc.ro,https://ecifre.ro/indicatori/firme-infiintate-judete-ro/iasi,2026-09-01
Firme înființate pe județe,2017-10-01,319.0000,Număr,RO-IS,ONRC,https://www.onrc.ro,https://ecifre.ro/indicatori/firme-infiintate-judete-ro/iasi,2026-09-01
Firme înființate pe județe,2017-11-01,318.0000,Număr,RO-IS,ONRC,https://www.onrc.ro,https://ecifre.ro/indicatori/firme-infiintate-judete-ro/iasi,2026-09-01
Firme înființate pe județe,2017-12-01,249.0000,Număr,RO-IS,ONRC,https://www.onrc.ro,https://ecifre.ro/indicatori/firme-infiintate-judete-ro/iasi,2026-09-01
Firme înființate pe județe,2018-01-01,332.0000,Număr,RO-IS,ONRC,https://www.onrc.ro,https://ecifre.ro/indicatori/firme-infiintate-judete-ro/iasi,2026-09-01
Firme înființate pe județe,2018-02-01,464.0000,Număr,RO-IS,ONRC,https://www.onrc.ro,https://ecifre.ro/indicatori/firme-infiintate-judete-ro/iasi,2026-09-01
Firme înființate pe județe,2018-03-01,449.0000,Număr,RO-IS,ONRC,https://www.onrc.ro,https://ecifre.ro/indicatori/firme-infiintate-judete-ro/iasi,2026-09-01
Firme înființate pe județe,2018-04-01,373.0000,Număr,RO-IS,ONRC,https://www.onrc.ro,https://ecifre.ro/indicatori/firme-infiintate-judete-ro/iasi,2026-09-01
Firme înființate pe județe,2018-05-01,477.0000,Număr,RO-IS,ONRC,https://www.onrc.ro,https://ecifre.ro/indicatori/firme-infiintate-judete-ro/iasi,2026-09-01
Firme înființate pe județe,2018-06-01,396.0000,Număr,RO-IS,ONRC,https://www.onrc.ro,https://ecifre.ro/indicatori/firme-infiintate-judete-ro/iasi,2026-09-01
Firme înființate pe județe,2018-07-01,385.0000,Număr,RO-IS,ONRC,https://www.onrc.ro,https://ecifre.ro/indicatori/firme-infiintate-judete-ro/iasi,2026-09-01
Firme înființate pe județe,2018-08-01,364.0000,Număr,RO-IS,ONRC,https://www.onrc.ro,https://ecifre.ro/indicatori/firme-infiintate-judete-ro/iasi,2026-09-01
Firme înființate pe județe,2018-09-01,418.0000,Număr,RO-IS,ONRC,https://www.onrc.ro,https://ecifre.ro/indicatori/firme-infiintate-judete-ro/iasi,2026-09-01
Firme înființate pe județe,2018-10-01,422.0000,Număr,RO-IS,ONRC,https://www.onrc.ro,https://ecifre.ro/indicatori/firme-infiintate-judete-ro/iasi,2026-09-01
Firme înființate pe județe,2018-11-01,480.0000,Număr,RO-IS,ONRC,https://www.onrc.ro,https://ecifre.ro/indicatori/firme-infiintate-judete-ro/iasi,2026-09-01
Firme înființate pe județe,2018-12-01,429.0000,Număr,RO-IS,ONRC,https://www.onrc.ro,https://ecifre.ro/indicatori/firme-infiintate-judete-ro/iasi,2026-09-01
Firme înființate pe județe,2019-01-01,679.0000,Număr,RO-IS,ONRC,https://www.onrc.ro,https://ecifre.ro/indicatori/firme-infiintate-judete-ro/iasi,2026-09-01
Firme înființate pe județe,2019-02-01,538.0000,Număr,RO-IS,ONRC,https://www.onrc.ro,https://ecifre.ro/indicatori/firme-infiintate-judete-ro/iasi,2026-09-01
Firme înființate pe județe,2019-03-01,553.0000,Număr,RO-IS,ONRC,https://www.onrc.ro,https://ecifre.ro/indicatori/firme-infiintate-judete-ro/iasi,2026-09-01
Firme înființate pe județe,2019-04-01,553.0000,Număr,RO-IS,ONRC,https://www.onrc.ro,https://ecifre.ro/indicatori/firme-infiintate-judete-ro/iasi,2026-09-01
Firme înființate pe județe,2019-05-01,472.0000,Număr,RO-IS,ONRC,https://www.onrc.ro,https://ecifre.ro/indicatori/firme-infiintate-judete-ro/iasi,2026-09-01
Firme înființate pe județe,2019-06-01,390.0000,Număr,RO-IS,ONRC,https://www.onrc.ro,https://ecifre.ro/indicatori/firme-infiintate-judete-ro/iasi,2026-09-01
Firme înființate pe județe,2019-07-01,431.0000,Număr,RO-IS,ONRC,https://www.onrc.ro,https://ecifre.ro/indicatori/firme-infiintate-judete-ro/iasi,2026-09-01
Firme înființate pe județe,2019-08-01,330.0000,Număr,RO-IS,ONRC,https://www.onrc.ro,https://ecifre.ro/indicatori/firme-infiintate-judete-ro/iasi,2026-09-01
Firme înființate pe județe,2019-09-01,374.0000,Număr,RO-IS,ONRC,https://www.onrc.ro,https://ecifre.ro/indicatori/firme-infiintate-judete-ro/iasi,2026-09-01
Firme înființate pe județe,2019-10-01,417.0000,Număr,RO-IS,ONRC,https://www.onrc.ro,https://ecifre.ro/indicatori/firme-infiintate-judete-ro/iasi,2026-09-01
Firme înființate pe județe,2019-11-01,329.0000,Număr,RO-IS,ONRC,https://www.onrc.ro,https://ecifre.ro/indicatori/firme-infiintate-judete-ro/iasi,2026-09-01
Firme înființate pe județe,2019-12-01,360.0000,Număr,RO-IS,ONRC,https://www.onrc.ro,https://ecifre.ro/indicatori/firme-infiintate-judete-ro/iasi,2026-09-01
Firme înființate pe județe,2020-01-01,479.0000,Număr,RO-IS,ONRC,https://www.onrc.ro,https://ecifre.ro/indicatori/firme-infiintate-judete-ro/iasi,2026-09-01
Firme înființate pe județe,2020-02-01,521.0000,Număr,RO-IS,ONRC,https://www.onrc.ro,https://ecifre.ro/indicatori/firme-infiintate-judete-ro/iasi,2026-09-01
Firme înființate pe județe,2020-03-01,260.0000,Număr,RO-IS,ONRC,https://www.onrc.ro,https://ecifre.ro/indicatori/firme-infiintate-judete-ro/iasi,2026-09-01
Firme înființate pe județe,2020-04-01,126.0000,Număr,RO-IS,ONRC,https://www.onrc.ro,https://ecifre.ro/indicatori/firme-infiintate-judete-ro/iasi,2026-09-01
Firme înființate pe județe,2020-05-01,281.0000,Număr,RO-IS,ONRC,https://www.onrc.ro,https://ecifre.ro/indicatori/firme-infiintate-judete-ro/iasi,2026-09-01
Firme înființate pe județe,2020-06-01,413.0000,Număr,RO-IS,ONRC,https://www.onrc.ro,https://ecifre.ro/indicatori/firme-infiintate-judete-ro/iasi,2026-09-01
Firme înființate pe județe,2020-07-01,478.0000,Număr,RO-IS,ONRC,https://www.onrc.ro,https://ecifre.ro/indicatori/firme-infiintate-judete-ro/iasi,2026-09-01
Firme înființate pe județe,2020-08-01,401.0000,Număr,RO-IS,ONRC,https://www.onrc.ro,https://ecifre.ro/indicatori/firme-infiintate-judete-ro/iasi,2026-09-01
Firme înființate pe județe,2020-09-01,494.0000,Număr,RO-IS,ONRC,https://www.onrc.ro,https://ecifre.ro/indicatori/firme-infiintate-judete-ro/iasi,2026-09-01
Firme înființate pe județe,2020-10-01,472.0000,Număr,RO-IS,ONRC,https://www.onrc.ro,https://ecifre.ro/indicatori/firme-infiintate-judete-ro/iasi,2026-09-01
Firme înființate pe județe,2020-11-01,429.0000,Număr,RO-IS,ONRC,https://www.onrc.ro,https://ecifre.ro/indicatori/firme-infiintate-judete-ro/iasi,2026-09-01
Firme înființate pe județe,2020-12-01,359.0000,Număr,RO-IS,ONRC,https://www.onrc.ro,https://ecifre.ro/indicatori/firme-infiintate-judete-ro/iasi,2026-09-01
Firme înființate pe județe,2021-02-01,553.0000,Număr,RO-IS,ONRC,https://www.onrc.ro,https://ecifre.ro/indicatori/firme-infiintate-judete-ro/iasi,2026-09-01
Firme înființate pe județe,2021-03-01,640.0000,Număr,RO-IS,ONRC,https://www.onrc.ro,https://ecifre.ro/indicatori/firme-infiintate-judete-ro/iasi,2026-09-01
Firme înființate pe județe,2021-04-01,463.0000,Număr,RO-IS,ONRC,https://www.onrc.ro,https://ecifre.ro/indicatori/firme-infiintate-judete-ro/iasi,2026-09-01
Firme înființate pe județe,2021-05-01,437.0000,Număr,RO-IS,ONRC,https://www.onrc.ro,https://ecifre.ro/indicatori/firme-infiintate-judete-ro/iasi,2026-09-01
Firme înființate pe județe,2021-06-01,512.0000,Număr,RO-IS,ONRC,https://www.onrc.ro,https://ecifre.ro/indicatori/firme-infiintate-judete-ro/iasi,2026-09-01
Firme înființate pe județe,2021-07-01,454.0000,Număr,RO-IS,ONRC,https://www.onrc.ro,https://ecifre.ro/indicatori/firme-infiintate-judete-ro/iasi,2026-09-01
Firme înființate pe județe,2021-08-01,503.0000,Număr,RO-IS,ONRC,https://www.onrc.ro,https://ecifre.ro/indicatori/firme-infiintate-judete-ro/iasi,2026-09-01
Firme înființate pe județe,2021-09-01,525.0000,Număr,RO-IS,ONRC,https://www.onrc.ro,https://ecifre.ro/indicatori/firme-infiintate-judete-ro/iasi,2026-09-01
Firme înființate pe județe,2021-10-01,565.0000,Număr,RO-IS,ONRC,https://www.onrc.ro,https://ecifre.ro/indicatori/firme-infiintate-judete-ro/iasi,2026-09-01
Firme înființate pe județe,2021-11-01,494.0000,Număr,RO-IS,ONRC,https://www.onrc.ro,https://ecifre.ro/indicatori/firme-infiintate-judete-ro/iasi,2026-09-01
Firme înființate pe județe,2021-12-01,369.0000,Număr,RO-IS,ONRC,https://www.onrc.ro,https://ecifre.ro/indicatori/firme-infiintate-judete-ro/iasi,2026-09-01
Firme înființate pe județe,2022-02-01,527.0000,Număr,RO-IS,ONRC,https://www.onrc.ro,https://ecifre.ro/indicatori/firme-infiintate-judete-ro/iasi,2026-09-01
Firme înființate pe județe,2022-03-01,510.0000,Număr,RO-IS,ONRC,https://www.onrc.ro,https://ecifre.ro/indicatori/firme-infiintate-judete-ro/iasi,2026-09-01
Firme înființate pe județe,2022-04-01,429.0000,Număr,RO-IS,ONRC,https://www.onrc.ro,https://ecifre.ro/indicatori/firme-infiintate-judete-ro/iasi,2026-09-01
Firme înființate pe județe,2022-05-01,628.0000,Număr,RO-IS,ONRC,https://www.onrc.ro,https://ecifre.ro/indicatori/firme-infiintate-judete-ro/iasi,2026-09-01
Firme înființate pe județe,2022-07-01,539.0000,Număr,RO-IS,ONRC,https://www.onrc.ro,https://ecifre.ro/indicatori/firme-infiintate-judete-ro/iasi,2026-09-01
Firme înființate pe județe,2022-08-01,713.0000,Număr,RO-IS,ONRC,https://www.onrc.ro,https://ecifre.ro/indicatori/firme-infiintate-judete-ro/iasi,2026-09-01
Firme înființate pe județe,2022-09-01,573.0000,Număr,RO-IS,ONRC,https://www.onrc.ro,https://ecifre.ro/indicatori/firme-infiintate-judete-ro/iasi,2026-09-01
Firme înființate pe județe,2022-10-01,555.0000,Număr,RO-IS,ONRC,https://www.onrc.ro,https://ecifre.ro/indicatori/firme-infiintate-judete-ro/iasi,2026-09-01
Firme înființate pe județe,2022-11-01,464.0000,Număr,RO-IS,ONRC,https://www.onrc.ro,https://ecifre.ro/indicatori/firme-infiintate-judete-ro/iasi,2026-09-01
Firme înființate pe județe,2022-12-01,327.0000,Număr,RO-IS,ONRC,https://www.onrc.ro,https://ecifre.ro/indicatori/firme-infiintate-judete-ro/iasi,2026-09-01
Firme înființate pe județe,2023-02-01,554.0000,Număr,RO-IS,ONRC,https://www.onrc.ro,https://ecifre.ro/indicatori/firme-infiintate-judete-ro/iasi,2026-09-01
Firme înființate pe județe,2023-03-01,577.0000,Număr,RO-IS,ONRC,https://www.onrc.ro,https://ecifre.ro/indicatori/firme-infiintate-judete-ro/iasi,2026-09-01
Firme înființate pe județe,2023-04-01,421.0000,Număr,RO-IS,ONRC,https://www.onrc.ro,https://ecifre.ro/indicatori/firme-infiintate-judete-ro/iasi,2026-09-01
Firme înființate pe județe,2023-05-01,456.0000,Număr,RO-IS,ONRC,https://www.onrc.ro,https://ecifre.ro/indicatori/firme-infiintate-judete-ro/iasi,2026-09-01
Firme înființate pe județe,2023-06-01,426.0000,Număr,RO-IS,ONRC,https://www.onrc.ro,https://ecifre.ro/indicatori/firme-infiintate-judete-ro/iasi,2026-09-01
Firme înființate pe județe,2023-07-01,444.0000,Număr,RO-IS,ONRC,https://www.onrc.ro,https://ecifre.ro/indicatori/firme-infiintate-judete-ro/iasi,2026-09-01
Firme înființate pe județe,2023-08-01,402.0000,Număr,RO-IS,ONRC,https://www.onrc.ro,https://ecifre.ro/indicatori/firme-infiintate-judete-ro/iasi,2026-09-01
Firme înființate pe județe,2023-09-01,479.0000,Număr,RO-IS,ONRC,https://www.onrc.ro,https://ecifre.ro/indicatori/firme-infiintate-judete-ro/iasi,2026-09-01
Firme înființate pe județe,2023-10-01,536.0000,Număr,RO-IS,ONRC,https://www.onrc.ro,https://ecifre.ro/indicatori/firme-infiintate-judete-ro/iasi,2026-09-01
Firme înființate pe județe,2023-11-01,531.0000,Număr,RO-IS,ONRC,https://www.onrc.ro,https://ecifre.ro/indicatori/firme-infiintate-judete-ro/iasi,2026-09-01
Firme înființate pe județe,2023-12-01,373.0000,Număr,RO-IS,ONRC,https://www.onrc.ro,https://ecifre.ro/indicatori/firme-infiintate-judete-ro/iasi,2026-09-01
Firme înființate pe județe,2024-02-01,551.0000,Număr,RO-IS,ONRC,https://www.onrc.ro,https://ecifre.ro/indicatori/firme-infiintate-judete-ro/iasi,2026-09-01
Firme înființate pe județe,2024-03-01,538.0000,Număr,RO-IS,ONRC,https://www.onrc.ro,https://ecifre.ro/indicatori/firme-infiintate-judete-ro/iasi,2026-09-01
Firme înființate pe județe,2024-04-01,433.0000,Număr,RO-IS,ONRC,https://www.onrc.ro,https://ecifre.ro/indicatori/firme-infiintate-judete-ro/iasi,2026-09-01
Firme înființate pe județe,2024-05-01,363.0000,Număr,RO-IS,ONRC,https://www.onrc.ro,https://ecifre.ro/indicatori/firme-infiintate-judete-ro/iasi,2026-09-01
Firme înființate pe județe,2024-06-01,337.0000,Număr,RO-IS,ONRC,https://www.onrc.ro,https://ecifre.ro/indicatori/firme-infiintate-judete-ro/iasi,2026-09-01
Firme înființate pe județe,2024-07-01,273.0000,Număr,RO-IS,ONRC,https://www.onrc.ro,https://ecifre.ro/indicatori/firme-infiintate-judete-ro/iasi,2026-09-01
Firme înființate pe județe,2024-08-01,249.0000,Număr,RO-IS,ONRC,https://www.onrc.ro,https://ecifre.ro/indicatori/firme-infiintate-judete-ro/iasi,2026-09-01
Firme înființate pe județe,2024-09-01,383.0000,Număr,RO-IS,ONRC,https://www.onrc.ro,https://ecifre.ro/indicatori/firme-infiintate-judete-ro/iasi,2026-09-01
Firme înființate pe județe,2024-10-01,627.0000,Număr,RO-IS,ONRC,https://www.onrc.ro,https://ecifre.ro/indicatori/firme-infiintate-judete-ro/iasi,2026-09-01
Firme înființate pe județe,2024-11-01,342.0000,Număr,RO-IS,ONRC,https://www.onrc.ro,https://ecifre.ro/indicatori/firme-infiintate-judete-ro/iasi,2026-09-01
Firme înființate pe județe,2024-12-01,263.0000,Număr,RO-IS,ONRC,https://www.onrc.ro,https://ecifre.ro/indicatori/firme-infiintate-judete-ro/iasi,2026-09-01
Firme înființate pe județe,2025-01-01,420.0000,Număr,RO-IS,ONRC,https://www.onrc.ro,https://ecifre.ro/indicatori/firme-infiintate-judete-ro/iasi,2026-09-01
Firme înființate pe județe,2025-02-01,514.0000,Număr,RO-IS,ONRC,https://www.onrc.ro,https://ecifre.ro/indicatori/firme-infiintate-judete-ro/iasi,2026-09-01
Firme înființate pe județe,2025-03-01,473.0000,Număr,RO-IS,ONRC,https://www.onrc.ro,https://ecifre.ro/indicatori/firme-infiintate-judete-ro/iasi,2026-09-01
Firme înființate pe județe,2025-04-01,590.0000,Număr,RO-IS,ONRC,https://www.onrc.ro,https://ecifre.ro/indicatori/firme-infiintate-judete-ro/iasi,2026-09-01
Firme înființate pe județe,2025-05-01,531.0000,Număr,RO-IS,ONRC,https://www.onrc.ro,https://ecifre.ro/indicatori/firme-infiintate-judete-ro/iasi,2026-09-01
Firme înființate pe județe,2025-06-01,375.0000,Număr,RO-IS,ONRC,https://www.onrc.ro,https://ecifre.ro/indicatori/firme-infiintate-judete-ro/iasi,2026-09-01
Firme înființate pe județe,2025-07-01,665.0000,Număr,RO-IS,ONRC,https://www.onrc.ro,https://ecifre.ro/indicatori/firme-infiintate-judete-ro/iasi,2026-09-01
Firme înființate pe județe,2025-08-01,458.0000,Număr,RO-IS,ONRC,https://www.onrc.ro,https://ecifre.ro/indicatori/firme-infiintate-judete-ro/iasi,2026-09-01
Firme înființate pe județe,2025-09-01,629.0000,Număr,RO-IS,ONRC,https://www.onrc.ro,https://ecifre.ro/indicatori/firme-infiintate-judete-ro/iasi,2026-09-01
Firme înființate pe județe,2025-10-01,738.0000,Număr,RO-IS,ONRC,https://www.onrc.ro,https://ecifre.ro/indicatori/firme-infiintate-judete-ro/iasi,2026-09-01
Firme înființate pe județe,2025-11-01,664.0000,Număr,RO-IS,ONRC,https://www.onrc.ro,https://ecifre.ro/indicatori/firme-infiintate-judete-ro/iasi,2026-09-01
Firme înființate pe județe,2025-12-01,513.0000,Număr,RO-IS,ONRC,https://www.onrc.ro,https://ecifre.ro/indicatori/firme-infiintate-judete-ro/iasi,2026-09-01
Firme înființate pe județe,2026-01-01,482.0000,Număr,RO-IS,ONRC,https://www.onrc.ro,https://ecifre.ro/indicatori/firme-infiintate-judete-ro/iasi,2026-09-01
Firme înființate pe județe,2026-02-01,575.0000,Număr,RO-IS,ONRC,https://www.onrc.ro,https://ecifre.ro/indicatori/firme-infiintate-judete-ro/iasi,2026-09-01
Firme înființate pe județe,2026-03-01,626.0000,Număr,RO-IS,ONRC,https://www.onrc.ro,https://ecifre.ro/indicatori/firme-infiintate-judete-ro/iasi,2026-09-01
Firme înființate pe județe,2026-04-01,423.0000,Număr,RO-IS,ONRC,https://www.onrc.ro,https://ecifre.ro/indicatori/firme-infiintate-judete-ro/iasi,2026-09-01
Firme înființate pe județe,2026-05-01,479.0000,Număr,RO-IS,ONRC,https://www.onrc.ro,https://ecifre.ro/indicatori/firme-infiintate-judete-ro/iasi,2026-09-01
Firme înființate pe județe,2026-06-01,421.0000,Număr,RO-IS,ONRC,https://www.onrc.ro,https://ecifre.ro/indicatori/firme-infiintate-judete-ro/iasi,2026-09-01
Firme înființate pe județe,2026-07-01,429.0000,Număr,RO-IS,ONRC,https://www.onrc.ro,https://ecifre.ro/indicatori/firme-infiintate-judete-ro/iasi,2026-09-01
Firme înființate pe județe,2014-01-01,296.0000,Număr,RO-IF,ONRC,https://www.onrc.ro,https://ecifre.ro/indicatori/firme-infiintate-judete-ro/ilfov,2026-09-01
Firme înființate pe județe,2015-01-01,336.0000,Număr,RO-IF,ONRC,https://www.onrc.ro,https://ecifre.ro/indicatori/firme-infiintate-judete-ro/ilfov,2026-09-01
Firme înființate pe județe,2016-01-01,319.0000,Număr,RO-IF,ONRC,https://www.onrc.ro,https://ecifre.ro/indicatori/firme-infiintate-judete-ro/ilfov,2026-09-01
Firme înființate pe județe,2017-01-01,226.0000,Număr,RO-IF,ONRC,https://www.onrc.ro,https://ecifre.ro/indicatori/firme-infiintate-judete-ro/ilfov,2026-09-01
Firme înființate pe județe,2017-03-01,570.0000,Număr,RO-IF,ONRC,https://www.onrc.ro,https://ecifre.ro/indicatori/firme-infiintate-judete-ro/ilfov,2026-09-01
Firme înființate pe județe,2017-04-01,495.0000,Număr,RO-IF,ONRC,https://www.onrc.ro,https://ecifre.ro/indicatori/firme-infiintate-judete-ro/ilfov,2026-09-01
Firme înființate pe județe,2017-05-01,701.0000,Număr,RO-IF,ONRC,https://www.onrc.ro,https://ecifre.ro/indicatori/firme-infiintate-judete-ro/ilfov,2026-09-01
Firme înființate pe județe,2017-06-01,679.0000,Număr,RO-IF,ONRC,https://www.onrc.ro,https://ecifre.ro/indicatori/firme-infiintate-judete-ro/ilfov,2026-09-01
Firme înființate pe județe,2017-07-01,665.0000,Număr,RO-IF,ONRC,https://www.onrc.ro,https://ecifre.ro/indicatori/firme-infiintate-judete-ro/ilfov,2026-09-01
Firme înființate pe județe,2017-08-01,400.0000,Număr,RO-IF,ONRC,https://www.onrc.ro,https://ecifre.ro/indicatori/firme-infiintate-judete-ro/ilfov,2026-09-01
Firme înființate pe județe,2017-09-01,394.0000,Număr,RO-IF,ONRC,https://www.onrc.ro,https://ecifre.ro/indicatori/firme-infiintate-judete-ro/ilfov,2026-09-01
Firme înființate pe județe,2017-10-01,463.0000,Număr,RO-IF,ONRC,https://www.onrc.ro,https://ecifre.ro/indicatori/firme-infiintate-judete-ro/ilfov,2026-09-01
Firme înființate pe județe,2017-11-01,449.0000,Număr,RO-IF,ONRC,https://www.onrc.ro,https://ecifre.ro/indicatori/firme-infiintate-judete-ro/ilfov,2026-09-01
Firme înființate pe județe,2017-12-01,335.0000,Număr,RO-IF,ONRC,https://www.onrc.ro,https://ecifre.ro/indicatori/firme-infiintate-judete-ro/ilfov,2026-09-01
Firme înființate pe județe,2018-01-01,360.0000,Număr,RO-IF,ONRC,https://www.onrc.ro,https://ecifre.ro/indicatori/firme-infiintate-judete-ro/ilfov,2026-09-01
Firme înființate pe județe,2018-02-01,502.0000,Număr,RO-IF,ONRC,https://www.onrc.ro,https://ecifre.ro/indicatori/firme-infiintate-judete-ro/ilfov,2026-09-01
Firme înființate pe județe,2018-03-01,473.0000,Număr,RO-IF,ONRC,https://www.onrc.ro,https://ecifre.ro/indicatori/firme-infiintate-judete-ro/ilfov,2026-09-01
Firme înființate pe județe,2018-04-01,372.0000,Număr,RO-IF,ONRC,https://www.onrc.ro,https://ecifre.ro/indicatori/firme-infiintate-judete-ro/ilfov,2026-09-01
Firme înființate pe județe,2018-05-01,556.0000,Număr,RO-IF,ONRC,https://www.onrc.ro,https://ecifre.ro/indicatori/firme-infiintate-judete-ro/ilfov,2026-09-01
Firme înființate pe județe,2018-06-01,488.0000,Număr,RO-IF,ONRC,https://www.onrc.ro,https://ecifre.ro/indicatori/firme-infiintate-judete-ro/ilfov,2026-09-01
Firme înființate pe județe,2018-07-01,473.0000,Număr,RO-IF,ONRC,https://www.onrc.ro,https://ecifre.ro/indicatori/firme-infiintate-judete-ro/ilfov,2026-09-01
Firme înființate pe județe,2018-08-01,460.0000,Număr,RO-IF,ONRC,https://www.onrc.ro,https://ecifre.ro/indicatori/firme-infiintate-judete-ro/ilfov,2026-09-01
Firme înființate pe județe,2018-09-01,468.0000,Număr,RO-IF,ONRC,https://www.onrc.ro,https://ecifre.ro/indicatori/firme-infiintate-judete-ro/ilfov,2026-09-01
Firme înființate pe județe,2018-10-01,502.0000,Număr,RO-IF,ONRC,https://www.onrc.ro,https://ecifre.ro/indicatori/firme-infiintate-judete-ro/ilfov,2026-09-01
Firme înființate pe județe,2018-11-01,420.0000,Număr,RO-IF,ONRC,https://www.onrc.ro,https://ecifre.ro/indicatori/firme-infiintate-judete-ro/ilfov,2026-09-01
Firme înființate pe județe,2018-12-01,324.0000,Număr,RO-IF,ONRC,https://www.onrc.ro,https://ecifre.ro/indicatori/firme-infiintate-judete-ro/ilfov,2026-09-01
Firme înființate pe județe,2019-01-01,415.0000,Număr,RO-IF,ONRC,https://www.onrc.ro,https://ecifre.ro/indicatori/firme-infiintate-judete-ro/ilfov,2026-09-01
Firme înființate pe județe,2019-02-01,450.0000,Număr,RO-IF,ONRC,https://www.onrc.ro,https://ecifre.ro/indicatori/firme-infiintate-judete-ro/ilfov,2026-09-01
Firme înființate pe județe,2019-03-01,428.0000,Număr,RO-IF,ONRC,https://www.onrc.ro,https://ecifre.ro/indicatori/firme-infiintate-judete-ro/ilfov,2026-09-01
Firme înființate pe județe,2019-04-01,513.0000,Număr,RO-IF,ONRC,https://www.onrc.ro,https://ecifre.ro/indicatori/firme-infiintate-judete-ro/ilfov,2026-09-01
Firme înființate pe județe,2019-05-01,418.0000,Număr,RO-IF,ONRC,https://www.onrc.ro,https://ecifre.ro/indicatori/firme-infiintate-judete-ro/ilfov,2026-09-01
Firme înființate pe județe,2019-06-01,352.0000,Număr,RO-IF,ONRC,https://www.onrc.ro,https://ecifre.ro/indicatori/firme-infiintate-judete-ro/ilfov,2026-09-01
Firme înființate pe județe,2019-07-01,457.0000,Număr,RO-IF,ONRC,https://www.onrc.ro,https://ecifre.ro/indicatori/firme-infiintate-judete-ro/ilfov,2026-09-01
Firme înființate pe județe,2019-08-01,392.0000,Număr,RO-IF,ONRC,https://www.onrc.ro,https://ecifre.ro/indicatori/firme-infiintate-judete-ro/ilfov,2026-09-01
Firme înființate pe județe,2019-09-01,405.0000,Număr,RO-IF,ONRC,https://www.onrc.ro,https://ecifre.ro/indicatori/firme-infiintate-judete-ro/ilfov,2026-09-01
Firme înființate pe județe,2019-10-01,491.0000,Număr,RO-IF,ONRC,https://www.onrc.ro,https://ecifre.ro/indicatori/firme-infiintate-judete-ro/ilfov,2026-09-01
Firme înființate pe județe,2019-11-01,441.0000,Număr,RO-IF,ONRC,https://www.onrc.ro,https://ecifre.ro/indicatori/firme-infiintate-judete-ro/ilfov,2026-09-01
Firme înființate pe județe,2019-12-01,447.0000,Număr,RO-IF,ONRC,https://www.onrc.ro,https://ecifre.ro/indicatori/firme-infiintate-judete-ro/ilfov,2026-09-01
Firme înființate pe județe,2020-01-01,458.0000,Număr,RO-IF,ONRC,https://www.onrc.ro,https://ecifre.ro/indicatori/firme-infiintate-judete-ro/ilfov,2026-09-01
Firme înființate pe județe,2020-02-01,536.0000,Număr,RO-IF,ONRC,https://www.onrc.ro,https://ecifre.ro/indicatori/firme-infiintate-judete-ro/ilfov,2026-09-01
Firme înființate pe județe,2020-03-01,260.0000,Număr,RO-IF,ONRC,https://www.onrc.ro,https://ecifre.ro/indicatori/firme-infiintate-judete-ro/ilfov,2026-09-01
Firme înființate pe județe,2020-04-01,138.0000,Număr,RO-IF,ONRC,https://www.onrc.ro,https://ecifre.ro/indicatori/firme-infiintate-judete-ro/ilfov,2026-09-01
Firme înființate pe județe,2020-05-01,352.0000,Număr,RO-IF,ONRC,https://www.onrc.ro,https://ecifre.ro/indicatori/firme-infiintate-judete-ro/ilfov,2026-09-01
Firme înființate pe județe,2020-06-01,517.0000,Număr,RO-IF,ONRC,https://www.onrc.ro,https://ecifre.ro/indicatori/firme-infiintate-judete-ro/ilfov,2026-09-01
Firme înființate pe județe,2020-07-01,617.0000,Număr,RO-IF,ONRC,https://www.onrc.ro,https://ecifre.ro/indicatori/firme-infiintate-judete-ro/ilfov,2026-09-01
Firme înființate pe județe,2020-08-01,493.0000,Număr,RO-IF,ONRC,https://www.onrc.ro,https://ecifre.ro/indicatori/firme-infiintate-judete-ro/ilfov,2026-09-01
Firme înființate pe județe,2020-09-01,546.0000,Număr,RO-IF,ONRC,https://www.onrc.ro,https://ecifre.ro/indicatori/firme-infiintate-judete-ro/ilfov,2026-09-01
Firme înființate pe județe,2020-10-01,588.0000,Număr,RO-IF,ONRC,https://www.onrc.ro,https://ecifre.ro/indicatori/firme-infiintate-judete-ro/ilfov,2026-09-01
Firme înființate pe județe,2020-11-01,549.0000,Număr,RO-IF,ONRC,https://www.onrc.ro,https://ecifre.ro/indicatori/firme-infiintate-judete-ro/ilfov,2026-09-01
Firme înființate pe județe,2020-12-01,456.0000,Număr,RO-IF,ONRC,https://www.onrc.ro,https://ecifre.ro/indicatori/firme-infiintate-judete-ro/ilfov,2026-09-01
Firme înființate pe județe,2021-02-01,674.0000,Număr,RO-IF,ONRC,https://www.onrc.ro,https://ecifre.ro/indicatori/firme-infiintate-judete-ro/ilfov,2026-09-01
Firme înființate pe județe,2021-03-01,716.0000,Număr,RO-IF,ONRC,https://www.onrc.ro,https://ecifre.ro/indicatori/firme-infiintate-judete-ro/ilfov,2026-09-01
Firme înființate pe județe,2021-04-01,608.0000,Număr,RO-IF,ONRC,https://www.onrc.ro,https://ecifre.ro/indicatori/firme-infiintate-judete-ro/ilfov,2026-09-01
Firme înființate pe județe,2021-05-01,527.0000,Număr,RO-IF,ONRC,https://www.onrc.ro,https://ecifre.ro/indicatori/firme-infiintate-judete-ro/ilfov,2026-09-01
Firme înființate pe județe,2021-06-01,610.0000,Număr,RO-IF,ONRC,https://www.onrc.ro,https://ecifre.ro/indicatori/firme-infiintate-judete-ro/ilfov,2026-09-01
Firme înființate pe județe,2021-07-01,561.0000,Număr,RO-IF,ONRC,https://www.onrc.ro,https://ecifre.ro/indicatori/firme-infiintate-judete-ro/ilfov,2026-09-01
Firme înființate pe județe,2021-08-01,575.0000,Număr,RO-IF,ONRC,https://www.onrc.ro,https://ecifre.ro/indicatori/firme-infiintate-judete-ro/ilfov,2026-09-01
Firme înființate pe județe,2021-09-01,576.0000,Număr,RO-IF,ONRC,https://www.onrc.ro,https://ecifre.ro/indicatori/firme-infiintate-judete-ro/ilfov,2026-09-01
Firme înființate pe județe,2021-10-01,674.0000,Număr,RO-IF,ONRC,https://www.onrc.ro,https://ecifre.ro/indicatori/firme-infiintate-judete-ro/ilfov,2026-09-01
Firme înființate pe județe,2021-11-01,560.0000,Număr,RO-IF,ONRC,https://www.onrc.ro,https://ecifre.ro/indicatori/firme-infiintate-judete-ro/ilfov,2026-09-01
Firme înființate pe județe,2021-12-01,480.0000,Număr,RO-IF,ONRC,https://www.onrc.ro,https://ecifre.ro/indicatori/firme-infiintate-judete-ro/ilfov,2026-09-01
Firme înființate pe județe,2022-02-01,710.0000,Număr,RO-IF,ONRC,https://www.onrc.ro,https://ecifre.ro/indicatori/firme-infiintate-judete-ro/ilfov,2026-09-01
Firme înființate pe județe,2022-03-01,695.0000,Număr,RO-IF,ONRC,https://www.onrc.ro,https://ecifre.ro/indicatori/firme-infiintate-judete-ro/ilfov,2026-09-01
Firme înființate pe județe,2022-04-01,513.0000,Număr,RO-IF,ONRC,https://www.onrc.ro,https://ecifre.ro/indicatori/firme-infiintate-judete-ro/ilfov,2026-09-01
Firme înființate pe județe,2022-05-01,694.0000,Număr,RO-IF,ONRC,https://www.onrc.ro,https://ecifre.ro/indicatori/firme-infiintate-judete-ro/ilfov,2026-09-01
Firme înființate pe județe,2022-07-01,714.0000,Număr,RO-IF,ONRC,https://www.onrc.ro,https://ecifre.ro/indicatori/firme-infiintate-judete-ro/ilfov,2026-09-01
Firme înființate pe județe,2022-08-01,817.0000,Număr,RO-IF,ONRC,https://www.onrc.ro,https://ecifre.ro/indicatori/firme-infiintate-judete-ro/ilfov,2026-09-01
Firme înființate pe județe,2022-09-01,762.0000,Număr,RO-IF,ONRC,https://www.onrc.ro,https://ecifre.ro/indicatori/firme-infiintate-judete-ro/ilfov,2026-09-01
Firme înființate pe județe,2022-10-01,700.0000,Număr,RO-IF,ONRC,https://www.onrc.ro,https://ecifre.ro/indicatori/firme-infiintate-judete-ro/ilfov,2026-09-01
Firme înființate pe județe,2022-11-01,624.0000,Număr,RO-IF,ONRC,https://www.onrc.ro,https://ecifre.ro/indicatori/firme-infiintate-judete-ro/ilfov,2026-09-01
Firme înființate pe județe,2022-12-01,402.0000,Număr,RO-IF,ONRC,https://www.onrc.ro,https://ecifre.ro/indicatori/firme-infiintate-judete-ro/ilfov,2026-09-01
Firme înființate pe județe,2023-02-01,758.0000,Număr,RO-IF,ONRC,https://www.onrc.ro,https://ecifre.ro/indicatori/firme-infiintate-judete-ro/ilfov,2026-09-01
Firme înființate pe județe,2023-03-01,777.0000,Număr,RO-IF,ONRC,https://www.onrc.ro,https://ecifre.ro/indicatori/firme-infiintate-judete-ro/ilfov,2026-09-01
Firme înființate pe județe,2023-04-01,581.0000,Număr,RO-IF,ONRC,https://www.onrc.ro,https://ecifre.ro/indicatori/firme-infiintate-judete-ro/ilfov,2026-09-01
Firme înființate pe județe,2023-05-01,723.0000,Număr,RO-IF,ONRC,https://www.onrc.ro,https://ecifre.ro/indicatori/firme-infiintate-judete-ro/ilfov,2026-09-01
Firme înființate pe județe,2023-06-01,617.0000,Număr,RO-IF,ONRC,https://www.onrc.ro,https://ecifre.ro/indicatori/firme-infiintate-judete-ro/ilfov,2026-09-01
Firme înființate pe județe,2023-07-01,601.0000,Număr,RO-IF,ONRC,https://www.onrc.ro,https://ecifre.ro/indicatori/firme-infiintate-judete-ro/ilfov,2026-09-01
Firme înființate pe județe,2023-08-01,624.0000,Număr,RO-IF,ONRC,https://www.onrc.ro,https://ecifre.ro/indicatori/firme-infiintate-judete-ro/ilfov,2026-09-01
Firme înființate pe județe,2023-09-01,665.0000,Număr,RO-IF,ONRC,https://www.onrc.ro,https://ecifre.ro/indicatori/firme-infiintate-judete-ro/ilfov,2026-09-01
Firme înființate pe județe,2023-10-01,744.0000,Număr,RO-IF,ONRC,https://www.onrc.ro,https://ecifre.ro/indicatori/firme-infiintate-judete-ro/ilfov,2026-09-01
Firme înființate pe județe,2023-11-01,767.0000,Număr,RO-IF,ONRC,https://www.onrc.ro,https://ecifre.ro/indicatori/firme-infiintate-judete-ro/ilfov,2026-09-01
Firme înființate pe județe,2023-12-01,490.0000,Număr,RO-IF,ONRC,https://www.onrc.ro,https://ecifre.ro/indicatori/firme-infiintate-judete-ro/ilfov,2026-09-01
Firme înființate pe județe,2024-02-01,712.0000,Număr,RO-IF,ONRC,https://www.onrc.ro,https://ecifre.ro/indicatori/firme-infiintate-judete-ro/ilfov,2026-09-01
Firme înființate pe județe,2024-03-01,721.0000,Număr,RO-IF,ONRC,https://www.onrc.ro,https://ecifre.ro/indicatori/firme-infiintate-judete-ro/ilfov,2026-09-01
Firme înființate pe județe,2024-04-01,671.0000,Număr,RO-IF,ONRC,https://www.onrc.ro,https://ecifre.ro/indicatori/firme-infiintate-judete-ro/ilfov,2026-09-01
Firme înființate pe județe,2024-05-01,592.0000,Număr,RO-IF,ONRC,https://www.onrc.ro,https://ecifre.ro/indicatori/firme-infiintate-judete-ro/ilfov,2026-09-01
Firme înființate pe județe,2024-06-01,579.0000,Număr,RO-IF,ONRC,https://www.onrc.ro,https://ecifre.ro/indicatori/firme-infiintate-judete-ro/ilfov,2026-09-01
Firme înființate pe județe,2024-07-01,467.0000,Număr,RO-IF,ONRC,https://www.onrc.ro,https://ecifre.ro/indicatori/firme-infiintate-judete-ro/ilfov,2026-09-01
Firme înființate pe județe,2024-08-01,325.0000,Număr,RO-IF,ONRC,https://www.onrc.ro,https://ecifre.ro/indicatori/firme-infiintate-judete-ro/ilfov,2026-09-01
Firme înființate pe județe,2024-09-01,557.0000,Număr,RO-IF,ONRC,https://www.onrc.ro,https://ecifre.ro/indicatori/firme-infiintate-judete-ro/ilfov,2026-09-01
Firme înființate pe județe,2024-10-01,790.0000,Număr,RO-IF,ONRC,https://www.onrc.ro,https://ecifre.ro/indicatori/firme-infiintate-judete-ro/ilfov,2026-09-01
Firme înființate pe județe,2024-11-01,924.0000,Număr,RO-IF,ONRC,https://www.onrc.ro,https://ecifre.ro/indicatori/firme-infiintate-judete-ro/ilfov,2026-09-01
Firme înființate pe județe,2024-12-01,572.0000,Număr,RO-IF,ONRC,https://www.onrc.ro,https://ecifre.ro/indicatori/firme-infiintate-judete-ro/ilfov,2026-09-01
Firme înființate pe județe,2025-01-01,455.0000,Număr,RO-IF,ONRC,https://www.onrc.ro,https://ecifre.ro/indicatori/firme-infiintate-judete-ro/ilfov,2026-09-01
Firme înființate pe județe,2025-02-01,696.0000,Număr,RO-IF,ONRC,https://www.onrc.ro,https://ecifre.ro/indicatori/firme-infiintate-judete-ro/ilfov,2026-09-01
Firme înființate pe județe,2025-03-01,806.0000,Număr,RO-IF,ONRC,https://www.onrc.ro,https://ecifre.ro/indicatori/firme-infiintate-judete-ro/ilfov,2026-09-01
Firme înființate pe județe,2025-04-01,762.0000,Număr,RO-IF,ONRC,https://www.onrc.ro,https://ecifre.ro/indicatori/firme-infiintate-judete-ro/ilfov,2026-09-01
Firme înființate pe județe,2025-05-01,936.0000,Număr,RO-IF,ONRC,https://www.onrc.ro,https://ecifre.ro/indicatori/firme-infiintate-judete-ro/ilfov,2026-09-01
Firme înființate pe județe,2025-06-01,678.0000,Număr,RO-IF,ONRC,https://www.onrc.ro,https://ecifre.ro/indicatori/firme-infiintate-judete-ro/ilfov,2026-09-01
Firme înființate pe județe,2025-07-01,822.0000,Număr,RO-IF,ONRC,https://www.onrc.ro,https://ecifre.ro/indicatori/firme-infiintate-judete-ro/ilfov,2026-09-01
Firme înființate pe județe,2025-08-01,727.0000,Număr,RO-IF,ONRC,https://www.onrc.ro,https://ecifre.ro/indicatori/firme-infiintate-judete-ro/ilfov,2026-09-01
Firme înființate pe județe,2025-09-01,853.0000,Număr,RO-IF,ONRC,https://www.onrc.ro,https://ecifre.ro/indicatori/firme-infiintate-judete-ro/ilfov,2026-09-01
Firme înființate pe județe,2025-10-01,1021.0000,Număr,RO-IF,ONRC,https://www.onrc.ro,https://ecifre.ro/indicatori/firme-infiintate-judete-ro/ilfov,2026-09-01
Firme înființate pe județe,2025-11-01,959.0000,Număr,RO-IF,ONRC,https://www.onrc.ro,https://ecifre.ro/indicatori/firme-infiintate-judete-ro/ilfov,2026-09-01
Firme înființate pe județe,2025-12-01,804.0000,Număr,RO-IF,ONRC,https://www.onrc.ro,https://ecifre.ro/indicatori/firme-infiintate-judete-ro/ilfov,2026-09-01
Firme înființate pe județe,2026-01-01,696.0000,Număr,RO-IF,ONRC,https://www.onrc.ro,https://ecifre.ro/indicatori/firme-infiintate-judete-ro/ilfov,2026-09-01
Firme înființate pe județe,2026-02-01,795.0000,Număr,RO-IF,ONRC,https://www.onrc.ro,https://ecifre.ro/indicatori/firme-infiintate-judete-ro/ilfov,2026-09-01
Firme înființate pe județe,2026-03-01,978.0000,Număr,RO-IF,ONRC,https://www.onrc.ro,https://ecifre.ro/indicatori/firme-infiintate-judete-ro/ilfov,2026-09-01
Firme înființate pe județe,2026-04-01,672.0000,Număr,RO-IF,ONRC,https://www.onrc.ro,https://ecifre.ro/indicatori/firme-infiintate-judete-ro/ilfov,2026-09-01
Firme înființate pe județe,2026-05-01,826.0000,Număr,RO-IF,ONRC,https://www.onrc.ro,https://ecifre.ro/indicatori/firme-infiintate-judete-ro/ilfov,2026-09-01
Firme înființate pe județe,2026-06-01,842.0000,Număr,RO-IF,ONRC,https://www.onrc.ro,https://ecifre.ro/indicatori/firme-infiintate-judete-ro/ilfov,2026-09-01
Firme înființate pe județe,2026-07-01,752.0000,Număr,RO-IF,ONRC,https://www.onrc.ro,https://ecifre.ro/indicatori/firme-infiintate-judete-ro/ilfov,2026-09-01
Firme înființate pe județe,2014-01-01,195.0000,Număr,RO-MM,ONRC,https://www.onrc.ro,https://ecifre.ro/indicatori/firme-infiintate-judete-ro/maramures,2026-09-01
Firme înființate pe județe,2015-01-01,222.0000,Număr,RO-MM,ONRC,https://www.onrc.ro,https://ecifre.ro/indicatori/firme-infiintate-judete-ro/maramures,2026-09-01
Firme înființate pe județe,2016-01-01,200.0000,Număr,RO-MM,ONRC,https://www.onrc.ro,https://ecifre.ro/indicatori/firme-infiintate-judete-ro/maramures,2026-09-01
Firme înființate pe județe,2017-01-01,132.0000,Număr,RO-MM,ONRC,https://www.onrc.ro,https://ecifre.ro/indicatori/firme-infiintate-judete-ro/maramures,2026-09-01
Firme înființate pe județe,2017-03-01,357.0000,Număr,RO-MM,ONRC,https://www.onrc.ro,https://ecifre.ro/indicatori/firme-infiintate-judete-ro/maramures,2026-09-01
Firme înființate pe județe,2017-04-01,287.0000,Număr,RO-MM,ONRC,https://www.onrc.ro,https://ecifre.ro/indicatori/firme-infiintate-judete-ro/maramures,2026-09-01
Firme înființate pe județe,2017-05-01,425.0000,Număr,RO-MM,ONRC,https://www.onrc.ro,https://ecifre.ro/indicatori/firme-infiintate-judete-ro/maramures,2026-09-01
Firme înființate pe județe,2017-06-01,373.0000,Număr,RO-MM,ONRC,https://www.onrc.ro,https://ecifre.ro/indicatori/firme-infiintate-judete-ro/maramures,2026-09-01
Firme înființate pe județe,2017-07-01,385.0000,Număr,RO-MM,ONRC,https://www.onrc.ro,https://ecifre.ro/indicatori/firme-infiintate-judete-ro/maramures,2026-09-01
Firme înființate pe județe,2017-08-01,264.0000,Număr,RO-MM,ONRC,https://www.onrc.ro,https://ecifre.ro/indicatori/firme-infiintate-judete-ro/maramures,2026-09-01
Firme înființate pe județe,2017-09-01,200.0000,Număr,RO-MM,ONRC,https://www.onrc.ro,https://ecifre.ro/indicatori/firme-infiintate-judete-ro/maramures,2026-09-01
Firme înființate pe județe,2017-10-01,206.0000,Număr,RO-MM,ONRC,https://www.onrc.ro,https://ecifre.ro/indicatori/firme-infiintate-judete-ro/maramures,2026-09-01
Firme înființate pe județe,2017-11-01,193.0000,Număr,RO-MM,ONRC,https://www.onrc.ro,https://ecifre.ro/indicatori/firme-infiintate-judete-ro/maramures,2026-09-01
Firme înființate pe județe,2017-12-01,121.0000,Număr,RO-MM,ONRC,https://www.onrc.ro,https://ecifre.ro/indicatori/firme-infiintate-judete-ro/maramures,2026-09-01
Firme înființate pe județe,2018-01-01,204.0000,Număr,RO-MM,ONRC,https://www.onrc.ro,https://ecifre.ro/indicatori/firme-infiintate-judete-ro/maramures,2026-09-01
Firme înființate pe județe,2018-02-01,246.0000,Număr,RO-MM,ONRC,https://www.onrc.ro,https://ecifre.ro/indicatori/firme-infiintate-judete-ro/maramures,2026-09-01
Firme înființate pe județe,2018-03-01,334.0000,Număr,RO-MM,ONRC,https://www.onrc.ro,https://ecifre.ro/indicatori/firme-infiintate-judete-ro/maramures,2026-09-01
Firme înființate pe județe,2018-04-01,265.0000,Număr,RO-MM,ONRC,https://www.onrc.ro,https://ecifre.ro/indicatori/firme-infiintate-judete-ro/maramures,2026-09-01
Firme înființate pe județe,2018-05-01,398.0000,Număr,RO-MM,ONRC,https://www.onrc.ro,https://ecifre.ro/indicatori/firme-infiintate-judete-ro/maramures,2026-09-01
Firme înființate pe județe,2018-06-01,276.0000,Număr,RO-MM,ONRC,https://www.onrc.ro,https://ecifre.ro/indicatori/firme-infiintate-judete-ro/maramures,2026-09-01
Firme înființate pe județe,2018-07-01,326.0000,Număr,RO-MM,ONRC,https://www.onrc.ro,https://ecifre.ro/indicatori/firme-infiintate-judete-ro/maramures,2026-09-01
Firme înființate pe județe,2018-08-01,299.0000,Număr,RO-MM,ONRC,https://www.onrc.ro,https://ecifre.ro/indicatori/firme-infiintate-judete-ro/maramures,2026-09-01
Firme înființate pe județe,2018-09-01,223.0000,Număr,RO-MM,ONRC,https://www.onrc.ro,https://ecifre.ro/indicatori/firme-infiintate-judete-ro/maramures,2026-09-01
Firme înființate pe județe,2018-10-01,287.0000,Număr,RO-MM,ONRC,https://www.onrc.ro,https://ecifre.ro/indicatori/firme-infiintate-judete-ro/maramures,2026-09-01
Firme înființate pe județe,2018-11-01,364.0000,Număr,RO-MM,ONRC,https://www.onrc.ro,https://ecifre.ro/indicatori/firme-infiintate-judete-ro/maramures,2026-09-01
Firme înființate pe județe,2018-12-01,296.0000,Număr,RO-MM,ONRC,https://www.onrc.ro,https://ecifre.ro/indicatori/firme-infiintate-judete-ro/maramures,2026-09-01
Firme înființate pe județe,2019-01-01,472.0000,Număr,RO-MM,ONRC,https://www.onrc.ro,https://ecifre.ro/indicatori/firme-infiintate-judete-ro/maramures,2026-09-01
Firme înființate pe județe,2019-02-01,348.0000,Număr,RO-MM,ONRC,https://www.onrc.ro,https://ecifre.ro/indicatori/firme-infiintate-judete-ro/maramures,2026-09-01
Firme înființate pe județe,2019-03-01,296.0000,Număr,RO-MM,ONRC,https://www.onrc.ro,https://ecifre.ro/indicatori/firme-infiintate-judete-ro/maramures,2026-09-01
Firme înființate pe județe,2019-04-01,331.0000,Număr,RO-MM,ONRC,https://www.onrc.ro,https://ecifre.ro/indicatori/firme-infiintate-judete-ro/maramures,2026-09-01
Firme înființate pe județe,2019-05-01,285.0000,Număr,RO-MM,ONRC,https://www.onrc.ro,https://ecifre.ro/indicatori/firme-infiintate-judete-ro/maramures,2026-09-01
Firme înființate pe județe,2019-06-01,237.0000,Număr,RO-MM,ONRC,https://www.onrc.ro,https://ecifre.ro/indicatori/firme-infiintate-judete-ro/maramures,2026-09-01
Firme înființate pe județe,2019-07-01,263.0000,Număr,RO-MM,ONRC,https://www.onrc.ro,https://ecifre.ro/indicatori/firme-infiintate-judete-ro/maramures,2026-09-01
Firme înființate pe județe,2019-08-01,258.0000,Număr,RO-MM,ONRC,https://www.onrc.ro,https://ecifre.ro/indicatori/firme-infiintate-judete-ro/maramures,2026-09-01
Firme înființate pe județe,2019-09-01,238.0000,Număr,RO-MM,ONRC,https://www.onrc.ro,https://ecifre.ro/indicatori/firme-infiintate-judete-ro/maramures,2026-09-01
Firme înființate pe județe,2019-10-01,219.0000,Număr,RO-MM,ONRC,https://www.onrc.ro,https://ecifre.ro/indicatori/firme-infiintate-judete-ro/maramures,2026-09-01
Firme înființate pe județe,2019-11-01,166.0000,Număr,RO-MM,ONRC,https://www.onrc.ro,https://ecifre.ro/indicatori/firme-infiintate-judete-ro/maramures,2026-09-01
Firme înființate pe județe,2019-12-01,164.0000,Număr,RO-MM,ONRC,https://www.onrc.ro,https://ecifre.ro/indicatori/firme-infiintate-judete-ro/maramures,2026-09-01
Firme înființate pe județe,2020-01-01,244.0000,Număr,RO-MM,ONRC,https://www.onrc.ro,https://ecifre.ro/indicatori/firme-infiintate-judete-ro/maramures,2026-09-01
Firme înființate pe județe,2020-02-01,231.0000,Număr,RO-MM,ONRC,https://www.onrc.ro,https://ecifre.ro/indicatori/firme-infiintate-judete-ro/maramures,2026-09-01
Firme înființate pe județe,2020-03-01,133.0000,Număr,RO-MM,ONRC,https://www.onrc.ro,https://ecifre.ro/indicatori/firme-infiintate-judete-ro/maramures,2026-09-01
Firme înființate pe județe,2020-04-01,63.0000,Număr,RO-MM,ONRC,https://www.onrc.ro,https://ecifre.ro/indicatori/firme-infiintate-judete-ro/maramures,2026-09-01
Firme înființate pe județe,2020-05-01,173.0000,Număr,RO-MM,ONRC,https://www.onrc.ro,https://ecifre.ro/indicatori/firme-infiintate-judete-ro/maramures,2026-09-01
Firme înființate pe județe,2020-06-01,247.0000,Număr,RO-MM,ONRC,https://www.onrc.ro,https://ecifre.ro/indicatori/firme-infiintate-judete-ro/maramures,2026-09-01
Firme înființate pe județe,2020-07-01,234.0000,Număr,RO-MM,ONRC,https://www.onrc.ro,https://ecifre.ro/indicatori/firme-infiintate-judete-ro/maramures,2026-09-01
Firme înființate pe județe,2020-08-01,221.0000,Număr,RO-MM,ONRC,https://www.onrc.ro,https://ecifre.ro/indicatori/firme-infiintate-judete-ro/maramures,2026-09-01
Firme înființate pe județe,2020-09-01,216.0000,Număr,RO-MM,ONRC,https://www.onrc.ro,https://ecifre.ro/indicatori/firme-infiintate-judete-ro/maramures,2026-09-01
Firme înființate pe județe,2020-10-01,261.0000,Număr,RO-MM,ONRC,https://www.onrc.ro,https://ecifre.ro/indicatori/firme-infiintate-judete-ro/maramures,2026-09-01
Firme înființate pe județe,2020-11-01,178.0000,Număr,RO-MM,ONRC,https://www.onrc.ro,https://ecifre.ro/indicatori/firme-infiintate-judete-ro/maramures,2026-09-01
Firme înființate pe județe,2020-12-01,190.0000,Număr,RO-MM,ONRC,https://www.onrc.ro,https://ecifre.ro/indicatori/firme-infiintate-judete-ro/maramures,2026-09-01
Firme înființate pe județe,2021-02-01,284.0000,Număr,RO-MM,ONRC,https://www.onrc.ro,https://ecifre.ro/indicatori/firme-infiintate-judete-ro/maramures,2026-09-01
Firme înființate pe județe,2021-03-01,358.0000,Număr,RO-MM,ONRC,https://www.onrc.ro,https://ecifre.ro/indicatori/firme-infiintate-judete-ro/maramures,2026-09-01
Firme înființate pe județe,2021-04-01,330.0000,Număr,RO-MM,ONRC,https://www.onrc.ro,https://ecifre.ro/indicatori/firme-infiintate-judete-ro/maramures,2026-09-01
Firme înființate pe județe,2021-05-01,320.0000,Număr,RO-MM,ONRC,https://www.onrc.ro,https://ecifre.ro/indicatori/firme-infiintate-judete-ro/maramures,2026-09-01
Firme înființate pe județe,2021-06-01,337.0000,Număr,RO-MM,ONRC,https://www.onrc.ro,https://ecifre.ro/indicatori/firme-infiintate-judete-ro/maramures,2026-09-01
Firme înființate pe județe,2021-07-01,288.0000,Număr,RO-MM,ONRC,https://www.onrc.ro,https://ecifre.ro/indicatori/firme-infiintate-judete-ro/maramures,2026-09-01
Firme înființate pe județe,2021-08-01,361.0000,Număr,RO-MM,ONRC,https://www.onrc.ro,https://ecifre.ro/indicatori/firme-infiintate-judete-ro/maramures,2026-09-01
Firme înființate pe județe,2021-09-01,318.0000,Număr,RO-MM,ONRC,https://www.onrc.ro,https://ecifre.ro/indicatori/firme-infiintate-judete-ro/maramures,2026-09-01
Firme înființate pe județe,2021-10-01,331.0000,Număr,RO-MM,ONRC,https://www.onrc.ro,https://ecifre.ro/indicatori/firme-infiintate-judete-ro/maramures,2026-09-01
Firme înființate pe județe,2021-11-01,215.0000,Număr,RO-MM,ONRC,https://www.onrc.ro,https://ecifre.ro/indicatori/firme-infiintate-judete-ro/maramures,2026-09-01
Firme înființate pe județe,2021-12-01,160.0000,Număr,RO-MM,ONRC,https://www.onrc.ro,https://ecifre.ro/indicatori/firme-infiintate-judete-ro/maramures,2026-09-01
Firme înființate pe județe,2022-02-01,227.0000,Număr,RO-MM,ONRC,https://www.onrc.ro,https://ecifre.ro/indicatori/firme-infiintate-judete-ro/maramures,2026-09-01
Firme înființate pe județe,2022-03-01,233.0000,Număr,RO-MM,ONRC,https://www.onrc.ro,https://ecifre.ro/indicatori/firme-infiintate-judete-ro/maramures,2026-09-01
Firme înființate pe județe,2022-04-01,220.0000,Număr,RO-MM,ONRC,https://www.onrc.ro,https://ecifre.ro/indicatori/firme-infiintate-judete-ro/maramures,2026-09-01
Firme înființate pe județe,2022-05-01,381.0000,Număr,RO-MM,ONRC,https://www.onrc.ro,https://ecifre.ro/indicatori/firme-infiintate-judete-ro/maramures,2026-09-01
Firme înființate pe județe,2022-07-01,320.0000,Număr,RO-MM,ONRC,https://www.onrc.ro,https://ecifre.ro/indicatori/firme-infiintate-judete-ro/maramures,2026-09-01
Firme înființate pe județe,2022-08-01,402.0000,Număr,RO-MM,ONRC,https://www.onrc.ro,https://ecifre.ro/indicatori/firme-infiintate-judete-ro/maramures,2026-09-01
Firme înființate pe județe,2022-09-01,367.0000,Număr,RO-MM,ONRC,https://www.onrc.ro,https://ecifre.ro/indicatori/firme-infiintate-judete-ro/maramures,2026-09-01
Firme înființate pe județe,2022-10-01,221.0000,Număr,RO-MM,ONRC,https://www.onrc.ro,https://ecifre.ro/indicatori/firme-infiintate-judete-ro/maramures,2026-09-01
Firme înființate pe județe,2022-11-01,226.0000,Număr,RO-MM,ONRC,https://www.onrc.ro,https://ecifre.ro/indicatori/firme-infiintate-judete-ro/maramures,2026-09-01
Firme înființate pe județe,2022-12-01,173.0000,Număr,RO-MM,ONRC,https://www.onrc.ro,https://ecifre.ro/indicatori/firme-infiintate-judete-ro/maramures,2026-09-01
Firme înființate pe județe,2023-02-01,253.0000,Număr,RO-MM,ONRC,https://www.onrc.ro,https://ecifre.ro/indicatori/firme-infiintate-judete-ro/maramures,2026-09-01
Firme înființate pe județe,2023-03-01,303.0000,Număr,RO-MM,ONRC,https://www.onrc.ro,https://ecifre.ro/indicatori/firme-infiintate-judete-ro/maramures,2026-09-01
Firme înființate pe județe,2023-04-01,216.0000,Număr,RO-MM,ONRC,https://www.onrc.ro,https://ecifre.ro/indicatori/firme-infiintate-judete-ro/maramures,2026-09-01
Firme înființate pe județe,2023-05-01,293.0000,Număr,RO-MM,ONRC,https://www.onrc.ro,https://ecifre.ro/indicatori/firme-infiintate-judete-ro/maramures,2026-09-01
Firme înființate pe județe,2023-06-01,269.0000,Număr,RO-MM,ONRC,https://www.onrc.ro,https://ecifre.ro/indicatori/firme-infiintate-judete-ro/maramures,2026-09-01
Firme înființate pe județe,2023-07-01,222.0000,Număr,RO-MM,ONRC,https://www.onrc.ro,https://ecifre.ro/indicatori/firme-infiintate-judete-ro/maramures,2026-09-01
Firme înființate pe județe,2023-08-01,268.0000,Număr,RO-MM,ONRC,https://www.onrc.ro,https://ecifre.ro/indicatori/firme-infiintate-judete-ro/maramures,2026-09-01
Firme înființate pe județe,2023-09-01,321.0000,Număr,RO-MM,ONRC,https://www.onrc.ro,https://ecifre.ro/indicatori/firme-infiintate-judete-ro/maramures,2026-09-01
Firme înființate pe județe,2023-10-01,240.0000,Număr,RO-MM,ONRC,https://www.onrc.ro,https://ecifre.ro/indicatori/firme-infiintate-judete-ro/maramures,2026-09-01
Firme înființate pe județe,2023-11-01,268.0000,Număr,RO-MM,ONRC,https://www.onrc.ro,https://ecifre.ro/indicatori/firme-infiintate-judete-ro/maramures,2026-09-01
Firme înființate pe județe,2023-12-01,346.0000,Număr,RO-MM,ONRC,https://www.onrc.ro,https://ecifre.ro/indicatori/firme-infiintate-judete-ro/maramures,2026-09-01
Firme înființate pe județe,2024-02-01,245.0000,Număr,RO-MM,ONRC,https://www.onrc.ro,https://ecifre.ro/indicatori/firme-infiintate-judete-ro/maramures,2026-09-01
Firme înființate pe județe,2024-03-01,262.0000,Număr,RO-MM,ONRC,https://www.onrc.ro,https://ecifre.ro/indicatori/firme-infiintate-judete-ro/maramures,2026-09-01
Firme înființate pe județe,2024-04-01,225.0000,Număr,RO-MM,ONRC,https://www.onrc.ro,https://ecifre.ro/indicatori/firme-infiintate-judete-ro/maramures,2026-09-01
Firme înființate pe județe,2024-05-01,195.0000,Număr,RO-MM,ONRC,https://www.onrc.ro,https://ecifre.ro/indicatori/firme-infiintate-judete-ro/maramures,2026-09-01
Firme înființate pe județe,2024-06-01,174.0000,Număr,RO-MM,ONRC,https://www.onrc.ro,https://ecifre.ro/indicatori/firme-infiintate-judete-ro/maramures,2026-09-01
Firme înființate pe județe,2024-07-01,145.0000,Număr,RO-MM,ONRC,https://www.onrc.ro,https://ecifre.ro/indicatori/firme-infiintate-judete-ro/maramures,2026-09-01
Firme înființate pe județe,2024-08-01,90.0000,Număr,RO-MM,ONRC,https://www.onrc.ro,https://ecifre.ro/indicatori/firme-infiintate-judete-ro/maramures,2026-09-01
Firme înființate pe județe,2024-09-01,245.0000,Număr,RO-MM,ONRC,https://www.onrc.ro,https://ecifre.ro/indicatori/firme-infiintate-judete-ro/maramures,2026-09-01
Firme înființate pe județe,2024-10-01,316.0000,Număr,RO-MM,ONRC,https://www.onrc.ro,https://ecifre.ro/indicatori/firme-infiintate-judete-ro/maramures,2026-09-01
Firme înființate pe județe,2024-11-01,199.0000,Număr,RO-MM,ONRC,https://www.onrc.ro,https://ecifre.ro/indicatori/firme-infiintate-judete-ro/maramures,2026-09-01
Firme înființate pe județe,2024-12-01,116.0000,Număr,RO-MM,ONRC,https://www.onrc.ro,https://ecifre.ro/indicatori/firme-infiintate-judete-ro/maramures,2026-09-01
Firme înființate pe județe,2025-01-01,174.0000,Număr,RO-MM,ONRC,https://www.onrc.ro,https://ecifre.ro/indicatori/firme-infiintate-judete-ro/maramures,2026-09-01
Firme înființate pe județe,2025-02-01,213.0000,Număr,RO-MM,ONRC,https://www.onrc.ro,https://ecifre.ro/indicatori/firme-infiintate-judete-ro/maramures,2026-09-01
Firme înființate pe județe,2025-03-01,232.0000,Număr,RO-MM,ONRC,https://www.onrc.ro,https://ecifre.ro/indicatori/firme-infiintate-judete-ro/maramures,2026-09-01
Firme înființate pe județe,2025-04-01,185.0000,Număr,RO-MM,ONRC,https://www.onrc.ro,https://ecifre.ro/indicatori/firme-infiintate-judete-ro/maramures,2026-09-01
Firme înființate pe județe,2025-05-01,231.0000,Număr,RO-MM,ONRC,https://www.onrc.ro,https://ecifre.ro/indicatori/firme-infiintate-judete-ro/maramures,2026-09-01
Firme înființate pe județe,2025-06-01,251.0000,Număr,RO-MM,ONRC,https://www.onrc.ro,https://ecifre.ro/indicatori/firme-infiintate-judete-ro/maramures,2026-09-01
Firme înființate pe județe,2025-07-01,315.0000,Număr,RO-MM,ONRC,https://www.onrc.ro,https://ecifre.ro/indicatori/firme-infiintate-judete-ro/maramures,2026-09-01
Firme înființate pe județe,2025-08-01,217.0000,Număr,RO-MM,ONRC,https://www.onrc.ro,https://ecifre.ro/indicatori/firme-infiintate-judete-ro/maramures,2026-09-01
Firme înființate pe județe,2025-09-01,371.0000,Număr,RO-MM,ONRC,https://www.onrc.ro,https://ecifre.ro/indicatori/firme-infiintate-judete-ro/maramures,2026-09-01
Firme înființate pe județe,2025-10-01,323.0000,Număr,RO-MM,ONRC,https://www.onrc.ro,https://ecifre.ro/indicatori/firme-infiintate-judete-ro/maramures,2026-09-01
Firme înființate pe județe,2025-11-01,310.0000,Număr,RO-MM,ONRC,https://www.onrc.ro,https://ecifre.ro/indicatori/firme-infiintate-judete-ro/maramures,2026-09-01
Firme înființate pe județe,2025-12-01,262.0000,Număr,RO-MM,ONRC,https://www.onrc.ro,https://ecifre.ro/indicatori/firme-infiintate-judete-ro/maramures,2026-09-01
Firme înființate pe județe,2026-01-01,222.0000,Număr,RO-MM,ONRC,https://www.onrc.ro,https://ecifre.ro/indicatori/firme-infiintate-judete-ro/maramures,2026-09-01
Firme înființate pe județe,2026-02-01,282.0000,Număr,RO-MM,ONRC,https://www.onrc.ro,https://ecifre.ro/indicatori/firme-infiintate-judete-ro/maramures,2026-09-01
Firme înființate pe județe,2026-03-01,276.0000,Număr,RO-MM,ONRC,https://www.onrc.ro,https://ecifre.ro/indicatori/firme-infiintate-judete-ro/maramures,2026-09-01
Firme înființate pe județe,2026-04-01,192.0000,Număr,RO-MM,ONRC,https://www.onrc.ro,https://ecifre.ro/indicatori/firme-infiintate-judete-ro/maramures,2026-09-01
Firme înființate pe județe,2026-05-01,197.0000,Număr,RO-MM,ONRC,https://www.onrc.ro,https://ecifre.ro/indicatori/firme-infiintate-judete-ro/maramures,2026-09-01
Firme înființate pe județe,2026-06-01,209.0000,Număr,RO-MM,ONRC,https://www.onrc.ro,https://ecifre.ro/indicatori/firme-infiintate-judete-ro/maramures,2026-09-01
Firme înființate pe județe,2026-07-01,164.0000,Număr,RO-MM,ONRC,https://www.onrc.ro,https://ecifre.ro/indicatori/firme-infiintate-judete-ro/maramures,2026-09-01
Firme înființate pe județe,2014-01-01,87.0000,Număr,RO-MH,ONRC,https://www.onrc.ro,https://ecifre.ro/indicatori/firme-infiintate-judete-ro/mehedinti,2026-09-01
Firme înființate pe județe,2015-01-01,82.0000,Număr,RO-MH,ONRC,https://www.onrc.ro,https://ecifre.ro/indicatori/firme-infiintate-judete-ro/mehedinti,2026-09-01
Firme înființate pe județe,2016-01-01,73.0000,Număr,RO-MH,ONRC,https://www.onrc.ro,https://ecifre.ro/indicatori/firme-infiintate-judete-ro/mehedinti,2026-09-01
Firme înființate pe județe,2017-01-01,61.0000,Număr,RO-MH,ONRC,https://www.onrc.ro,https://ecifre.ro/indicatori/firme-infiintate-judete-ro/mehedinti,2026-09-01
Firme înființate pe județe,2017-03-01,191.0000,Număr,RO-MH,ONRC,https://www.onrc.ro,https://ecifre.ro/indicatori/firme-infiintate-judete-ro/mehedinti,2026-09-01
Firme înființate pe județe,2017-04-01,166.0000,Număr,RO-MH,ONRC,https://www.onrc.ro,https://ecifre.ro/indicatori/firme-infiintate-judete-ro/mehedinti,2026-09-01
Firme înființate pe județe,2017-05-01,235.0000,Număr,RO-MH,ONRC,https://www.onrc.ro,https://ecifre.ro/indicatori/firme-infiintate-judete-ro/mehedinti,2026-09-01
Firme înființate pe județe,2017-06-01,160.0000,Număr,RO-MH,ONRC,https://www.onrc.ro,https://ecifre.ro/indicatori/firme-infiintate-judete-ro/mehedinti,2026-09-01
Firme înființate pe județe,2017-07-01,130.0000,Număr,RO-MH,ONRC,https://www.onrc.ro,https://ecifre.ro/indicatori/firme-infiintate-judete-ro/mehedinti,2026-09-01
Firme înființate pe județe,2017-08-01,80.0000,Număr,RO-MH,ONRC,https://www.onrc.ro,https://ecifre.ro/indicatori/firme-infiintate-judete-ro/mehedinti,2026-09-01
Firme înființate pe județe,2017-09-01,73.0000,Număr,RO-MH,ONRC,https://www.onrc.ro,https://ecifre.ro/indicatori/firme-infiintate-judete-ro/mehedinti,2026-09-01
Firme înființate pe județe,2017-10-01,91.0000,Număr,RO-MH,ONRC,https://www.onrc.ro,https://ecifre.ro/indicatori/firme-infiintate-judete-ro/mehedinti,2026-09-01
Firme înființate pe județe,2017-11-01,69.0000,Număr,RO-MH,ONRC,https://www.onrc.ro,https://ecifre.ro/indicatori/firme-infiintate-judete-ro/mehedinti,2026-09-01
Firme înființate pe județe,2017-12-01,54.0000,Număr,RO-MH,ONRC,https://www.onrc.ro,https://ecifre.ro/indicatori/firme-infiintate-judete-ro/mehedinti,2026-09-01
Firme înființate pe județe,2018-01-01,91.0000,Număr,RO-MH,ONRC,https://www.onrc.ro,https://ecifre.ro/indicatori/firme-infiintate-judete-ro/mehedinti,2026-09-01
Firme înființate pe județe,2018-02-01,104.0000,Număr,RO-MH,ONRC,https://www.onrc.ro,https://ecifre.ro/indicatori/firme-infiintate-judete-ro/mehedinti,2026-09-01
Firme înființate pe județe,2018-03-01,144.0000,Număr,RO-MH,ONRC,https://www.onrc.ro,https://ecifre.ro/indicatori/firme-infiintate-judete-ro/mehedinti,2026-09-01
Firme înființate pe județe,2018-04-01,110.0000,Număr,RO-MH,ONRC,https://www.onrc.ro,https://ecifre.ro/indicatori/firme-infiintate-judete-ro/mehedinti,2026-09-01
Firme înființate pe județe,2018-05-01,130.0000,Număr,RO-MH,ONRC,https://www.onrc.ro,https://ecifre.ro/indicatori/firme-infiintate-judete-ro/mehedinti,2026-09-01
Firme înființate pe județe,2018-06-01,100.0000,Număr,RO-MH,ONRC,https://www.onrc.ro,https://ecifre.ro/indicatori/firme-infiintate-judete-ro/mehedinti,2026-09-01
Firme înființate pe județe,2018-07-01,75.0000,Număr,RO-MH,ONRC,https://www.onrc.ro,https://ecifre.ro/indicatori/firme-infiintate-judete-ro/mehedinti,2026-09-01
Firme înființate pe județe,2018-08-01,87.0000,Număr,RO-MH,ONRC,https://www.onrc.ro,https://ecifre.ro/indicatori/firme-infiintate-judete-ro/mehedinti,2026-09-01
Firme înființate pe județe,2018-09-01,84.0000,Număr,RO-MH,ONRC,https://www.onrc.ro,https://ecifre.ro/indicatori/firme-infiintate-judete-ro/mehedinti,2026-09-01
Firme înființate pe județe,2018-10-01,133.0000,Număr,RO-MH,ONRC,https://www.onrc.ro,https://ecifre.ro/indicatori/firme-infiintate-judete-ro/mehedinti,2026-09-01
Firme înființate pe județe,2018-11-01,123.0000,Număr,RO-MH,ONRC,https://www.onrc.ro,https://ecifre.ro/indicatori/firme-infiintate-judete-ro/mehedinti,2026-09-01
Firme înființate pe județe,2018-12-01,93.0000,Număr,RO-MH,ONRC,https://www.onrc.ro,https://ecifre.ro/indicatori/firme-infiintate-judete-ro/mehedinti,2026-09-01
Firme înființate pe județe,2019-01-01,189.0000,Număr,RO-MH,ONRC,https://www.onrc.ro,https://ecifre.ro/indicatori/firme-infiintate-judete-ro/mehedinti,2026-09-01
Firme înființate pe județe,2019-02-01,133.0000,Număr,RO-MH,ONRC,https://www.onrc.ro,https://ecifre.ro/indicatori/firme-infiintate-judete-ro/mehedinti,2026-09-01
Firme înființate pe județe,2019-03-01,159.0000,Număr,RO-MH,ONRC,https://www.onrc.ro,https://ecifre.ro/indicatori/firme-infiintate-judete-ro/mehedinti,2026-09-01
Firme înființate pe județe,2019-04-01,216.0000,Număr,RO-MH,ONRC,https://www.onrc.ro,https://ecifre.ro/indicatori/firme-infiintate-judete-ro/mehedinti,2026-09-01
Firme înființate pe județe,2019-05-01,123.0000,Număr,RO-MH,ONRC,https://www.onrc.ro,https://ecifre.ro/indicatori/firme-infiintate-judete-ro/mehedinti,2026-09-01
Firme înființate pe județe,2019-06-01,74.0000,Număr,RO-MH,ONRC,https://www.onrc.ro,https://ecifre.ro/indicatori/firme-infiintate-judete-ro/mehedinti,2026-09-01
Firme înființate pe județe,2019-07-01,76.0000,Număr,RO-MH,ONRC,https://www.onrc.ro,https://ecifre.ro/indicatori/firme-infiintate-judete-ro/mehedinti,2026-09-01
Firme înființate pe județe,2019-08-01,75.0000,Număr,RO-MH,ONRC,https://www.onrc.ro,https://ecifre.ro/indicatori/firme-infiintate-judete-ro/mehedinti,2026-09-01
Firme înființate pe județe,2019-09-01,69.0000,Număr,RO-MH,ONRC,https://www.onrc.ro,https://ecifre.ro/indicatori/firme-infiintate-judete-ro/mehedinti,2026-09-01
Firme înființate pe județe,2019-10-01,77.0000,Număr,RO-MH,ONRC,https://www.onrc.ro,https://ecifre.ro/indicatori/firme-infiintate-judete-ro/mehedinti,2026-09-01
Firme înființate pe județe,2019-11-01,76.0000,Număr,RO-MH,ONRC,https://www.onrc.ro,https://ecifre.ro/indicatori/firme-infiintate-judete-ro/mehedinti,2026-09-01
Firme înființate pe județe,2019-12-01,59.0000,Număr,RO-MH,ONRC,https://www.onrc.ro,https://ecifre.ro/indicatori/firme-infiintate-judete-ro/mehedinti,2026-09-01
Firme înființate pe județe,2020-01-01,89.0000,Număr,RO-MH,ONRC,https://www.onrc.ro,https://ecifre.ro/indicatori/firme-infiintate-judete-ro/mehedinti,2026-09-01
Firme înființate pe județe,2020-02-01,104.0000,Număr,RO-MH,ONRC,https://www.onrc.ro,https://ecifre.ro/indicatori/firme-infiintate-judete-ro/mehedinti,2026-09-01
Firme înființate pe județe,2020-03-01,44.0000,Număr,RO-MH,ONRC,https://www.onrc.ro,https://ecifre.ro/indicatori/firme-infiintate-judete-ro/mehedinti,2026-09-01
Firme înființate pe județe,2020-04-01,29.0000,Număr,RO-MH,ONRC,https://www.onrc.ro,https://ecifre.ro/indicatori/firme-infiintate-judete-ro/mehedinti,2026-09-01
Firme înființate pe județe,2020-05-01,71.0000,Număr,RO-MH,ONRC,https://www.onrc.ro,https://ecifre.ro/indicatori/firme-infiintate-judete-ro/mehedinti,2026-09-01
Firme înființate pe județe,2020-06-01,116.0000,Număr,RO-MH,ONRC,https://www.onrc.ro,https://ecifre.ro/indicatori/firme-infiintate-judete-ro/mehedinti,2026-09-01
Firme înființate pe județe,2020-07-01,93.0000,Număr,RO-MH,ONRC,https://www.onrc.ro,https://ecifre.ro/indicatori/firme-infiintate-judete-ro/mehedinti,2026-09-01
Firme înființate pe județe,2020-08-01,94.0000,Număr,RO-MH,ONRC,https://www.onrc.ro,https://ecifre.ro/indicatori/firme-infiintate-judete-ro/mehedinti,2026-09-01
Firme înființate pe județe,2020-09-01,83.0000,Număr,RO-MH,ONRC,https://www.onrc.ro,https://ecifre.ro/indicatori/firme-infiintate-judete-ro/mehedinti,2026-09-01
Firme înființate pe județe,2020-10-01,75.0000,Număr,RO-MH,ONRC,https://www.onrc.ro,https://ecifre.ro/indicatori/firme-infiintate-judete-ro/mehedinti,2026-09-01
Firme înființate pe județe,2020-11-01,80.0000,Număr,RO-MH,ONRC,https://www.onrc.ro,https://ecifre.ro/indicatori/firme-infiintate-judete-ro/mehedinti,2026-09-01
Firme înființate pe județe,2020-12-01,71.0000,Număr,RO-MH,ONRC,https://www.onrc.ro,https://ecifre.ro/indicatori/firme-infiintate-judete-ro/mehedinti,2026-09-01
Firme înființate pe județe,2021-02-01,101.0000,Număr,RO-MH,ONRC,https://www.onrc.ro,https://ecifre.ro/indicatori/firme-infiintate-judete-ro/mehedinti,2026-09-01
Firme înființate pe județe,2021-03-01,133.0000,Număr,RO-MH,ONRC,https://www.onrc.ro,https://ecifre.ro/indicatori/firme-infiintate-judete-ro/mehedinti,2026-09-01
Firme înființate pe județe,2021-04-01,111.0000,Număr,RO-MH,ONRC,https://www.onrc.ro,https://ecifre.ro/indicatori/firme-infiintate-judete-ro/mehedinti,2026-09-01
Firme înființate pe județe,2021-05-01,128.0000,Număr,RO-MH,ONRC,https://www.onrc.ro,https://ecifre.ro/indicatori/firme-infiintate-judete-ro/mehedinti,2026-09-01
Firme înființate pe județe,2021-06-01,132.0000,Număr,RO-MH,ONRC,https://www.onrc.ro,https://ecifre.ro/indicatori/firme-infiintate-judete-ro/mehedinti,2026-09-01
Firme înființate pe județe,2021-07-01,123.0000,Număr,RO-MH,ONRC,https://www.onrc.ro,https://ecifre.ro/indicatori/firme-infiintate-judete-ro/mehedinti,2026-09-01
Firme înființate pe județe,2021-08-01,108.0000,Număr,RO-MH,ONRC,https://www.onrc.ro,https://ecifre.ro/indicatori/firme-infiintate-judete-ro/mehedinti,2026-09-01
Firme înființate pe județe,2021-09-01,116.0000,Număr,RO-MH,ONRC,https://www.onrc.ro,https://ecifre.ro/indicatori/firme-infiintate-judete-ro/mehedinti,2026-09-01
Firme înființate pe județe,2021-10-01,126.0000,Număr,RO-MH,ONRC,https://www.onrc.ro,https://ecifre.ro/indicatori/firme-infiintate-judete-ro/mehedinti,2026-09-01
Firme înființate pe județe,2021-11-01,74.0000,Număr,RO-MH,ONRC,https://www.onrc.ro,https://ecifre.ro/indicatori/firme-infiintate-judete-ro/mehedinti,2026-09-01
Firme înființate pe județe,2021-12-01,65.0000,Număr,RO-MH,ONRC,https://www.onrc.ro,https://ecifre.ro/indicatori/firme-infiintate-judete-ro/mehedinti,2026-09-01
Firme înființate pe județe,2022-02-01,98.0000,Număr,RO-MH,ONRC,https://www.onrc.ro,https://ecifre.ro/indicatori/firme-infiintate-judete-ro/mehedinti,2026-09-01
Firme înființate pe județe,2022-03-01,99.0000,Număr,RO-MH,ONRC,https://www.onrc.ro,https://ecifre.ro/indicatori/firme-infiintate-judete-ro/mehedinti,2026-09-01
Firme înființate pe județe,2022-04-01,76.0000,Număr,RO-MH,ONRC,https://www.onrc.ro,https://ecifre.ro/indicatori/firme-infiintate-judete-ro/mehedinti,2026-09-01
Firme înființate pe județe,2022-05-01,149.0000,Număr,RO-MH,ONRC,https://www.onrc.ro,https://ecifre.ro/indicatori/firme-infiintate-judete-ro/mehedinti,2026-09-01
Firme înființate pe județe,2022-07-01,109.0000,Număr,RO-MH,ONRC,https://www.onrc.ro,https://ecifre.ro/indicatori/firme-infiintate-judete-ro/mehedinti,2026-09-01
Firme înființate pe județe,2022-08-01,124.0000,Număr,RO-MH,ONRC,https://www.onrc.ro,https://ecifre.ro/indicatori/firme-infiintate-judete-ro/mehedinti,2026-09-01
Firme înființate pe județe,2022-09-01,113.0000,Număr,RO-MH,ONRC,https://www.onrc.ro,https://ecifre.ro/indicatori/firme-infiintate-judete-ro/mehedinti,2026-09-01
Firme înființate pe județe,2022-10-01,96.0000,Număr,RO-MH,ONRC,https://www.onrc.ro,https://ecifre.ro/indicatori/firme-infiintate-judete-ro/mehedinti,2026-09-01
Firme înființate pe județe,2022-11-01,127.0000,Număr,RO-MH,ONRC,https://www.onrc.ro,https://ecifre.ro/indicatori/firme-infiintate-judete-ro/mehedinti,2026-09-01
Firme înființate pe județe,2022-12-01,80.0000,Număr,RO-MH,ONRC,https://www.onrc.ro,https://ecifre.ro/indicatori/firme-infiintate-judete-ro/mehedinti,2026-09-01
Firme înființate pe județe,2023-02-01,98.0000,Număr,RO-MH,ONRC,https://www.onrc.ro,https://ecifre.ro/indicatori/firme-infiintate-judete-ro/mehedinti,2026-09-01
Firme înființate pe județe,2023-03-01,97.0000,Număr,RO-MH,ONRC,https://www.onrc.ro,https://ecifre.ro/indicatori/firme-infiintate-judete-ro/mehedinti,2026-09-01
Firme înființate pe județe,2023-04-01,65.0000,Număr,RO-MH,ONRC,https://www.onrc.ro,https://ecifre.ro/indicatori/firme-infiintate-judete-ro/mehedinti,2026-09-01
Firme înființate pe județe,2023-05-01,111.0000,Număr,RO-MH,ONRC,https://www.onrc.ro,https://ecifre.ro/indicatori/firme-infiintate-judete-ro/mehedinti,2026-09-01
Firme înființate pe județe,2023-06-01,81.0000,Număr,RO-MH,ONRC,https://www.onrc.ro,https://ecifre.ro/indicatori/firme-infiintate-judete-ro/mehedinti,2026-09-01
Firme înființate pe județe,2023-07-01,65.0000,Număr,RO-MH,ONRC,https://www.onrc.ro,https://ecifre.ro/indicatori/firme-infiintate-judete-ro/mehedinti,2026-09-01
Firme înființate pe județe,2023-08-01,73.0000,Număr,RO-MH,ONRC,https://www.onrc.ro,https://ecifre.ro/indicatori/firme-infiintate-judete-ro/mehedinti,2026-09-01
Firme înființate pe județe,2023-09-01,83.0000,Număr,RO-MH,ONRC,https://www.onrc.ro,https://ecifre.ro/indicatori/firme-infiintate-judete-ro/mehedinti,2026-09-01
Firme înființate pe județe,2023-10-01,80.0000,Număr,RO-MH,ONRC,https://www.onrc.ro,https://ecifre.ro/indicatori/firme-infiintate-judete-ro/mehedinti,2026-09-01
Firme înființate pe județe,2023-11-01,73.0000,Număr,RO-MH,ONRC,https://www.onrc.ro,https://ecifre.ro/indicatori/firme-infiintate-judete-ro/mehedinti,2026-09-01
Firme înființate pe județe,2023-12-01,57.0000,Număr,RO-MH,ONRC,https://www.onrc.ro,https://ecifre.ro/indicatori/firme-infiintate-judete-ro/mehedinti,2026-09-01
Firme înființate pe județe,2024-02-01,101.0000,Număr,RO-MH,ONRC,https://www.onrc.ro,https://ecifre.ro/indicatori/firme-infiintate-judete-ro/mehedinti,2026-09-01
Firme înființate pe județe,2024-03-01,108.0000,Număr,RO-MH,ONRC,https://www.onrc.ro,https://ecifre.ro/indicatori/firme-infiintate-judete-ro/mehedinti,2026-09-01
Firme înființate pe județe,2024-04-01,76.0000,Număr,RO-MH,ONRC,https://www.onrc.ro,https://ecifre.ro/indicatori/firme-infiintate-judete-ro/mehedinti,2026-09-01
Firme înființate pe județe,2024-05-01,61.0000,Număr,RO-MH,ONRC,https://www.onrc.ro,https://ecifre.ro/indicatori/firme-infiintate-judete-ro/mehedinti,2026-09-01
Firme înființate pe județe,2024-06-01,66.0000,Număr,RO-MH,ONRC,https://www.onrc.ro,https://ecifre.ro/indicatori/firme-infiintate-judete-ro/mehedinti,2026-09-01
Firme înființate pe județe,2024-07-01,58.0000,Număr,RO-MH,ONRC,https://www.onrc.ro,https://ecifre.ro/indicatori/firme-infiintate-judete-ro/mehedinti,2026-09-01
Firme înființate pe județe,2024-08-01,34.0000,Număr,RO-MH,ONRC,https://www.onrc.ro,https://ecifre.ro/indicatori/firme-infiintate-judete-ro/mehedinti,2026-09-01
Firme înființate pe județe,2024-09-01,69.0000,Număr,RO-MH,ONRC,https://www.onrc.ro,https://ecifre.ro/indicatori/firme-infiintate-judete-ro/mehedinti,2026-09-01
Firme înființate pe județe,2024-10-01,90.0000,Număr,RO-MH,ONRC,https://www.onrc.ro,https://ecifre.ro/indicatori/firme-infiintate-judete-ro/mehedinti,2026-09-01
Firme înființate pe județe,2024-11-01,92.0000,Număr,RO-MH,ONRC,https://www.onrc.ro,https://ecifre.ro/indicatori/firme-infiintate-judete-ro/mehedinti,2026-09-01
Firme înființate pe județe,2024-12-01,38.0000,Număr,RO-MH,ONRC,https://www.onrc.ro,https://ecifre.ro/indicatori/firme-infiintate-judete-ro/mehedinti,2026-09-01
Firme înființate pe județe,2025-01-01,56.0000,Număr,RO-MH,ONRC,https://www.onrc.ro,https://ecifre.ro/indicatori/firme-infiintate-judete-ro/mehedinti,2026-09-01
Firme înființate pe județe,2025-02-01,67.0000,Număr,RO-MH,ONRC,https://www.onrc.ro,https://ecifre.ro/indicatori/firme-infiintate-judete-ro/mehedinti,2026-09-01
Firme înființate pe județe,2025-03-01,74.0000,Număr,RO-MH,ONRC,https://www.onrc.ro,https://ecifre.ro/indicatori/firme-infiintate-judete-ro/mehedinti,2026-09-01
Firme înființate pe județe,2025-04-01,66.0000,Număr,RO-MH,ONRC,https://www.onrc.ro,https://ecifre.ro/indicatori/firme-infiintate-judete-ro/mehedinti,2026-09-01
Firme înființate pe județe,2025-05-01,78.0000,Număr,RO-MH,ONRC,https://www.onrc.ro,https://ecifre.ro/indicatori/firme-infiintate-judete-ro/mehedinti,2026-09-01
Firme înființate pe județe,2025-06-01,115.0000,Număr,RO-MH,ONRC,https://www.onrc.ro,https://ecifre.ro/indicatori/firme-infiintate-judete-ro/mehedinti,2026-09-01
Firme înființate pe județe,2025-07-01,113.0000,Număr,RO-MH,ONRC,https://www.onrc.ro,https://ecifre.ro/indicatori/firme-infiintate-judete-ro/mehedinti,2026-09-01
Firme înființate pe județe,2025-08-01,86.0000,Număr,RO-MH,ONRC,https://www.onrc.ro,https://ecifre.ro/indicatori/firme-infiintate-judete-ro/mehedinti,2026-09-01
Firme înființate pe județe,2025-09-01,112.0000,Număr,RO-MH,ONRC,https://www.onrc.ro,https://ecifre.ro/indicatori/firme-infiintate-judete-ro/mehedinti,2026-09-01
Firme înființate pe județe,2025-10-01,135.0000,Număr,RO-MH,ONRC,https://www.onrc.ro,https://ecifre.ro/indicatori/firme-infiintate-judete-ro/mehedinti,2026-09-01
Firme înființate pe județe,2025-11-01,73.0000,Număr,RO-MH,ONRC,https://www.onrc.ro,https://ecifre.ro/indicatori/firme-infiintate-judete-ro/mehedinti,2026-09-01
Firme înființate pe județe,2025-12-01,82.0000,Număr,RO-MH,ONRC,https://www.onrc.ro,https://ecifre.ro/indicatori/firme-infiintate-judete-ro/mehedinti,2026-09-01
Firme înființate pe județe,2026-01-01,66.0000,Număr,RO-MH,ONRC,https://www.onrc.ro,https://ecifre.ro/indicatori/firme-infiintate-judete-ro/mehedinti,2026-09-01
Firme înființate pe județe,2026-02-01,65.0000,Număr,RO-MH,ONRC,https://www.onrc.ro,https://ecifre.ro/indicatori/firme-infiintate-judete-ro/mehedinti,2026-09-01
Firme înființate pe județe,2026-03-01,115.0000,Număr,RO-MH,ONRC,https://www.onrc.ro,https://ecifre.ro/indicatori/firme-infiintate-judete-ro/mehedinti,2026-09-01
Firme înființate pe județe,2026-04-01,70.0000,Număr,RO-MH,ONRC,https://www.onrc.ro,https://ecifre.ro/indicatori/firme-infiintate-judete-ro/mehedinti,2026-09-01
Firme înființate pe județe,2026-05-01,69.0000,Număr,RO-MH,ONRC,https://www.onrc.ro,https://ecifre.ro/indicatori/firme-infiintate-judete-ro/mehedinti,2026-09-01
Firme înființate pe județe,2026-06-01,82.0000,Număr,RO-MH,ONRC,https://www.onrc.ro,https://ecifre.ro/indicatori/firme-infiintate-judete-ro/mehedinti,2026-09-01
Firme înființate pe județe,2026-07-01,60.0000,Număr,RO-MH,ONRC,https://www.onrc.ro,https://ecifre.ro/indicatori/firme-infiintate-judete-ro/mehedinti,2026-09-01
Firme înființate pe județe,2014-01-01,217.0000,Număr,RO-MS,ONRC,https://www.onrc.ro,https://ecifre.ro/indicatori/firme-infiintate-judete-ro/mures,2026-09-01
Firme înființate pe județe,2015-01-01,257.0000,Număr,RO-MS,ONRC,https://www.onrc.ro,https://ecifre.ro/indicatori/firme-infiintate-judete-ro/mures,2026-09-01
Firme înființate pe județe,2016-01-01,199.0000,Număr,RO-MS,ONRC,https://www.onrc.ro,https://ecifre.ro/indicatori/firme-infiintate-judete-ro/mures,2026-09-01
Firme înființate pe județe,2017-01-01,153.0000,Număr,RO-MS,ONRC,https://www.onrc.ro,https://ecifre.ro/indicatori/firme-infiintate-judete-ro/mures,2026-09-01
Firme înființate pe județe,2017-03-01,374.0000,Număr,RO-MS,ONRC,https://www.onrc.ro,https://ecifre.ro/indicatori/firme-infiintate-judete-ro/mures,2026-09-01
Firme înființate pe județe,2017-04-01,293.0000,Număr,RO-MS,ONRC,https://www.onrc.ro,https://ecifre.ro/indicatori/firme-infiintate-judete-ro/mures,2026-09-01
Firme înființate pe județe,2017-05-01,375.0000,Număr,RO-MS,ONRC,https://www.onrc.ro,https://ecifre.ro/indicatori/firme-infiintate-judete-ro/mures,2026-09-01
Firme înființate pe județe,2017-06-01,365.0000,Număr,RO-MS,ONRC,https://www.onrc.ro,https://ecifre.ro/indicatori/firme-infiintate-judete-ro/mures,2026-09-01
Firme înființate pe județe,2017-07-01,353.0000,Număr,RO-MS,ONRC,https://www.onrc.ro,https://ecifre.ro/indicatori/firme-infiintate-judete-ro/mures,2026-09-01
Firme înființate pe județe,2017-08-01,225.0000,Număr,RO-MS,ONRC,https://www.onrc.ro,https://ecifre.ro/indicatori/firme-infiintate-judete-ro/mures,2026-09-01
Firme înființate pe județe,2017-09-01,244.0000,Număr,RO-MS,ONRC,https://www.onrc.ro,https://ecifre.ro/indicatori/firme-infiintate-judete-ro/mures,2026-09-01
Firme înființate pe județe,2017-10-01,249.0000,Număr,RO-MS,ONRC,https://www.onrc.ro,https://ecifre.ro/indicatori/firme-infiintate-judete-ro/mures,2026-09-01
Firme înființate pe județe,2017-11-01,224.0000,Număr,RO-MS,ONRC,https://www.onrc.ro,https://ecifre.ro/indicatori/firme-infiintate-judete-ro/mures,2026-09-01
Firme înființate pe județe,2017-12-01,155.0000,Număr,RO-MS,ONRC,https://www.onrc.ro,https://ecifre.ro/indicatori/firme-infiintate-judete-ro/mures,2026-09-01
Firme înființate pe județe,2018-01-01,257.0000,Număr,RO-MS,ONRC,https://www.onrc.ro,https://ecifre.ro/indicatori/firme-infiintate-judete-ro/mures,2026-09-01
Firme înființate pe județe,2018-02-01,316.0000,Număr,RO-MS,ONRC,https://www.onrc.ro,https://ecifre.ro/indicatori/firme-infiintate-judete-ro/mures,2026-09-01
Firme înființate pe județe,2018-03-01,327.0000,Număr,RO-MS,ONRC,https://www.onrc.ro,https://ecifre.ro/indicatori/firme-infiintate-judete-ro/mures,2026-09-01
Firme înființate pe județe,2018-04-01,242.0000,Număr,RO-MS,ONRC,https://www.onrc.ro,https://ecifre.ro/indicatori/firme-infiintate-judete-ro/mures,2026-09-01
Firme înființate pe județe,2018-05-01,300.0000,Număr,RO-MS,ONRC,https://www.onrc.ro,https://ecifre.ro/indicatori/firme-infiintate-judete-ro/mures,2026-09-01
Firme înființate pe județe,2018-06-01,263.0000,Număr,RO-MS,ONRC,https://www.onrc.ro,https://ecifre.ro/indicatori/firme-infiintate-judete-ro/mures,2026-09-01
Firme înființate pe județe,2018-07-01,241.0000,Număr,RO-MS,ONRC,https://www.onrc.ro,https://ecifre.ro/indicatori/firme-infiintate-judete-ro/mures,2026-09-01
Firme înființate pe județe,2018-08-01,199.0000,Număr,RO-MS,ONRC,https://www.onrc.ro,https://ecifre.ro/indicatori/firme-infiintate-judete-ro/mures,2026-09-01
Firme înființate pe județe,2018-09-01,248.0000,Număr,RO-MS,ONRC,https://www.onrc.ro,https://ecifre.ro/indicatori/firme-infiintate-judete-ro/mures,2026-09-01
Firme înființate pe județe,2018-10-01,297.0000,Număr,RO-MS,ONRC,https://www.onrc.ro,https://ecifre.ro/indicatori/firme-infiintate-judete-ro/mures,2026-09-01
Firme înființate pe județe,2018-11-01,295.0000,Număr,RO-MS,ONRC,https://www.onrc.ro,https://ecifre.ro/indicatori/firme-infiintate-judete-ro/mures,2026-09-01
Firme înființate pe județe,2018-12-01,240.0000,Număr,RO-MS,ONRC,https://www.onrc.ro,https://ecifre.ro/indicatori/firme-infiintate-judete-ro/mures,2026-09-01
Firme înființate pe județe,2019-01-01,465.0000,Număr,RO-MS,ONRC,https://www.onrc.ro,https://ecifre.ro/indicatori/firme-infiintate-judete-ro/mures,2026-09-01
Firme înființate pe județe,2019-02-01,363.0000,Număr,RO-MS,ONRC,https://www.onrc.ro,https://ecifre.ro/indicatori/firme-infiintate-judete-ro/mures,2026-09-01
Firme înființate pe județe,2019-03-01,323.0000,Număr,RO-MS,ONRC,https://www.onrc.ro,https://ecifre.ro/indicatori/firme-infiintate-judete-ro/mures,2026-09-01
Firme înființate pe județe,2019-04-01,345.0000,Număr,RO-MS,ONRC,https://www.onrc.ro,https://ecifre.ro/indicatori/firme-infiintate-judete-ro/mures,2026-09-01
Firme înființate pe județe,2019-05-01,312.0000,Număr,RO-MS,ONRC,https://www.onrc.ro,https://ecifre.ro/indicatori/firme-infiintate-judete-ro/mures,2026-09-01
Firme înființate pe județe,2019-06-01,306.0000,Număr,RO-MS,ONRC,https://www.onrc.ro,https://ecifre.ro/indicatori/firme-infiintate-judete-ro/mures,2026-09-01
Firme înființate pe județe,2019-07-01,297.0000,Număr,RO-MS,ONRC,https://www.onrc.ro,https://ecifre.ro/indicatori/firme-infiintate-judete-ro/mures,2026-09-01
Firme înființate pe județe,2019-08-01,216.0000,Număr,RO-MS,ONRC,https://www.onrc.ro,https://ecifre.ro/indicatori/firme-infiintate-judete-ro/mures,2026-09-01
Firme înființate pe județe,2019-09-01,205.0000,Număr,RO-MS,ONRC,https://www.onrc.ro,https://ecifre.ro/indicatori/firme-infiintate-judete-ro/mures,2026-09-01
Firme înființate pe județe,2019-10-01,247.0000,Număr,RO-MS,ONRC,https://www.onrc.ro,https://ecifre.ro/indicatori/firme-infiintate-judete-ro/mures,2026-09-01
Firme înființate pe județe,2019-11-01,215.0000,Număr,RO-MS,ONRC,https://www.onrc.ro,https://ecifre.ro/indicatori/firme-infiintate-judete-ro/mures,2026-09-01
Firme înființate pe județe,2019-12-01,164.0000,Număr,RO-MS,ONRC,https://www.onrc.ro,https://ecifre.ro/indicatori/firme-infiintate-judete-ro/mures,2026-09-01
Firme înființate pe județe,2020-01-01,262.0000,Număr,RO-MS,ONRC,https://www.onrc.ro,https://ecifre.ro/indicatori/firme-infiintate-judete-ro/mures,2026-09-01
Firme înființate pe județe,2020-02-01,320.0000,Număr,RO-MS,ONRC,https://www.onrc.ro,https://ecifre.ro/indicatori/firme-infiintate-judete-ro/mures,2026-09-01
Firme înființate pe județe,2020-03-01,143.0000,Număr,RO-MS,ONRC,https://www.onrc.ro,https://ecifre.ro/indicatori/firme-infiintate-judete-ro/mures,2026-09-01
Firme înființate pe județe,2020-04-01,68.0000,Număr,RO-MS,ONRC,https://www.onrc.ro,https://ecifre.ro/indicatori/firme-infiintate-judete-ro/mures,2026-09-01
Firme înființate pe județe,2020-05-01,200.0000,Număr,RO-MS,ONRC,https://www.onrc.ro,https://ecifre.ro/indicatori/firme-infiintate-judete-ro/mures,2026-09-01
Firme înființate pe județe,2020-06-01,352.0000,Număr,RO-MS,ONRC,https://www.onrc.ro,https://ecifre.ro/indicatori/firme-infiintate-judete-ro/mures,2026-09-01
Firme înființate pe județe,2020-07-01,276.0000,Număr,RO-MS,ONRC,https://www.onrc.ro,https://ecifre.ro/indicatori/firme-infiintate-judete-ro/mures,2026-09-01
Firme înființate pe județe,2020-08-01,219.0000,Număr,RO-MS,ONRC,https://www.onrc.ro,https://ecifre.ro/indicatori/firme-infiintate-judete-ro/mures,2026-09-01
Firme înființate pe județe,2020-09-01,266.0000,Număr,RO-MS,ONRC,https://www.onrc.ro,https://ecifre.ro/indicatori/firme-infiintate-judete-ro/mures,2026-09-01
Firme înființate pe județe,2020-10-01,281.0000,Număr,RO-MS,ONRC,https://www.onrc.ro,https://ecifre.ro/indicatori/firme-infiintate-judete-ro/mures,2026-09-01
Firme înființate pe județe,2020-11-01,191.0000,Număr,RO-MS,ONRC,https://www.onrc.ro,https://ecifre.ro/indicatori/firme-infiintate-judete-ro/mures,2026-09-01
Firme înființate pe județe,2020-12-01,160.0000,Număr,RO-MS,ONRC,https://www.onrc.ro,https://ecifre.ro/indicatori/firme-infiintate-judete-ro/mures,2026-09-01
Firme înființate pe județe,2021-02-01,317.0000,Număr,RO-MS,ONRC,https://www.onrc.ro,https://ecifre.ro/indicatori/firme-infiintate-judete-ro/mures,2026-09-01
Firme înființate pe județe,2021-03-01,350.0000,Număr,RO-MS,ONRC,https://www.onrc.ro,https://ecifre.ro/indicatori/firme-infiintate-judete-ro/mures,2026-09-01
Firme înființate pe județe,2021-04-01,293.0000,Număr,RO-MS,ONRC,https://www.onrc.ro,https://ecifre.ro/indicatori/firme-infiintate-judete-ro/mures,2026-09-01
Firme înființate pe județe,2021-05-01,254.0000,Număr,RO-MS,ONRC,https://www.onrc.ro,https://ecifre.ro/indicatori/firme-infiintate-judete-ro/mures,2026-09-01
Firme înființate pe județe,2021-06-01,302.0000,Număr,RO-MS,ONRC,https://www.onrc.ro,https://ecifre.ro/indicatori/firme-infiintate-judete-ro/mures,2026-09-01
Firme înființate pe județe,2021-07-01,268.0000,Număr,RO-MS,ONRC,https://www.onrc.ro,https://ecifre.ro/indicatori/firme-infiintate-judete-ro/mures,2026-09-01
Firme înființate pe județe,2021-08-01,320.0000,Număr,RO-MS,ONRC,https://www.onrc.ro,https://ecifre.ro/indicatori/firme-infiintate-judete-ro/mures,2026-09-01
Firme înființate pe județe,2021-09-01,275.0000,Număr,RO-MS,ONRC,https://www.onrc.ro,https://ecifre.ro/indicatori/firme-infiintate-judete-ro/mures,2026-09-01
Firme înființate pe județe,2021-10-01,249.0000,Număr,RO-MS,ONRC,https://www.onrc.ro,https://ecifre.ro/indicatori/firme-infiintate-judete-ro/mures,2026-09-01
Firme înființate pe județe,2021-11-01,218.0000,Număr,RO-MS,ONRC,https://www.onrc.ro,https://ecifre.ro/indicatori/firme-infiintate-judete-ro/mures,2026-09-01
Firme înființate pe județe,2021-12-01,158.0000,Număr,RO-MS,ONRC,https://www.onrc.ro,https://ecifre.ro/indicatori/firme-infiintate-judete-ro/mures,2026-09-01
Firme înființate pe județe,2022-02-01,294.0000,Număr,RO-MS,ONRC,https://www.onrc.ro,https://ecifre.ro/indicatori/firme-infiintate-judete-ro/mures,2026-09-01
Firme înființate pe județe,2022-03-01,324.0000,Număr,RO-MS,ONRC,https://www.onrc.ro,https://ecifre.ro/indicatori/firme-infiintate-judete-ro/mures,2026-09-01
Firme înființate pe județe,2022-04-01,238.0000,Număr,RO-MS,ONRC,https://www.onrc.ro,https://ecifre.ro/indicatori/firme-infiintate-judete-ro/mures,2026-09-01
Firme înființate pe județe,2022-05-01,350.0000,Număr,RO-MS,ONRC,https://www.onrc.ro,https://ecifre.ro/indicatori/firme-infiintate-judete-ro/mures,2026-09-01
Firme înființate pe județe,2022-07-01,303.0000,Număr,RO-MS,ONRC,https://www.onrc.ro,https://ecifre.ro/indicatori/firme-infiintate-judete-ro/mures,2026-09-01
Firme înființate pe județe,2022-08-01,375.0000,Număr,RO-MS,ONRC,https://www.onrc.ro,https://ecifre.ro/indicatori/firme-infiintate-judete-ro/mures,2026-09-01
Firme înființate pe județe,2022-09-01,342.0000,Număr,RO-MS,ONRC,https://www.onrc.ro,https://ecifre.ro/indicatori/firme-infiintate-judete-ro/mures,2026-09-01
Firme înființate pe județe,2022-10-01,306.0000,Număr,RO-MS,ONRC,https://www.onrc.ro,https://ecifre.ro/indicatori/firme-infiintate-judete-ro/mures,2026-09-01
Firme înființate pe județe,2022-11-01,292.0000,Număr,RO-MS,ONRC,https://www.onrc.ro,https://ecifre.ro/indicatori/firme-infiintate-judete-ro/mures,2026-09-01
Firme înființate pe județe,2022-12-01,195.0000,Număr,RO-MS,ONRC,https://www.onrc.ro,https://ecifre.ro/indicatori/firme-infiintate-judete-ro/mures,2026-09-01
Firme înființate pe județe,2023-02-01,333.0000,Număr,RO-MS,ONRC,https://www.onrc.ro,https://ecifre.ro/indicatori/firme-infiintate-judete-ro/mures,2026-09-01
Firme înființate pe județe,2023-03-01,358.0000,Număr,RO-MS,ONRC,https://www.onrc.ro,https://ecifre.ro/indicatori/firme-infiintate-judete-ro/mures,2026-09-01
Firme înființate pe județe,2023-04-01,269.0000,Număr,RO-MS,ONRC,https://www.onrc.ro,https://ecifre.ro/indicatori/firme-infiintate-judete-ro/mures,2026-09-01
Firme înființate pe județe,2023-05-01,303.0000,Număr,RO-MS,ONRC,https://www.onrc.ro,https://ecifre.ro/indicatori/firme-infiintate-judete-ro/mures,2026-09-01
Firme înființate pe județe,2023-06-01,288.0000,Număr,RO-MS,ONRC,https://www.onrc.ro,https://ecifre.ro/indicatori/firme-infiintate-judete-ro/mures,2026-09-01
Firme înființate pe județe,2023-07-01,227.0000,Număr,RO-MS,ONRC,https://www.onrc.ro,https://ecifre.ro/indicatori/firme-infiintate-judete-ro/mures,2026-09-01
Firme înființate pe județe,2023-08-01,249.0000,Număr,RO-MS,ONRC,https://www.onrc.ro,https://ecifre.ro/indicatori/firme-infiintate-judete-ro/mures,2026-09-01
Firme înființate pe județe,2023-09-01,332.0000,Număr,RO-MS,ONRC,https://www.onrc.ro,https://ecifre.ro/indicatori/firme-infiintate-judete-ro/mures,2026-09-01
Firme înființate pe județe,2023-10-01,291.0000,Număr,RO-MS,ONRC,https://www.onrc.ro,https://ecifre.ro/indicatori/firme-infiintate-judete-ro/mures,2026-09-01
Firme înființate pe județe,2023-11-01,260.0000,Număr,RO-MS,ONRC,https://www.onrc.ro,https://ecifre.ro/indicatori/firme-infiintate-judete-ro/mures,2026-09-01
Firme înființate pe județe,2023-12-01,174.0000,Număr,RO-MS,ONRC,https://www.onrc.ro,https://ecifre.ro/indicatori/firme-infiintate-judete-ro/mures,2026-09-01
Firme înființate pe județe,2024-02-01,305.0000,Număr,RO-MS,ONRC,https://www.onrc.ro,https://ecifre.ro/indicatori/firme-infiintate-judete-ro/mures,2026-09-01
Firme înființate pe județe,2024-03-01,238.0000,Număr,RO-MS,ONRC,https://www.onrc.ro,https://ecifre.ro/indicatori/firme-infiintate-judete-ro/mures,2026-09-01
Firme înființate pe județe,2024-04-01,271.0000,Număr,RO-MS,ONRC,https://www.onrc.ro,https://ecifre.ro/indicatori/firme-infiintate-judete-ro/mures,2026-09-01
Firme înființate pe județe,2024-05-01,203.0000,Număr,RO-MS,ONRC,https://www.onrc.ro,https://ecifre.ro/indicatori/firme-infiintate-judete-ro/mures,2026-09-01
Firme înființate pe județe,2024-06-01,190.0000,Număr,RO-MS,ONRC,https://www.onrc.ro,https://ecifre.ro/indicatori/firme-infiintate-judete-ro/mures,2026-09-01
Firme înființate pe județe,2024-07-01,141.0000,Număr,RO-MS,ONRC,https://www.onrc.ro,https://ecifre.ro/indicatori/firme-infiintate-judete-ro/mures,2026-09-01
Firme înființate pe județe,2024-08-01,121.0000,Număr,RO-MS,ONRC,https://www.onrc.ro,https://ecifre.ro/indicatori/firme-infiintate-judete-ro/mures,2026-09-01
Firme înființate pe județe,2024-09-01,190.0000,Număr,RO-MS,ONRC,https://www.onrc.ro,https://ecifre.ro/indicatori/firme-infiintate-judete-ro/mures,2026-09-01
Firme înființate pe județe,2024-10-01,446.0000,Număr,RO-MS,ONRC,https://www.onrc.ro,https://ecifre.ro/indicatori/firme-infiintate-judete-ro/mures,2026-09-01
Firme înființate pe județe,2024-11-01,221.0000,Număr,RO-MS,ONRC,https://www.onrc.ro,https://ecifre.ro/indicatori/firme-infiintate-judete-ro/mures,2026-09-01
Firme înființate pe județe,2024-12-01,160.0000,Număr,RO-MS,ONRC,https://www.onrc.ro,https://ecifre.ro/indicatori/firme-infiintate-judete-ro/mures,2026-09-01
Firme înființate pe județe,2025-01-01,209.0000,Număr,RO-MS,ONRC,https://www.onrc.ro,https://ecifre.ro/indicatori/firme-infiintate-judete-ro/mures,2026-09-01
Firme înființate pe județe,2025-02-01,302.0000,Număr,RO-MS,ONRC,https://www.onrc.ro,https://ecifre.ro/indicatori/firme-infiintate-judete-ro/mures,2026-09-01
Firme înființate pe județe,2025-03-01,280.0000,Număr,RO-MS,ONRC,https://www.onrc.ro,https://ecifre.ro/indicatori/firme-infiintate-judete-ro/mures,2026-09-01
Firme înființate pe județe,2025-04-01,247.0000,Număr,RO-MS,ONRC,https://www.onrc.ro,https://ecifre.ro/indicatori/firme-infiintate-judete-ro/mures,2026-09-01
Firme înființate pe județe,2025-05-01,253.0000,Număr,RO-MS,ONRC,https://www.onrc.ro,https://ecifre.ro/indicatori/firme-infiintate-judete-ro/mures,2026-09-01
Firme înființate pe județe,2025-06-01,211.0000,Număr,RO-MS,ONRC,https://www.onrc.ro,https://ecifre.ro/indicatori/firme-infiintate-judete-ro/mures,2026-09-01
Firme înființate pe județe,2025-07-01,263.0000,Număr,RO-MS,ONRC,https://www.onrc.ro,https://ecifre.ro/indicatori/firme-infiintate-judete-ro/mures,2026-09-01
Firme înființate pe județe,2025-08-01,231.0000,Număr,RO-MS,ONRC,https://www.onrc.ro,https://ecifre.ro/indicatori/firme-infiintate-judete-ro/mures,2026-09-01
Firme înființate pe județe,2025-09-01,297.0000,Număr,RO-MS,ONRC,https://www.onrc.ro,https://ecifre.ro/indicatori/firme-infiintate-judete-ro/mures,2026-09-01
Firme înființate pe județe,2025-10-01,318.0000,Număr,RO-MS,ONRC,https://www.onrc.ro,https://ecifre.ro/indicatori/firme-infiintate-judete-ro/mures,2026-09-01
Firme înființate pe județe,2025-11-01,348.0000,Număr,RO-MS,ONRC,https://www.onrc.ro,https://ecifre.ro/indicatori/firme-infiintate-judete-ro/mures,2026-09-01
Firme înființate pe județe,2025-12-01,212.0000,Număr,RO-MS,ONRC,https://www.onrc.ro,https://ecifre.ro/indicatori/firme-infiintate-judete-ro/mures,2026-09-01
Firme înființate pe județe,2026-01-01,186.0000,Număr,RO-MS,ONRC,https://www.onrc.ro,https://ecifre.ro/indicatori/firme-infiintate-judete-ro/mures,2026-09-01
Firme înființate pe județe,2026-02-01,305.0000,Număr,RO-MS,ONRC,https://www.onrc.ro,https://ecifre.ro/indicatori/firme-infiintate-judete-ro/mures,2026-09-01
Firme înființate pe județe,2026-03-01,278.0000,Număr,RO-MS,ONRC,https://www.onrc.ro,https://ecifre.ro/indicatori/firme-infiintate-judete-ro/mures,2026-09-01
Firme înființate pe județe,2026-04-01,272.0000,Număr,RO-MS,ONRC,https://www.onrc.ro,https://ecifre.ro/indicatori/firme-infiintate-judete-ro/mures,2026-09-01
Firme înființate pe județe,2026-05-01,232.0000,Număr,RO-MS,ONRC,https://www.onrc.ro,https://ecifre.ro/indicatori/firme-infiintate-judete-ro/mures,2026-09-01
Firme înființate pe județe,2026-06-01,207.0000,Număr,RO-MS,ONRC,https://www.onrc.ro,https://ecifre.ro/indicatori/firme-infiintate-judete-ro/mures,2026-09-01
Firme înființate pe județe,2026-07-01,230.0000,Număr,RO-MS,ONRC,https://www.onrc.ro,https://ecifre.ro/indicatori/firme-infiintate-judete-ro/mures,2026-09-01
Firme înființate pe județe,2014-01-01,171.0000,Număr,RO-NT,ONRC,https://www.onrc.ro,https://ecifre.ro/indicatori/firme-infiintate-judete-ro/neamt,2026-09-01
Firme înființate pe județe,2015-01-01,154.0000,Număr,RO-NT,ONRC,https://www.onrc.ro,https://ecifre.ro/indicatori/firme-infiintate-judete-ro/neamt,2026-09-01
Firme înființate pe județe,2016-01-01,172.0000,Număr,RO-NT,ONRC,https://www.onrc.ro,https://ecifre.ro/indicatori/firme-infiintate-judete-ro/neamt,2026-09-01
Firme înființate pe județe,2017-01-01,98.0000,Număr,RO-NT,ONRC,https://www.onrc.ro,https://ecifre.ro/indicatori/firme-infiintate-judete-ro/neamt,2026-09-01
Firme înființate pe județe,2017-03-01,249.0000,Număr,RO-NT,ONRC,https://www.onrc.ro,https://ecifre.ro/indicatori/firme-infiintate-judete-ro/neamt,2026-09-01
Firme înființate pe județe,2017-04-01,166.0000,Număr,RO-NT,ONRC,https://www.onrc.ro,https://ecifre.ro/indicatori/firme-infiintate-judete-ro/neamt,2026-09-01
Firme înființate pe județe,2017-05-01,261.0000,Număr,RO-NT,ONRC,https://www.onrc.ro,https://ecifre.ro/indicatori/firme-infiintate-judete-ro/neamt,2026-09-01
Firme înființate pe județe,2017-06-01,220.0000,Număr,RO-NT,ONRC,https://www.onrc.ro,https://ecifre.ro/indicatori/firme-infiintate-judete-ro/neamt,2026-09-01
Firme înființate pe județe,2017-07-01,197.0000,Număr,RO-NT,ONRC,https://www.onrc.ro,https://ecifre.ro/indicatori/firme-infiintate-judete-ro/neamt,2026-09-01
Firme înființate pe județe,2017-08-01,160.0000,Număr,RO-NT,ONRC,https://www.onrc.ro,https://ecifre.ro/indicatori/firme-infiintate-judete-ro/neamt,2026-09-01
Firme înființate pe județe,2017-09-01,124.0000,Număr,RO-NT,ONRC,https://www.onrc.ro,https://ecifre.ro/indicatori/firme-infiintate-judete-ro/neamt,2026-09-01
Firme înființate pe județe,2017-10-01,156.0000,Număr,RO-NT,ONRC,https://www.onrc.ro,https://ecifre.ro/indicatori/firme-infiintate-judete-ro/neamt,2026-09-01
Firme înființate pe județe,2017-11-01,150.0000,Număr,RO-NT,ONRC,https://www.onrc.ro,https://ecifre.ro/indicatori/firme-infiintate-judete-ro/neamt,2026-09-01
Firme înființate pe județe,2017-12-01,101.0000,Număr,RO-NT,ONRC,https://www.onrc.ro,https://ecifre.ro/indicatori/firme-infiintate-judete-ro/neamt,2026-09-01
Firme înființate pe județe,2018-01-01,143.0000,Număr,RO-NT,ONRC,https://www.onrc.ro,https://ecifre.ro/indicatori/firme-infiintate-judete-ro/neamt,2026-09-01
Firme înființate pe județe,2018-02-01,169.0000,Număr,RO-NT,ONRC,https://www.onrc.ro,https://ecifre.ro/indicatori/firme-infiintate-judete-ro/neamt,2026-09-01
Firme înființate pe județe,2018-03-01,197.0000,Număr,RO-NT,ONRC,https://www.onrc.ro,https://ecifre.ro/indicatori/firme-infiintate-judete-ro/neamt,2026-09-01
Firme înființate pe județe,2018-04-01,151.0000,Număr,RO-NT,ONRC,https://www.onrc.ro,https://ecifre.ro/indicatori/firme-infiintate-judete-ro/neamt,2026-09-01
Firme înființate pe județe,2018-05-01,195.0000,Număr,RO-NT,ONRC,https://www.onrc.ro,https://ecifre.ro/indicatori/firme-infiintate-judete-ro/neamt,2026-09-01
Firme înființate pe județe,2018-06-01,150.0000,Număr,RO-NT,ONRC,https://www.onrc.ro,https://ecifre.ro/indicatori/firme-infiintate-judete-ro/neamt,2026-09-01
Firme înființate pe județe,2018-07-01,163.0000,Număr,RO-NT,ONRC,https://www.onrc.ro,https://ecifre.ro/indicatori/firme-infiintate-judete-ro/neamt,2026-09-01
Firme înființate pe județe,2018-08-01,216.0000,Număr,RO-NT,ONRC,https://www.onrc.ro,https://ecifre.ro/indicatori/firme-infiintate-judete-ro/neamt,2026-09-01
Firme înființate pe județe,2018-09-01,143.0000,Număr,RO-NT,ONRC,https://www.onrc.ro,https://ecifre.ro/indicatori/firme-infiintate-judete-ro/neamt,2026-09-01
Firme înființate pe județe,2018-10-01,205.0000,Număr,RO-NT,ONRC,https://www.onrc.ro,https://ecifre.ro/indicatori/firme-infiintate-judete-ro/neamt,2026-09-01
Firme înființate pe județe,2018-11-01,167.0000,Număr,RO-NT,ONRC,https://www.onrc.ro,https://ecifre.ro/indicatori/firme-infiintate-judete-ro/neamt,2026-09-01
Firme înființate pe județe,2018-12-01,166.0000,Număr,RO-NT,ONRC,https://www.onrc.ro,https://ecifre.ro/indicatori/firme-infiintate-judete-ro/neamt,2026-09-01
Firme înființate pe județe,2019-01-01,267.0000,Număr,RO-NT,ONRC,https://www.onrc.ro,https://ecifre.ro/indicatori/firme-infiintate-judete-ro/neamt,2026-09-01
Firme înființate pe județe,2019-02-01,212.0000,Număr,RO-NT,ONRC,https://www.onrc.ro,https://ecifre.ro/indicatori/firme-infiintate-judete-ro/neamt,2026-09-01
Firme înființate pe județe,2019-03-01,280.0000,Număr,RO-NT,ONRC,https://www.onrc.ro,https://ecifre.ro/indicatori/firme-infiintate-judete-ro/neamt,2026-09-01
Firme înființate pe județe,2019-04-01,270.0000,Număr,RO-NT,ONRC,https://www.onrc.ro,https://ecifre.ro/indicatori/firme-infiintate-judete-ro/neamt,2026-09-01
Firme înființate pe județe,2019-05-01,222.0000,Număr,RO-NT,ONRC,https://www.onrc.ro,https://ecifre.ro/indicatori/firme-infiintate-judete-ro/neamt,2026-09-01
Firme înființate pe județe,2019-06-01,205.0000,Număr,RO-NT,ONRC,https://www.onrc.ro,https://ecifre.ro/indicatori/firme-infiintate-judete-ro/neamt,2026-09-01
Firme înființate pe județe,2019-07-01,204.0000,Număr,RO-NT,ONRC,https://www.onrc.ro,https://ecifre.ro/indicatori/firme-infiintate-judete-ro/neamt,2026-09-01
Firme înființate pe județe,2019-08-01,143.0000,Număr,RO-NT,ONRC,https://www.onrc.ro,https://ecifre.ro/indicatori/firme-infiintate-judete-ro/neamt,2026-09-01
Firme înființate pe județe,2019-09-01,143.0000,Număr,RO-NT,ONRC,https://www.onrc.ro,https://ecifre.ro/indicatori/firme-infiintate-judete-ro/neamt,2026-09-01
Firme înființate pe județe,2019-10-01,169.0000,Număr,RO-NT,ONRC,https://www.onrc.ro,https://ecifre.ro/indicatori/firme-infiintate-judete-ro/neamt,2026-09-01
Firme înființate pe județe,2019-11-01,142.0000,Număr,RO-NT,ONRC,https://www.onrc.ro,https://ecifre.ro/indicatori/firme-infiintate-judete-ro/neamt,2026-09-01
Firme înființate pe județe,2019-12-01,116.0000,Număr,RO-NT,ONRC,https://www.onrc.ro,https://ecifre.ro/indicatori/firme-infiintate-judete-ro/neamt,2026-09-01
Firme înființate pe județe,2020-01-01,185.0000,Număr,RO-NT,ONRC,https://www.onrc.ro,https://ecifre.ro/indicatori/firme-infiintate-judete-ro/neamt,2026-09-01
Firme înființate pe județe,2020-02-01,214.0000,Număr,RO-NT,ONRC,https://www.onrc.ro,https://ecifre.ro/indicatori/firme-infiintate-judete-ro/neamt,2026-09-01
Firme înființate pe județe,2020-03-01,102.0000,Număr,RO-NT,ONRC,https://www.onrc.ro,https://ecifre.ro/indicatori/firme-infiintate-judete-ro/neamt,2026-09-01
Firme înființate pe județe,2020-04-01,40.0000,Număr,RO-NT,ONRC,https://www.onrc.ro,https://ecifre.ro/indicatori/firme-infiintate-judete-ro/neamt,2026-09-01
Firme înființate pe județe,2020-05-01,166.0000,Număr,RO-NT,ONRC,https://www.onrc.ro,https://ecifre.ro/indicatori/firme-infiintate-judete-ro/neamt,2026-09-01
Firme înființate pe județe,2020-06-01,208.0000,Număr,RO-NT,ONRC,https://www.onrc.ro,https://ecifre.ro/indicatori/firme-infiintate-judete-ro/neamt,2026-09-01
Firme înființate pe județe,2020-07-01,165.0000,Număr,RO-NT,ONRC,https://www.onrc.ro,https://ecifre.ro/indicatori/firme-infiintate-judete-ro/neamt,2026-09-01
Firme înființate pe județe,2020-08-01,177.0000,Număr,RO-NT,ONRC,https://www.onrc.ro,https://ecifre.ro/indicatori/firme-infiintate-judete-ro/neamt,2026-09-01
Firme înființate pe județe,2020-09-01,162.0000,Număr,RO-NT,ONRC,https://www.onrc.ro,https://ecifre.ro/indicatori/firme-infiintate-judete-ro/neamt,2026-09-01
Firme înființate pe județe,2020-10-01,169.0000,Număr,RO-NT,ONRC,https://www.onrc.ro,https://ecifre.ro/indicatori/firme-infiintate-judete-ro/neamt,2026-09-01
Firme înființate pe județe,2020-11-01,154.0000,Număr,RO-NT,ONRC,https://www.onrc.ro,https://ecifre.ro/indicatori/firme-infiintate-judete-ro/neamt,2026-09-01
Firme înființate pe județe,2020-12-01,117.0000,Număr,RO-NT,ONRC,https://www.onrc.ro,https://ecifre.ro/indicatori/firme-infiintate-judete-ro/neamt,2026-09-01
Firme înființate pe județe,2021-02-01,223.0000,Număr,RO-NT,ONRC,https://www.onrc.ro,https://ecifre.ro/indicatori/firme-infiintate-judete-ro/neamt,2026-09-01
Firme înființate pe județe,2021-03-01,269.0000,Număr,RO-NT,ONRC,https://www.onrc.ro,https://ecifre.ro/indicatori/firme-infiintate-judete-ro/neamt,2026-09-01
Firme înființate pe județe,2021-04-01,211.0000,Număr,RO-NT,ONRC,https://www.onrc.ro,https://ecifre.ro/indicatori/firme-infiintate-judete-ro/neamt,2026-09-01
Firme înființate pe județe,2021-05-01,190.0000,Număr,RO-NT,ONRC,https://www.onrc.ro,https://ecifre.ro/indicatori/firme-infiintate-judete-ro/neamt,2026-09-01
Firme înființate pe județe,2021-06-01,211.0000,Număr,RO-NT,ONRC,https://www.onrc.ro,https://ecifre.ro/indicatori/firme-infiintate-judete-ro/neamt,2026-09-01
Firme înființate pe județe,2021-07-01,174.0000,Număr,RO-NT,ONRC,https://www.onrc.ro,https://ecifre.ro/indicatori/firme-infiintate-judete-ro/neamt,2026-09-01
Firme înființate pe județe,2021-08-01,206.0000,Număr,RO-NT,ONRC,https://www.onrc.ro,https://ecifre.ro/indicatori/firme-infiintate-judete-ro/neamt,2026-09-01
Firme înființate pe județe,2021-09-01,170.0000,Număr,RO-NT,ONRC,https://www.onrc.ro,https://ecifre.ro/indicatori/firme-infiintate-judete-ro/neamt,2026-09-01
Firme înființate pe județe,2021-10-01,178.0000,Număr,RO-NT,ONRC,https://www.onrc.ro,https://ecifre.ro/indicatori/firme-infiintate-judete-ro/neamt,2026-09-01
Firme înființate pe județe,2021-11-01,132.0000,Număr,RO-NT,ONRC,https://www.onrc.ro,https://ecifre.ro/indicatori/firme-infiintate-judete-ro/neamt,2026-09-01
Firme înființate pe județe,2021-12-01,126.0000,Număr,RO-NT,ONRC,https://www.onrc.ro,https://ecifre.ro/indicatori/firme-infiintate-judete-ro/neamt,2026-09-01
Firme înființate pe județe,2022-02-01,208.0000,Număr,RO-NT,ONRC,https://www.onrc.ro,https://ecifre.ro/indicatori/firme-infiintate-judete-ro/neamt,2026-09-01
Firme înființate pe județe,2022-03-01,207.0000,Număr,RO-NT,ONRC,https://www.onrc.ro,https://ecifre.ro/indicatori/firme-infiintate-judete-ro/neamt,2026-09-01
Firme înființate pe județe,2022-04-01,160.0000,Număr,RO-NT,ONRC,https://www.onrc.ro,https://ecifre.ro/indicatori/firme-infiintate-judete-ro/neamt,2026-09-01
Firme înființate pe județe,2022-05-01,262.0000,Număr,RO-NT,ONRC,https://www.onrc.ro,https://ecifre.ro/indicatori/firme-infiintate-judete-ro/neamt,2026-09-01
Firme înființate pe județe,2022-07-01,171.0000,Număr,RO-NT,ONRC,https://www.onrc.ro,https://ecifre.ro/indicatori/firme-infiintate-judete-ro/neamt,2026-09-01
Firme înființate pe județe,2022-08-01,212.0000,Număr,RO-NT,ONRC,https://www.onrc.ro,https://ecifre.ro/indicatori/firme-infiintate-judete-ro/neamt,2026-09-01
Firme înființate pe județe,2022-09-01,207.0000,Număr,RO-NT,ONRC,https://www.onrc.ro,https://ecifre.ro/indicatori/firme-infiintate-judete-ro/neamt,2026-09-01
Firme înființate pe județe,2022-10-01,142.0000,Număr,RO-NT,ONRC,https://www.onrc.ro,https://ecifre.ro/indicatori/firme-infiintate-judete-ro/neamt,2026-09-01
Firme înființate pe județe,2022-11-01,145.0000,Număr,RO-NT,ONRC,https://www.onrc.ro,https://ecifre.ro/indicatori/firme-infiintate-judete-ro/neamt,2026-09-01
Firme înființate pe județe,2022-12-01,120.0000,Număr,RO-NT,ONRC,https://www.onrc.ro,https://ecifre.ro/indicatori/firme-infiintate-judete-ro/neamt,2026-09-01
Firme înființate pe județe,2023-02-01,181.0000,Număr,RO-NT,ONRC,https://www.onrc.ro,https://ecifre.ro/indicatori/firme-infiintate-judete-ro/neamt,2026-09-01
Firme înființate pe județe,2023-03-01,226.0000,Număr,RO-NT,ONRC,https://www.onrc.ro,https://ecifre.ro/indicatori/firme-infiintate-judete-ro/neamt,2026-09-01
Firme înființate pe județe,2023-04-01,136.0000,Număr,RO-NT,ONRC,https://www.onrc.ro,https://ecifre.ro/indicatori/firme-infiintate-judete-ro/neamt,2026-09-01
Firme înființate pe județe,2023-05-01,186.0000,Număr,RO-NT,ONRC,https://www.onrc.ro,https://ecifre.ro/indicatori/firme-infiintate-judete-ro/neamt,2026-09-01
Firme înființate pe județe,2023-06-01,147.0000,Număr,RO-NT,ONRC,https://www.onrc.ro,https://ecifre.ro/indicatori/firme-infiintate-judete-ro/neamt,2026-09-01
Firme înființate pe județe,2023-07-01,153.0000,Număr,RO-NT,ONRC,https://www.onrc.ro,https://ecifre.ro/indicatori/firme-infiintate-judete-ro/neamt,2026-09-01
Firme înființate pe județe,2023-08-01,169.0000,Număr,RO-NT,ONRC,https://www.onrc.ro,https://ecifre.ro/indicatori/firme-infiintate-judete-ro/neamt,2026-09-01
Firme înființate pe județe,2023-09-01,193.0000,Număr,RO-NT,ONRC,https://www.onrc.ro,https://ecifre.ro/indicatori/firme-infiintate-judete-ro/neamt,2026-09-01
Firme înființate pe județe,2023-10-01,151.0000,Număr,RO-NT,ONRC,https://www.onrc.ro,https://ecifre.ro/indicatori/firme-infiintate-judete-ro/neamt,2026-09-01
Firme înființate pe județe,2023-11-01,181.0000,Număr,RO-NT,ONRC,https://www.onrc.ro,https://ecifre.ro/indicatori/firme-infiintate-judete-ro/neamt,2026-09-01
Firme înființate pe județe,2023-12-01,114.0000,Număr,RO-NT,ONRC,https://www.onrc.ro,https://ecifre.ro/indicatori/firme-infiintate-judete-ro/neamt,2026-09-01
Firme înființate pe județe,2024-02-01,188.0000,Număr,RO-NT,ONRC,https://www.onrc.ro,https://ecifre.ro/indicatori/firme-infiintate-judete-ro/neamt,2026-09-01
Firme înființate pe județe,2024-03-01,181.0000,Număr,RO-NT,ONRC,https://www.onrc.ro,https://ecifre.ro/indicatori/firme-infiintate-judete-ro/neamt,2026-09-01
Firme înființate pe județe,2024-04-01,145.0000,Număr,RO-NT,ONRC,https://www.onrc.ro,https://ecifre.ro/indicatori/firme-infiintate-judete-ro/neamt,2026-09-01
Firme înființate pe județe,2024-05-01,141.0000,Număr,RO-NT,ONRC,https://www.onrc.ro,https://ecifre.ro/indicatori/firme-infiintate-judete-ro/neamt,2026-09-01
Firme înființate pe județe,2024-06-01,105.0000,Număr,RO-NT,ONRC,https://www.onrc.ro,https://ecifre.ro/indicatori/firme-infiintate-judete-ro/neamt,2026-09-01
Firme înființate pe județe,2024-07-01,83.0000,Număr,RO-NT,ONRC,https://www.onrc.ro,https://ecifre.ro/indicatori/firme-infiintate-judete-ro/neamt,2026-09-01
Firme înființate pe județe,2024-08-01,89.0000,Număr,RO-NT,ONRC,https://www.onrc.ro,https://ecifre.ro/indicatori/firme-infiintate-judete-ro/neamt,2026-09-01
Firme înființate pe județe,2024-09-01,140.0000,Număr,RO-NT,ONRC,https://www.onrc.ro,https://ecifre.ro/indicatori/firme-infiintate-judete-ro/neamt,2026-09-01
Firme înființate pe județe,2024-10-01,272.0000,Număr,RO-NT,ONRC,https://www.onrc.ro,https://ecifre.ro/indicatori/firme-infiintate-judete-ro/neamt,2026-09-01
Firme înființate pe județe,2024-11-01,139.0000,Număr,RO-NT,ONRC,https://www.onrc.ro,https://ecifre.ro/indicatori/firme-infiintate-judete-ro/neamt,2026-09-01
Firme înființate pe județe,2024-12-01,90.0000,Număr,RO-NT,ONRC,https://www.onrc.ro,https://ecifre.ro/indicatori/firme-infiintate-judete-ro/neamt,2026-09-01
Firme înființate pe județe,2025-01-01,146.0000,Număr,RO-NT,ONRC,https://www.onrc.ro,https://ecifre.ro/indicatori/firme-infiintate-judete-ro/neamt,2026-09-01
Firme înființate pe județe,2025-02-01,232.0000,Număr,RO-NT,ONRC,https://www.onrc.ro,https://ecifre.ro/indicatori/firme-infiintate-judete-ro/neamt,2026-09-01
Firme înființate pe județe,2025-03-01,201.0000,Număr,RO-NT,ONRC,https://www.onrc.ro,https://ecifre.ro/indicatori/firme-infiintate-judete-ro/neamt,2026-09-01
Firme înființate pe județe,2025-04-01,182.0000,Număr,RO-NT,ONRC,https://www.onrc.ro,https://ecifre.ro/indicatori/firme-infiintate-judete-ro/neamt,2026-09-01
Firme înființate pe județe,2025-05-01,160.0000,Număr,RO-NT,ONRC,https://www.onrc.ro,https://ecifre.ro/indicatori/firme-infiintate-judete-ro/neamt,2026-09-01
Firme înființate pe județe,2025-06-01,113.0000,Număr,RO-NT,ONRC,https://www.onrc.ro,https://ecifre.ro/indicatori/firme-infiintate-judete-ro/neamt,2026-09-01
Firme înființate pe județe,2025-07-01,221.0000,Număr,RO-NT,ONRC,https://www.onrc.ro,https://ecifre.ro/indicatori/firme-infiintate-judete-ro/neamt,2026-09-01
Firme înființate pe județe,2025-08-01,178.0000,Număr,RO-NT,ONRC,https://www.onrc.ro,https://ecifre.ro/indicatori/firme-infiintate-judete-ro/neamt,2026-09-01
Firme înființate pe județe,2025-09-01,182.0000,Număr,RO-NT,ONRC,https://www.onrc.ro,https://ecifre.ro/indicatori/firme-infiintate-judete-ro/neamt,2026-09-01
Firme înființate pe județe,2025-10-01,175.0000,Număr,RO-NT,ONRC,https://www.onrc.ro,https://ecifre.ro/indicatori/firme-infiintate-judete-ro/neamt,2026-09-01
Firme înființate pe județe,2025-11-01,169.0000,Număr,RO-NT,ONRC,https://www.onrc.ro,https://ecifre.ro/indicatori/firme-infiintate-judete-ro/neamt,2026-09-01
Firme înființate pe județe,2025-12-01,127.0000,Număr,RO-NT,ONRC,https://www.onrc.ro,https://ecifre.ro/indicatori/firme-infiintate-judete-ro/neamt,2026-09-01
Firme înființate pe județe,2026-01-01,158.0000,Număr,RO-NT,ONRC,https://www.onrc.ro,https://ecifre.ro/indicatori/firme-infiintate-judete-ro/neamt,2026-09-01
Firme înființate pe județe,2026-02-01,189.0000,Număr,RO-NT,ONRC,https://www.onrc.ro,https://ecifre.ro/indicatori/firme-infiintate-judete-ro/neamt,2026-09-01
Firme înființate pe județe,2026-03-01,174.0000,Număr,RO-NT,ONRC,https://www.onrc.ro,https://ecifre.ro/indicatori/firme-infiintate-judete-ro/neamt,2026-09-01
Firme înființate pe județe,2026-04-01,145.0000,Număr,RO-NT,ONRC,https://www.onrc.ro,https://ecifre.ro/indicatori/firme-infiintate-judete-ro/neamt,2026-09-01
Firme înființate pe județe,2026-05-01,164.0000,Număr,RO-NT,ONRC,https://www.onrc.ro,https://ecifre.ro/indicatori/firme-infiintate-judete-ro/neamt,2026-09-01
Firme înființate pe județe,2026-06-01,145.0000,Număr,RO-NT,ONRC,https://www.onrc.ro,https://ecifre.ro/indicatori/firme-infiintate-judete-ro/neamt,2026-09-01
Firme înființate pe județe,2026-07-01,162.0000,Număr,RO-NT,ONRC,https://www.onrc.ro,https://ecifre.ro/indicatori/firme-infiintate-judete-ro/neamt,2026-09-01
Firme înființate pe județe,2014-01-01,95.0000,Număr,RO-OT,ONRC,https://www.onrc.ro,https://ecifre.ro/indicatori/firme-infiintate-judete-ro/olt,2026-09-01
Firme înființate pe județe,2015-01-01,100.0000,Număr,RO-OT,ONRC,https://www.onrc.ro,https://ecifre.ro/indicatori/firme-infiintate-judete-ro/olt,2026-09-01
Firme înființate pe județe,2016-01-01,88.0000,Număr,RO-OT,ONRC,https://www.onrc.ro,https://ecifre.ro/indicatori/firme-infiintate-judete-ro/olt,2026-09-01
Firme înființate pe județe,2017-01-01,77.0000,Număr,RO-OT,ONRC,https://www.onrc.ro,https://ecifre.ro/indicatori/firme-infiintate-judete-ro/olt,2026-09-01
Firme înființate pe județe,2017-03-01,256.0000,Număr,RO-OT,ONRC,https://www.onrc.ro,https://ecifre.ro/indicatori/firme-infiintate-judete-ro/olt,2026-09-01
Firme înființate pe județe,2017-04-01,250.0000,Număr,RO-OT,ONRC,https://www.onrc.ro,https://ecifre.ro/indicatori/firme-infiintate-judete-ro/olt,2026-09-01
Firme înființate pe județe,2017-05-01,331.0000,Număr,RO-OT,ONRC,https://www.onrc.ro,https://ecifre.ro/indicatori/firme-infiintate-judete-ro/olt,2026-09-01
Firme înființate pe județe,2017-06-01,226.0000,Număr,RO-OT,ONRC,https://www.onrc.ro,https://ecifre.ro/indicatori/firme-infiintate-judete-ro/olt,2026-09-01
Firme înființate pe județe,2017-07-01,202.0000,Număr,RO-OT,ONRC,https://www.onrc.ro,https://ecifre.ro/indicatori/firme-infiintate-judete-ro/olt,2026-09-01
Firme înființate pe județe,2017-08-01,86.0000,Număr,RO-OT,ONRC,https://www.onrc.ro,https://ecifre.ro/indicatori/firme-infiintate-judete-ro/olt,2026-09-01
Firme înființate pe județe,2017-09-01,100.0000,Număr,RO-OT,ONRC,https://www.onrc.ro,https://ecifre.ro/indicatori/firme-infiintate-judete-ro/olt,2026-09-01
Firme înființate pe județe,2017-10-01,103.0000,Număr,RO-OT,ONRC,https://www.onrc.ro,https://ecifre.ro/indicatori/firme-infiintate-judete-ro/olt,2026-09-01
Firme înființate pe județe,2017-11-01,93.0000,Număr,RO-OT,ONRC,https://www.onrc.ro,https://ecifre.ro/indicatori/firme-infiintate-judete-ro/olt,2026-09-01
Firme înființate pe județe,2017-12-01,69.0000,Număr,RO-OT,ONRC,https://www.onrc.ro,https://ecifre.ro/indicatori/firme-infiintate-judete-ro/olt,2026-09-01
Firme înființate pe județe,2018-01-01,123.0000,Număr,RO-OT,ONRC,https://www.onrc.ro,https://ecifre.ro/indicatori/firme-infiintate-judete-ro/olt,2026-09-01
Firme înființate pe județe,2018-02-01,201.0000,Număr,RO-OT,ONRC,https://www.onrc.ro,https://ecifre.ro/indicatori/firme-infiintate-judete-ro/olt,2026-09-01
Firme înființate pe județe,2018-03-01,271.0000,Număr,RO-OT,ONRC,https://www.onrc.ro,https://ecifre.ro/indicatori/firme-infiintate-judete-ro/olt,2026-09-01
Firme înființate pe județe,2018-04-01,208.0000,Număr,RO-OT,ONRC,https://www.onrc.ro,https://ecifre.ro/indicatori/firme-infiintate-judete-ro/olt,2026-09-01
Firme înființate pe județe,2018-05-01,244.0000,Număr,RO-OT,ONRC,https://www.onrc.ro,https://ecifre.ro/indicatori/firme-infiintate-judete-ro/olt,2026-09-01
Firme înființate pe județe,2018-06-01,106.0000,Număr,RO-OT,ONRC,https://www.onrc.ro,https://ecifre.ro/indicatori/firme-infiintate-judete-ro/olt,2026-09-01
Firme înființate pe județe,2018-07-01,141.0000,Număr,RO-OT,ONRC,https://www.onrc.ro,https://ecifre.ro/indicatori/firme-infiintate-judete-ro/olt,2026-09-01
Firme înființate pe județe,2018-08-01,99.0000,Număr,RO-OT,ONRC,https://www.onrc.ro,https://ecifre.ro/indicatori/firme-infiintate-judete-ro/olt,2026-09-01
Firme înființate pe județe,2018-09-01,104.0000,Număr,RO-OT,ONRC,https://www.onrc.ro,https://ecifre.ro/indicatori/firme-infiintate-judete-ro/olt,2026-09-01
Firme înființate pe județe,2018-10-01,137.0000,Număr,RO-OT,ONRC,https://www.onrc.ro,https://ecifre.ro/indicatori/firme-infiintate-judete-ro/olt,2026-09-01
Firme înființate pe județe,2018-11-01,178.0000,Număr,RO-OT,ONRC,https://www.onrc.ro,https://ecifre.ro/indicatori/firme-infiintate-judete-ro/olt,2026-09-01
Firme înființate pe județe,2018-12-01,138.0000,Număr,RO-OT,ONRC,https://www.onrc.ro,https://ecifre.ro/indicatori/firme-infiintate-judete-ro/olt,2026-09-01
Firme înființate pe județe,2019-01-01,242.0000,Număr,RO-OT,ONRC,https://www.onrc.ro,https://ecifre.ro/indicatori/firme-infiintate-judete-ro/olt,2026-09-01
Firme înființate pe județe,2019-02-01,161.0000,Număr,RO-OT,ONRC,https://www.onrc.ro,https://ecifre.ro/indicatori/firme-infiintate-judete-ro/olt,2026-09-01
Firme înființate pe județe,2019-03-01,246.0000,Număr,RO-OT,ONRC,https://www.onrc.ro,https://ecifre.ro/indicatori/firme-infiintate-judete-ro/olt,2026-09-01
Firme înființate pe județe,2019-04-01,293.0000,Număr,RO-OT,ONRC,https://www.onrc.ro,https://ecifre.ro/indicatori/firme-infiintate-judete-ro/olt,2026-09-01
Firme înființate pe județe,2019-05-01,180.0000,Număr,RO-OT,ONRC,https://www.onrc.ro,https://ecifre.ro/indicatori/firme-infiintate-judete-ro/olt,2026-09-01
Firme înființate pe județe,2019-06-01,128.0000,Număr,RO-OT,ONRC,https://www.onrc.ro,https://ecifre.ro/indicatori/firme-infiintate-judete-ro/olt,2026-09-01
Firme înființate pe județe,2019-07-01,114.0000,Număr,RO-OT,ONRC,https://www.onrc.ro,https://ecifre.ro/indicatori/firme-infiintate-judete-ro/olt,2026-09-01
Firme înființate pe județe,2019-08-01,122.0000,Număr,RO-OT,ONRC,https://www.onrc.ro,https://ecifre.ro/indicatori/firme-infiintate-judete-ro/olt,2026-09-01
Firme înființate pe județe,2019-09-01,107.0000,Număr,RO-OT,ONRC,https://www.onrc.ro,https://ecifre.ro/indicatori/firme-infiintate-judete-ro/olt,2026-09-01
Firme înființate pe județe,2019-10-01,109.0000,Număr,RO-OT,ONRC,https://www.onrc.ro,https://ecifre.ro/indicatori/firme-infiintate-judete-ro/olt,2026-09-01
Firme înființate pe județe,2019-11-01,90.0000,Număr,RO-OT,ONRC,https://www.onrc.ro,https://ecifre.ro/indicatori/firme-infiintate-judete-ro/olt,2026-09-01
Firme înființate pe județe,2019-12-01,81.0000,Număr,RO-OT,ONRC,https://www.onrc.ro,https://ecifre.ro/indicatori/firme-infiintate-judete-ro/olt,2026-09-01
Firme înființate pe județe,2020-01-01,137.0000,Număr,RO-OT,ONRC,https://www.onrc.ro,https://ecifre.ro/indicatori/firme-infiintate-judete-ro/olt,2026-09-01
Firme înființate pe județe,2020-02-01,141.0000,Număr,RO-OT,ONRC,https://www.onrc.ro,https://ecifre.ro/indicatori/firme-infiintate-judete-ro/olt,2026-09-01
Firme înființate pe județe,2020-03-01,68.0000,Număr,RO-OT,ONRC,https://www.onrc.ro,https://ecifre.ro/indicatori/firme-infiintate-judete-ro/olt,2026-09-01
Firme înființate pe județe,2020-04-01,21.0000,Număr,RO-OT,ONRC,https://www.onrc.ro,https://ecifre.ro/indicatori/firme-infiintate-judete-ro/olt,2026-09-01
Firme înființate pe județe,2020-05-01,106.0000,Număr,RO-OT,ONRC,https://www.onrc.ro,https://ecifre.ro/indicatori/firme-infiintate-judete-ro/olt,2026-09-01
Firme înființate pe județe,2020-06-01,118.0000,Număr,RO-OT,ONRC,https://www.onrc.ro,https://ecifre.ro/indicatori/firme-infiintate-judete-ro/olt,2026-09-01
Firme înființate pe județe,2020-07-01,163.0000,Număr,RO-OT,ONRC,https://www.onrc.ro,https://ecifre.ro/indicatori/firme-infiintate-judete-ro/olt,2026-09-01
Firme înființate pe județe,2020-08-01,114.0000,Număr,RO-OT,ONRC,https://www.onrc.ro,https://ecifre.ro/indicatori/firme-infiintate-judete-ro/olt,2026-09-01
Firme înființate pe județe,2020-09-01,137.0000,Număr,RO-OT,ONRC,https://www.onrc.ro,https://ecifre.ro/indicatori/firme-infiintate-judete-ro/olt,2026-09-01
Firme înființate pe județe,2020-10-01,135.0000,Număr,RO-OT,ONRC,https://www.onrc.ro,https://ecifre.ro/indicatori/firme-infiintate-judete-ro/olt,2026-09-01
Firme înființate pe județe,2020-11-01,100.0000,Număr,RO-OT,ONRC,https://www.onrc.ro,https://ecifre.ro/indicatori/firme-infiintate-judete-ro/olt,2026-09-01
Firme înființate pe județe,2020-12-01,95.0000,Număr,RO-OT,ONRC,https://www.onrc.ro,https://ecifre.ro/indicatori/firme-infiintate-judete-ro/olt,2026-09-01
Firme înființate pe județe,2021-02-01,170.0000,Număr,RO-OT,ONRC,https://www.onrc.ro,https://ecifre.ro/indicatori/firme-infiintate-judete-ro/olt,2026-09-01
Firme înființate pe județe,2021-03-01,284.0000,Număr,RO-OT,ONRC,https://www.onrc.ro,https://ecifre.ro/indicatori/firme-infiintate-judete-ro/olt,2026-09-01
Firme înființate pe județe,2021-04-01,278.0000,Număr,RO-OT,ONRC,https://www.onrc.ro,https://ecifre.ro/indicatori/firme-infiintate-judete-ro/olt,2026-09-01
Firme înființate pe județe,2021-05-01,197.0000,Număr,RO-OT,ONRC,https://www.onrc.ro,https://ecifre.ro/indicatori/firme-infiintate-judete-ro/olt,2026-09-01
Firme înființate pe județe,2021-06-01,165.0000,Număr,RO-OT,ONRC,https://www.onrc.ro,https://ecifre.ro/indicatori/firme-infiintate-judete-ro/olt,2026-09-01
Firme înființate pe județe,2021-07-01,145.0000,Număr,RO-OT,ONRC,https://www.onrc.ro,https://ecifre.ro/indicatori/firme-infiintate-judete-ro/olt,2026-09-01
Firme înființate pe județe,2021-08-01,131.0000,Număr,RO-OT,ONRC,https://www.onrc.ro,https://ecifre.ro/indicatori/firme-infiintate-judete-ro/olt,2026-09-01
Firme înființate pe județe,2021-09-01,158.0000,Număr,RO-OT,ONRC,https://www.onrc.ro,https://ecifre.ro/indicatori/firme-infiintate-judete-ro/olt,2026-09-01
Firme înființate pe județe,2021-10-01,146.0000,Număr,RO-OT,ONRC,https://www.onrc.ro,https://ecifre.ro/indicatori/firme-infiintate-judete-ro/olt,2026-09-01
Firme înființate pe județe,2021-11-01,107.0000,Număr,RO-OT,ONRC,https://www.onrc.ro,https://ecifre.ro/indicatori/firme-infiintate-judete-ro/olt,2026-09-01
Firme înființate pe județe,2021-12-01,93.0000,Număr,RO-OT,ONRC,https://www.onrc.ro,https://ecifre.ro/indicatori/firme-infiintate-judete-ro/olt,2026-09-01
Firme înființate pe județe,2022-02-01,151.0000,Număr,RO-OT,ONRC,https://www.onrc.ro,https://ecifre.ro/indicatori/firme-infiintate-judete-ro/olt,2026-09-01
Firme înființate pe județe,2022-03-01,138.0000,Număr,RO-OT,ONRC,https://www.onrc.ro,https://ecifre.ro/indicatori/firme-infiintate-judete-ro/olt,2026-09-01
Firme înființate pe județe,2022-04-01,125.0000,Număr,RO-OT,ONRC,https://www.onrc.ro,https://ecifre.ro/indicatori/firme-infiintate-judete-ro/olt,2026-09-01
Firme înființate pe județe,2022-05-01,184.0000,Număr,RO-OT,ONRC,https://www.onrc.ro,https://ecifre.ro/indicatori/firme-infiintate-judete-ro/olt,2026-09-01
Firme înființate pe județe,2022-07-01,162.0000,Număr,RO-OT,ONRC,https://www.onrc.ro,https://ecifre.ro/indicatori/firme-infiintate-judete-ro/olt,2026-09-01
Firme înființate pe județe,2022-08-01,141.0000,Număr,RO-OT,ONRC,https://www.onrc.ro,https://ecifre.ro/indicatori/firme-infiintate-judete-ro/olt,2026-09-01
Firme înființate pe județe,2022-09-01,152.0000,Număr,RO-OT,ONRC,https://www.onrc.ro,https://ecifre.ro/indicatori/firme-infiintate-judete-ro/olt,2026-09-01
Firme înființate pe județe,2022-10-01,145.0000,Număr,RO-OT,ONRC,https://www.onrc.ro,https://ecifre.ro/indicatori/firme-infiintate-judete-ro/olt,2026-09-01
Firme înființate pe județe,2022-11-01,113.0000,Număr,RO-OT,ONRC,https://www.onrc.ro,https://ecifre.ro/indicatori/firme-infiintate-judete-ro/olt,2026-09-01
Firme înființate pe județe,2022-12-01,184.0000,Număr,RO-OT,ONRC,https://www.onrc.ro,https://ecifre.ro/indicatori/firme-infiintate-judete-ro/olt,2026-09-01
Firme înființate pe județe,2023-02-01,148.0000,Număr,RO-OT,ONRC,https://www.onrc.ro,https://ecifre.ro/indicatori/firme-infiintate-judete-ro/olt,2026-09-01
Firme înființate pe județe,2023-03-01,200.0000,Număr,RO-OT,ONRC,https://www.onrc.ro,https://ecifre.ro/indicatori/firme-infiintate-judete-ro/olt,2026-09-01
Firme înființate pe județe,2023-04-01,139.0000,Număr,RO-OT,ONRC,https://www.onrc.ro,https://ecifre.ro/indicatori/firme-infiintate-judete-ro/olt,2026-09-01
Firme înființate pe județe,2023-05-01,162.0000,Număr,RO-OT,ONRC,https://www.onrc.ro,https://ecifre.ro/indicatori/firme-infiintate-judete-ro/olt,2026-09-01
Firme înființate pe județe,2023-06-01,89.0000,Număr,RO-OT,ONRC,https://www.onrc.ro,https://ecifre.ro/indicatori/firme-infiintate-judete-ro/olt,2026-09-01
Firme înființate pe județe,2023-07-01,102.0000,Număr,RO-OT,ONRC,https://www.onrc.ro,https://ecifre.ro/indicatori/firme-infiintate-judete-ro/olt,2026-09-01
Firme înființate pe județe,2023-08-01,131.0000,Număr,RO-OT,ONRC,https://www.onrc.ro,https://ecifre.ro/indicatori/firme-infiintate-judete-ro/olt,2026-09-01
Firme înființate pe județe,2023-09-01,127.0000,Număr,RO-OT,ONRC,https://www.onrc.ro,https://ecifre.ro/indicatori/firme-infiintate-judete-ro/olt,2026-09-01
Firme înființate pe județe,2023-10-01,134.0000,Număr,RO-OT,ONRC,https://www.onrc.ro,https://ecifre.ro/indicatori/firme-infiintate-judete-ro/olt,2026-09-01
Firme înființate pe județe,2023-11-01,250.0000,Număr,RO-OT,ONRC,https://www.onrc.ro,https://ecifre.ro/indicatori/firme-infiintate-judete-ro/olt,2026-09-01
Firme înființate pe județe,2023-12-01,184.0000,Număr,RO-OT,ONRC,https://www.onrc.ro,https://ecifre.ro/indicatori/firme-infiintate-judete-ro/olt,2026-09-01
Firme înființate pe județe,2024-02-01,125.0000,Număr,RO-OT,ONRC,https://www.onrc.ro,https://ecifre.ro/indicatori/firme-infiintate-judete-ro/olt,2026-09-01
Firme înființate pe județe,2024-03-01,137.0000,Număr,RO-OT,ONRC,https://www.onrc.ro,https://ecifre.ro/indicatori/firme-infiintate-judete-ro/olt,2026-09-01
Firme înființate pe județe,2024-04-01,111.0000,Număr,RO-OT,ONRC,https://www.onrc.ro,https://ecifre.ro/indicatori/firme-infiintate-judete-ro/olt,2026-09-01
Firme înființate pe județe,2024-05-01,90.0000,Număr,RO-OT,ONRC,https://www.onrc.ro,https://ecifre.ro/indicatori/firme-infiintate-judete-ro/olt,2026-09-01
Firme înființate pe județe,2024-06-01,86.0000,Număr,RO-OT,ONRC,https://www.onrc.ro,https://ecifre.ro/indicatori/firme-infiintate-judete-ro/olt,2026-09-01
Firme înființate pe județe,2024-07-01,73.0000,Număr,RO-OT,ONRC,https://www.onrc.ro,https://ecifre.ro/indicatori/firme-infiintate-judete-ro/olt,2026-09-01
Firme înființate pe județe,2024-08-01,67.0000,Număr,RO-OT,ONRC,https://www.onrc.ro,https://ecifre.ro/indicatori/firme-infiintate-judete-ro/olt,2026-09-01
Firme înființate pe județe,2024-09-01,117.0000,Număr,RO-OT,ONRC,https://www.onrc.ro,https://ecifre.ro/indicatori/firme-infiintate-judete-ro/olt,2026-09-01
Firme înființate pe județe,2024-10-01,168.0000,Număr,RO-OT,ONRC,https://www.onrc.ro,https://ecifre.ro/indicatori/firme-infiintate-judete-ro/olt,2026-09-01
Firme înființate pe județe,2024-11-01,94.0000,Număr,RO-OT,ONRC,https://www.onrc.ro,https://ecifre.ro/indicatori/firme-infiintate-judete-ro/olt,2026-09-01
Firme înființate pe județe,2024-12-01,59.0000,Număr,RO-OT,ONRC,https://www.onrc.ro,https://ecifre.ro/indicatori/firme-infiintate-judete-ro/olt,2026-09-01
Firme înființate pe județe,2025-01-01,103.0000,Număr,RO-OT,ONRC,https://www.onrc.ro,https://ecifre.ro/indicatori/firme-infiintate-judete-ro/olt,2026-09-01
Firme înființate pe județe,2025-02-01,133.0000,Număr,RO-OT,ONRC,https://www.onrc.ro,https://ecifre.ro/indicatori/firme-infiintate-judete-ro/olt,2026-09-01
Firme înființate pe județe,2025-03-01,140.0000,Număr,RO-OT,ONRC,https://www.onrc.ro,https://ecifre.ro/indicatori/firme-infiintate-judete-ro/olt,2026-09-01
Firme înființate pe județe,2025-04-01,102.0000,Număr,RO-OT,ONRC,https://www.onrc.ro,https://ecifre.ro/indicatori/firme-infiintate-judete-ro/olt,2026-09-01
Firme înființate pe județe,2025-05-01,136.0000,Număr,RO-OT,ONRC,https://www.onrc.ro,https://ecifre.ro/indicatori/firme-infiintate-judete-ro/olt,2026-09-01
Firme înființate pe județe,2025-06-01,124.0000,Număr,RO-OT,ONRC,https://www.onrc.ro,https://ecifre.ro/indicatori/firme-infiintate-judete-ro/olt,2026-09-01
Firme înființate pe județe,2025-07-01,184.0000,Număr,RO-OT,ONRC,https://www.onrc.ro,https://ecifre.ro/indicatori/firme-infiintate-judete-ro/olt,2026-09-01
Firme înființate pe județe,2025-08-01,120.0000,Număr,RO-OT,ONRC,https://www.onrc.ro,https://ecifre.ro/indicatori/firme-infiintate-judete-ro/olt,2026-09-01
Firme înființate pe județe,2025-09-01,163.0000,Număr,RO-OT,ONRC,https://www.onrc.ro,https://ecifre.ro/indicatori/firme-infiintate-judete-ro/olt,2026-09-01
Firme înființate pe județe,2025-10-01,150.0000,Număr,RO-OT,ONRC,https://www.onrc.ro,https://ecifre.ro/indicatori/firme-infiintate-judete-ro/olt,2026-09-01
Firme înființate pe județe,2025-11-01,188.0000,Număr,RO-OT,ONRC,https://www.onrc.ro,https://ecifre.ro/indicatori/firme-infiintate-judete-ro/olt,2026-09-01
Firme înființate pe județe,2025-12-01,126.0000,Număr,RO-OT,ONRC,https://www.onrc.ro,https://ecifre.ro/indicatori/firme-infiintate-judete-ro/olt,2026-09-01
Firme înființate pe județe,2026-01-01,124.0000,Număr,RO-OT,ONRC,https://www.onrc.ro,https://ecifre.ro/indicatori/firme-infiintate-judete-ro/olt,2026-09-01
Firme înființate pe județe,2026-02-01,140.0000,Număr,RO-OT,ONRC,https://www.onrc.ro,https://ecifre.ro/indicatori/firme-infiintate-judete-ro/olt,2026-09-01
Firme înființate pe județe,2026-03-01,198.0000,Număr,RO-OT,ONRC,https://www.onrc.ro,https://ecifre.ro/indicatori/firme-infiintate-judete-ro/olt,2026-09-01
Firme înființate pe județe,2026-04-01,128.0000,Număr,RO-OT,ONRC,https://www.onrc.ro,https://ecifre.ro/indicatori/firme-infiintate-judete-ro/olt,2026-09-01
Firme înființate pe județe,2026-05-01,115.0000,Număr,RO-OT,ONRC,https://www.onrc.ro,https://ecifre.ro/indicatori/firme-infiintate-judete-ro/olt,2026-09-01
Firme înființate pe județe,2026-06-01,97.0000,Număr,RO-OT,ONRC,https://www.onrc.ro,https://ecifre.ro/indicatori/firme-infiintate-judete-ro/olt,2026-09-01
Firme înființate pe județe,2026-07-01,112.0000,Număr,RO-OT,ONRC,https://www.onrc.ro,https://ecifre.ro/indicatori/firme-infiintate-judete-ro/olt,2026-09-01
Firme înființate pe județe,2014-01-01,290.0000,Număr,RO-PH,ONRC,https://www.onrc.ro,https://ecifre.ro/indicatori/firme-infiintate-judete-ro/prahova,2026-09-01
Firme înființate pe județe,2015-01-01,287.0000,Număr,RO-PH,ONRC,https://www.onrc.ro,https://ecifre.ro/indicatori/firme-infiintate-judete-ro/prahova,2026-09-01
Firme înființate pe județe,2016-01-01,279.0000,Număr,RO-PH,ONRC,https://www.onrc.ro,https://ecifre.ro/indicatori/firme-infiintate-judete-ro/prahova,2026-09-01
Firme înființate pe județe,2017-01-01,177.0000,Număr,RO-PH,ONRC,https://www.onrc.ro,https://ecifre.ro/indicatori/firme-infiintate-judete-ro/prahova,2026-09-01
Firme înființate pe județe,2017-03-01,397.0000,Număr,RO-PH,ONRC,https://www.onrc.ro,https://ecifre.ro/indicatori/firme-infiintate-judete-ro/prahova,2026-09-01
Firme înființate pe județe,2017-04-01,377.0000,Număr,RO-PH,ONRC,https://www.onrc.ro,https://ecifre.ro/indicatori/firme-infiintate-judete-ro/prahova,2026-09-01
Firme înființate pe județe,2017-05-01,465.0000,Număr,RO-PH,ONRC,https://www.onrc.ro,https://ecifre.ro/indicatori/firme-infiintate-judete-ro/prahova,2026-09-01
Firme înființate pe județe,2017-06-01,438.0000,Număr,RO-PH,ONRC,https://www.onrc.ro,https://ecifre.ro/indicatori/firme-infiintate-judete-ro/prahova,2026-09-01
Firme înființate pe județe,2017-07-01,424.0000,Număr,RO-PH,ONRC,https://www.onrc.ro,https://ecifre.ro/indicatori/firme-infiintate-judete-ro/prahova,2026-09-01
Firme înființate pe județe,2017-08-01,303.0000,Număr,RO-PH,ONRC,https://www.onrc.ro,https://ecifre.ro/indicatori/firme-infiintate-judete-ro/prahova,2026-09-01
Firme înființate pe județe,2017-09-01,293.0000,Număr,RO-PH,ONRC,https://www.onrc.ro,https://ecifre.ro/indicatori/firme-infiintate-judete-ro/prahova,2026-09-01
Firme înființate pe județe,2017-10-01,310.0000,Număr,RO-PH,ONRC,https://www.onrc.ro,https://ecifre.ro/indicatori/firme-infiintate-judete-ro/prahova,2026-09-01
Firme înființate pe județe,2017-11-01,234.0000,Număr,RO-PH,ONRC,https://www.onrc.ro,https://ecifre.ro/indicatori/firme-infiintate-judete-ro/prahova,2026-09-01
Firme înființate pe județe,2017-12-01,183.0000,Număr,RO-PH,ONRC,https://www.onrc.ro,https://ecifre.ro/indicatori/firme-infiintate-judete-ro/prahova,2026-09-01
Firme înființate pe județe,2018-01-01,325.0000,Număr,RO-PH,ONRC,https://www.onrc.ro,https://ecifre.ro/indicatori/firme-infiintate-judete-ro/prahova,2026-09-01
Firme înființate pe județe,2018-02-01,336.0000,Număr,RO-PH,ONRC,https://www.onrc.ro,https://ecifre.ro/indicatori/firme-infiintate-judete-ro/prahova,2026-09-01
Firme înființate pe județe,2018-03-01,368.0000,Număr,RO-PH,ONRC,https://www.onrc.ro,https://ecifre.ro/indicatori/firme-infiintate-judete-ro/prahova,2026-09-01
Firme înființate pe județe,2018-04-01,285.0000,Număr,RO-PH,ONRC,https://www.onrc.ro,https://ecifre.ro/indicatori/firme-infiintate-judete-ro/prahova,2026-09-01
Firme înființate pe județe,2018-05-01,375.0000,Număr,RO-PH,ONRC,https://www.onrc.ro,https://ecifre.ro/indicatori/firme-infiintate-judete-ro/prahova,2026-09-01
Firme înființate pe județe,2018-06-01,293.0000,Număr,RO-PH,ONRC,https://www.onrc.ro,https://ecifre.ro/indicatori/firme-infiintate-judete-ro/prahova,2026-09-01
Firme înființate pe județe,2018-07-01,308.0000,Număr,RO-PH,ONRC,https://www.onrc.ro,https://ecifre.ro/indicatori/firme-infiintate-judete-ro/prahova,2026-09-01
Firme înființate pe județe,2018-08-01,306.0000,Număr,RO-PH,ONRC,https://www.onrc.ro,https://ecifre.ro/indicatori/firme-infiintate-judete-ro/prahova,2026-09-01
Firme înființate pe județe,2018-09-01,281.0000,Număr,RO-PH,ONRC,https://www.onrc.ro,https://ecifre.ro/indicatori/firme-infiintate-judete-ro/prahova,2026-09-01
Firme înființate pe județe,2018-10-01,378.0000,Număr,RO-PH,ONRC,https://www.onrc.ro,https://ecifre.ro/indicatori/firme-infiintate-judete-ro/prahova,2026-09-01
Firme înființate pe județe,2018-11-01,427.0000,Număr,RO-PH,ONRC,https://www.onrc.ro,https://ecifre.ro/indicatori/firme-infiintate-judete-ro/prahova,2026-09-01
Firme înființate pe județe,2018-12-01,407.0000,Număr,RO-PH,ONRC,https://www.onrc.ro,https://ecifre.ro/indicatori/firme-infiintate-judete-ro/prahova,2026-09-01
Firme înființate pe județe,2019-01-01,649.0000,Număr,RO-PH,ONRC,https://www.onrc.ro,https://ecifre.ro/indicatori/firme-infiintate-judete-ro/prahova,2026-09-01
Firme înființate pe județe,2019-02-01,543.0000,Număr,RO-PH,ONRC,https://www.onrc.ro,https://ecifre.ro/indicatori/firme-infiintate-judete-ro/prahova,2026-09-01
Firme înființate pe județe,2019-03-01,400.0000,Număr,RO-PH,ONRC,https://www.onrc.ro,https://ecifre.ro/indicatori/firme-infiintate-judete-ro/prahova,2026-09-01
Firme înființate pe județe,2019-04-01,536.0000,Număr,RO-PH,ONRC,https://www.onrc.ro,https://ecifre.ro/indicatori/firme-infiintate-judete-ro/prahova,2026-09-01
Firme înființate pe județe,2019-05-01,491.0000,Număr,RO-PH,ONRC,https://www.onrc.ro,https://ecifre.ro/indicatori/firme-infiintate-judete-ro/prahova,2026-09-01
Firme înființate pe județe,2019-06-01,373.0000,Număr,RO-PH,ONRC,https://www.onrc.ro,https://ecifre.ro/indicatori/firme-infiintate-judete-ro/prahova,2026-09-01
Firme înființate pe județe,2019-07-01,310.0000,Număr,RO-PH,ONRC,https://www.onrc.ro,https://ecifre.ro/indicatori/firme-infiintate-judete-ro/prahova,2026-09-01
Firme înființate pe județe,2019-08-01,267.0000,Număr,RO-PH,ONRC,https://www.onrc.ro,https://ecifre.ro/indicatori/firme-infiintate-judete-ro/prahova,2026-09-01
Firme înființate pe județe,2019-09-01,280.0000,Număr,RO-PH,ONRC,https://www.onrc.ro,https://ecifre.ro/indicatori/firme-infiintate-judete-ro/prahova,2026-09-01
Firme înființate pe județe,2019-10-01,366.0000,Număr,RO-PH,ONRC,https://www.onrc.ro,https://ecifre.ro/indicatori/firme-infiintate-judete-ro/prahova,2026-09-01
Firme înființate pe județe,2019-11-01,285.0000,Număr,RO-PH,ONRC,https://www.onrc.ro,https://ecifre.ro/indicatori/firme-infiintate-judete-ro/prahova,2026-09-01
Firme înființate pe județe,2019-12-01,285.0000,Număr,RO-PH,ONRC,https://www.onrc.ro,https://ecifre.ro/indicatori/firme-infiintate-judete-ro/prahova,2026-09-01
Firme înființate pe județe,2020-01-01,288.0000,Număr,RO-PH,ONRC,https://www.onrc.ro,https://ecifre.ro/indicatori/firme-infiintate-judete-ro/prahova,2026-09-01
Firme înființate pe județe,2020-02-01,346.0000,Număr,RO-PH,ONRC,https://www.onrc.ro,https://ecifre.ro/indicatori/firme-infiintate-judete-ro/prahova,2026-09-01
Firme înființate pe județe,2020-03-01,175.0000,Număr,RO-PH,ONRC,https://www.onrc.ro,https://ecifre.ro/indicatori/firme-infiintate-judete-ro/prahova,2026-09-01
Firme înființate pe județe,2020-04-01,96.0000,Număr,RO-PH,ONRC,https://www.onrc.ro,https://ecifre.ro/indicatori/firme-infiintate-judete-ro/prahova,2026-09-01
Firme înființate pe județe,2020-05-01,252.0000,Număr,RO-PH,ONRC,https://www.onrc.ro,https://ecifre.ro/indicatori/firme-infiintate-judete-ro/prahova,2026-09-01
Firme înființate pe județe,2020-06-01,347.0000,Număr,RO-PH,ONRC,https://www.onrc.ro,https://ecifre.ro/indicatori/firme-infiintate-judete-ro/prahova,2026-09-01
Firme înființate pe județe,2020-07-01,367.0000,Număr,RO-PH,ONRC,https://www.onrc.ro,https://ecifre.ro/indicatori/firme-infiintate-judete-ro/prahova,2026-09-01
Firme înființate pe județe,2020-08-01,298.0000,Număr,RO-PH,ONRC,https://www.onrc.ro,https://ecifre.ro/indicatori/firme-infiintate-judete-ro/prahova,2026-09-01
Firme înființate pe județe,2020-09-01,354.0000,Număr,RO-PH,ONRC,https://www.onrc.ro,https://ecifre.ro/indicatori/firme-infiintate-judete-ro/prahova,2026-09-01
Firme înființate pe județe,2020-10-01,371.0000,Număr,RO-PH,ONRC,https://www.onrc.ro,https://ecifre.ro/indicatori/firme-infiintate-judete-ro/prahova,2026-09-01
Firme înființate pe județe,2020-11-01,323.0000,Număr,RO-PH,ONRC,https://www.onrc.ro,https://ecifre.ro/indicatori/firme-infiintate-judete-ro/prahova,2026-09-01
Firme înființate pe județe,2020-12-01,232.0000,Număr,RO-PH,ONRC,https://www.onrc.ro,https://ecifre.ro/indicatori/firme-infiintate-judete-ro/prahova,2026-09-01
Firme înființate pe județe,2021-02-01,417.0000,Număr,RO-PH,ONRC,https://www.onrc.ro,https://ecifre.ro/indicatori/firme-infiintate-judete-ro/prahova,2026-09-01
Firme înființate pe județe,2021-03-01,422.0000,Număr,RO-PH,ONRC,https://www.onrc.ro,https://ecifre.ro/indicatori/firme-infiintate-judete-ro/prahova,2026-09-01
Firme înființate pe județe,2021-04-01,357.0000,Număr,RO-PH,ONRC,https://www.onrc.ro,https://ecifre.ro/indicatori/firme-infiintate-judete-ro/prahova,2026-09-01
Firme înființate pe județe,2021-05-01,324.0000,Număr,RO-PH,ONRC,https://www.onrc.ro,https://ecifre.ro/indicatori/firme-infiintate-judete-ro/prahova,2026-09-01
Firme înființate pe județe,2021-06-01,353.0000,Număr,RO-PH,ONRC,https://www.onrc.ro,https://ecifre.ro/indicatori/firme-infiintate-judete-ro/prahova,2026-09-01
Firme înființate pe județe,2021-07-01,338.0000,Număr,RO-PH,ONRC,https://www.onrc.ro,https://ecifre.ro/indicatori/firme-infiintate-judete-ro/prahova,2026-09-01
Firme înființate pe județe,2021-08-01,348.0000,Număr,RO-PH,ONRC,https://www.onrc.ro,https://ecifre.ro/indicatori/firme-infiintate-judete-ro/prahova,2026-09-01
Firme înființate pe județe,2021-09-01,376.0000,Număr,RO-PH,ONRC,https://www.onrc.ro,https://ecifre.ro/indicatori/firme-infiintate-judete-ro/prahova,2026-09-01
Firme înființate pe județe,2021-10-01,344.0000,Număr,RO-PH,ONRC,https://www.onrc.ro,https://ecifre.ro/indicatori/firme-infiintate-judete-ro/prahova,2026-09-01
Firme înființate pe județe,2021-11-01,247.0000,Număr,RO-PH,ONRC,https://www.onrc.ro,https://ecifre.ro/indicatori/firme-infiintate-judete-ro/prahova,2026-09-01
Firme înființate pe județe,2021-12-01,276.0000,Număr,RO-PH,ONRC,https://www.onrc.ro,https://ecifre.ro/indicatori/firme-infiintate-judete-ro/prahova,2026-09-01
Firme înființate pe județe,2022-02-01,369.0000,Număr,RO-PH,ONRC,https://www.onrc.ro,https://ecifre.ro/indicatori/firme-infiintate-judete-ro/prahova,2026-09-01
Firme înființate pe județe,2022-03-01,390.0000,Număr,RO-PH,ONRC,https://www.onrc.ro,https://ecifre.ro/indicatori/firme-infiintate-judete-ro/prahova,2026-09-01
Firme înființate pe județe,2022-04-01,314.0000,Număr,RO-PH,ONRC,https://www.onrc.ro,https://ecifre.ro/indicatori/firme-infiintate-judete-ro/prahova,2026-09-01
Firme înființate pe județe,2022-05-01,448.0000,Număr,RO-PH,ONRC,https://www.onrc.ro,https://ecifre.ro/indicatori/firme-infiintate-judete-ro/prahova,2026-09-01
Firme înființate pe județe,2022-07-01,405.0000,Număr,RO-PH,ONRC,https://www.onrc.ro,https://ecifre.ro/indicatori/firme-infiintate-judete-ro/prahova,2026-09-01
Firme înființate pe județe,2022-08-01,469.0000,Număr,RO-PH,ONRC,https://www.onrc.ro,https://ecifre.ro/indicatori/firme-infiintate-judete-ro/prahova,2026-09-01
Firme înființate pe județe,2022-09-01,418.0000,Număr,RO-PH,ONRC,https://www.onrc.ro,https://ecifre.ro/indicatori/firme-infiintate-judete-ro/prahova,2026-09-01
Firme înființate pe județe,2022-10-01,335.0000,Număr,RO-PH,ONRC,https://www.onrc.ro,https://ecifre.ro/indicatori/firme-infiintate-judete-ro/prahova,2026-09-01
Firme înființate pe județe,2022-11-01,301.0000,Număr,RO-PH,ONRC,https://www.onrc.ro,https://ecifre.ro/indicatori/firme-infiintate-judete-ro/prahova,2026-09-01
Firme înființate pe județe,2022-12-01,225.0000,Număr,RO-PH,ONRC,https://www.onrc.ro,https://ecifre.ro/indicatori/firme-infiintate-judete-ro/prahova,2026-09-01
Firme înființate pe județe,2023-02-01,381.0000,Număr,RO-PH,ONRC,https://www.onrc.ro,https://ecifre.ro/indicatori/firme-infiintate-judete-ro/prahova,2026-09-01
Firme înființate pe județe,2023-03-01,418.0000,Număr,RO-PH,ONRC,https://www.onrc.ro,https://ecifre.ro/indicatori/firme-infiintate-judete-ro/prahova,2026-09-01
Firme înființate pe județe,2023-04-01,244.0000,Număr,RO-PH,ONRC,https://www.onrc.ro,https://ecifre.ro/indicatori/firme-infiintate-judete-ro/prahova,2026-09-01
Firme înființate pe județe,2023-05-01,361.0000,Număr,RO-PH,ONRC,https://www.onrc.ro,https://ecifre.ro/indicatori/firme-infiintate-judete-ro/prahova,2026-09-01
Firme înființate pe județe,2023-06-01,299.0000,Număr,RO-PH,ONRC,https://www.onrc.ro,https://ecifre.ro/indicatori/firme-infiintate-judete-ro/prahova,2026-09-01
Firme înființate pe județe,2023-07-01,302.0000,Număr,RO-PH,ONRC,https://www.onrc.ro,https://ecifre.ro/indicatori/firme-infiintate-judete-ro/prahova,2026-09-01
Firme înființate pe județe,2023-08-01,289.0000,Număr,RO-PH,ONRC,https://www.onrc.ro,https://ecifre.ro/indicatori/firme-infiintate-judete-ro/prahova,2026-09-01
Firme înființate pe județe,2023-09-01,310.0000,Număr,RO-PH,ONRC,https://www.onrc.ro,https://ecifre.ro/indicatori/firme-infiintate-judete-ro/prahova,2026-09-01
Firme înființate pe județe,2023-10-01,352.0000,Număr,RO-PH,ONRC,https://www.onrc.ro,https://ecifre.ro/indicatori/firme-infiintate-judete-ro/prahova,2026-09-01
Firme înființate pe județe,2023-11-01,345.0000,Număr,RO-PH,ONRC,https://www.onrc.ro,https://ecifre.ro/indicatori/firme-infiintate-judete-ro/prahova,2026-09-01
Firme înființate pe județe,2023-12-01,271.0000,Număr,RO-PH,ONRC,https://www.onrc.ro,https://ecifre.ro/indicatori/firme-infiintate-judete-ro/prahova,2026-09-01
Firme înființate pe județe,2024-02-01,335.0000,Număr,RO-PH,ONRC,https://www.onrc.ro,https://ecifre.ro/indicatori/firme-infiintate-judete-ro/prahova,2026-09-01
Firme înființate pe județe,2024-03-01,353.0000,Număr,RO-PH,ONRC,https://www.onrc.ro,https://ecifre.ro/indicatori/firme-infiintate-judete-ro/prahova,2026-09-01
Firme înființate pe județe,2024-04-01,311.0000,Număr,RO-PH,ONRC,https://www.onrc.ro,https://ecifre.ro/indicatori/firme-infiintate-judete-ro/prahova,2026-09-01
Firme înființate pe județe,2024-05-01,265.0000,Număr,RO-PH,ONRC,https://www.onrc.ro,https://ecifre.ro/indicatori/firme-infiintate-judete-ro/prahova,2026-09-01
Firme înființate pe județe,2024-06-01,256.0000,Număr,RO-PH,ONRC,https://www.onrc.ro,https://ecifre.ro/indicatori/firme-infiintate-judete-ro/prahova,2026-09-01
Firme înființate pe județe,2024-07-01,157.0000,Număr,RO-PH,ONRC,https://www.onrc.ro,https://ecifre.ro/indicatori/firme-infiintate-judete-ro/prahova,2026-09-01
Firme înființate pe județe,2024-08-01,173.0000,Număr,RO-PH,ONRC,https://www.onrc.ro,https://ecifre.ro/indicatori/firme-infiintate-judete-ro/prahova,2026-09-01
Firme înființate pe județe,2024-09-01,266.0000,Număr,RO-PH,ONRC,https://www.onrc.ro,https://ecifre.ro/indicatori/firme-infiintate-judete-ro/prahova,2026-09-01
Firme înființate pe județe,2024-10-01,419.0000,Număr,RO-PH,ONRC,https://www.onrc.ro,https://ecifre.ro/indicatori/firme-infiintate-judete-ro/prahova,2026-09-01
Firme înființate pe județe,2024-11-01,301.0000,Număr,RO-PH,ONRC,https://www.onrc.ro,https://ecifre.ro/indicatori/firme-infiintate-judete-ro/prahova,2026-09-01
Firme înființate pe județe,2024-12-01,194.0000,Număr,RO-PH,ONRC,https://www.onrc.ro,https://ecifre.ro/indicatori/firme-infiintate-judete-ro/prahova,2026-09-01
Firme înființate pe județe,2025-01-01,274.0000,Număr,RO-PH,ONRC,https://www.onrc.ro,https://ecifre.ro/indicatori/firme-infiintate-judete-ro/prahova,2026-09-01
Firme înființate pe județe,2025-02-01,341.0000,Număr,RO-PH,ONRC,https://www.onrc.ro,https://ecifre.ro/indicatori/firme-infiintate-judete-ro/prahova,2026-09-01
Firme înființate pe județe,2025-03-01,356.0000,Număr,RO-PH,ONRC,https://www.onrc.ro,https://ecifre.ro/indicatori/firme-infiintate-judete-ro/prahova,2026-09-01
Firme înființate pe județe,2025-04-01,310.0000,Număr,RO-PH,ONRC,https://www.onrc.ro,https://ecifre.ro/indicatori/firme-infiintate-judete-ro/prahova,2026-09-01
Firme înființate pe județe,2025-05-01,360.0000,Număr,RO-PH,ONRC,https://www.onrc.ro,https://ecifre.ro/indicatori/firme-infiintate-judete-ro/prahova,2026-09-01
Firme înființate pe județe,2025-06-01,377.0000,Număr,RO-PH,ONRC,https://www.onrc.ro,https://ecifre.ro/indicatori/firme-infiintate-judete-ro/prahova,2026-09-01
Firme înființate pe județe,2025-07-01,357.0000,Număr,RO-PH,ONRC,https://www.onrc.ro,https://ecifre.ro/indicatori/firme-infiintate-judete-ro/prahova,2026-09-01
Firme înființate pe județe,2025-08-01,304.0000,Număr,RO-PH,ONRC,https://www.onrc.ro,https://ecifre.ro/indicatori/firme-infiintate-judete-ro/prahova,2026-09-01
Firme înființate pe județe,2025-09-01,404.0000,Număr,RO-PH,ONRC,https://www.onrc.ro,https://ecifre.ro/indicatori/firme-infiintate-judete-ro/prahova,2026-09-01
Firme înființate pe județe,2025-10-01,434.0000,Număr,RO-PH,ONRC,https://www.onrc.ro,https://ecifre.ro/indicatori/firme-infiintate-judete-ro/prahova,2026-09-01
Firme înființate pe județe,2025-11-01,412.0000,Număr,RO-PH,ONRC,https://www.onrc.ro,https://ecifre.ro/indicatori/firme-infiintate-judete-ro/prahova,2026-09-01
Firme înființate pe județe,2025-12-01,312.0000,Număr,RO-PH,ONRC,https://www.onrc.ro,https://ecifre.ro/indicatori/firme-infiintate-judete-ro/prahova,2026-09-01
Firme înființate pe județe,2026-01-01,317.0000,Număr,RO-PH,ONRC,https://www.onrc.ro,https://ecifre.ro/indicatori/firme-infiintate-judete-ro/prahova,2026-09-01
Firme înființate pe județe,2026-02-01,323.0000,Număr,RO-PH,ONRC,https://www.onrc.ro,https://ecifre.ro/indicatori/firme-infiintate-judete-ro/prahova,2026-09-01
Firme înființate pe județe,2026-03-01,315.0000,Număr,RO-PH,ONRC,https://www.onrc.ro,https://ecifre.ro/indicatori/firme-infiintate-judete-ro/prahova,2026-09-01
Firme înființate pe județe,2026-04-01,389.0000,Număr,RO-PH,ONRC,https://www.onrc.ro,https://ecifre.ro/indicatori/firme-infiintate-judete-ro/prahova,2026-09-01
Firme înființate pe județe,2026-05-01,379.0000,Număr,RO-PH,ONRC,https://www.onrc.ro,https://ecifre.ro/indicatori/firme-infiintate-judete-ro/prahova,2026-09-01
Firme înființate pe județe,2026-06-01,303.0000,Număr,RO-PH,ONRC,https://www.onrc.ro,https://ecifre.ro/indicatori/firme-infiintate-judete-ro/prahova,2026-09-01
Firme înființate pe județe,2026-07-01,295.0000,Număr,RO-PH,ONRC,https://www.onrc.ro,https://ecifre.ro/indicatori/firme-infiintate-judete-ro/prahova,2026-09-01
Firme înființate pe județe,2014-01-01,151.0000,Număr,RO-SM,ONRC,https://www.onrc.ro,https://ecifre.ro/indicatori/firme-infiintate-judete-ro/satu-mare,2026-09-01
Firme înființate pe județe,2015-01-01,148.0000,Număr,RO-SM,ONRC,https://www.onrc.ro,https://ecifre.ro/indicatori/firme-infiintate-judete-ro/satu-mare,2026-09-01
Firme înființate pe județe,2016-01-01,131.0000,Număr,RO-SM,ONRC,https://www.onrc.ro,https://ecifre.ro/indicatori/firme-infiintate-judete-ro/satu-mare,2026-09-01
Firme înființate pe județe,2017-01-01,82.0000,Număr,RO-SM,ONRC,https://www.onrc.ro,https://ecifre.ro/indicatori/firme-infiintate-judete-ro/satu-mare,2026-09-01
Firme înființate pe județe,2017-03-01,217.0000,Număr,RO-SM,ONRC,https://www.onrc.ro,https://ecifre.ro/indicatori/firme-infiintate-judete-ro/satu-mare,2026-09-01
Firme înființate pe județe,2017-04-01,208.0000,Număr,RO-SM,ONRC,https://www.onrc.ro,https://ecifre.ro/indicatori/firme-infiintate-judete-ro/satu-mare,2026-09-01
Firme înființate pe județe,2017-05-01,277.0000,Număr,RO-SM,ONRC,https://www.onrc.ro,https://ecifre.ro/indicatori/firme-infiintate-judete-ro/satu-mare,2026-09-01
Firme înființate pe județe,2017-06-01,206.0000,Număr,RO-SM,ONRC,https://www.onrc.ro,https://ecifre.ro/indicatori/firme-infiintate-judete-ro/satu-mare,2026-09-01
Firme înființate pe județe,2017-07-01,177.0000,Număr,RO-SM,ONRC,https://www.onrc.ro,https://ecifre.ro/indicatori/firme-infiintate-judete-ro/satu-mare,2026-09-01
Firme înființate pe județe,2017-08-01,117.0000,Număr,RO-SM,ONRC,https://www.onrc.ro,https://ecifre.ro/indicatori/firme-infiintate-judete-ro/satu-mare,2026-09-01
Firme înființate pe județe,2017-09-01,127.0000,Număr,RO-SM,ONRC,https://www.onrc.ro,https://ecifre.ro/indicatori/firme-infiintate-judete-ro/satu-mare,2026-09-01
Firme înființate pe județe,2017-10-01,126.0000,Număr,RO-SM,ONRC,https://www.onrc.ro,https://ecifre.ro/indicatori/firme-infiintate-judete-ro/satu-mare,2026-09-01
Firme înființate pe județe,2017-11-01,81.0000,Număr,RO-SM,ONRC,https://www.onrc.ro,https://ecifre.ro/indicatori/firme-infiintate-judete-ro/satu-mare,2026-09-01
Firme înființate pe județe,2017-12-01,66.0000,Număr,RO-SM,ONRC,https://www.onrc.ro,https://ecifre.ro/indicatori/firme-infiintate-judete-ro/satu-mare,2026-09-01
Firme înființate pe județe,2018-01-01,145.0000,Număr,RO-SM,ONRC,https://www.onrc.ro,https://ecifre.ro/indicatori/firme-infiintate-judete-ro/satu-mare,2026-09-01
Firme înființate pe județe,2018-02-01,178.0000,Număr,RO-SM,ONRC,https://www.onrc.ro,https://ecifre.ro/indicatori/firme-infiintate-judete-ro/satu-mare,2026-09-01
Firme înființate pe județe,2018-03-01,278.0000,Număr,RO-SM,ONRC,https://www.onrc.ro,https://ecifre.ro/indicatori/firme-infiintate-judete-ro/satu-mare,2026-09-01
Firme înființate pe județe,2018-04-01,202.0000,Număr,RO-SM,ONRC,https://www.onrc.ro,https://ecifre.ro/indicatori/firme-infiintate-judete-ro/satu-mare,2026-09-01
Firme înființate pe județe,2018-05-01,224.0000,Număr,RO-SM,ONRC,https://www.onrc.ro,https://ecifre.ro/indicatori/firme-infiintate-judete-ro/satu-mare,2026-09-01
Firme înființate pe județe,2018-06-01,155.0000,Număr,RO-SM,ONRC,https://www.onrc.ro,https://ecifre.ro/indicatori/firme-infiintate-judete-ro/satu-mare,2026-09-01
Firme înființate pe județe,2018-07-01,128.0000,Număr,RO-SM,ONRC,https://www.onrc.ro,https://ecifre.ro/indicatori/firme-infiintate-judete-ro/satu-mare,2026-09-01
Firme înființate pe județe,2018-08-01,140.0000,Număr,RO-SM,ONRC,https://www.onrc.ro,https://ecifre.ro/indicatori/firme-infiintate-judete-ro/satu-mare,2026-09-01
Firme înființate pe județe,2018-09-01,128.0000,Număr,RO-SM,ONRC,https://www.onrc.ro,https://ecifre.ro/indicatori/firme-infiintate-judete-ro/satu-mare,2026-09-01
Firme înființate pe județe,2018-10-01,147.0000,Număr,RO-SM,ONRC,https://www.onrc.ro,https://ecifre.ro/indicatori/firme-infiintate-judete-ro/satu-mare,2026-09-01
Firme înființate pe județe,2018-11-01,168.0000,Număr,RO-SM,ONRC,https://www.onrc.ro,https://ecifre.ro/indicatori/firme-infiintate-judete-ro/satu-mare,2026-09-01
Firme înființate pe județe,2018-12-01,148.0000,Număr,RO-SM,ONRC,https://www.onrc.ro,https://ecifre.ro/indicatori/firme-infiintate-judete-ro/satu-mare,2026-09-01
Firme înființate pe județe,2019-01-01,265.0000,Număr,RO-SM,ONRC,https://www.onrc.ro,https://ecifre.ro/indicatori/firme-infiintate-judete-ro/satu-mare,2026-09-01
Firme înființate pe județe,2019-02-01,189.0000,Număr,RO-SM,ONRC,https://www.onrc.ro,https://ecifre.ro/indicatori/firme-infiintate-judete-ro/satu-mare,2026-09-01
Firme înființate pe județe,2019-03-01,187.0000,Număr,RO-SM,ONRC,https://www.onrc.ro,https://ecifre.ro/indicatori/firme-infiintate-judete-ro/satu-mare,2026-09-01
Firme înființate pe județe,2019-04-01,165.0000,Număr,RO-SM,ONRC,https://www.onrc.ro,https://ecifre.ro/indicatori/firme-infiintate-judete-ro/satu-mare,2026-09-01
Firme înființate pe județe,2019-05-01,153.0000,Număr,RO-SM,ONRC,https://www.onrc.ro,https://ecifre.ro/indicatori/firme-infiintate-judete-ro/satu-mare,2026-09-01
Firme înființate pe județe,2019-06-01,110.0000,Număr,RO-SM,ONRC,https://www.onrc.ro,https://ecifre.ro/indicatori/firme-infiintate-judete-ro/satu-mare,2026-09-01
Firme înființate pe județe,2019-07-01,189.0000,Număr,RO-SM,ONRC,https://www.onrc.ro,https://ecifre.ro/indicatori/firme-infiintate-judete-ro/satu-mare,2026-09-01
Firme înființate pe județe,2019-08-01,132.0000,Număr,RO-SM,ONRC,https://www.onrc.ro,https://ecifre.ro/indicatori/firme-infiintate-judete-ro/satu-mare,2026-09-01
Firme înființate pe județe,2019-09-01,136.0000,Număr,RO-SM,ONRC,https://www.onrc.ro,https://ecifre.ro/indicatori/firme-infiintate-judete-ro/satu-mare,2026-09-01
Firme înființate pe județe,2019-10-01,152.0000,Număr,RO-SM,ONRC,https://www.onrc.ro,https://ecifre.ro/indicatori/firme-infiintate-judete-ro/satu-mare,2026-09-01
Firme înființate pe județe,2019-11-01,88.0000,Număr,RO-SM,ONRC,https://www.onrc.ro,https://ecifre.ro/indicatori/firme-infiintate-judete-ro/satu-mare,2026-09-01
Firme înființate pe județe,2019-12-01,99.0000,Număr,RO-SM,ONRC,https://www.onrc.ro,https://ecifre.ro/indicatori/firme-infiintate-judete-ro/satu-mare,2026-09-01
Firme înființate pe județe,2020-01-01,135.0000,Număr,RO-SM,ONRC,https://www.onrc.ro,https://ecifre.ro/indicatori/firme-infiintate-judete-ro/satu-mare,2026-09-01
Firme înființate pe județe,2020-02-01,164.0000,Număr,RO-SM,ONRC,https://www.onrc.ro,https://ecifre.ro/indicatori/firme-infiintate-judete-ro/satu-mare,2026-09-01
Firme înființate pe județe,2020-03-01,101.0000,Număr,RO-SM,ONRC,https://www.onrc.ro,https://ecifre.ro/indicatori/firme-infiintate-judete-ro/satu-mare,2026-09-01
Firme înființate pe județe,2020-04-01,28.0000,Număr,RO-SM,ONRC,https://www.onrc.ro,https://ecifre.ro/indicatori/firme-infiintate-judete-ro/satu-mare,2026-09-01
Firme înființate pe județe,2020-05-01,162.0000,Număr,RO-SM,ONRC,https://www.onrc.ro,https://ecifre.ro/indicatori/firme-infiintate-judete-ro/satu-mare,2026-09-01
Firme înființate pe județe,2020-06-01,163.0000,Număr,RO-SM,ONRC,https://www.onrc.ro,https://ecifre.ro/indicatori/firme-infiintate-judete-ro/satu-mare,2026-09-01
Firme înființate pe județe,2020-07-01,156.0000,Număr,RO-SM,ONRC,https://www.onrc.ro,https://ecifre.ro/indicatori/firme-infiintate-judete-ro/satu-mare,2026-09-01
Firme înființate pe județe,2020-08-01,115.0000,Număr,RO-SM,ONRC,https://www.onrc.ro,https://ecifre.ro/indicatori/firme-infiintate-judete-ro/satu-mare,2026-09-01
Firme înființate pe județe,2020-09-01,164.0000,Număr,RO-SM,ONRC,https://www.onrc.ro,https://ecifre.ro/indicatori/firme-infiintate-judete-ro/satu-mare,2026-09-01
Firme înființate pe județe,2020-10-01,150.0000,Număr,RO-SM,ONRC,https://www.onrc.ro,https://ecifre.ro/indicatori/firme-infiintate-judete-ro/satu-mare,2026-09-01
Firme înființate pe județe,2020-11-01,116.0000,Număr,RO-SM,ONRC,https://www.onrc.ro,https://ecifre.ro/indicatori/firme-infiintate-judete-ro/satu-mare,2026-09-01
Firme înființate pe județe,2020-12-01,111.0000,Număr,RO-SM,ONRC,https://www.onrc.ro,https://ecifre.ro/indicatori/firme-infiintate-judete-ro/satu-mare,2026-09-01
Firme înființate pe județe,2021-02-01,180.0000,Număr,RO-SM,ONRC,https://www.onrc.ro,https://ecifre.ro/indicatori/firme-infiintate-judete-ro/satu-mare,2026-09-01
Firme înființate pe județe,2021-03-01,177.0000,Număr,RO-SM,ONRC,https://www.onrc.ro,https://ecifre.ro/indicatori/firme-infiintate-judete-ro/satu-mare,2026-09-01
Firme înființate pe județe,2021-04-01,145.0000,Număr,RO-SM,ONRC,https://www.onrc.ro,https://ecifre.ro/indicatori/firme-infiintate-judete-ro/satu-mare,2026-09-01
Firme înființate pe județe,2021-05-01,152.0000,Număr,RO-SM,ONRC,https://www.onrc.ro,https://ecifre.ro/indicatori/firme-infiintate-judete-ro/satu-mare,2026-09-01
Firme înființate pe județe,2021-06-01,160.0000,Număr,RO-SM,ONRC,https://www.onrc.ro,https://ecifre.ro/indicatori/firme-infiintate-judete-ro/satu-mare,2026-09-01
Firme înființate pe județe,2021-07-01,139.0000,Număr,RO-SM,ONRC,https://www.onrc.ro,https://ecifre.ro/indicatori/firme-infiintate-judete-ro/satu-mare,2026-09-01
Firme înființate pe județe,2021-08-01,174.0000,Număr,RO-SM,ONRC,https://www.onrc.ro,https://ecifre.ro/indicatori/firme-infiintate-judete-ro/satu-mare,2026-09-01
Firme înființate pe județe,2021-09-01,205.0000,Număr,RO-SM,ONRC,https://www.onrc.ro,https://ecifre.ro/indicatori/firme-infiintate-judete-ro/satu-mare,2026-09-01
Firme înființate pe județe,2021-10-01,158.0000,Număr,RO-SM,ONRC,https://www.onrc.ro,https://ecifre.ro/indicatori/firme-infiintate-judete-ro/satu-mare,2026-09-01
Firme înființate pe județe,2021-11-01,135.0000,Număr,RO-SM,ONRC,https://www.onrc.ro,https://ecifre.ro/indicatori/firme-infiintate-judete-ro/satu-mare,2026-09-01
Firme înființate pe județe,2021-12-01,100.0000,Număr,RO-SM,ONRC,https://www.onrc.ro,https://ecifre.ro/indicatori/firme-infiintate-judete-ro/satu-mare,2026-09-01
Firme înființate pe județe,2022-02-01,181.0000,Număr,RO-SM,ONRC,https://www.onrc.ro,https://ecifre.ro/indicatori/firme-infiintate-judete-ro/satu-mare,2026-09-01
Firme înființate pe județe,2022-03-01,166.0000,Număr,RO-SM,ONRC,https://www.onrc.ro,https://ecifre.ro/indicatori/firme-infiintate-judete-ro/satu-mare,2026-09-01
Firme înființate pe județe,2022-04-01,123.0000,Număr,RO-SM,ONRC,https://www.onrc.ro,https://ecifre.ro/indicatori/firme-infiintate-judete-ro/satu-mare,2026-09-01
Firme înființate pe județe,2022-05-01,194.0000,Număr,RO-SM,ONRC,https://www.onrc.ro,https://ecifre.ro/indicatori/firme-infiintate-judete-ro/satu-mare,2026-09-01
Firme înființate pe județe,2022-07-01,157.0000,Număr,RO-SM,ONRC,https://www.onrc.ro,https://ecifre.ro/indicatori/firme-infiintate-judete-ro/satu-mare,2026-09-01
Firme înființate pe județe,2022-08-01,210.0000,Număr,RO-SM,ONRC,https://www.onrc.ro,https://ecifre.ro/indicatori/firme-infiintate-judete-ro/satu-mare,2026-09-01
Firme înființate pe județe,2022-09-01,172.0000,Număr,RO-SM,ONRC,https://www.onrc.ro,https://ecifre.ro/indicatori/firme-infiintate-judete-ro/satu-mare,2026-09-01
Firme înființate pe județe,2022-10-01,135.0000,Număr,RO-SM,ONRC,https://www.onrc.ro,https://ecifre.ro/indicatori/firme-infiintate-judete-ro/satu-mare,2026-09-01
Firme înființate pe județe,2022-11-01,146.0000,Număr,RO-SM,ONRC,https://www.onrc.ro,https://ecifre.ro/indicatori/firme-infiintate-judete-ro/satu-mare,2026-09-01
Firme înființate pe județe,2022-12-01,84.0000,Număr,RO-SM,ONRC,https://www.onrc.ro,https://ecifre.ro/indicatori/firme-infiintate-judete-ro/satu-mare,2026-09-01
Firme înființate pe județe,2023-02-01,181.0000,Număr,RO-SM,ONRC,https://www.onrc.ro,https://ecifre.ro/indicatori/firme-infiintate-judete-ro/satu-mare,2026-09-01
Firme înființate pe județe,2023-03-01,169.0000,Număr,RO-SM,ONRC,https://www.onrc.ro,https://ecifre.ro/indicatori/firme-infiintate-judete-ro/satu-mare,2026-09-01
Firme înființate pe județe,2023-04-01,108.0000,Număr,RO-SM,ONRC,https://www.onrc.ro,https://ecifre.ro/indicatori/firme-infiintate-judete-ro/satu-mare,2026-09-01
Firme înființate pe județe,2023-05-01,186.0000,Număr,RO-SM,ONRC,https://www.onrc.ro,https://ecifre.ro/indicatori/firme-infiintate-judete-ro/satu-mare,2026-09-01
Firme înființate pe județe,2023-06-01,127.0000,Număr,RO-SM,ONRC,https://www.onrc.ro,https://ecifre.ro/indicatori/firme-infiintate-judete-ro/satu-mare,2026-09-01
Firme înființate pe județe,2023-07-01,110.0000,Număr,RO-SM,ONRC,https://www.onrc.ro,https://ecifre.ro/indicatori/firme-infiintate-judete-ro/satu-mare,2026-09-01
Firme înființate pe județe,2023-08-01,161.0000,Număr,RO-SM,ONRC,https://www.onrc.ro,https://ecifre.ro/indicatori/firme-infiintate-judete-ro/satu-mare,2026-09-01
Firme înființate pe județe,2023-09-01,123.0000,Număr,RO-SM,ONRC,https://www.onrc.ro,https://ecifre.ro/indicatori/firme-infiintate-judete-ro/satu-mare,2026-09-01
Firme înființate pe județe,2023-10-01,138.0000,Număr,RO-SM,ONRC,https://www.onrc.ro,https://ecifre.ro/indicatori/firme-infiintate-judete-ro/satu-mare,2026-09-01
Firme înființate pe județe,2023-11-01,99.0000,Număr,RO-SM,ONRC,https://www.onrc.ro,https://ecifre.ro/indicatori/firme-infiintate-judete-ro/satu-mare,2026-09-01
Firme înființate pe județe,2023-12-01,92.0000,Număr,RO-SM,ONRC,https://www.onrc.ro,https://ecifre.ro/indicatori/firme-infiintate-judete-ro/satu-mare,2026-09-01
Firme înființate pe județe,2024-02-01,140.0000,Număr,RO-SM,ONRC,https://www.onrc.ro,https://ecifre.ro/indicatori/firme-infiintate-judete-ro/satu-mare,2026-09-01
Firme înființate pe județe,2024-03-01,158.0000,Număr,RO-SM,ONRC,https://www.onrc.ro,https://ecifre.ro/indicatori/firme-infiintate-judete-ro/satu-mare,2026-09-01
Firme înființate pe județe,2024-04-01,153.0000,Număr,RO-SM,ONRC,https://www.onrc.ro,https://ecifre.ro/indicatori/firme-infiintate-judete-ro/satu-mare,2026-09-01
Firme înființate pe județe,2024-05-01,137.0000,Număr,RO-SM,ONRC,https://www.onrc.ro,https://ecifre.ro/indicatori/firme-infiintate-judete-ro/satu-mare,2026-09-01
Firme înființate pe județe,2024-06-01,114.0000,Număr,RO-SM,ONRC,https://www.onrc.ro,https://ecifre.ro/indicatori/firme-infiintate-judete-ro/satu-mare,2026-09-01
Firme înființate pe județe,2024-07-01,66.0000,Număr,RO-SM,ONRC,https://www.onrc.ro,https://ecifre.ro/indicatori/firme-infiintate-judete-ro/satu-mare,2026-09-01
Firme înființate pe județe,2024-08-01,81.0000,Număr,RO-SM,ONRC,https://www.onrc.ro,https://ecifre.ro/indicatori/firme-infiintate-judete-ro/satu-mare,2026-09-01
Firme înființate pe județe,2024-09-01,91.0000,Număr,RO-SM,ONRC,https://www.onrc.ro,https://ecifre.ro/indicatori/firme-infiintate-judete-ro/satu-mare,2026-09-01
Firme înființate pe județe,2024-10-01,198.0000,Număr,RO-SM,ONRC,https://www.onrc.ro,https://ecifre.ro/indicatori/firme-infiintate-judete-ro/satu-mare,2026-09-01
Firme înființate pe județe,2024-11-01,130.0000,Număr,RO-SM,ONRC,https://www.onrc.ro,https://ecifre.ro/indicatori/firme-infiintate-judete-ro/satu-mare,2026-09-01
Firme înființate pe județe,2024-12-01,65.0000,Număr,RO-SM,ONRC,https://www.onrc.ro,https://ecifre.ro/indicatori/firme-infiintate-judete-ro/satu-mare,2026-09-01
Firme înființate pe județe,2025-01-01,106.0000,Număr,RO-SM,ONRC,https://www.onrc.ro,https://ecifre.ro/indicatori/firme-infiintate-judete-ro/satu-mare,2026-09-01
Firme înființate pe județe,2025-02-01,126.0000,Număr,RO-SM,ONRC,https://www.onrc.ro,https://ecifre.ro/indicatori/firme-infiintate-judete-ro/satu-mare,2026-09-01
Firme înființate pe județe,2025-03-01,145.0000,Număr,RO-SM,ONRC,https://www.onrc.ro,https://ecifre.ro/indicatori/firme-infiintate-judete-ro/satu-mare,2026-09-01
Firme înființate pe județe,2025-04-01,118.0000,Număr,RO-SM,ONRC,https://www.onrc.ro,https://ecifre.ro/indicatori/firme-infiintate-judete-ro/satu-mare,2026-09-01
Firme înființate pe județe,2025-05-01,163.0000,Număr,RO-SM,ONRC,https://www.onrc.ro,https://ecifre.ro/indicatori/firme-infiintate-judete-ro/satu-mare,2026-09-01
Firme înființate pe județe,2025-06-01,117.0000,Număr,RO-SM,ONRC,https://www.onrc.ro,https://ecifre.ro/indicatori/firme-infiintate-judete-ro/satu-mare,2026-09-01
Firme înființate pe județe,2025-07-01,146.0000,Număr,RO-SM,ONRC,https://www.onrc.ro,https://ecifre.ro/indicatori/firme-infiintate-judete-ro/satu-mare,2026-09-01
Firme înființate pe județe,2025-08-01,121.0000,Număr,RO-SM,ONRC,https://www.onrc.ro,https://ecifre.ro/indicatori/firme-infiintate-judete-ro/satu-mare,2026-09-01
Firme înființate pe județe,2025-09-01,154.0000,Număr,RO-SM,ONRC,https://www.onrc.ro,https://ecifre.ro/indicatori/firme-infiintate-judete-ro/satu-mare,2026-09-01
Firme înființate pe județe,2025-10-01,178.0000,Număr,RO-SM,ONRC,https://www.onrc.ro,https://ecifre.ro/indicatori/firme-infiintate-judete-ro/satu-mare,2026-09-01
Firme înființate pe județe,2025-11-01,166.0000,Număr,RO-SM,ONRC,https://www.onrc.ro,https://ecifre.ro/indicatori/firme-infiintate-judete-ro/satu-mare,2026-09-01
Firme înființate pe județe,2025-12-01,98.0000,Număr,RO-SM,ONRC,https://www.onrc.ro,https://ecifre.ro/indicatori/firme-infiintate-judete-ro/satu-mare,2026-09-01
Firme înființate pe județe,2026-01-01,126.0000,Număr,RO-SM,ONRC,https://www.onrc.ro,https://ecifre.ro/indicatori/firme-infiintate-judete-ro/satu-mare,2026-09-01
Firme înființate pe județe,2026-02-01,167.0000,Număr,RO-SM,ONRC,https://www.onrc.ro,https://ecifre.ro/indicatori/firme-infiintate-judete-ro/satu-mare,2026-09-01
Firme înființate pe județe,2026-03-01,122.0000,Număr,RO-SM,ONRC,https://www.onrc.ro,https://ecifre.ro/indicatori/firme-infiintate-judete-ro/satu-mare,2026-09-01
Firme înființate pe județe,2026-04-01,166.0000,Număr,RO-SM,ONRC,https://www.onrc.ro,https://ecifre.ro/indicatori/firme-infiintate-judete-ro/satu-mare,2026-09-01
Firme înființate pe județe,2026-05-01,145.0000,Număr,RO-SM,ONRC,https://www.onrc.ro,https://ecifre.ro/indicatori/firme-infiintate-judete-ro/satu-mare,2026-09-01
Firme înființate pe județe,2026-06-01,116.0000,Număr,RO-SM,ONRC,https://www.onrc.ro,https://ecifre.ro/indicatori/firme-infiintate-judete-ro/satu-mare,2026-09-01
Firme înființate pe județe,2026-07-01,141.0000,Număr,RO-SM,ONRC,https://www.onrc.ro,https://ecifre.ro/indicatori/firme-infiintate-judete-ro/satu-mare,2026-09-01
Firme înființate pe județe,2014-01-01,176.0000,Număr,RO-SB,ONRC,https://www.onrc.ro,https://ecifre.ro/indicatori/firme-infiintate-judete-ro/sibiu,2026-09-01
Firme înființate pe județe,2015-01-01,166.0000,Număr,RO-SB,ONRC,https://www.onrc.ro,https://ecifre.ro/indicatori/firme-infiintate-judete-ro/sibiu,2026-09-01
Firme înființate pe județe,2016-01-01,176.0000,Număr,RO-SB,ONRC,https://www.onrc.ro,https://ecifre.ro/indicatori/firme-infiintate-judete-ro/sibiu,2026-09-01
Firme înființate pe județe,2017-01-01,106.0000,Număr,RO-SB,ONRC,https://www.onrc.ro,https://ecifre.ro/indicatori/firme-infiintate-judete-ro/sibiu,2026-09-01
Firme înființate pe județe,2017-03-01,249.0000,Număr,RO-SB,ONRC,https://www.onrc.ro,https://ecifre.ro/indicatori/firme-infiintate-judete-ro/sibiu,2026-09-01
Firme înființate pe județe,2017-04-01,178.0000,Număr,RO-SB,ONRC,https://www.onrc.ro,https://ecifre.ro/indicatori/firme-infiintate-judete-ro/sibiu,2026-09-01
Firme înființate pe județe,2017-05-01,306.0000,Număr,RO-SB,ONRC,https://www.onrc.ro,https://ecifre.ro/indicatori/firme-infiintate-judete-ro/sibiu,2026-09-01
Firme înființate pe județe,2017-06-01,256.0000,Număr,RO-SB,ONRC,https://www.onrc.ro,https://ecifre.ro/indicatori/firme-infiintate-judete-ro/sibiu,2026-09-01
Firme înființate pe județe,2017-07-01,304.0000,Număr,RO-SB,ONRC,https://www.onrc.ro,https://ecifre.ro/indicatori/firme-infiintate-judete-ro/sibiu,2026-09-01
Firme înființate pe județe,2017-08-01,190.0000,Număr,RO-SB,ONRC,https://www.onrc.ro,https://ecifre.ro/indicatori/firme-infiintate-judete-ro/sibiu,2026-09-01
Firme înființate pe județe,2017-09-01,190.0000,Număr,RO-SB,ONRC,https://www.onrc.ro,https://ecifre.ro/indicatori/firme-infiintate-judete-ro/sibiu,2026-09-01
Firme înființate pe județe,2017-10-01,195.0000,Număr,RO-SB,ONRC,https://www.onrc.ro,https://ecifre.ro/indicatori/firme-infiintate-judete-ro/sibiu,2026-09-01
Firme înființate pe județe,2017-11-01,175.0000,Număr,RO-SB,ONRC,https://www.onrc.ro,https://ecifre.ro/indicatori/firme-infiintate-judete-ro/sibiu,2026-09-01
Firme înființate pe județe,2017-12-01,137.0000,Număr,RO-SB,ONRC,https://www.onrc.ro,https://ecifre.ro/indicatori/firme-infiintate-judete-ro/sibiu,2026-09-01
Firme înființate pe județe,2018-01-01,175.0000,Număr,RO-SB,ONRC,https://www.onrc.ro,https://ecifre.ro/indicatori/firme-infiintate-judete-ro/sibiu,2026-09-01
Firme înființate pe județe,2018-02-01,245.0000,Număr,RO-SB,ONRC,https://www.onrc.ro,https://ecifre.ro/indicatori/firme-infiintate-judete-ro/sibiu,2026-09-01
Firme înființate pe județe,2018-03-01,229.0000,Număr,RO-SB,ONRC,https://www.onrc.ro,https://ecifre.ro/indicatori/firme-infiintate-judete-ro/sibiu,2026-09-01
Firme înființate pe județe,2018-04-01,218.0000,Număr,RO-SB,ONRC,https://www.onrc.ro,https://ecifre.ro/indicatori/firme-infiintate-judete-ro/sibiu,2026-09-01
Firme înființate pe județe,2018-05-01,241.0000,Număr,RO-SB,ONRC,https://www.onrc.ro,https://ecifre.ro/indicatori/firme-infiintate-judete-ro/sibiu,2026-09-01
Firme înființate pe județe,2018-06-01,200.0000,Număr,RO-SB,ONRC,https://www.onrc.ro,https://ecifre.ro/indicatori/firme-infiintate-judete-ro/sibiu,2026-09-01
Firme înființate pe județe,2018-07-01,203.0000,Număr,RO-SB,ONRC,https://www.onrc.ro,https://ecifre.ro/indicatori/firme-infiintate-judete-ro/sibiu,2026-09-01
Firme înființate pe județe,2018-08-01,167.0000,Număr,RO-SB,ONRC,https://www.onrc.ro,https://ecifre.ro/indicatori/firme-infiintate-judete-ro/sibiu,2026-09-01
Firme înființate pe județe,2018-09-01,184.0000,Număr,RO-SB,ONRC,https://www.onrc.ro,https://ecifre.ro/indicatori/firme-infiintate-judete-ro/sibiu,2026-09-01
Firme înființate pe județe,2018-10-01,271.0000,Număr,RO-SB,ONRC,https://www.onrc.ro,https://ecifre.ro/indicatori/firme-infiintate-judete-ro/sibiu,2026-09-01
Firme înființate pe județe,2018-11-01,290.0000,Număr,RO-SB,ONRC,https://www.onrc.ro,https://ecifre.ro/indicatori/firme-infiintate-judete-ro/sibiu,2026-09-01
Firme înființate pe județe,2018-12-01,235.0000,Număr,RO-SB,ONRC,https://www.onrc.ro,https://ecifre.ro/indicatori/firme-infiintate-judete-ro/sibiu,2026-09-01
Firme înființate pe județe,2019-01-01,388.0000,Număr,RO-SB,ONRC,https://www.onrc.ro,https://ecifre.ro/indicatori/firme-infiintate-judete-ro/sibiu,2026-09-01
Firme înființate pe județe,2019-02-01,372.0000,Număr,RO-SB,ONRC,https://www.onrc.ro,https://ecifre.ro/indicatori/firme-infiintate-judete-ro/sibiu,2026-09-01
Firme înființate pe județe,2019-03-01,284.0000,Număr,RO-SB,ONRC,https://www.onrc.ro,https://ecifre.ro/indicatori/firme-infiintate-judete-ro/sibiu,2026-09-01
Firme înființate pe județe,2019-04-01,301.0000,Număr,RO-SB,ONRC,https://www.onrc.ro,https://ecifre.ro/indicatori/firme-infiintate-judete-ro/sibiu,2026-09-01
Firme înființate pe județe,2019-05-01,274.0000,Număr,RO-SB,ONRC,https://www.onrc.ro,https://ecifre.ro/indicatori/firme-infiintate-judete-ro/sibiu,2026-09-01
Firme înființate pe județe,2019-06-01,227.0000,Număr,RO-SB,ONRC,https://www.onrc.ro,https://ecifre.ro/indicatori/firme-infiintate-judete-ro/sibiu,2026-09-01
Firme înființate pe județe,2019-07-01,229.0000,Număr,RO-SB,ONRC,https://www.onrc.ro,https://ecifre.ro/indicatori/firme-infiintate-judete-ro/sibiu,2026-09-01
Firme înființate pe județe,2019-08-01,170.0000,Număr,RO-SB,ONRC,https://www.onrc.ro,https://ecifre.ro/indicatori/firme-infiintate-judete-ro/sibiu,2026-09-01
Firme înființate pe județe,2019-09-01,217.0000,Număr,RO-SB,ONRC,https://www.onrc.ro,https://ecifre.ro/indicatori/firme-infiintate-judete-ro/sibiu,2026-09-01
Firme înființate pe județe,2019-10-01,267.0000,Număr,RO-SB,ONRC,https://www.onrc.ro,https://ecifre.ro/indicatori/firme-infiintate-judete-ro/sibiu,2026-09-01
Firme înființate pe județe,2019-11-01,211.0000,Număr,RO-SB,ONRC,https://www.onrc.ro,https://ecifre.ro/indicatori/firme-infiintate-judete-ro/sibiu,2026-09-01
Firme înființate pe județe,2019-12-01,196.0000,Număr,RO-SB,ONRC,https://www.onrc.ro,https://ecifre.ro/indicatori/firme-infiintate-judete-ro/sibiu,2026-09-01
Firme înființate pe județe,2020-01-01,249.0000,Număr,RO-SB,ONRC,https://www.onrc.ro,https://ecifre.ro/indicatori/firme-infiintate-judete-ro/sibiu,2026-09-01
Firme înființate pe județe,2020-02-01,271.0000,Număr,RO-SB,ONRC,https://www.onrc.ro,https://ecifre.ro/indicatori/firme-infiintate-judete-ro/sibiu,2026-09-01
Firme înființate pe județe,2020-03-01,154.0000,Număr,RO-SB,ONRC,https://www.onrc.ro,https://ecifre.ro/indicatori/firme-infiintate-judete-ro/sibiu,2026-09-01
Firme înființate pe județe,2020-04-01,41.0000,Număr,RO-SB,ONRC,https://www.onrc.ro,https://ecifre.ro/indicatori/firme-infiintate-judete-ro/sibiu,2026-09-01
Firme înființate pe județe,2020-05-01,175.0000,Număr,RO-SB,ONRC,https://www.onrc.ro,https://ecifre.ro/indicatori/firme-infiintate-judete-ro/sibiu,2026-09-01
Firme înființate pe județe,2020-06-01,251.0000,Număr,RO-SB,ONRC,https://www.onrc.ro,https://ecifre.ro/indicatori/firme-infiintate-judete-ro/sibiu,2026-09-01
Firme înființate pe județe,2020-07-01,237.0000,Număr,RO-SB,ONRC,https://www.onrc.ro,https://ecifre.ro/indicatori/firme-infiintate-judete-ro/sibiu,2026-09-01
Firme înființate pe județe,2020-08-01,226.0000,Număr,RO-SB,ONRC,https://www.onrc.ro,https://ecifre.ro/indicatori/firme-infiintate-judete-ro/sibiu,2026-09-01
Firme înființate pe județe,2020-09-01,224.0000,Număr,RO-SB,ONRC,https://www.onrc.ro,https://ecifre.ro/indicatori/firme-infiintate-judete-ro/sibiu,2026-09-01
Firme înființate pe județe,2020-10-01,305.0000,Număr,RO-SB,ONRC,https://www.onrc.ro,https://ecifre.ro/indicatori/firme-infiintate-judete-ro/sibiu,2026-09-01
Firme înființate pe județe,2020-11-01,205.0000,Număr,RO-SB,ONRC,https://www.onrc.ro,https://ecifre.ro/indicatori/firme-infiintate-judete-ro/sibiu,2026-09-01
Firme înființate pe județe,2020-12-01,164.0000,Număr,RO-SB,ONRC,https://www.onrc.ro,https://ecifre.ro/indicatori/firme-infiintate-judete-ro/sibiu,2026-09-01
Firme înființate pe județe,2021-02-01,290.0000,Număr,RO-SB,ONRC,https://www.onrc.ro,https://ecifre.ro/indicatori/firme-infiintate-judete-ro/sibiu,2026-09-01
Firme înființate pe județe,2021-03-01,362.0000,Număr,RO-SB,ONRC,https://www.onrc.ro,https://ecifre.ro/indicatori/firme-infiintate-judete-ro/sibiu,2026-09-01
Firme înființate pe județe,2021-04-01,311.0000,Număr,RO-SB,ONRC,https://www.onrc.ro,https://ecifre.ro/indicatori/firme-infiintate-judete-ro/sibiu,2026-09-01
Firme înființate pe județe,2021-05-01,269.0000,Număr,RO-SB,ONRC,https://www.onrc.ro,https://ecifre.ro/indicatori/firme-infiintate-judete-ro/sibiu,2026-09-01
Firme înființate pe județe,2021-06-01,296.0000,Număr,RO-SB,ONRC,https://www.onrc.ro,https://ecifre.ro/indicatori/firme-infiintate-judete-ro/sibiu,2026-09-01
Firme înființate pe județe,2021-07-01,292.0000,Număr,RO-SB,ONRC,https://www.onrc.ro,https://ecifre.ro/indicatori/firme-infiintate-judete-ro/sibiu,2026-09-01
Firme înființate pe județe,2021-08-01,245.0000,Număr,RO-SB,ONRC,https://www.onrc.ro,https://ecifre.ro/indicatori/firme-infiintate-judete-ro/sibiu,2026-09-01
Firme înființate pe județe,2021-09-01,329.0000,Număr,RO-SB,ONRC,https://www.onrc.ro,https://ecifre.ro/indicatori/firme-infiintate-judete-ro/sibiu,2026-09-01
Firme înființate pe județe,2021-10-01,291.0000,Număr,RO-SB,ONRC,https://www.onrc.ro,https://ecifre.ro/indicatori/firme-infiintate-judete-ro/sibiu,2026-09-01
Firme înființate pe județe,2021-11-01,226.0000,Număr,RO-SB,ONRC,https://www.onrc.ro,https://ecifre.ro/indicatori/firme-infiintate-judete-ro/sibiu,2026-09-01
Firme înființate pe județe,2021-12-01,243.0000,Număr,RO-SB,ONRC,https://www.onrc.ro,https://ecifre.ro/indicatori/firme-infiintate-judete-ro/sibiu,2026-09-01
Firme înființate pe județe,2022-02-01,330.0000,Număr,RO-SB,ONRC,https://www.onrc.ro,https://ecifre.ro/indicatori/firme-infiintate-judete-ro/sibiu,2026-09-01
Firme înființate pe județe,2022-03-01,321.0000,Număr,RO-SB,ONRC,https://www.onrc.ro,https://ecifre.ro/indicatori/firme-infiintate-judete-ro/sibiu,2026-09-01
Firme înființate pe județe,2022-04-01,225.0000,Număr,RO-SB,ONRC,https://www.onrc.ro,https://ecifre.ro/indicatori/firme-infiintate-judete-ro/sibiu,2026-09-01
Firme înființate pe județe,2022-05-01,368.0000,Număr,RO-SB,ONRC,https://www.onrc.ro,https://ecifre.ro/indicatori/firme-infiintate-judete-ro/sibiu,2026-09-01
Firme înființate pe județe,2022-07-01,253.0000,Număr,RO-SB,ONRC,https://www.onrc.ro,https://ecifre.ro/indicatori/firme-infiintate-judete-ro/sibiu,2026-09-01
Firme înființate pe județe,2022-08-01,412.0000,Număr,RO-SB,ONRC,https://www.onrc.ro,https://ecifre.ro/indicatori/firme-infiintate-judete-ro/sibiu,2026-09-01
Firme înființate pe județe,2022-09-01,352.0000,Număr,RO-SB,ONRC,https://www.onrc.ro,https://ecifre.ro/indicatori/firme-infiintate-judete-ro/sibiu,2026-09-01
Firme înființate pe județe,2022-10-01,280.0000,Număr,RO-SB,ONRC,https://www.onrc.ro,https://ecifre.ro/indicatori/firme-infiintate-judete-ro/sibiu,2026-09-01
Firme înființate pe județe,2022-11-01,285.0000,Număr,RO-SB,ONRC,https://www.onrc.ro,https://ecifre.ro/indicatori/firme-infiintate-judete-ro/sibiu,2026-09-01
Firme înființate pe județe,2022-12-01,205.0000,Număr,RO-SB,ONRC,https://www.onrc.ro,https://ecifre.ro/indicatori/firme-infiintate-judete-ro/sibiu,2026-09-01
Firme înființate pe județe,2023-02-01,317.0000,Număr,RO-SB,ONRC,https://www.onrc.ro,https://ecifre.ro/indicatori/firme-infiintate-judete-ro/sibiu,2026-09-01
Firme înființate pe județe,2023-03-01,318.0000,Număr,RO-SB,ONRC,https://www.onrc.ro,https://ecifre.ro/indicatori/firme-infiintate-judete-ro/sibiu,2026-09-01
Firme înființate pe județe,2023-04-01,257.0000,Număr,RO-SB,ONRC,https://www.onrc.ro,https://ecifre.ro/indicatori/firme-infiintate-judete-ro/sibiu,2026-09-01
Firme înființate pe județe,2023-05-01,327.0000,Număr,RO-SB,ONRC,https://www.onrc.ro,https://ecifre.ro/indicatori/firme-infiintate-judete-ro/sibiu,2026-09-01
Firme înființate pe județe,2023-06-01,234.0000,Număr,RO-SB,ONRC,https://www.onrc.ro,https://ecifre.ro/indicatori/firme-infiintate-judete-ro/sibiu,2026-09-01
Firme înființate pe județe,2023-07-01,226.0000,Număr,RO-SB,ONRC,https://www.onrc.ro,https://ecifre.ro/indicatori/firme-infiintate-judete-ro/sibiu,2026-09-01
Firme înființate pe județe,2023-08-01,254.0000,Număr,RO-SB,ONRC,https://www.onrc.ro,https://ecifre.ro/indicatori/firme-infiintate-judete-ro/sibiu,2026-09-01
Firme înființate pe județe,2023-09-01,283.0000,Număr,RO-SB,ONRC,https://www.onrc.ro,https://ecifre.ro/indicatori/firme-infiintate-judete-ro/sibiu,2026-09-01
Firme înființate pe județe,2023-10-01,300.0000,Număr,RO-SB,ONRC,https://www.onrc.ro,https://ecifre.ro/indicatori/firme-infiintate-judete-ro/sibiu,2026-09-01
Firme înființate pe județe,2023-11-01,315.0000,Număr,RO-SB,ONRC,https://www.onrc.ro,https://ecifre.ro/indicatori/firme-infiintate-judete-ro/sibiu,2026-09-01
Firme înființate pe județe,2023-12-01,188.0000,Număr,RO-SB,ONRC,https://www.onrc.ro,https://ecifre.ro/indicatori/firme-infiintate-judete-ro/sibiu,2026-09-01
Firme înființate pe județe,2024-02-01,342.0000,Număr,RO-SB,ONRC,https://www.onrc.ro,https://ecifre.ro/indicatori/firme-infiintate-judete-ro/sibiu,2026-09-01
Firme înființate pe județe,2024-03-01,337.0000,Număr,RO-SB,ONRC,https://www.onrc.ro,https://ecifre.ro/indicatori/firme-infiintate-judete-ro/sibiu,2026-09-01
Firme înființate pe județe,2024-04-01,282.0000,Număr,RO-SB,ONRC,https://www.onrc.ro,https://ecifre.ro/indicatori/firme-infiintate-judete-ro/sibiu,2026-09-01
Firme înființate pe județe,2024-05-01,208.0000,Număr,RO-SB,ONRC,https://www.onrc.ro,https://ecifre.ro/indicatori/firme-infiintate-judete-ro/sibiu,2026-09-01
Firme înființate pe județe,2024-06-01,224.0000,Număr,RO-SB,ONRC,https://www.onrc.ro,https://ecifre.ro/indicatori/firme-infiintate-judete-ro/sibiu,2026-09-01
Firme înființate pe județe,2024-07-01,154.0000,Număr,RO-SB,ONRC,https://www.onrc.ro,https://ecifre.ro/indicatori/firme-infiintate-judete-ro/sibiu,2026-09-01
Firme înființate pe județe,2024-08-01,95.0000,Număr,RO-SB,ONRC,https://www.onrc.ro,https://ecifre.ro/indicatori/firme-infiintate-judete-ro/sibiu,2026-09-01
Firme înființate pe județe,2024-09-01,261.0000,Număr,RO-SB,ONRC,https://www.onrc.ro,https://ecifre.ro/indicatori/firme-infiintate-judete-ro/sibiu,2026-09-01
Firme înființate pe județe,2024-10-01,420.0000,Număr,RO-SB,ONRC,https://www.onrc.ro,https://ecifre.ro/indicatori/firme-infiintate-judete-ro/sibiu,2026-09-01
Firme înființate pe județe,2024-11-01,267.0000,Număr,RO-SB,ONRC,https://www.onrc.ro,https://ecifre.ro/indicatori/firme-infiintate-judete-ro/sibiu,2026-09-01
Firme înființate pe județe,2024-12-01,190.0000,Număr,RO-SB,ONRC,https://www.onrc.ro,https://ecifre.ro/indicatori/firme-infiintate-judete-ro/sibiu,2026-09-01
Firme înființate pe județe,2025-01-01,226.0000,Număr,RO-SB,ONRC,https://www.onrc.ro,https://ecifre.ro/indicatori/firme-infiintate-judete-ro/sibiu,2026-09-01
Firme înființate pe județe,2025-02-01,272.0000,Număr,RO-SB,ONRC,https://www.onrc.ro,https://ecifre.ro/indicatori/firme-infiintate-judete-ro/sibiu,2026-09-01
Firme înființate pe județe,2025-03-01,305.0000,Număr,RO-SB,ONRC,https://www.onrc.ro,https://ecifre.ro/indicatori/firme-infiintate-judete-ro/sibiu,2026-09-01
Firme înființate pe județe,2025-04-01,316.0000,Număr,RO-SB,ONRC,https://www.onrc.ro,https://ecifre.ro/indicatori/firme-infiintate-judete-ro/sibiu,2026-09-01
Firme înființate pe județe,2025-05-01,292.0000,Număr,RO-SB,ONRC,https://www.onrc.ro,https://ecifre.ro/indicatori/firme-infiintate-judete-ro/sibiu,2026-09-01
Firme înființate pe județe,2025-06-01,274.0000,Număr,RO-SB,ONRC,https://www.onrc.ro,https://ecifre.ro/indicatori/firme-infiintate-judete-ro/sibiu,2026-09-01
Firme înființate pe județe,2025-07-01,447.0000,Număr,RO-SB,ONRC,https://www.onrc.ro,https://ecifre.ro/indicatori/firme-infiintate-judete-ro/sibiu,2026-09-01
Firme înființate pe județe,2025-08-01,291.0000,Număr,RO-SB,ONRC,https://www.onrc.ro,https://ecifre.ro/indicatori/firme-infiintate-judete-ro/sibiu,2026-09-01
Firme înființate pe județe,2025-09-01,407.0000,Număr,RO-SB,ONRC,https://www.onrc.ro,https://ecifre.ro/indicatori/firme-infiintate-judete-ro/sibiu,2026-09-01
Firme înființate pe județe,2025-10-01,386.0000,Număr,RO-SB,ONRC,https://www.onrc.ro,https://ecifre.ro/indicatori/firme-infiintate-judete-ro/sibiu,2026-09-01
Firme înființate pe județe,2025-11-01,337.0000,Număr,RO-SB,ONRC,https://www.onrc.ro,https://ecifre.ro/indicatori/firme-infiintate-judete-ro/sibiu,2026-09-01
Firme înființate pe județe,2025-12-01,269.0000,Număr,RO-SB,ONRC,https://www.onrc.ro,https://ecifre.ro/indicatori/firme-infiintate-judete-ro/sibiu,2026-09-01
Firme înființate pe județe,2026-01-01,249.0000,Număr,RO-SB,ONRC,https://www.onrc.ro,https://ecifre.ro/indicatori/firme-infiintate-judete-ro/sibiu,2026-09-01
Firme înființate pe județe,2026-02-01,396.0000,Număr,RO-SB,ONRC,https://www.onrc.ro,https://ecifre.ro/indicatori/firme-infiintate-judete-ro/sibiu,2026-09-01
Firme înființate pe județe,2026-03-01,383.0000,Număr,RO-SB,ONRC,https://www.onrc.ro,https://ecifre.ro/indicatori/firme-infiintate-judete-ro/sibiu,2026-09-01
Firme înființate pe județe,2026-04-01,290.0000,Număr,RO-SB,ONRC,https://www.onrc.ro,https://ecifre.ro/indicatori/firme-infiintate-judete-ro/sibiu,2026-09-01
Firme înființate pe județe,2026-05-01,266.0000,Număr,RO-SB,ONRC,https://www.onrc.ro,https://ecifre.ro/indicatori/firme-infiintate-judete-ro/sibiu,2026-09-01
Firme înființate pe județe,2026-06-01,243.0000,Număr,RO-SB,ONRC,https://www.onrc.ro,https://ecifre.ro/indicatori/firme-infiintate-judete-ro/sibiu,2026-09-01
Firme înființate pe județe,2026-07-01,232.0000,Număr,RO-SB,ONRC,https://www.onrc.ro,https://ecifre.ro/indicatori/firme-infiintate-judete-ro/sibiu,2026-09-01
Firme înființate pe județe,2014-01-01,205.0000,Număr,RO-SV,ONRC,https://www.onrc.ro,https://ecifre.ro/indicatori/firme-infiintate-judete-ro/suceava,2026-09-01
Firme înființate pe județe,2015-01-01,211.0000,Număr,RO-SV,ONRC,https://www.onrc.ro,https://ecifre.ro/indicatori/firme-infiintate-judete-ro/suceava,2026-09-01
Firme înființate pe județe,2016-01-01,209.0000,Număr,RO-SV,ONRC,https://www.onrc.ro,https://ecifre.ro/indicatori/firme-infiintate-judete-ro/suceava,2026-09-01
Firme înființate pe județe,2017-01-01,147.0000,Număr,RO-SV,ONRC,https://www.onrc.ro,https://ecifre.ro/indicatori/firme-infiintate-judete-ro/suceava,2026-09-01
Firme înființate pe județe,2017-03-01,314.0000,Număr,RO-SV,ONRC,https://www.onrc.ro,https://ecifre.ro/indicatori/firme-infiintate-judete-ro/suceava,2026-09-01
Firme înființate pe județe,2017-04-01,272.0000,Număr,RO-SV,ONRC,https://www.onrc.ro,https://ecifre.ro/indicatori/firme-infiintate-judete-ro/suceava,2026-09-01
Firme înființate pe județe,2017-05-01,335.0000,Număr,RO-SV,ONRC,https://www.onrc.ro,https://ecifre.ro/indicatori/firme-infiintate-judete-ro/suceava,2026-09-01
Firme înființate pe județe,2017-06-01,275.0000,Număr,RO-SV,ONRC,https://www.onrc.ro,https://ecifre.ro/indicatori/firme-infiintate-judete-ro/suceava,2026-09-01
Firme înființate pe județe,2017-07-01,250.0000,Număr,RO-SV,ONRC,https://www.onrc.ro,https://ecifre.ro/indicatori/firme-infiintate-judete-ro/suceava,2026-09-01
Firme înființate pe județe,2017-08-01,209.0000,Număr,RO-SV,ONRC,https://www.onrc.ro,https://ecifre.ro/indicatori/firme-infiintate-judete-ro/suceava,2026-09-01
Firme înființate pe județe,2017-09-01,201.0000,Număr,RO-SV,ONRC,https://www.onrc.ro,https://ecifre.ro/indicatori/firme-infiintate-judete-ro/suceava,2026-09-01
Firme înființate pe județe,2017-10-01,168.0000,Număr,RO-SV,ONRC,https://www.onrc.ro,https://ecifre.ro/indicatori/firme-infiintate-judete-ro/suceava,2026-09-01
Firme înființate pe județe,2017-11-01,169.0000,Număr,RO-SV,ONRC,https://www.onrc.ro,https://ecifre.ro/indicatori/firme-infiintate-judete-ro/suceava,2026-09-01
Firme înființate pe județe,2017-12-01,134.0000,Număr,RO-SV,ONRC,https://www.onrc.ro,https://ecifre.ro/indicatori/firme-infiintate-judete-ro/suceava,2026-09-01
Firme înființate pe județe,2018-01-01,231.0000,Număr,RO-SV,ONRC,https://www.onrc.ro,https://ecifre.ro/indicatori/firme-infiintate-judete-ro/suceava,2026-09-01
Firme înființate pe județe,2018-02-01,235.0000,Număr,RO-SV,ONRC,https://www.onrc.ro,https://ecifre.ro/indicatori/firme-infiintate-judete-ro/suceava,2026-09-01
Firme înființate pe județe,2018-03-01,283.0000,Număr,RO-SV,ONRC,https://www.onrc.ro,https://ecifre.ro/indicatori/firme-infiintate-judete-ro/suceava,2026-09-01
Firme înființate pe județe,2018-04-01,240.0000,Număr,RO-SV,ONRC,https://www.onrc.ro,https://ecifre.ro/indicatori/firme-infiintate-judete-ro/suceava,2026-09-01
Firme înființate pe județe,2018-05-01,273.0000,Număr,RO-SV,ONRC,https://www.onrc.ro,https://ecifre.ro/indicatori/firme-infiintate-judete-ro/suceava,2026-09-01
Firme înființate pe județe,2018-06-01,184.0000,Număr,RO-SV,ONRC,https://www.onrc.ro,https://ecifre.ro/indicatori/firme-infiintate-judete-ro/suceava,2026-09-01
Firme înființate pe județe,2018-07-01,225.0000,Număr,RO-SV,ONRC,https://www.onrc.ro,https://ecifre.ro/indicatori/firme-infiintate-judete-ro/suceava,2026-09-01
Firme înființate pe județe,2018-08-01,208.0000,Număr,RO-SV,ONRC,https://www.onrc.ro,https://ecifre.ro/indicatori/firme-infiintate-judete-ro/suceava,2026-09-01
Firme înființate pe județe,2018-09-01,176.0000,Număr,RO-SV,ONRC,https://www.onrc.ro,https://ecifre.ro/indicatori/firme-infiintate-judete-ro/suceava,2026-09-01
Firme înființate pe județe,2018-10-01,251.0000,Număr,RO-SV,ONRC,https://www.onrc.ro,https://ecifre.ro/indicatori/firme-infiintate-judete-ro/suceava,2026-09-01
Firme înființate pe județe,2018-11-01,295.0000,Număr,RO-SV,ONRC,https://www.onrc.ro,https://ecifre.ro/indicatori/firme-infiintate-judete-ro/suceava,2026-09-01
Firme înființate pe județe,2018-12-01,199.0000,Număr,RO-SV,ONRC,https://www.onrc.ro,https://ecifre.ro/indicatori/firme-infiintate-judete-ro/suceava,2026-09-01
Firme înființate pe județe,2019-01-01,413.0000,Număr,RO-SV,ONRC,https://www.onrc.ro,https://ecifre.ro/indicatori/firme-infiintate-judete-ro/suceava,2026-09-01
Firme înființate pe județe,2019-02-01,327.0000,Număr,RO-SV,ONRC,https://www.onrc.ro,https://ecifre.ro/indicatori/firme-infiintate-judete-ro/suceava,2026-09-01
Firme înființate pe județe,2019-03-01,279.0000,Număr,RO-SV,ONRC,https://www.onrc.ro,https://ecifre.ro/indicatori/firme-infiintate-judete-ro/suceava,2026-09-01
Firme înființate pe județe,2019-04-01,225.0000,Număr,RO-SV,ONRC,https://www.onrc.ro,https://ecifre.ro/indicatori/firme-infiintate-judete-ro/suceava,2026-09-01
Firme înființate pe județe,2019-05-01,201.0000,Număr,RO-SV,ONRC,https://www.onrc.ro,https://ecifre.ro/indicatori/firme-infiintate-judete-ro/suceava,2026-09-01
Firme înființate pe județe,2019-06-01,154.0000,Număr,RO-SV,ONRC,https://www.onrc.ro,https://ecifre.ro/indicatori/firme-infiintate-judete-ro/suceava,2026-09-01
Firme înființate pe județe,2019-07-01,200.0000,Număr,RO-SV,ONRC,https://www.onrc.ro,https://ecifre.ro/indicatori/firme-infiintate-judete-ro/suceava,2026-09-01
Firme înființate pe județe,2019-08-01,162.0000,Număr,RO-SV,ONRC,https://www.onrc.ro,https://ecifre.ro/indicatori/firme-infiintate-judete-ro/suceava,2026-09-01
Firme înființate pe județe,2019-09-01,173.0000,Număr,RO-SV,ONRC,https://www.onrc.ro,https://ecifre.ro/indicatori/firme-infiintate-judete-ro/suceava,2026-09-01
Firme înființate pe județe,2019-10-01,190.0000,Număr,RO-SV,ONRC,https://www.onrc.ro,https://ecifre.ro/indicatori/firme-infiintate-judete-ro/suceava,2026-09-01
Firme înființate pe județe,2019-11-01,198.0000,Număr,RO-SV,ONRC,https://www.onrc.ro,https://ecifre.ro/indicatori/firme-infiintate-judete-ro/suceava,2026-09-01
Firme înființate pe județe,2019-12-01,144.0000,Număr,RO-SV,ONRC,https://www.onrc.ro,https://ecifre.ro/indicatori/firme-infiintate-judete-ro/suceava,2026-09-01
Firme înființate pe județe,2020-01-01,196.0000,Număr,RO-SV,ONRC,https://www.onrc.ro,https://ecifre.ro/indicatori/firme-infiintate-judete-ro/suceava,2026-09-01
Firme înființate pe județe,2020-02-01,208.0000,Număr,RO-SV,ONRC,https://www.onrc.ro,https://ecifre.ro/indicatori/firme-infiintate-judete-ro/suceava,2026-09-01
Firme înființate pe județe,2020-03-01,136.0000,Număr,RO-SV,ONRC,https://www.onrc.ro,https://ecifre.ro/indicatori/firme-infiintate-judete-ro/suceava,2026-09-01
Firme înființate pe județe,2020-04-01,31.0000,Număr,RO-SV,ONRC,https://www.onrc.ro,https://ecifre.ro/indicatori/firme-infiintate-judete-ro/suceava,2026-09-01
Firme înființate pe județe,2020-05-01,184.0000,Număr,RO-SV,ONRC,https://www.onrc.ro,https://ecifre.ro/indicatori/firme-infiintate-judete-ro/suceava,2026-09-01
Firme înființate pe județe,2020-06-01,262.0000,Număr,RO-SV,ONRC,https://www.onrc.ro,https://ecifre.ro/indicatori/firme-infiintate-judete-ro/suceava,2026-09-01
Firme înființate pe județe,2020-07-01,262.0000,Număr,RO-SV,ONRC,https://www.onrc.ro,https://ecifre.ro/indicatori/firme-infiintate-judete-ro/suceava,2026-09-01
Firme înființate pe județe,2020-08-01,214.0000,Număr,RO-SV,ONRC,https://www.onrc.ro,https://ecifre.ro/indicatori/firme-infiintate-judete-ro/suceava,2026-09-01
Firme înființate pe județe,2020-09-01,215.0000,Număr,RO-SV,ONRC,https://www.onrc.ro,https://ecifre.ro/indicatori/firme-infiintate-judete-ro/suceava,2026-09-01
Firme înființate pe județe,2020-10-01,237.0000,Număr,RO-SV,ONRC,https://www.onrc.ro,https://ecifre.ro/indicatori/firme-infiintate-judete-ro/suceava,2026-09-01
Firme înființate pe județe,2020-11-01,215.0000,Număr,RO-SV,ONRC,https://www.onrc.ro,https://ecifre.ro/indicatori/firme-infiintate-judete-ro/suceava,2026-09-01
Firme înființate pe județe,2020-12-01,168.0000,Număr,RO-SV,ONRC,https://www.onrc.ro,https://ecifre.ro/indicatori/firme-infiintate-judete-ro/suceava,2026-09-01
Firme înființate pe județe,2021-02-01,330.0000,Număr,RO-SV,ONRC,https://www.onrc.ro,https://ecifre.ro/indicatori/firme-infiintate-judete-ro/suceava,2026-09-01
Firme înființate pe județe,2021-03-01,352.0000,Număr,RO-SV,ONRC,https://www.onrc.ro,https://ecifre.ro/indicatori/firme-infiintate-judete-ro/suceava,2026-09-01
Firme înființate pe județe,2021-04-01,255.0000,Număr,RO-SV,ONRC,https://www.onrc.ro,https://ecifre.ro/indicatori/firme-infiintate-judete-ro/suceava,2026-09-01
Firme înființate pe județe,2021-05-01,239.0000,Număr,RO-SV,ONRC,https://www.onrc.ro,https://ecifre.ro/indicatori/firme-infiintate-judete-ro/suceava,2026-09-01
Firme înființate pe județe,2021-06-01,242.0000,Număr,RO-SV,ONRC,https://www.onrc.ro,https://ecifre.ro/indicatori/firme-infiintate-judete-ro/suceava,2026-09-01
Firme înființate pe județe,2021-07-01,257.0000,Număr,RO-SV,ONRC,https://www.onrc.ro,https://ecifre.ro/indicatori/firme-infiintate-judete-ro/suceava,2026-09-01
Firme înființate pe județe,2021-08-01,292.0000,Număr,RO-SV,ONRC,https://www.onrc.ro,https://ecifre.ro/indicatori/firme-infiintate-judete-ro/suceava,2026-09-01
Firme înființate pe județe,2021-09-01,265.0000,Număr,RO-SV,ONRC,https://www.onrc.ro,https://ecifre.ro/indicatori/firme-infiintate-judete-ro/suceava,2026-09-01
Firme înființate pe județe,2021-10-01,265.0000,Număr,RO-SV,ONRC,https://www.onrc.ro,https://ecifre.ro/indicatori/firme-infiintate-judete-ro/suceava,2026-09-01
Firme înființate pe județe,2021-11-01,203.0000,Număr,RO-SV,ONRC,https://www.onrc.ro,https://ecifre.ro/indicatori/firme-infiintate-judete-ro/suceava,2026-09-01
Firme înființate pe județe,2021-12-01,165.0000,Număr,RO-SV,ONRC,https://www.onrc.ro,https://ecifre.ro/indicatori/firme-infiintate-judete-ro/suceava,2026-09-01
Firme înființate pe județe,2022-02-01,289.0000,Număr,RO-SV,ONRC,https://www.onrc.ro,https://ecifre.ro/indicatori/firme-infiintate-judete-ro/suceava,2026-09-01
Firme înființate pe județe,2022-03-01,279.0000,Număr,RO-SV,ONRC,https://www.onrc.ro,https://ecifre.ro/indicatori/firme-infiintate-judete-ro/suceava,2026-09-01
Firme înființate pe județe,2022-04-01,219.0000,Număr,RO-SV,ONRC,https://www.onrc.ro,https://ecifre.ro/indicatori/firme-infiintate-judete-ro/suceava,2026-09-01
Firme înființate pe județe,2022-05-01,353.0000,Număr,RO-SV,ONRC,https://www.onrc.ro,https://ecifre.ro/indicatori/firme-infiintate-judete-ro/suceava,2026-09-01
Firme înființate pe județe,2022-07-01,286.0000,Număr,RO-SV,ONRC,https://www.onrc.ro,https://ecifre.ro/indicatori/firme-infiintate-judete-ro/suceava,2026-09-01
Firme înființate pe județe,2022-08-01,419.0000,Număr,RO-SV,ONRC,https://www.onrc.ro,https://ecifre.ro/indicatori/firme-infiintate-judete-ro/suceava,2026-09-01
Firme înființate pe județe,2022-09-01,346.0000,Număr,RO-SV,ONRC,https://www.onrc.ro,https://ecifre.ro/indicatori/firme-infiintate-judete-ro/suceava,2026-09-01
Firme înființate pe județe,2022-10-01,208.0000,Număr,RO-SV,ONRC,https://www.onrc.ro,https://ecifre.ro/indicatori/firme-infiintate-judete-ro/suceava,2026-09-01
Firme înființate pe județe,2022-11-01,220.0000,Număr,RO-SV,ONRC,https://www.onrc.ro,https://ecifre.ro/indicatori/firme-infiintate-judete-ro/suceava,2026-09-01
Firme înființate pe județe,2022-12-01,166.0000,Număr,RO-SV,ONRC,https://www.onrc.ro,https://ecifre.ro/indicatori/firme-infiintate-judete-ro/suceava,2026-09-01
Firme înființate pe județe,2023-02-01,319.0000,Număr,RO-SV,ONRC,https://www.onrc.ro,https://ecifre.ro/indicatori/firme-infiintate-judete-ro/suceava,2026-09-01
Firme înființate pe județe,2023-03-01,314.0000,Număr,RO-SV,ONRC,https://www.onrc.ro,https://ecifre.ro/indicatori/firme-infiintate-judete-ro/suceava,2026-09-01
Firme înființate pe județe,2023-04-01,206.0000,Număr,RO-SV,ONRC,https://www.onrc.ro,https://ecifre.ro/indicatori/firme-infiintate-judete-ro/suceava,2026-09-01
Firme înființate pe județe,2023-05-01,260.0000,Număr,RO-SV,ONRC,https://www.onrc.ro,https://ecifre.ro/indicatori/firme-infiintate-judete-ro/suceava,2026-09-01
Firme înființate pe județe,2023-06-01,216.0000,Număr,RO-SV,ONRC,https://www.onrc.ro,https://ecifre.ro/indicatori/firme-infiintate-judete-ro/suceava,2026-09-01
Firme înființate pe județe,2023-07-01,225.0000,Număr,RO-SV,ONRC,https://www.onrc.ro,https://ecifre.ro/indicatori/firme-infiintate-judete-ro/suceava,2026-09-01
Firme înființate pe județe,2023-08-01,238.0000,Număr,RO-SV,ONRC,https://www.onrc.ro,https://ecifre.ro/indicatori/firme-infiintate-judete-ro/suceava,2026-09-01
Firme înființate pe județe,2023-09-01,234.0000,Număr,RO-SV,ONRC,https://www.onrc.ro,https://ecifre.ro/indicatori/firme-infiintate-judete-ro/suceava,2026-09-01
Firme înființate pe județe,2023-10-01,254.0000,Număr,RO-SV,ONRC,https://www.onrc.ro,https://ecifre.ro/indicatori/firme-infiintate-judete-ro/suceava,2026-09-01
Firme înființate pe județe,2023-11-01,258.0000,Număr,RO-SV,ONRC,https://www.onrc.ro,https://ecifre.ro/indicatori/firme-infiintate-judete-ro/suceava,2026-09-01
Firme înființate pe județe,2023-12-01,146.0000,Număr,RO-SV,ONRC,https://www.onrc.ro,https://ecifre.ro/indicatori/firme-infiintate-judete-ro/suceava,2026-09-01
Firme înființate pe județe,2024-02-01,292.0000,Număr,RO-SV,ONRC,https://www.onrc.ro,https://ecifre.ro/indicatori/firme-infiintate-judete-ro/suceava,2026-09-01
Firme înființate pe județe,2024-03-01,248.0000,Număr,RO-SV,ONRC,https://www.onrc.ro,https://ecifre.ro/indicatori/firme-infiintate-judete-ro/suceava,2026-09-01
Firme înființate pe județe,2024-04-01,262.0000,Număr,RO-SV,ONRC,https://www.onrc.ro,https://ecifre.ro/indicatori/firme-infiintate-judete-ro/suceava,2026-09-01
Firme înființate pe județe,2024-05-01,192.0000,Număr,RO-SV,ONRC,https://www.onrc.ro,https://ecifre.ro/indicatori/firme-infiintate-judete-ro/suceava,2026-09-01
Firme înființate pe județe,2024-06-01,194.0000,Număr,RO-SV,ONRC,https://www.onrc.ro,https://ecifre.ro/indicatori/firme-infiintate-judete-ro/suceava,2026-09-01
Firme înființate pe județe,2024-07-01,169.0000,Număr,RO-SV,ONRC,https://www.onrc.ro,https://ecifre.ro/indicatori/firme-infiintate-judete-ro/suceava,2026-09-01
Firme înființate pe județe,2024-08-01,100.0000,Număr,RO-SV,ONRC,https://www.onrc.ro,https://ecifre.ro/indicatori/firme-infiintate-judete-ro/suceava,2026-09-01
Firme înființate pe județe,2024-09-01,231.0000,Număr,RO-SV,ONRC,https://www.onrc.ro,https://ecifre.ro/indicatori/firme-infiintate-judete-ro/suceava,2026-09-01
Firme înființate pe județe,2024-10-01,324.0000,Număr,RO-SV,ONRC,https://www.onrc.ro,https://ecifre.ro/indicatori/firme-infiintate-judete-ro/suceava,2026-09-01
Firme înființate pe județe,2024-11-01,212.0000,Număr,RO-SV,ONRC,https://www.onrc.ro,https://ecifre.ro/indicatori/firme-infiintate-judete-ro/suceava,2026-09-01
Firme înființate pe județe,2024-12-01,133.0000,Număr,RO-SV,ONRC,https://www.onrc.ro,https://ecifre.ro/indicatori/firme-infiintate-judete-ro/suceava,2026-09-01
Firme înființate pe județe,2025-01-01,220.0000,Număr,RO-SV,ONRC,https://www.onrc.ro,https://ecifre.ro/indicatori/firme-infiintate-judete-ro/suceava,2026-09-01
Firme înființate pe județe,2025-02-01,273.0000,Număr,RO-SV,ONRC,https://www.onrc.ro,https://ecifre.ro/indicatori/firme-infiintate-judete-ro/suceava,2026-09-01
Firme înființate pe județe,2025-03-01,306.0000,Număr,RO-SV,ONRC,https://www.onrc.ro,https://ecifre.ro/indicatori/firme-infiintate-judete-ro/suceava,2026-09-01
Firme înființate pe județe,2025-04-01,213.0000,Număr,RO-SV,ONRC,https://www.onrc.ro,https://ecifre.ro/indicatori/firme-infiintate-judete-ro/suceava,2026-09-01
Firme înființate pe județe,2025-05-01,217.0000,Număr,RO-SV,ONRC,https://www.onrc.ro,https://ecifre.ro/indicatori/firme-infiintate-judete-ro/suceava,2026-09-01
Firme înființate pe județe,2025-06-01,239.0000,Număr,RO-SV,ONRC,https://www.onrc.ro,https://ecifre.ro/indicatori/firme-infiintate-judete-ro/suceava,2026-09-01
Firme înființate pe județe,2025-07-01,303.0000,Număr,RO-SV,ONRC,https://www.onrc.ro,https://ecifre.ro/indicatori/firme-infiintate-judete-ro/suceava,2026-09-01
Firme înființate pe județe,2025-08-01,229.0000,Număr,RO-SV,ONRC,https://www.onrc.ro,https://ecifre.ro/indicatori/firme-infiintate-judete-ro/suceava,2026-09-01
Firme înființate pe județe,2025-09-01,271.0000,Număr,RO-SV,ONRC,https://www.onrc.ro,https://ecifre.ro/indicatori/firme-infiintate-judete-ro/suceava,2026-09-01
Firme înființate pe județe,2025-10-01,265.0000,Număr,RO-SV,ONRC,https://www.onrc.ro,https://ecifre.ro/indicatori/firme-infiintate-judete-ro/suceava,2026-09-01
Firme înființate pe județe,2025-11-01,312.0000,Număr,RO-SV,ONRC,https://www.onrc.ro,https://ecifre.ro/indicatori/firme-infiintate-judete-ro/suceava,2026-09-01
Firme înființate pe județe,2025-12-01,256.0000,Număr,RO-SV,ONRC,https://www.onrc.ro,https://ecifre.ro/indicatori/firme-infiintate-judete-ro/suceava,2026-09-01
Firme înființate pe județe,2026-01-01,240.0000,Număr,RO-SV,ONRC,https://www.onrc.ro,https://ecifre.ro/indicatori/firme-infiintate-judete-ro/suceava,2026-09-01
Firme înființate pe județe,2026-02-01,274.0000,Număr,RO-SV,ONRC,https://www.onrc.ro,https://ecifre.ro/indicatori/firme-infiintate-judete-ro/suceava,2026-09-01
Firme înființate pe județe,2026-03-01,215.0000,Număr,RO-SV,ONRC,https://www.onrc.ro,https://ecifre.ro/indicatori/firme-infiintate-judete-ro/suceava,2026-09-01
Firme înființate pe județe,2026-04-01,280.0000,Număr,RO-SV,ONRC,https://www.onrc.ro,https://ecifre.ro/indicatori/firme-infiintate-judete-ro/suceava,2026-09-01
Firme înființate pe județe,2026-05-01,263.0000,Număr,RO-SV,ONRC,https://www.onrc.ro,https://ecifre.ro/indicatori/firme-infiintate-judete-ro/suceava,2026-09-01
Firme înființate pe județe,2026-06-01,245.0000,Număr,RO-SV,ONRC,https://www.onrc.ro,https://ecifre.ro/indicatori/firme-infiintate-judete-ro/suceava,2026-09-01
Firme înființate pe județe,2026-07-01,211.0000,Număr,RO-SV,ONRC,https://www.onrc.ro,https://ecifre.ro/indicatori/firme-infiintate-judete-ro/suceava,2026-09-01
Firme înființate pe județe,2014-01-01,123.0000,Număr,RO-SJ,ONRC,https://www.onrc.ro,https://ecifre.ro/indicatori/firme-infiintate-judete-ro/salaj,2026-09-01
Firme înființate pe județe,2015-01-01,114.0000,Număr,RO-SJ,ONRC,https://www.onrc.ro,https://ecifre.ro/indicatori/firme-infiintate-judete-ro/salaj,2026-09-01
Firme înființate pe județe,2016-01-01,99.0000,Număr,RO-SJ,ONRC,https://www.onrc.ro,https://ecifre.ro/indicatori/firme-infiintate-judete-ro/salaj,2026-09-01
Firme înființate pe județe,2017-01-01,67.0000,Număr,RO-SJ,ONRC,https://www.onrc.ro,https://ecifre.ro/indicatori/firme-infiintate-judete-ro/salaj,2026-09-01
Firme înființate pe județe,2017-03-01,187.0000,Număr,RO-SJ,ONRC,https://www.onrc.ro,https://ecifre.ro/indicatori/firme-infiintate-judete-ro/salaj,2026-09-01
Firme înființate pe județe,2017-04-01,148.0000,Număr,RO-SJ,ONRC,https://www.onrc.ro,https://ecifre.ro/indicatori/firme-infiintate-judete-ro/salaj,2026-09-01
Firme înființate pe județe,2017-05-01,287.0000,Număr,RO-SJ,ONRC,https://www.onrc.ro,https://ecifre.ro/indicatori/firme-infiintate-judete-ro/salaj,2026-09-01
Firme înființate pe județe,2017-06-01,192.0000,Număr,RO-SJ,ONRC,https://www.onrc.ro,https://ecifre.ro/indicatori/firme-infiintate-judete-ro/salaj,2026-09-01
Firme înființate pe județe,2017-07-01,138.0000,Număr,RO-SJ,ONRC,https://www.onrc.ro,https://ecifre.ro/indicatori/firme-infiintate-judete-ro/salaj,2026-09-01
Firme înființate pe județe,2017-08-01,95.0000,Număr,RO-SJ,ONRC,https://www.onrc.ro,https://ecifre.ro/indicatori/firme-infiintate-judete-ro/salaj,2026-09-01
Firme înființate pe județe,2017-09-01,115.0000,Număr,RO-SJ,ONRC,https://www.onrc.ro,https://ecifre.ro/indicatori/firme-infiintate-judete-ro/salaj,2026-09-01
Firme înființate pe județe,2017-10-01,101.0000,Număr,RO-SJ,ONRC,https://www.onrc.ro,https://ecifre.ro/indicatori/firme-infiintate-judete-ro/salaj,2026-09-01
Firme înființate pe județe,2017-11-01,88.0000,Număr,RO-SJ,ONRC,https://www.onrc.ro,https://ecifre.ro/indicatori/firme-infiintate-judete-ro/salaj,2026-09-01
Firme înființate pe județe,2017-12-01,58.0000,Număr,RO-SJ,ONRC,https://www.onrc.ro,https://ecifre.ro/indicatori/firme-infiintate-judete-ro/salaj,2026-09-01
Firme înființate pe județe,2018-01-01,127.0000,Număr,RO-SJ,ONRC,https://www.onrc.ro,https://ecifre.ro/indicatori/firme-infiintate-judete-ro/salaj,2026-09-01
Firme înființate pe județe,2018-02-01,135.0000,Număr,RO-SJ,ONRC,https://www.onrc.ro,https://ecifre.ro/indicatori/firme-infiintate-judete-ro/salaj,2026-09-01
Firme înființate pe județe,2018-03-01,177.0000,Număr,RO-SJ,ONRC,https://www.onrc.ro,https://ecifre.ro/indicatori/firme-infiintate-judete-ro/salaj,2026-09-01
Firme înființate pe județe,2018-04-01,140.0000,Număr,RO-SJ,ONRC,https://www.onrc.ro,https://ecifre.ro/indicatori/firme-infiintate-judete-ro/salaj,2026-09-01
Firme înființate pe județe,2018-05-01,166.0000,Număr,RO-SJ,ONRC,https://www.onrc.ro,https://ecifre.ro/indicatori/firme-infiintate-judete-ro/salaj,2026-09-01
Firme înființate pe județe,2018-06-01,113.0000,Număr,RO-SJ,ONRC,https://www.onrc.ro,https://ecifre.ro/indicatori/firme-infiintate-judete-ro/salaj,2026-09-01
Firme înființate pe județe,2018-07-01,133.0000,Număr,RO-SJ,ONRC,https://www.onrc.ro,https://ecifre.ro/indicatori/firme-infiintate-judete-ro/salaj,2026-09-01
Firme înființate pe județe,2018-08-01,184.0000,Număr,RO-SJ,ONRC,https://www.onrc.ro,https://ecifre.ro/indicatori/firme-infiintate-judete-ro/salaj,2026-09-01
Firme înființate pe județe,2018-09-01,116.0000,Număr,RO-SJ,ONRC,https://www.onrc.ro,https://ecifre.ro/indicatori/firme-infiintate-judete-ro/salaj,2026-09-01
Firme înființate pe județe,2018-10-01,166.0000,Număr,RO-SJ,ONRC,https://www.onrc.ro,https://ecifre.ro/indicatori/firme-infiintate-judete-ro/salaj,2026-09-01
Firme înființate pe județe,2018-11-01,222.0000,Număr,RO-SJ,ONRC,https://www.onrc.ro,https://ecifre.ro/indicatori/firme-infiintate-judete-ro/salaj,2026-09-01
Firme înființate pe județe,2018-12-01,179.0000,Număr,RO-SJ,ONRC,https://www.onrc.ro,https://ecifre.ro/indicatori/firme-infiintate-judete-ro/salaj,2026-09-01
Firme înființate pe județe,2019-01-01,306.0000,Număr,RO-SJ,ONRC,https://www.onrc.ro,https://ecifre.ro/indicatori/firme-infiintate-judete-ro/salaj,2026-09-01
Firme înființate pe județe,2019-02-01,199.0000,Număr,RO-SJ,ONRC,https://www.onrc.ro,https://ecifre.ro/indicatori/firme-infiintate-judete-ro/salaj,2026-09-01
Firme înființate pe județe,2019-03-01,160.0000,Număr,RO-SJ,ONRC,https://www.onrc.ro,https://ecifre.ro/indicatori/firme-infiintate-judete-ro/salaj,2026-09-01
Firme înființate pe județe,2019-04-01,188.0000,Număr,RO-SJ,ONRC,https://www.onrc.ro,https://ecifre.ro/indicatori/firme-infiintate-judete-ro/salaj,2026-09-01
Firme înființate pe județe,2019-05-01,181.0000,Număr,RO-SJ,ONRC,https://www.onrc.ro,https://ecifre.ro/indicatori/firme-infiintate-judete-ro/salaj,2026-09-01
Firme înființate pe județe,2019-06-01,100.0000,Număr,RO-SJ,ONRC,https://www.onrc.ro,https://ecifre.ro/indicatori/firme-infiintate-judete-ro/salaj,2026-09-01
Firme înființate pe județe,2019-07-01,130.0000,Număr,RO-SJ,ONRC,https://www.onrc.ro,https://ecifre.ro/indicatori/firme-infiintate-judete-ro/salaj,2026-09-01
Firme înființate pe județe,2019-08-01,129.0000,Număr,RO-SJ,ONRC,https://www.onrc.ro,https://ecifre.ro/indicatori/firme-infiintate-judete-ro/salaj,2026-09-01
Firme înființate pe județe,2019-09-01,100.0000,Număr,RO-SJ,ONRC,https://www.onrc.ro,https://ecifre.ro/indicatori/firme-infiintate-judete-ro/salaj,2026-09-01
Firme înființate pe județe,2019-10-01,118.0000,Număr,RO-SJ,ONRC,https://www.onrc.ro,https://ecifre.ro/indicatori/firme-infiintate-judete-ro/salaj,2026-09-01
Firme înființate pe județe,2019-11-01,104.0000,Număr,RO-SJ,ONRC,https://www.onrc.ro,https://ecifre.ro/indicatori/firme-infiintate-judete-ro/salaj,2026-09-01
Firme înființate pe județe,2019-12-01,70.0000,Număr,RO-SJ,ONRC,https://www.onrc.ro,https://ecifre.ro/indicatori/firme-infiintate-judete-ro/salaj,2026-09-01
Firme înființate pe județe,2020-01-01,126.0000,Număr,RO-SJ,ONRC,https://www.onrc.ro,https://ecifre.ro/indicatori/firme-infiintate-judete-ro/salaj,2026-09-01
Firme înființate pe județe,2020-02-01,133.0000,Număr,RO-SJ,ONRC,https://www.onrc.ro,https://ecifre.ro/indicatori/firme-infiintate-judete-ro/salaj,2026-09-01
Firme înființate pe județe,2020-03-01,52.0000,Număr,RO-SJ,ONRC,https://www.onrc.ro,https://ecifre.ro/indicatori/firme-infiintate-judete-ro/salaj,2026-09-01
Firme înființate pe județe,2020-04-01,45.0000,Număr,RO-SJ,ONRC,https://www.onrc.ro,https://ecifre.ro/indicatori/firme-infiintate-judete-ro/salaj,2026-09-01
Firme înființate pe județe,2020-05-01,313.0000,Număr,RO-SJ,ONRC,https://www.onrc.ro,https://ecifre.ro/indicatori/firme-infiintate-judete-ro/salaj,2026-09-01
Firme înființate pe județe,2020-06-01,180.0000,Număr,RO-SJ,ONRC,https://www.onrc.ro,https://ecifre.ro/indicatori/firme-infiintate-judete-ro/salaj,2026-09-01
Firme înființate pe județe,2020-07-01,144.0000,Număr,RO-SJ,ONRC,https://www.onrc.ro,https://ecifre.ro/indicatori/firme-infiintate-judete-ro/salaj,2026-09-01
Firme înființate pe județe,2020-08-01,100.0000,Număr,RO-SJ,ONRC,https://www.onrc.ro,https://ecifre.ro/indicatori/firme-infiintate-judete-ro/salaj,2026-09-01
Firme înființate pe județe,2020-09-01,115.0000,Număr,RO-SJ,ONRC,https://www.onrc.ro,https://ecifre.ro/indicatori/firme-infiintate-judete-ro/salaj,2026-09-01
Firme înființate pe județe,2020-10-01,126.0000,Număr,RO-SJ,ONRC,https://www.onrc.ro,https://ecifre.ro/indicatori/firme-infiintate-judete-ro/salaj,2026-09-01
Firme înființate pe județe,2020-11-01,108.0000,Număr,RO-SJ,ONRC,https://www.onrc.ro,https://ecifre.ro/indicatori/firme-infiintate-judete-ro/salaj,2026-09-01
Firme înființate pe județe,2020-12-01,74.0000,Număr,RO-SJ,ONRC,https://www.onrc.ro,https://ecifre.ro/indicatori/firme-infiintate-judete-ro/salaj,2026-09-01
Firme înființate pe județe,2021-02-01,149.0000,Număr,RO-SJ,ONRC,https://www.onrc.ro,https://ecifre.ro/indicatori/firme-infiintate-judete-ro/salaj,2026-09-01
Firme înființate pe județe,2021-03-01,189.0000,Număr,RO-SJ,ONRC,https://www.onrc.ro,https://ecifre.ro/indicatori/firme-infiintate-judete-ro/salaj,2026-09-01
Firme înființate pe județe,2021-04-01,143.0000,Număr,RO-SJ,ONRC,https://www.onrc.ro,https://ecifre.ro/indicatori/firme-infiintate-judete-ro/salaj,2026-09-01
Firme înființate pe județe,2021-05-01,131.0000,Număr,RO-SJ,ONRC,https://www.onrc.ro,https://ecifre.ro/indicatori/firme-infiintate-judete-ro/salaj,2026-09-01
Firme înființate pe județe,2021-06-01,117.0000,Număr,RO-SJ,ONRC,https://www.onrc.ro,https://ecifre.ro/indicatori/firme-infiintate-judete-ro/salaj,2026-09-01
Firme înființate pe județe,2021-07-01,119.0000,Număr,RO-SJ,ONRC,https://www.onrc.ro,https://ecifre.ro/indicatori/firme-infiintate-judete-ro/salaj,2026-09-01
Firme înființate pe județe,2021-08-01,148.0000,Număr,RO-SJ,ONRC,https://www.onrc.ro,https://ecifre.ro/indicatori/firme-infiintate-judete-ro/salaj,2026-09-01
Firme înființate pe județe,2021-09-01,224.0000,Număr,RO-SJ,ONRC,https://www.onrc.ro,https://ecifre.ro/indicatori/firme-infiintate-judete-ro/salaj,2026-09-01
Firme înființate pe județe,2021-10-01,173.0000,Număr,RO-SJ,ONRC,https://www.onrc.ro,https://ecifre.ro/indicatori/firme-infiintate-judete-ro/salaj,2026-09-01
Firme înființate pe județe,2021-11-01,114.0000,Număr,RO-SJ,ONRC,https://www.onrc.ro,https://ecifre.ro/indicatori/firme-infiintate-judete-ro/salaj,2026-09-01
Firme înființate pe județe,2021-12-01,76.0000,Număr,RO-SJ,ONRC,https://www.onrc.ro,https://ecifre.ro/indicatori/firme-infiintate-judete-ro/salaj,2026-09-01
Firme înființate pe județe,2022-02-01,124.0000,Număr,RO-SJ,ONRC,https://www.onrc.ro,https://ecifre.ro/indicatori/firme-infiintate-judete-ro/salaj,2026-09-01
Firme înființate pe județe,2022-03-01,133.0000,Număr,RO-SJ,ONRC,https://www.onrc.ro,https://ecifre.ro/indicatori/firme-infiintate-judete-ro/salaj,2026-09-01
Firme înființate pe județe,2022-04-01,134.0000,Număr,RO-SJ,ONRC,https://www.onrc.ro,https://ecifre.ro/indicatori/firme-infiintate-judete-ro/salaj,2026-09-01
Firme înființate pe județe,2022-05-01,222.0000,Număr,RO-SJ,ONRC,https://www.onrc.ro,https://ecifre.ro/indicatori/firme-infiintate-judete-ro/salaj,2026-09-01
Firme înființate pe județe,2022-07-01,147.0000,Număr,RO-SJ,ONRC,https://www.onrc.ro,https://ecifre.ro/indicatori/firme-infiintate-judete-ro/salaj,2026-09-01
Firme înființate pe județe,2022-08-01,148.0000,Număr,RO-SJ,ONRC,https://www.onrc.ro,https://ecifre.ro/indicatori/firme-infiintate-judete-ro/salaj,2026-09-01
Firme înființate pe județe,2022-09-01,167.0000,Număr,RO-SJ,ONRC,https://www.onrc.ro,https://ecifre.ro/indicatori/firme-infiintate-judete-ro/salaj,2026-09-01
Firme înființate pe județe,2022-10-01,105.0000,Număr,RO-SJ,ONRC,https://www.onrc.ro,https://ecifre.ro/indicatori/firme-infiintate-judete-ro/salaj,2026-09-01
Firme înființate pe județe,2022-11-01,125.0000,Număr,RO-SJ,ONRC,https://www.onrc.ro,https://ecifre.ro/indicatori/firme-infiintate-judete-ro/salaj,2026-09-01
Firme înființate pe județe,2022-12-01,61.0000,Număr,RO-SJ,ONRC,https://www.onrc.ro,https://ecifre.ro/indicatori/firme-infiintate-judete-ro/salaj,2026-09-01
Firme înființate pe județe,2023-02-01,180.0000,Număr,RO-SJ,ONRC,https://www.onrc.ro,https://ecifre.ro/indicatori/firme-infiintate-judete-ro/salaj,2026-09-01
Firme înființate pe județe,2023-03-01,145.0000,Număr,RO-SJ,ONRC,https://www.onrc.ro,https://ecifre.ro/indicatori/firme-infiintate-judete-ro/salaj,2026-09-01
Firme înființate pe județe,2023-04-01,115.0000,Număr,RO-SJ,ONRC,https://www.onrc.ro,https://ecifre.ro/indicatori/firme-infiintate-judete-ro/salaj,2026-09-01
Firme înființate pe județe,2023-05-01,144.0000,Număr,RO-SJ,ONRC,https://www.onrc.ro,https://ecifre.ro/indicatori/firme-infiintate-judete-ro/salaj,2026-09-01
Firme înființate pe județe,2023-06-01,98.0000,Număr,RO-SJ,ONRC,https://www.onrc.ro,https://ecifre.ro/indicatori/firme-infiintate-judete-ro/salaj,2026-09-01
Firme înființate pe județe,2023-07-01,109.0000,Număr,RO-SJ,ONRC,https://www.onrc.ro,https://ecifre.ro/indicatori/firme-infiintate-judete-ro/salaj,2026-09-01
Firme înființate pe județe,2023-08-01,93.0000,Număr,RO-SJ,ONRC,https://www.onrc.ro,https://ecifre.ro/indicatori/firme-infiintate-judete-ro/salaj,2026-09-01
Firme înființate pe județe,2023-09-01,124.0000,Număr,RO-SJ,ONRC,https://www.onrc.ro,https://ecifre.ro/indicatori/firme-infiintate-judete-ro/salaj,2026-09-01
Firme înființate pe județe,2023-10-01,101.0000,Număr,RO-SJ,ONRC,https://www.onrc.ro,https://ecifre.ro/indicatori/firme-infiintate-judete-ro/salaj,2026-09-01
Firme înființate pe județe,2023-11-01,131.0000,Număr,RO-SJ,ONRC,https://www.onrc.ro,https://ecifre.ro/indicatori/firme-infiintate-judete-ro/salaj,2026-09-01
Firme înființate pe județe,2023-12-01,127.0000,Număr,RO-SJ,ONRC,https://www.onrc.ro,https://ecifre.ro/indicatori/firme-infiintate-judete-ro/salaj,2026-09-01
Firme înființate pe județe,2024-02-01,100.0000,Număr,RO-SJ,ONRC,https://www.onrc.ro,https://ecifre.ro/indicatori/firme-infiintate-judete-ro/salaj,2026-09-01
Firme înființate pe județe,2024-03-01,87.0000,Număr,RO-SJ,ONRC,https://www.onrc.ro,https://ecifre.ro/indicatori/firme-infiintate-judete-ro/salaj,2026-09-01
Firme înființate pe județe,2024-04-01,116.0000,Număr,RO-SJ,ONRC,https://www.onrc.ro,https://ecifre.ro/indicatori/firme-infiintate-judete-ro/salaj,2026-09-01
Firme înființate pe județe,2024-05-01,94.0000,Număr,RO-SJ,ONRC,https://www.onrc.ro,https://ecifre.ro/indicatori/firme-infiintate-judete-ro/salaj,2026-09-01
Firme înființate pe județe,2024-06-01,81.0000,Număr,RO-SJ,ONRC,https://www.onrc.ro,https://ecifre.ro/indicatori/firme-infiintate-judete-ro/salaj,2026-09-01
Firme înființate pe județe,2024-07-01,66.0000,Număr,RO-SJ,ONRC,https://www.onrc.ro,https://ecifre.ro/indicatori/firme-infiintate-judete-ro/salaj,2026-09-01
Firme înființate pe județe,2024-08-01,45.0000,Număr,RO-SJ,ONRC,https://www.onrc.ro,https://ecifre.ro/indicatori/firme-infiintate-judete-ro/salaj,2026-09-01
Firme înființate pe județe,2024-09-01,86.0000,Număr,RO-SJ,ONRC,https://www.onrc.ro,https://ecifre.ro/indicatori/firme-infiintate-judete-ro/salaj,2026-09-01
Firme înființate pe județe,2024-10-01,164.0000,Număr,RO-SJ,ONRC,https://www.onrc.ro,https://ecifre.ro/indicatori/firme-infiintate-judete-ro/salaj,2026-09-01
Firme înființate pe județe,2024-11-01,79.0000,Număr,RO-SJ,ONRC,https://www.onrc.ro,https://ecifre.ro/indicatori/firme-infiintate-judete-ro/salaj,2026-09-01
Firme înființate pe județe,2024-12-01,47.0000,Număr,RO-SJ,ONRC,https://www.onrc.ro,https://ecifre.ro/indicatori/firme-infiintate-judete-ro/salaj,2026-09-01
Firme înființate pe județe,2025-01-01,103.0000,Număr,RO-SJ,ONRC,https://www.onrc.ro,https://ecifre.ro/indicatori/firme-infiintate-judete-ro/salaj,2026-09-01
Firme înființate pe județe,2025-02-01,115.0000,Număr,RO-SJ,ONRC,https://www.onrc.ro,https://ecifre.ro/indicatori/firme-infiintate-judete-ro/salaj,2026-09-01
Firme înființate pe județe,2025-03-01,113.0000,Număr,RO-SJ,ONRC,https://www.onrc.ro,https://ecifre.ro/indicatori/firme-infiintate-judete-ro/salaj,2026-09-01
Firme înființate pe județe,2025-04-01,87.0000,Număr,RO-SJ,ONRC,https://www.onrc.ro,https://ecifre.ro/indicatori/firme-infiintate-judete-ro/salaj,2026-09-01
Firme înființate pe județe,2025-05-01,103.0000,Număr,RO-SJ,ONRC,https://www.onrc.ro,https://ecifre.ro/indicatori/firme-infiintate-judete-ro/salaj,2026-09-01
Firme înființate pe județe,2025-06-01,92.0000,Număr,RO-SJ,ONRC,https://www.onrc.ro,https://ecifre.ro/indicatori/firme-infiintate-judete-ro/salaj,2026-09-01
Firme înființate pe județe,2025-07-01,117.0000,Număr,RO-SJ,ONRC,https://www.onrc.ro,https://ecifre.ro/indicatori/firme-infiintate-judete-ro/salaj,2026-09-01
Firme înființate pe județe,2025-08-01,121.0000,Număr,RO-SJ,ONRC,https://www.onrc.ro,https://ecifre.ro/indicatori/firme-infiintate-judete-ro/salaj,2026-09-01
Firme înființate pe județe,2025-09-01,154.0000,Număr,RO-SJ,ONRC,https://www.onrc.ro,https://ecifre.ro/indicatori/firme-infiintate-judete-ro/salaj,2026-09-01
Firme înființate pe județe,2025-10-01,134.0000,Număr,RO-SJ,ONRC,https://www.onrc.ro,https://ecifre.ro/indicatori/firme-infiintate-judete-ro/salaj,2026-09-01
Firme înființate pe județe,2025-11-01,137.0000,Număr,RO-SJ,ONRC,https://www.onrc.ro,https://ecifre.ro/indicatori/firme-infiintate-judete-ro/salaj,2026-09-01
Firme înființate pe județe,2025-12-01,112.0000,Număr,RO-SJ,ONRC,https://www.onrc.ro,https://ecifre.ro/indicatori/firme-infiintate-judete-ro/salaj,2026-09-01
Firme înființate pe județe,2026-01-01,84.0000,Număr,RO-SJ,ONRC,https://www.onrc.ro,https://ecifre.ro/indicatori/firme-infiintate-judete-ro/salaj,2026-09-01
Firme înființate pe județe,2026-02-01,111.0000,Număr,RO-SJ,ONRC,https://www.onrc.ro,https://ecifre.ro/indicatori/firme-infiintate-judete-ro/salaj,2026-09-01
Firme înființate pe județe,2026-03-01,125.0000,Număr,RO-SJ,ONRC,https://www.onrc.ro,https://ecifre.ro/indicatori/firme-infiintate-judete-ro/salaj,2026-09-01
Firme înființate pe județe,2026-04-01,120.0000,Număr,RO-SJ,ONRC,https://www.onrc.ro,https://ecifre.ro/indicatori/firme-infiintate-judete-ro/salaj,2026-09-01
Firme înființate pe județe,2026-05-01,109.0000,Număr,RO-SJ,ONRC,https://www.onrc.ro,https://ecifre.ro/indicatori/firme-infiintate-judete-ro/salaj,2026-09-01
Firme înființate pe județe,2026-06-01,87.0000,Număr,RO-SJ,ONRC,https://www.onrc.ro,https://ecifre.ro/indicatori/firme-infiintate-judete-ro/salaj,2026-09-01
Firme înființate pe județe,2026-07-01,89.0000,Număr,RO-SJ,ONRC,https://www.onrc.ro,https://ecifre.ro/indicatori/firme-infiintate-judete-ro/salaj,2026-09-01
Firme înființate pe județe,2014-01-01,95.0000,Număr,RO-TR,ONRC,https://www.onrc.ro,https://ecifre.ro/indicatori/firme-infiintate-judete-ro/teleorman,2026-09-01
Firme înființate pe județe,2015-01-01,70.0000,Număr,RO-TR,ONRC,https://www.onrc.ro,https://ecifre.ro/indicatori/firme-infiintate-judete-ro/teleorman,2026-09-01
Firme înființate pe județe,2016-01-01,74.0000,Număr,RO-TR,ONRC,https://www.onrc.ro,https://ecifre.ro/indicatori/firme-infiintate-judete-ro/teleorman,2026-09-01
Firme înființate pe județe,2017-01-01,48.0000,Număr,RO-TR,ONRC,https://www.onrc.ro,https://ecifre.ro/indicatori/firme-infiintate-judete-ro/teleorman,2026-09-01
Firme înființate pe județe,2017-03-01,143.0000,Număr,RO-TR,ONRC,https://www.onrc.ro,https://ecifre.ro/indicatori/firme-infiintate-judete-ro/teleorman,2026-09-01
Firme înființate pe județe,2017-04-01,118.0000,Număr,RO-TR,ONRC,https://www.onrc.ro,https://ecifre.ro/indicatori/firme-infiintate-judete-ro/teleorman,2026-09-01
Firme înființate pe județe,2017-05-01,145.0000,Număr,RO-TR,ONRC,https://www.onrc.ro,https://ecifre.ro/indicatori/firme-infiintate-judete-ro/teleorman,2026-09-01
Firme înființate pe județe,2017-06-01,120.0000,Număr,RO-TR,ONRC,https://www.onrc.ro,https://ecifre.ro/indicatori/firme-infiintate-judete-ro/teleorman,2026-09-01
Firme înființate pe județe,2017-07-01,111.0000,Număr,RO-TR,ONRC,https://www.onrc.ro,https://ecifre.ro/indicatori/firme-infiintate-judete-ro/teleorman,2026-09-01
Firme înființate pe județe,2017-08-01,87.0000,Număr,RO-TR,ONRC,https://www.onrc.ro,https://ecifre.ro/indicatori/firme-infiintate-judete-ro/teleorman,2026-09-01
Firme înființate pe județe,2017-09-01,75.0000,Număr,RO-TR,ONRC,https://www.onrc.ro,https://ecifre.ro/indicatori/firme-infiintate-judete-ro/teleorman,2026-09-01
Firme înființate pe județe,2017-10-01,78.0000,Număr,RO-TR,ONRC,https://www.onrc.ro,https://ecifre.ro/indicatori/firme-infiintate-judete-ro/teleorman,2026-09-01
Firme înființate pe județe,2017-11-01,66.0000,Număr,RO-TR,ONRC,https://www.onrc.ro,https://ecifre.ro/indicatori/firme-infiintate-judete-ro/teleorman,2026-09-01
Firme înființate pe județe,2017-12-01,53.0000,Număr,RO-TR,ONRC,https://www.onrc.ro,https://ecifre.ro/indicatori/firme-infiintate-judete-ro/teleorman,2026-09-01
Firme înființate pe județe,2018-01-01,84.0000,Număr,RO-TR,ONRC,https://www.onrc.ro,https://ecifre.ro/indicatori/firme-infiintate-judete-ro/teleorman,2026-09-01
Firme înființate pe județe,2018-02-01,119.0000,Număr,RO-TR,ONRC,https://www.onrc.ro,https://ecifre.ro/indicatori/firme-infiintate-judete-ro/teleorman,2026-09-01
Firme înființate pe județe,2018-03-01,106.0000,Număr,RO-TR,ONRC,https://www.onrc.ro,https://ecifre.ro/indicatori/firme-infiintate-judete-ro/teleorman,2026-09-01
Firme înființate pe județe,2018-04-01,102.0000,Număr,RO-TR,ONRC,https://www.onrc.ro,https://ecifre.ro/indicatori/firme-infiintate-judete-ro/teleorman,2026-09-01
Firme înființate pe județe,2018-05-01,142.0000,Număr,RO-TR,ONRC,https://www.onrc.ro,https://ecifre.ro/indicatori/firme-infiintate-judete-ro/teleorman,2026-09-01
Firme înființate pe județe,2018-06-01,90.0000,Număr,RO-TR,ONRC,https://www.onrc.ro,https://ecifre.ro/indicatori/firme-infiintate-judete-ro/teleorman,2026-09-01
Firme înființate pe județe,2018-07-01,89.0000,Număr,RO-TR,ONRC,https://www.onrc.ro,https://ecifre.ro/indicatori/firme-infiintate-judete-ro/teleorman,2026-09-01
Firme înființate pe județe,2018-08-01,82.0000,Număr,RO-TR,ONRC,https://www.onrc.ro,https://ecifre.ro/indicatori/firme-infiintate-judete-ro/teleorman,2026-09-01
Firme înființate pe județe,2018-09-01,75.0000,Număr,RO-TR,ONRC,https://www.onrc.ro,https://ecifre.ro/indicatori/firme-infiintate-judete-ro/teleorman,2026-09-01
Firme înființate pe județe,2018-10-01,86.0000,Număr,RO-TR,ONRC,https://www.onrc.ro,https://ecifre.ro/indicatori/firme-infiintate-judete-ro/teleorman,2026-09-01
Firme înființate pe județe,2018-11-01,145.0000,Număr,RO-TR,ONRC,https://www.onrc.ro,https://ecifre.ro/indicatori/firme-infiintate-judete-ro/teleorman,2026-09-01
Firme înființate pe județe,2018-12-01,153.0000,Număr,RO-TR,ONRC,https://www.onrc.ro,https://ecifre.ro/indicatori/firme-infiintate-judete-ro/teleorman,2026-09-01
Firme înființate pe județe,2019-01-01,188.0000,Număr,RO-TR,ONRC,https://www.onrc.ro,https://ecifre.ro/indicatori/firme-infiintate-judete-ro/teleorman,2026-09-01
Firme înființate pe județe,2019-02-01,130.0000,Număr,RO-TR,ONRC,https://www.onrc.ro,https://ecifre.ro/indicatori/firme-infiintate-judete-ro/teleorman,2026-09-01
Firme înființate pe județe,2019-03-01,147.0000,Număr,RO-TR,ONRC,https://www.onrc.ro,https://ecifre.ro/indicatori/firme-infiintate-judete-ro/teleorman,2026-09-01
Firme înființate pe județe,2019-04-01,209.0000,Număr,RO-TR,ONRC,https://www.onrc.ro,https://ecifre.ro/indicatori/firme-infiintate-judete-ro/teleorman,2026-09-01
Firme înființate pe județe,2019-05-01,134.0000,Număr,RO-TR,ONRC,https://www.onrc.ro,https://ecifre.ro/indicatori/firme-infiintate-judete-ro/teleorman,2026-09-01
Firme înființate pe județe,2019-06-01,106.0000,Număr,RO-TR,ONRC,https://www.onrc.ro,https://ecifre.ro/indicatori/firme-infiintate-judete-ro/teleorman,2026-09-01
Firme înființate pe județe,2019-07-01,99.0000,Număr,RO-TR,ONRC,https://www.onrc.ro,https://ecifre.ro/indicatori/firme-infiintate-judete-ro/teleorman,2026-09-01
Firme înființate pe județe,2019-08-01,91.0000,Număr,RO-TR,ONRC,https://www.onrc.ro,https://ecifre.ro/indicatori/firme-infiintate-judete-ro/teleorman,2026-09-01
Firme înființate pe județe,2019-09-01,82.0000,Număr,RO-TR,ONRC,https://www.onrc.ro,https://ecifre.ro/indicatori/firme-infiintate-judete-ro/teleorman,2026-09-01
Firme înființate pe județe,2019-10-01,100.0000,Număr,RO-TR,ONRC,https://www.onrc.ro,https://ecifre.ro/indicatori/firme-infiintate-judete-ro/teleorman,2026-09-01
Firme înființate pe județe,2019-11-01,60.0000,Număr,RO-TR,ONRC,https://www.onrc.ro,https://ecifre.ro/indicatori/firme-infiintate-judete-ro/teleorman,2026-09-01
Firme înființate pe județe,2019-12-01,79.0000,Număr,RO-TR,ONRC,https://www.onrc.ro,https://ecifre.ro/indicatori/firme-infiintate-judete-ro/teleorman,2026-09-01
Firme înființate pe județe,2020-01-01,93.0000,Număr,RO-TR,ONRC,https://www.onrc.ro,https://ecifre.ro/indicatori/firme-infiintate-judete-ro/teleorman,2026-09-01
Firme înființate pe județe,2020-02-01,104.0000,Număr,RO-TR,ONRC,https://www.onrc.ro,https://ecifre.ro/indicatori/firme-infiintate-judete-ro/teleorman,2026-09-01
Firme înființate pe județe,2020-03-01,54.0000,Număr,RO-TR,ONRC,https://www.onrc.ro,https://ecifre.ro/indicatori/firme-infiintate-judete-ro/teleorman,2026-09-01
Firme înființate pe județe,2020-04-01,10.0000,Număr,RO-TR,ONRC,https://www.onrc.ro,https://ecifre.ro/indicatori/firme-infiintate-judete-ro/teleorman,2026-09-01
Firme înființate pe județe,2020-05-01,83.0000,Număr,RO-TR,ONRC,https://www.onrc.ro,https://ecifre.ro/indicatori/firme-infiintate-judete-ro/teleorman,2026-09-01
Firme înființate pe județe,2020-06-01,154.0000,Număr,RO-TR,ONRC,https://www.onrc.ro,https://ecifre.ro/indicatori/firme-infiintate-judete-ro/teleorman,2026-09-01
Firme înființate pe județe,2020-07-01,163.0000,Număr,RO-TR,ONRC,https://www.onrc.ro,https://ecifre.ro/indicatori/firme-infiintate-judete-ro/teleorman,2026-09-01
Firme înființate pe județe,2020-08-01,98.0000,Număr,RO-TR,ONRC,https://www.onrc.ro,https://ecifre.ro/indicatori/firme-infiintate-judete-ro/teleorman,2026-09-01
Firme înființate pe județe,2020-09-01,96.0000,Număr,RO-TR,ONRC,https://www.onrc.ro,https://ecifre.ro/indicatori/firme-infiintate-judete-ro/teleorman,2026-09-01
Firme înființate pe județe,2020-10-01,99.0000,Număr,RO-TR,ONRC,https://www.onrc.ro,https://ecifre.ro/indicatori/firme-infiintate-judete-ro/teleorman,2026-09-01
Firme înființate pe județe,2020-11-01,74.0000,Număr,RO-TR,ONRC,https://www.onrc.ro,https://ecifre.ro/indicatori/firme-infiintate-judete-ro/teleorman,2026-09-01
Firme înființate pe județe,2020-12-01,93.0000,Număr,RO-TR,ONRC,https://www.onrc.ro,https://ecifre.ro/indicatori/firme-infiintate-judete-ro/teleorman,2026-09-01
Firme înființate pe județe,2021-02-01,119.0000,Număr,RO-TR,ONRC,https://www.onrc.ro,https://ecifre.ro/indicatori/firme-infiintate-judete-ro/teleorman,2026-09-01
Firme înființate pe județe,2021-03-01,144.0000,Număr,RO-TR,ONRC,https://www.onrc.ro,https://ecifre.ro/indicatori/firme-infiintate-judete-ro/teleorman,2026-09-01
Firme înființate pe județe,2021-04-01,145.0000,Număr,RO-TR,ONRC,https://www.onrc.ro,https://ecifre.ro/indicatori/firme-infiintate-judete-ro/teleorman,2026-09-01
Firme înființate pe județe,2021-05-01,124.0000,Număr,RO-TR,ONRC,https://www.onrc.ro,https://ecifre.ro/indicatori/firme-infiintate-judete-ro/teleorman,2026-09-01
Firme înființate pe județe,2021-06-01,112.0000,Număr,RO-TR,ONRC,https://www.onrc.ro,https://ecifre.ro/indicatori/firme-infiintate-judete-ro/teleorman,2026-09-01
Firme înființate pe județe,2021-07-01,99.0000,Număr,RO-TR,ONRC,https://www.onrc.ro,https://ecifre.ro/indicatori/firme-infiintate-judete-ro/teleorman,2026-09-01
Firme înființate pe județe,2021-08-01,116.0000,Număr,RO-TR,ONRC,https://www.onrc.ro,https://ecifre.ro/indicatori/firme-infiintate-judete-ro/teleorman,2026-09-01
Firme înființate pe județe,2021-09-01,118.0000,Număr,RO-TR,ONRC,https://www.onrc.ro,https://ecifre.ro/indicatori/firme-infiintate-judete-ro/teleorman,2026-09-01
Firme înființate pe județe,2021-10-01,104.0000,Număr,RO-TR,ONRC,https://www.onrc.ro,https://ecifre.ro/indicatori/firme-infiintate-judete-ro/teleorman,2026-09-01
Firme înființate pe județe,2021-11-01,77.0000,Număr,RO-TR,ONRC,https://www.onrc.ro,https://ecifre.ro/indicatori/firme-infiintate-judete-ro/teleorman,2026-09-01
Firme înființate pe județe,2021-12-01,72.0000,Număr,RO-TR,ONRC,https://www.onrc.ro,https://ecifre.ro/indicatori/firme-infiintate-judete-ro/teleorman,2026-09-01
Firme înființate pe județe,2022-02-01,103.0000,Număr,RO-TR,ONRC,https://www.onrc.ro,https://ecifre.ro/indicatori/firme-infiintate-judete-ro/teleorman,2026-09-01
Firme înființate pe județe,2022-03-01,104.0000,Număr,RO-TR,ONRC,https://www.onrc.ro,https://ecifre.ro/indicatori/firme-infiintate-judete-ro/teleorman,2026-09-01
Firme înființate pe județe,2022-04-01,90.0000,Număr,RO-TR,ONRC,https://www.onrc.ro,https://ecifre.ro/indicatori/firme-infiintate-judete-ro/teleorman,2026-09-01
Firme înființate pe județe,2022-05-01,146.0000,Număr,RO-TR,ONRC,https://www.onrc.ro,https://ecifre.ro/indicatori/firme-infiintate-judete-ro/teleorman,2026-09-01
Firme înființate pe județe,2022-07-01,102.0000,Număr,RO-TR,ONRC,https://www.onrc.ro,https://ecifre.ro/indicatori/firme-infiintate-judete-ro/teleorman,2026-09-01
Firme înființate pe județe,2022-08-01,135.0000,Număr,RO-TR,ONRC,https://www.onrc.ro,https://ecifre.ro/indicatori/firme-infiintate-judete-ro/teleorman,2026-09-01
Firme înființate pe județe,2022-09-01,96.0000,Număr,RO-TR,ONRC,https://www.onrc.ro,https://ecifre.ro/indicatori/firme-infiintate-judete-ro/teleorman,2026-09-01
Firme înființate pe județe,2022-10-01,76.0000,Număr,RO-TR,ONRC,https://www.onrc.ro,https://ecifre.ro/indicatori/firme-infiintate-judete-ro/teleorman,2026-09-01
Firme înființate pe județe,2022-11-01,100.0000,Număr,RO-TR,ONRC,https://www.onrc.ro,https://ecifre.ro/indicatori/firme-infiintate-judete-ro/teleorman,2026-09-01
Firme înființate pe județe,2022-12-01,126.0000,Număr,RO-TR,ONRC,https://www.onrc.ro,https://ecifre.ro/indicatori/firme-infiintate-judete-ro/teleorman,2026-09-01
Firme înființate pe județe,2023-02-01,98.0000,Număr,RO-TR,ONRC,https://www.onrc.ro,https://ecifre.ro/indicatori/firme-infiintate-judete-ro/teleorman,2026-09-01
Firme înființate pe județe,2023-03-01,114.0000,Număr,RO-TR,ONRC,https://www.onrc.ro,https://ecifre.ro/indicatori/firme-infiintate-judete-ro/teleorman,2026-09-01
Firme înființate pe județe,2023-04-01,98.0000,Număr,RO-TR,ONRC,https://www.onrc.ro,https://ecifre.ro/indicatori/firme-infiintate-judete-ro/teleorman,2026-09-01
Firme înființate pe județe,2023-05-01,129.0000,Număr,RO-TR,ONRC,https://www.onrc.ro,https://ecifre.ro/indicatori/firme-infiintate-judete-ro/teleorman,2026-09-01
Firme înființate pe județe,2023-06-01,94.0000,Număr,RO-TR,ONRC,https://www.onrc.ro,https://ecifre.ro/indicatori/firme-infiintate-judete-ro/teleorman,2026-09-01
Firme înființate pe județe,2023-07-01,65.0000,Număr,RO-TR,ONRC,https://www.onrc.ro,https://ecifre.ro/indicatori/firme-infiintate-judete-ro/teleorman,2026-09-01
Firme înființate pe județe,2023-08-01,86.0000,Număr,RO-TR,ONRC,https://www.onrc.ro,https://ecifre.ro/indicatori/firme-infiintate-judete-ro/teleorman,2026-09-01
Firme înființate pe județe,2023-09-01,83.0000,Număr,RO-TR,ONRC,https://www.onrc.ro,https://ecifre.ro/indicatori/firme-infiintate-judete-ro/teleorman,2026-09-01
Firme înființate pe județe,2023-10-01,83.0000,Număr,RO-TR,ONRC,https://www.onrc.ro,https://ecifre.ro/indicatori/firme-infiintate-judete-ro/teleorman,2026-09-01
Firme înființate pe județe,2023-11-01,100.0000,Număr,RO-TR,ONRC,https://www.onrc.ro,https://ecifre.ro/indicatori/firme-infiintate-judete-ro/teleorman,2026-09-01
Firme înființate pe județe,2023-12-01,69.0000,Număr,RO-TR,ONRC,https://www.onrc.ro,https://ecifre.ro/indicatori/firme-infiintate-judete-ro/teleorman,2026-09-01
Firme înființate pe județe,2024-02-01,98.0000,Număr,RO-TR,ONRC,https://www.onrc.ro,https://ecifre.ro/indicatori/firme-infiintate-judete-ro/teleorman,2026-09-01
Firme înființate pe județe,2024-03-01,95.0000,Număr,RO-TR,ONRC,https://www.onrc.ro,https://ecifre.ro/indicatori/firme-infiintate-judete-ro/teleorman,2026-09-01
Firme înființate pe județe,2024-04-01,85.0000,Număr,RO-TR,ONRC,https://www.onrc.ro,https://ecifre.ro/indicatori/firme-infiintate-judete-ro/teleorman,2026-09-01
Firme înființate pe județe,2024-05-01,60.0000,Număr,RO-TR,ONRC,https://www.onrc.ro,https://ecifre.ro/indicatori/firme-infiintate-judete-ro/teleorman,2026-09-01
Firme înființate pe județe,2024-06-01,58.0000,Număr,RO-TR,ONRC,https://www.onrc.ro,https://ecifre.ro/indicatori/firme-infiintate-judete-ro/teleorman,2026-09-01
Firme înființate pe județe,2024-07-01,40.0000,Număr,RO-TR,ONRC,https://www.onrc.ro,https://ecifre.ro/indicatori/firme-infiintate-judete-ro/teleorman,2026-09-01
Firme înființate pe județe,2024-08-01,21.0000,Număr,RO-TR,ONRC,https://www.onrc.ro,https://ecifre.ro/indicatori/firme-infiintate-judete-ro/teleorman,2026-09-01
Firme înființate pe județe,2024-09-01,46.0000,Număr,RO-TR,ONRC,https://www.onrc.ro,https://ecifre.ro/indicatori/firme-infiintate-judete-ro/teleorman,2026-09-01
Firme înființate pe județe,2024-10-01,120.0000,Număr,RO-TR,ONRC,https://www.onrc.ro,https://ecifre.ro/indicatori/firme-infiintate-judete-ro/teleorman,2026-09-01
Firme înființate pe județe,2024-11-01,88.0000,Număr,RO-TR,ONRC,https://www.onrc.ro,https://ecifre.ro/indicatori/firme-infiintate-judete-ro/teleorman,2026-09-01
Firme înființate pe județe,2024-12-01,51.0000,Număr,RO-TR,ONRC,https://www.onrc.ro,https://ecifre.ro/indicatori/firme-infiintate-judete-ro/teleorman,2026-09-01
Firme înființate pe județe,2025-01-01,65.0000,Număr,RO-TR,ONRC,https://www.onrc.ro,https://ecifre.ro/indicatori/firme-infiintate-judete-ro/teleorman,2026-09-01
Firme înființate pe județe,2025-02-01,87.0000,Număr,RO-TR,ONRC,https://www.onrc.ro,https://ecifre.ro/indicatori/firme-infiintate-judete-ro/teleorman,2026-09-01
Firme înființate pe județe,2025-03-01,109.0000,Număr,RO-TR,ONRC,https://www.onrc.ro,https://ecifre.ro/indicatori/firme-infiintate-judete-ro/teleorman,2026-09-01
Firme înființate pe județe,2025-04-01,68.0000,Număr,RO-TR,ONRC,https://www.onrc.ro,https://ecifre.ro/indicatori/firme-infiintate-judete-ro/teleorman,2026-09-01
Firme înființate pe județe,2025-05-01,87.0000,Număr,RO-TR,ONRC,https://www.onrc.ro,https://ecifre.ro/indicatori/firme-infiintate-judete-ro/teleorman,2026-09-01
Firme înființate pe județe,2025-06-01,89.0000,Număr,RO-TR,ONRC,https://www.onrc.ro,https://ecifre.ro/indicatori/firme-infiintate-judete-ro/teleorman,2026-09-01
Firme înființate pe județe,2025-07-01,107.0000,Număr,RO-TR,ONRC,https://www.onrc.ro,https://ecifre.ro/indicatori/firme-infiintate-judete-ro/teleorman,2026-09-01
Firme înființate pe județe,2025-08-01,63.0000,Număr,RO-TR,ONRC,https://www.onrc.ro,https://ecifre.ro/indicatori/firme-infiintate-judete-ro/teleorman,2026-09-01
Firme înființate pe județe,2025-09-01,71.0000,Număr,RO-TR,ONRC,https://www.onrc.ro,https://ecifre.ro/indicatori/firme-infiintate-judete-ro/teleorman,2026-09-01
Firme înființate pe județe,2025-10-01,93.0000,Număr,RO-TR,ONRC,https://www.onrc.ro,https://ecifre.ro/indicatori/firme-infiintate-judete-ro/teleorman,2026-09-01
Firme înființate pe județe,2025-11-01,89.0000,Număr,RO-TR,ONRC,https://www.onrc.ro,https://ecifre.ro/indicatori/firme-infiintate-judete-ro/teleorman,2026-09-01
Firme înființate pe județe,2025-12-01,87.0000,Număr,RO-TR,ONRC,https://www.onrc.ro,https://ecifre.ro/indicatori/firme-infiintate-judete-ro/teleorman,2026-09-01
Firme înființate pe județe,2026-01-01,50.0000,Număr,RO-TR,ONRC,https://www.onrc.ro,https://ecifre.ro/indicatori/firme-infiintate-judete-ro/teleorman,2026-09-01
Firme înființate pe județe,2026-02-01,87.0000,Număr,RO-TR,ONRC,https://www.onrc.ro,https://ecifre.ro/indicatori/firme-infiintate-judete-ro/teleorman,2026-09-01
Firme înființate pe județe,2026-03-01,32.0000,Număr,RO-TR,ONRC,https://www.onrc.ro,https://ecifre.ro/indicatori/firme-infiintate-judete-ro/teleorman,2026-09-01
Firme înființate pe județe,2026-04-01,140.0000,Număr,RO-TR,ONRC,https://www.onrc.ro,https://ecifre.ro/indicatori/firme-infiintate-judete-ro/teleorman,2026-09-01
Firme înființate pe județe,2026-05-01,99.0000,Număr,RO-TR,ONRC,https://www.onrc.ro,https://ecifre.ro/indicatori/firme-infiintate-judete-ro/teleorman,2026-09-01
Firme înființate pe județe,2026-06-01,61.0000,Număr,RO-TR,ONRC,https://www.onrc.ro,https://ecifre.ro/indicatori/firme-infiintate-judete-ro/teleorman,2026-09-01
Firme înființate pe județe,2026-07-01,75.0000,Număr,RO-TR,ONRC,https://www.onrc.ro,https://ecifre.ro/indicatori/firme-infiintate-judete-ro/teleorman,2026-09-01
Firme înființate pe județe,2014-01-01,373.0000,Număr,RO-TM,ONRC,https://www.onrc.ro,https://ecifre.ro/indicatori/firme-infiintate-judete-ro/timis,2026-09-01
Firme înființate pe județe,2015-01-01,342.0000,Număr,RO-TM,ONRC,https://www.onrc.ro,https://ecifre.ro/indicatori/firme-infiintate-judete-ro/timis,2026-09-01
Firme înființate pe județe,2016-01-01,312.0000,Număr,RO-TM,ONRC,https://www.onrc.ro,https://ecifre.ro/indicatori/firme-infiintate-judete-ro/timis,2026-09-01
Firme înființate pe județe,2017-01-01,261.0000,Număr,RO-TM,ONRC,https://www.onrc.ro,https://ecifre.ro/indicatori/firme-infiintate-judete-ro/timis,2026-09-01
Firme înființate pe județe,2017-03-01,739.0000,Număr,RO-TM,ONRC,https://www.onrc.ro,https://ecifre.ro/indicatori/firme-infiintate-judete-ro/timis,2026-09-01
Firme înființate pe județe,2017-04-01,631.0000,Număr,RO-TM,ONRC,https://www.onrc.ro,https://ecifre.ro/indicatori/firme-infiintate-judete-ro/timis,2026-09-01
Firme înființate pe județe,2017-05-01,811.0000,Număr,RO-TM,ONRC,https://www.onrc.ro,https://ecifre.ro/indicatori/firme-infiintate-judete-ro/timis,2026-09-01
Firme înființate pe județe,2017-06-01,707.0000,Număr,RO-TM,ONRC,https://www.onrc.ro,https://ecifre.ro/indicatori/firme-infiintate-judete-ro/timis,2026-09-01
Firme înființate pe județe,2017-07-01,615.0000,Număr,RO-TM,ONRC,https://www.onrc.ro,https://ecifre.ro/indicatori/firme-infiintate-judete-ro/timis,2026-09-01
Firme înființate pe județe,2017-08-01,353.0000,Număr,RO-TM,ONRC,https://www.onrc.ro,https://ecifre.ro/indicatori/firme-infiintate-judete-ro/timis,2026-09-01
Firme înființate pe județe,2017-09-01,412.0000,Număr,RO-TM,ONRC,https://www.onrc.ro,https://ecifre.ro/indicatori/firme-infiintate-judete-ro/timis,2026-09-01
Firme înființate pe județe,2017-10-01,440.0000,Număr,RO-TM,ONRC,https://www.onrc.ro,https://ecifre.ro/indicatori/firme-infiintate-judete-ro/timis,2026-09-01
Firme înființate pe județe,2017-11-01,415.0000,Număr,RO-TM,ONRC,https://www.onrc.ro,https://ecifre.ro/indicatori/firme-infiintate-judete-ro/timis,2026-09-01
Firme înființate pe județe,2017-12-01,247.0000,Număr,RO-TM,ONRC,https://www.onrc.ro,https://ecifre.ro/indicatori/firme-infiintate-judete-ro/timis,2026-09-01
Firme înființate pe județe,2018-01-01,428.0000,Număr,RO-TM,ONRC,https://www.onrc.ro,https://ecifre.ro/indicatori/firme-infiintate-judete-ro/timis,2026-09-01
Firme înființate pe județe,2018-02-01,559.0000,Număr,RO-TM,ONRC,https://www.onrc.ro,https://ecifre.ro/indicatori/firme-infiintate-judete-ro/timis,2026-09-01
Firme înființate pe județe,2018-03-01,655.0000,Număr,RO-TM,ONRC,https://www.onrc.ro,https://ecifre.ro/indicatori/firme-infiintate-judete-ro/timis,2026-09-01
Firme înființate pe județe,2018-04-01,585.0000,Număr,RO-TM,ONRC,https://www.onrc.ro,https://ecifre.ro/indicatori/firme-infiintate-judete-ro/timis,2026-09-01
Firme înființate pe județe,2018-05-01,636.0000,Număr,RO-TM,ONRC,https://www.onrc.ro,https://ecifre.ro/indicatori/firme-infiintate-judete-ro/timis,2026-09-01
Firme înființate pe județe,2018-06-01,504.0000,Număr,RO-TM,ONRC,https://www.onrc.ro,https://ecifre.ro/indicatori/firme-infiintate-judete-ro/timis,2026-09-01
Firme înființate pe județe,2018-07-01,477.0000,Număr,RO-TM,ONRC,https://www.onrc.ro,https://ecifre.ro/indicatori/firme-infiintate-judete-ro/timis,2026-09-01
Firme înființate pe județe,2018-08-01,459.0000,Număr,RO-TM,ONRC,https://www.onrc.ro,https://ecifre.ro/indicatori/firme-infiintate-judete-ro/timis,2026-09-01
Firme înființate pe județe,2018-09-01,475.0000,Număr,RO-TM,ONRC,https://www.onrc.ro,https://ecifre.ro/indicatori/firme-infiintate-judete-ro/timis,2026-09-01
Firme înființate pe județe,2018-10-01,490.0000,Număr,RO-TM,ONRC,https://www.onrc.ro,https://ecifre.ro/indicatori/firme-infiintate-judete-ro/timis,2026-09-01
Firme înființate pe județe,2018-11-01,632.0000,Număr,RO-TM,ONRC,https://www.onrc.ro,https://ecifre.ro/indicatori/firme-infiintate-judete-ro/timis,2026-09-01
Firme înființate pe județe,2018-12-01,513.0000,Număr,RO-TM,ONRC,https://www.onrc.ro,https://ecifre.ro/indicatori/firme-infiintate-judete-ro/timis,2026-09-01
Firme înființate pe județe,2019-01-01,807.0000,Număr,RO-TM,ONRC,https://www.onrc.ro,https://ecifre.ro/indicatori/firme-infiintate-judete-ro/timis,2026-09-01
Firme înființate pe județe,2019-02-01,566.0000,Număr,RO-TM,ONRC,https://www.onrc.ro,https://ecifre.ro/indicatori/firme-infiintate-judete-ro/timis,2026-09-01
Firme înființate pe județe,2019-03-01,531.0000,Număr,RO-TM,ONRC,https://www.onrc.ro,https://ecifre.ro/indicatori/firme-infiintate-judete-ro/timis,2026-09-01
Firme înființate pe județe,2019-04-01,509.0000,Număr,RO-TM,ONRC,https://www.onrc.ro,https://ecifre.ro/indicatori/firme-infiintate-judete-ro/timis,2026-09-01
Firme înființate pe județe,2019-05-01,498.0000,Număr,RO-TM,ONRC,https://www.onrc.ro,https://ecifre.ro/indicatori/firme-infiintate-judete-ro/timis,2026-09-01
Firme înființate pe județe,2019-06-01,429.0000,Număr,RO-TM,ONRC,https://www.onrc.ro,https://ecifre.ro/indicatori/firme-infiintate-judete-ro/timis,2026-09-01
Firme înființate pe județe,2019-07-01,426.0000,Număr,RO-TM,ONRC,https://www.onrc.ro,https://ecifre.ro/indicatori/firme-infiintate-judete-ro/timis,2026-09-01
Firme înființate pe județe,2019-08-01,358.0000,Număr,RO-TM,ONRC,https://www.onrc.ro,https://ecifre.ro/indicatori/firme-infiintate-judete-ro/timis,2026-09-01
Firme înființate pe județe,2019-09-01,451.0000,Număr,RO-TM,ONRC,https://www.onrc.ro,https://ecifre.ro/indicatori/firme-infiintate-judete-ro/timis,2026-09-01
Firme înființate pe județe,2019-10-01,514.0000,Număr,RO-TM,ONRC,https://www.onrc.ro,https://ecifre.ro/indicatori/firme-infiintate-judete-ro/timis,2026-09-01
Firme înființate pe județe,2019-11-01,400.0000,Număr,RO-TM,ONRC,https://www.onrc.ro,https://ecifre.ro/indicatori/firme-infiintate-judete-ro/timis,2026-09-01
Firme înființate pe județe,2019-12-01,445.0000,Număr,RO-TM,ONRC,https://www.onrc.ro,https://ecifre.ro/indicatori/firme-infiintate-judete-ro/timis,2026-09-01
Firme înființate pe județe,2020-01-01,360.0000,Număr,RO-TM,ONRC,https://www.onrc.ro,https://ecifre.ro/indicatori/firme-infiintate-judete-ro/timis,2026-09-01
Firme înființate pe județe,2020-02-01,484.0000,Număr,RO-TM,ONRC,https://www.onrc.ro,https://ecifre.ro/indicatori/firme-infiintate-judete-ro/timis,2026-09-01
Firme înființate pe județe,2020-03-01,298.0000,Număr,RO-TM,ONRC,https://www.onrc.ro,https://ecifre.ro/indicatori/firme-infiintate-judete-ro/timis,2026-09-01
Firme înființate pe județe,2020-04-01,123.0000,Număr,RO-TM,ONRC,https://www.onrc.ro,https://ecifre.ro/indicatori/firme-infiintate-judete-ro/timis,2026-09-01
Firme înființate pe județe,2020-05-01,356.0000,Număr,RO-TM,ONRC,https://www.onrc.ro,https://ecifre.ro/indicatori/firme-infiintate-judete-ro/timis,2026-09-01
Firme înființate pe județe,2020-06-01,467.0000,Număr,RO-TM,ONRC,https://www.onrc.ro,https://ecifre.ro/indicatori/firme-infiintate-judete-ro/timis,2026-09-01
Firme înființate pe județe,2020-07-01,556.0000,Număr,RO-TM,ONRC,https://www.onrc.ro,https://ecifre.ro/indicatori/firme-infiintate-judete-ro/timis,2026-09-01
Firme înființate pe județe,2020-08-01,442.0000,Număr,RO-TM,ONRC,https://www.onrc.ro,https://ecifre.ro/indicatori/firme-infiintate-judete-ro/timis,2026-09-01
Firme înființate pe județe,2020-09-01,537.0000,Număr,RO-TM,ONRC,https://www.onrc.ro,https://ecifre.ro/indicatori/firme-infiintate-judete-ro/timis,2026-09-01
Firme înființate pe județe,2020-10-01,481.0000,Număr,RO-TM,ONRC,https://www.onrc.ro,https://ecifre.ro/indicatori/firme-infiintate-judete-ro/timis,2026-09-01
Firme înființate pe județe,2020-11-01,430.0000,Număr,RO-TM,ONRC,https://www.onrc.ro,https://ecifre.ro/indicatori/firme-infiintate-judete-ro/timis,2026-09-01
Firme înființate pe județe,2020-12-01,325.0000,Număr,RO-TM,ONRC,https://www.onrc.ro,https://ecifre.ro/indicatori/firme-infiintate-judete-ro/timis,2026-09-01
Firme înființate pe județe,2021-02-01,617.0000,Număr,RO-TM,ONRC,https://www.onrc.ro,https://ecifre.ro/indicatori/firme-infiintate-judete-ro/timis,2026-09-01
Firme înființate pe județe,2021-03-01,694.0000,Număr,RO-TM,ONRC,https://www.onrc.ro,https://ecifre.ro/indicatori/firme-infiintate-judete-ro/timis,2026-09-01
Firme înființate pe județe,2021-04-01,674.0000,Număr,RO-TM,ONRC,https://www.onrc.ro,https://ecifre.ro/indicatori/firme-infiintate-judete-ro/timis,2026-09-01
Firme înființate pe județe,2021-05-01,562.0000,Număr,RO-TM,ONRC,https://www.onrc.ro,https://ecifre.ro/indicatori/firme-infiintate-judete-ro/timis,2026-09-01
Firme înființate pe județe,2021-06-01,595.0000,Număr,RO-TM,ONRC,https://www.onrc.ro,https://ecifre.ro/indicatori/firme-infiintate-judete-ro/timis,2026-09-01
Firme înființate pe județe,2021-07-01,580.0000,Număr,RO-TM,ONRC,https://www.onrc.ro,https://ecifre.ro/indicatori/firme-infiintate-judete-ro/timis,2026-09-01
Firme înființate pe județe,2021-08-01,591.0000,Număr,RO-TM,ONRC,https://www.onrc.ro,https://ecifre.ro/indicatori/firme-infiintate-judete-ro/timis,2026-09-01
Firme înființate pe județe,2021-09-01,608.0000,Număr,RO-TM,ONRC,https://www.onrc.ro,https://ecifre.ro/indicatori/firme-infiintate-judete-ro/timis,2026-09-01
Firme înființate pe județe,2021-10-01,661.0000,Număr,RO-TM,ONRC,https://www.onrc.ro,https://ecifre.ro/indicatori/firme-infiintate-judete-ro/timis,2026-09-01
Firme înființate pe județe,2021-11-01,526.0000,Număr,RO-TM,ONRC,https://www.onrc.ro,https://ecifre.ro/indicatori/firme-infiintate-judete-ro/timis,2026-09-01
Firme înființate pe județe,2021-12-01,434.0000,Număr,RO-TM,ONRC,https://www.onrc.ro,https://ecifre.ro/indicatori/firme-infiintate-judete-ro/timis,2026-09-01
Firme înființate pe județe,2022-02-01,642.0000,Număr,RO-TM,ONRC,https://www.onrc.ro,https://ecifre.ro/indicatori/firme-infiintate-judete-ro/timis,2026-09-01
Firme înființate pe județe,2022-03-01,684.0000,Număr,RO-TM,ONRC,https://www.onrc.ro,https://ecifre.ro/indicatori/firme-infiintate-judete-ro/timis,2026-09-01
Firme înființate pe județe,2022-04-01,523.0000,Număr,RO-TM,ONRC,https://www.onrc.ro,https://ecifre.ro/indicatori/firme-infiintate-judete-ro/timis,2026-09-01
Firme înființate pe județe,2022-05-01,717.0000,Număr,RO-TM,ONRC,https://www.onrc.ro,https://ecifre.ro/indicatori/firme-infiintate-judete-ro/timis,2026-09-01
Firme înființate pe județe,2022-07-01,565.0000,Număr,RO-TM,ONRC,https://www.onrc.ro,https://ecifre.ro/indicatori/firme-infiintate-judete-ro/timis,2026-09-01
Firme înființate pe județe,2022-08-01,738.0000,Număr,RO-TM,ONRC,https://www.onrc.ro,https://ecifre.ro/indicatori/firme-infiintate-judete-ro/timis,2026-09-01
Firme înființate pe județe,2022-09-01,625.0000,Număr,RO-TM,ONRC,https://www.onrc.ro,https://ecifre.ro/indicatori/firme-infiintate-judete-ro/timis,2026-09-01
Firme înființate pe județe,2022-10-01,574.0000,Număr,RO-TM,ONRC,https://www.onrc.ro,https://ecifre.ro/indicatori/firme-infiintate-judete-ro/timis,2026-09-01
Firme înființate pe județe,2022-11-01,499.0000,Număr,RO-TM,ONRC,https://www.onrc.ro,https://ecifre.ro/indicatori/firme-infiintate-judete-ro/timis,2026-09-01
Firme înființate pe județe,2022-12-01,331.0000,Număr,RO-TM,ONRC,https://www.onrc.ro,https://ecifre.ro/indicatori/firme-infiintate-judete-ro/timis,2026-09-01
Firme înființate pe județe,2023-02-01,665.0000,Număr,RO-TM,ONRC,https://www.onrc.ro,https://ecifre.ro/indicatori/firme-infiintate-judete-ro/timis,2026-09-01
Firme înființate pe județe,2023-03-01,662.0000,Număr,RO-TM,ONRC,https://www.onrc.ro,https://ecifre.ro/indicatori/firme-infiintate-judete-ro/timis,2026-09-01
Firme înființate pe județe,2023-04-01,485.0000,Număr,RO-TM,ONRC,https://www.onrc.ro,https://ecifre.ro/indicatori/firme-infiintate-judete-ro/timis,2026-09-01
Firme înființate pe județe,2023-05-01,637.0000,Număr,RO-TM,ONRC,https://www.onrc.ro,https://ecifre.ro/indicatori/firme-infiintate-judete-ro/timis,2026-09-01
Firme înființate pe județe,2023-06-01,538.0000,Număr,RO-TM,ONRC,https://www.onrc.ro,https://ecifre.ro/indicatori/firme-infiintate-judete-ro/timis,2026-09-01
Firme înființate pe județe,2023-07-01,493.0000,Număr,RO-TM,ONRC,https://www.onrc.ro,https://ecifre.ro/indicatori/firme-infiintate-judete-ro/timis,2026-09-01
Firme înființate pe județe,2023-08-01,505.0000,Număr,RO-TM,ONRC,https://www.onrc.ro,https://ecifre.ro/indicatori/firme-infiintate-judete-ro/timis,2026-09-01
Firme înființate pe județe,2023-09-01,564.0000,Număr,RO-TM,ONRC,https://www.onrc.ro,https://ecifre.ro/indicatori/firme-infiintate-judete-ro/timis,2026-09-01
Firme înființate pe județe,2023-10-01,589.0000,Număr,RO-TM,ONRC,https://www.onrc.ro,https://ecifre.ro/indicatori/firme-infiintate-judete-ro/timis,2026-09-01
Firme înființate pe județe,2023-11-01,555.0000,Număr,RO-TM,ONRC,https://www.onrc.ro,https://ecifre.ro/indicatori/firme-infiintate-judete-ro/timis,2026-09-01
Firme înființate pe județe,2023-12-01,361.0000,Număr,RO-TM,ONRC,https://www.onrc.ro,https://ecifre.ro/indicatori/firme-infiintate-judete-ro/timis,2026-09-01
Firme înființate pe județe,2024-02-01,597.0000,Număr,RO-TM,ONRC,https://www.onrc.ro,https://ecifre.ro/indicatori/firme-infiintate-judete-ro/timis,2026-09-01
Firme înființate pe județe,2024-03-01,584.0000,Număr,RO-TM,ONRC,https://www.onrc.ro,https://ecifre.ro/indicatori/firme-infiintate-judete-ro/timis,2026-09-01
Firme înființate pe județe,2024-04-01,545.0000,Număr,RO-TM,ONRC,https://www.onrc.ro,https://ecifre.ro/indicatori/firme-infiintate-judete-ro/timis,2026-09-01
Firme înființate pe județe,2024-05-01,431.0000,Număr,RO-TM,ONRC,https://www.onrc.ro,https://ecifre.ro/indicatori/firme-infiintate-judete-ro/timis,2026-09-01
Firme înființate pe județe,2024-06-01,432.0000,Număr,RO-TM,ONRC,https://www.onrc.ro,https://ecifre.ro/indicatori/firme-infiintate-judete-ro/timis,2026-09-01
Firme înființate pe județe,2024-07-01,316.0000,Număr,RO-TM,ONRC,https://www.onrc.ro,https://ecifre.ro/indicatori/firme-infiintate-judete-ro/timis,2026-09-01
Firme înființate pe județe,2024-08-01,187.0000,Număr,RO-TM,ONRC,https://www.onrc.ro,https://ecifre.ro/indicatori/firme-infiintate-judete-ro/timis,2026-09-01
Firme înființate pe județe,2024-09-01,503.0000,Număr,RO-TM,ONRC,https://www.onrc.ro,https://ecifre.ro/indicatori/firme-infiintate-judete-ro/timis,2026-09-01
Firme înființate pe județe,2024-10-01,757.0000,Număr,RO-TM,ONRC,https://www.onrc.ro,https://ecifre.ro/indicatori/firme-infiintate-judete-ro/timis,2026-09-01
Firme înființate pe județe,2024-11-01,446.0000,Număr,RO-TM,ONRC,https://www.onrc.ro,https://ecifre.ro/indicatori/firme-infiintate-judete-ro/timis,2026-09-01
Firme înființate pe județe,2024-12-01,356.0000,Număr,RO-TM,ONRC,https://www.onrc.ro,https://ecifre.ro/indicatori/firme-infiintate-judete-ro/timis,2026-09-01
Firme înființate pe județe,2025-01-01,395.0000,Număr,RO-TM,ONRC,https://www.onrc.ro,https://ecifre.ro/indicatori/firme-infiintate-judete-ro/timis,2026-09-01
Firme înființate pe județe,2025-02-01,538.0000,Număr,RO-TM,ONRC,https://www.onrc.ro,https://ecifre.ro/indicatori/firme-infiintate-judete-ro/timis,2026-09-01
Firme înființate pe județe,2025-03-01,608.0000,Număr,RO-TM,ONRC,https://www.onrc.ro,https://ecifre.ro/indicatori/firme-infiintate-judete-ro/timis,2026-09-01
Firme înființate pe județe,2025-04-01,537.0000,Număr,RO-TM,ONRC,https://www.onrc.ro,https://ecifre.ro/indicatori/firme-infiintate-judete-ro/timis,2026-09-01
Firme înființate pe județe,2025-05-01,659.0000,Număr,RO-TM,ONRC,https://www.onrc.ro,https://ecifre.ro/indicatori/firme-infiintate-judete-ro/timis,2026-09-01
Firme înființate pe județe,2025-06-01,590.0000,Număr,RO-TM,ONRC,https://www.onrc.ro,https://ecifre.ro/indicatori/firme-infiintate-judete-ro/timis,2026-09-01
Firme înființate pe județe,2025-07-01,632.0000,Număr,RO-TM,ONRC,https://www.onrc.ro,https://ecifre.ro/indicatori/firme-infiintate-judete-ro/timis,2026-09-01
Firme înființate pe județe,2025-08-01,555.0000,Număr,RO-TM,ONRC,https://www.onrc.ro,https://ecifre.ro/indicatori/firme-infiintate-judete-ro/timis,2026-09-01
Firme înființate pe județe,2025-09-01,581.0000,Număr,RO-TM,ONRC,https://www.onrc.ro,https://ecifre.ro/indicatori/firme-infiintate-judete-ro/timis,2026-09-01
Firme înființate pe județe,2025-10-01,785.0000,Număr,RO-TM,ONRC,https://www.onrc.ro,https://ecifre.ro/indicatori/firme-infiintate-judete-ro/timis,2026-09-01
Firme înființate pe județe,2025-11-01,760.0000,Număr,RO-TM,ONRC,https://www.onrc.ro,https://ecifre.ro/indicatori/firme-infiintate-judete-ro/timis,2026-09-01
Firme înființate pe județe,2025-12-01,595.0000,Număr,RO-TM,ONRC,https://www.onrc.ro,https://ecifre.ro/indicatori/firme-infiintate-judete-ro/timis,2026-09-01
Firme înființate pe județe,2026-01-01,522.0000,Număr,RO-TM,ONRC,https://www.onrc.ro,https://ecifre.ro/indicatori/firme-infiintate-judete-ro/timis,2026-09-01
Firme înființate pe județe,2026-02-01,648.0000,Număr,RO-TM,ONRC,https://www.onrc.ro,https://ecifre.ro/indicatori/firme-infiintate-judete-ro/timis,2026-09-01
Firme înființate pe județe,2026-03-01,817.0000,Număr,RO-TM,ONRC,https://www.onrc.ro,https://ecifre.ro/indicatori/firme-infiintate-judete-ro/timis,2026-09-01
Firme înființate pe județe,2026-04-01,559.0000,Număr,RO-TM,ONRC,https://www.onrc.ro,https://ecifre.ro/indicatori/firme-infiintate-judete-ro/timis,2026-09-01
Firme înființate pe județe,2026-05-01,591.0000,Număr,RO-TM,ONRC,https://www.onrc.ro,https://ecifre.ro/indicatori/firme-infiintate-judete-ro/timis,2026-09-01
Firme înființate pe județe,2026-06-01,520.0000,Număr,RO-TM,ONRC,https://www.onrc.ro,https://ecifre.ro/indicatori/firme-infiintate-judete-ro/timis,2026-09-01
Firme înființate pe județe,2026-07-01,599.0000,Număr,RO-TM,ONRC,https://www.onrc.ro,https://ecifre.ro/indicatori/firme-infiintate-judete-ro/timis,2026-09-01
Firme înființate pe județe,2014-01-01,51.0000,Număr,RO-TL,ONRC,https://www.onrc.ro,https://ecifre.ro/indicatori/firme-infiintate-judete-ro/tulcea,2026-09-01
Firme înființate pe județe,2015-01-01,56.0000,Număr,RO-TL,ONRC,https://www.onrc.ro,https://ecifre.ro/indicatori/firme-infiintate-judete-ro/tulcea,2026-09-01
Firme înființate pe județe,2016-01-01,64.0000,Număr,RO-TL,ONRC,https://www.onrc.ro,https://ecifre.ro/indicatori/firme-infiintate-judete-ro/tulcea,2026-09-01
Firme înființate pe județe,2017-01-01,67.0000,Număr,RO-TL,ONRC,https://www.onrc.ro,https://ecifre.ro/indicatori/firme-infiintate-judete-ro/tulcea,2026-09-01
Firme înființate pe județe,2017-03-01,229.0000,Număr,RO-TL,ONRC,https://www.onrc.ro,https://ecifre.ro/indicatori/firme-infiintate-judete-ro/tulcea,2026-09-01
Firme înființate pe județe,2017-04-01,150.0000,Număr,RO-TL,ONRC,https://www.onrc.ro,https://ecifre.ro/indicatori/firme-infiintate-judete-ro/tulcea,2026-09-01
Firme înființate pe județe,2017-05-01,184.0000,Număr,RO-TL,ONRC,https://www.onrc.ro,https://ecifre.ro/indicatori/firme-infiintate-judete-ro/tulcea,2026-09-01
Firme înființate pe județe,2017-06-01,198.0000,Număr,RO-TL,ONRC,https://www.onrc.ro,https://ecifre.ro/indicatori/firme-infiintate-judete-ro/tulcea,2026-09-01
Firme înființate pe județe,2017-07-01,168.0000,Număr,RO-TL,ONRC,https://www.onrc.ro,https://ecifre.ro/indicatori/firme-infiintate-judete-ro/tulcea,2026-09-01
Firme înființate pe județe,2017-08-01,72.0000,Număr,RO-TL,ONRC,https://www.onrc.ro,https://ecifre.ro/indicatori/firme-infiintate-judete-ro/tulcea,2026-09-01
Firme înființate pe județe,2017-09-01,65.0000,Număr,RO-TL,ONRC,https://www.onrc.ro,https://ecifre.ro/indicatori/firme-infiintate-judete-ro/tulcea,2026-09-01
Firme înființate pe județe,2017-10-01,76.0000,Număr,RO-TL,ONRC,https://www.onrc.ro,https://ecifre.ro/indicatori/firme-infiintate-judete-ro/tulcea,2026-09-01
Firme înființate pe județe,2017-11-01,78.0000,Număr,RO-TL,ONRC,https://www.onrc.ro,https://ecifre.ro/indicatori/firme-infiintate-judete-ro/tulcea,2026-09-01
Firme înființate pe județe,2017-12-01,55.0000,Număr,RO-TL,ONRC,https://www.onrc.ro,https://ecifre.ro/indicatori/firme-infiintate-judete-ro/tulcea,2026-09-01
Firme înființate pe județe,2018-01-01,108.0000,Număr,RO-TL,ONRC,https://www.onrc.ro,https://ecifre.ro/indicatori/firme-infiintate-judete-ro/tulcea,2026-09-01
Firme înființate pe județe,2018-02-01,193.0000,Număr,RO-TL,ONRC,https://www.onrc.ro,https://ecifre.ro/indicatori/firme-infiintate-judete-ro/tulcea,2026-09-01
Firme înființate pe județe,2018-03-01,246.0000,Număr,RO-TL,ONRC,https://www.onrc.ro,https://ecifre.ro/indicatori/firme-infiintate-judete-ro/tulcea,2026-09-01
Firme înființate pe județe,2018-04-01,182.0000,Număr,RO-TL,ONRC,https://www.onrc.ro,https://ecifre.ro/indicatori/firme-infiintate-judete-ro/tulcea,2026-09-01
Firme înființate pe județe,2018-05-01,169.0000,Număr,RO-TL,ONRC,https://www.onrc.ro,https://ecifre.ro/indicatori/firme-infiintate-judete-ro/tulcea,2026-09-01
Firme înființate pe județe,2018-06-01,106.0000,Număr,RO-TL,ONRC,https://www.onrc.ro,https://ecifre.ro/indicatori/firme-infiintate-judete-ro/tulcea,2026-09-01
Firme înființate pe județe,2018-07-01,89.0000,Număr,RO-TL,ONRC,https://www.onrc.ro,https://ecifre.ro/indicatori/firme-infiintate-judete-ro/tulcea,2026-09-01
Firme înființate pe județe,2018-08-01,78.0000,Număr,RO-TL,ONRC,https://www.onrc.ro,https://ecifre.ro/indicatori/firme-infiintate-judete-ro/tulcea,2026-09-01
Firme înființate pe județe,2018-09-01,67.0000,Număr,RO-TL,ONRC,https://www.onrc.ro,https://ecifre.ro/indicatori/firme-infiintate-judete-ro/tulcea,2026-09-01
Firme înființate pe județe,2018-10-01,151.0000,Număr,RO-TL,ONRC,https://www.onrc.ro,https://ecifre.ro/indicatori/firme-infiintate-judete-ro/tulcea,2026-09-01
Firme înființate pe județe,2018-11-01,136.0000,Număr,RO-TL,ONRC,https://www.onrc.ro,https://ecifre.ro/indicatori/firme-infiintate-judete-ro/tulcea,2026-09-01
Firme înființate pe județe,2018-12-01,97.0000,Număr,RO-TL,ONRC,https://www.onrc.ro,https://ecifre.ro/indicatori/firme-infiintate-judete-ro/tulcea,2026-09-01
Firme înființate pe județe,2019-01-01,122.0000,Număr,RO-TL,ONRC,https://www.onrc.ro,https://ecifre.ro/indicatori/firme-infiintate-judete-ro/tulcea,2026-09-01
Firme înființate pe județe,2019-02-01,104.0000,Număr,RO-TL,ONRC,https://www.onrc.ro,https://ecifre.ro/indicatori/firme-infiintate-judete-ro/tulcea,2026-09-01
Firme înființate pe județe,2019-03-01,127.0000,Număr,RO-TL,ONRC,https://www.onrc.ro,https://ecifre.ro/indicatori/firme-infiintate-judete-ro/tulcea,2026-09-01
Firme înființate pe județe,2019-04-01,134.0000,Număr,RO-TL,ONRC,https://www.onrc.ro,https://ecifre.ro/indicatori/firme-infiintate-judete-ro/tulcea,2026-09-01
Firme înființate pe județe,2019-05-01,138.0000,Număr,RO-TL,ONRC,https://www.onrc.ro,https://ecifre.ro/indicatori/firme-infiintate-judete-ro/tulcea,2026-09-01
Firme înființate pe județe,2019-06-01,84.0000,Număr,RO-TL,ONRC,https://www.onrc.ro,https://ecifre.ro/indicatori/firme-infiintate-judete-ro/tulcea,2026-09-01
Firme înființate pe județe,2019-07-01,80.0000,Număr,RO-TL,ONRC,https://www.onrc.ro,https://ecifre.ro/indicatori/firme-infiintate-judete-ro/tulcea,2026-09-01
Firme înființate pe județe,2019-08-01,93.0000,Număr,RO-TL,ONRC,https://www.onrc.ro,https://ecifre.ro/indicatori/firme-infiintate-judete-ro/tulcea,2026-09-01
Firme înființate pe județe,2019-09-01,94.0000,Număr,RO-TL,ONRC,https://www.onrc.ro,https://ecifre.ro/indicatori/firme-infiintate-judete-ro/tulcea,2026-09-01
Firme înființate pe județe,2019-10-01,72.0000,Număr,RO-TL,ONRC,https://www.onrc.ro,https://ecifre.ro/indicatori/firme-infiintate-judete-ro/tulcea,2026-09-01
Firme înființate pe județe,2019-11-01,80.0000,Număr,RO-TL,ONRC,https://www.onrc.ro,https://ecifre.ro/indicatori/firme-infiintate-judete-ro/tulcea,2026-09-01
Firme înființate pe județe,2019-12-01,55.0000,Număr,RO-TL,ONRC,https://www.onrc.ro,https://ecifre.ro/indicatori/firme-infiintate-judete-ro/tulcea,2026-09-01
Firme înființate pe județe,2020-01-01,93.0000,Număr,RO-TL,ONRC,https://www.onrc.ro,https://ecifre.ro/indicatori/firme-infiintate-judete-ro/tulcea,2026-09-01
Firme înființate pe județe,2020-02-01,88.0000,Număr,RO-TL,ONRC,https://www.onrc.ro,https://ecifre.ro/indicatori/firme-infiintate-judete-ro/tulcea,2026-09-01
Firme înființate pe județe,2020-03-01,46.0000,Număr,RO-TL,ONRC,https://www.onrc.ro,https://ecifre.ro/indicatori/firme-infiintate-judete-ro/tulcea,2026-09-01
Firme înființate pe județe,2020-04-01,23.0000,Număr,RO-TL,ONRC,https://www.onrc.ro,https://ecifre.ro/indicatori/firme-infiintate-judete-ro/tulcea,2026-09-01
Firme înființate pe județe,2020-05-01,62.0000,Număr,RO-TL,ONRC,https://www.onrc.ro,https://ecifre.ro/indicatori/firme-infiintate-judete-ro/tulcea,2026-09-01
Firme înființate pe județe,2020-06-01,96.0000,Număr,RO-TL,ONRC,https://www.onrc.ro,https://ecifre.ro/indicatori/firme-infiintate-judete-ro/tulcea,2026-09-01
Firme înființate pe județe,2020-07-01,81.0000,Număr,RO-TL,ONRC,https://www.onrc.ro,https://ecifre.ro/indicatori/firme-infiintate-judete-ro/tulcea,2026-09-01
Firme înființate pe județe,2020-08-01,93.0000,Număr,RO-TL,ONRC,https://www.onrc.ro,https://ecifre.ro/indicatori/firme-infiintate-judete-ro/tulcea,2026-09-01
Firme înființate pe județe,2020-09-01,78.0000,Număr,RO-TL,ONRC,https://www.onrc.ro,https://ecifre.ro/indicatori/firme-infiintate-judete-ro/tulcea,2026-09-01
Firme înființate pe județe,2020-10-01,109.0000,Număr,RO-TL,ONRC,https://www.onrc.ro,https://ecifre.ro/indicatori/firme-infiintate-judete-ro/tulcea,2026-09-01
Firme înființate pe județe,2020-11-01,64.0000,Număr,RO-TL,ONRC,https://www.onrc.ro,https://ecifre.ro/indicatori/firme-infiintate-judete-ro/tulcea,2026-09-01
Firme înființate pe județe,2020-12-01,59.0000,Număr,RO-TL,ONRC,https://www.onrc.ro,https://ecifre.ro/indicatori/firme-infiintate-judete-ro/tulcea,2026-09-01
Firme înființate pe județe,2021-02-01,102.0000,Număr,RO-TL,ONRC,https://www.onrc.ro,https://ecifre.ro/indicatori/firme-infiintate-judete-ro/tulcea,2026-09-01
Firme înființate pe județe,2021-03-01,150.0000,Număr,RO-TL,ONRC,https://www.onrc.ro,https://ecifre.ro/indicatori/firme-infiintate-judete-ro/tulcea,2026-09-01
Firme înființate pe județe,2021-04-01,133.0000,Număr,RO-TL,ONRC,https://www.onrc.ro,https://ecifre.ro/indicatori/firme-infiintate-judete-ro/tulcea,2026-09-01
Firme înființate pe județe,2021-05-01,114.0000,Număr,RO-TL,ONRC,https://www.onrc.ro,https://ecifre.ro/indicatori/firme-infiintate-judete-ro/tulcea,2026-09-01
Firme înființate pe județe,2021-06-01,127.0000,Număr,RO-TL,ONRC,https://www.onrc.ro,https://ecifre.ro/indicatori/firme-infiintate-judete-ro/tulcea,2026-09-01
Firme înființate pe județe,2021-07-01,102.0000,Număr,RO-TL,ONRC,https://www.onrc.ro,https://ecifre.ro/indicatori/firme-infiintate-judete-ro/tulcea,2026-09-01
Firme înființate pe județe,2021-08-01,110.0000,Număr,RO-TL,ONRC,https://www.onrc.ro,https://ecifre.ro/indicatori/firme-infiintate-judete-ro/tulcea,2026-09-01
Firme înființate pe județe,2021-09-01,140.0000,Număr,RO-TL,ONRC,https://www.onrc.ro,https://ecifre.ro/indicatori/firme-infiintate-judete-ro/tulcea,2026-09-01
Firme înființate pe județe,2021-10-01,128.0000,Număr,RO-TL,ONRC,https://www.onrc.ro,https://ecifre.ro/indicatori/firme-infiintate-judete-ro/tulcea,2026-09-01
Firme înființate pe județe,2021-11-01,71.0000,Număr,RO-TL,ONRC,https://www.onrc.ro,https://ecifre.ro/indicatori/firme-infiintate-judete-ro/tulcea,2026-09-01
Firme înființate pe județe,2021-12-01,48.0000,Număr,RO-TL,ONRC,https://www.onrc.ro,https://ecifre.ro/indicatori/firme-infiintate-judete-ro/tulcea,2026-09-01
Firme înființate pe județe,2022-02-01,99.0000,Număr,RO-TL,ONRC,https://www.onrc.ro,https://ecifre.ro/indicatori/firme-infiintate-judete-ro/tulcea,2026-09-01
Firme înființate pe județe,2022-03-01,79.0000,Număr,RO-TL,ONRC,https://www.onrc.ro,https://ecifre.ro/indicatori/firme-infiintate-judete-ro/tulcea,2026-09-01
Firme înființate pe județe,2022-04-01,88.0000,Număr,RO-TL,ONRC,https://www.onrc.ro,https://ecifre.ro/indicatori/firme-infiintate-judete-ro/tulcea,2026-09-01
Firme înființate pe județe,2022-05-01,114.0000,Număr,RO-TL,ONRC,https://www.onrc.ro,https://ecifre.ro/indicatori/firme-infiintate-judete-ro/tulcea,2026-09-01
Firme înființate pe județe,2022-07-01,87.0000,Număr,RO-TL,ONRC,https://www.onrc.ro,https://ecifre.ro/indicatori/firme-infiintate-judete-ro/tulcea,2026-09-01
Firme înființate pe județe,2022-08-01,115.0000,Număr,RO-TL,ONRC,https://www.onrc.ro,https://ecifre.ro/indicatori/firme-infiintate-judete-ro/tulcea,2026-09-01
Firme înființate pe județe,2022-09-01,80.0000,Număr,RO-TL,ONRC,https://www.onrc.ro,https://ecifre.ro/indicatori/firme-infiintate-judete-ro/tulcea,2026-09-01
Firme înființate pe județe,2022-10-01,88.0000,Număr,RO-TL,ONRC,https://www.onrc.ro,https://ecifre.ro/indicatori/firme-infiintate-judete-ro/tulcea,2026-09-01
Firme înființate pe județe,2022-11-01,99.0000,Număr,RO-TL,ONRC,https://www.onrc.ro,https://ecifre.ro/indicatori/firme-infiintate-judete-ro/tulcea,2026-09-01
Firme înființate pe județe,2022-12-01,90.0000,Număr,RO-TL,ONRC,https://www.onrc.ro,https://ecifre.ro/indicatori/firme-infiintate-judete-ro/tulcea,2026-09-01
Firme înființate pe județe,2023-02-01,88.0000,Număr,RO-TL,ONRC,https://www.onrc.ro,https://ecifre.ro/indicatori/firme-infiintate-judete-ro/tulcea,2026-09-01
Firme înființate pe județe,2023-03-01,115.0000,Număr,RO-TL,ONRC,https://www.onrc.ro,https://ecifre.ro/indicatori/firme-infiintate-judete-ro/tulcea,2026-09-01
Firme înființate pe județe,2023-04-01,76.0000,Număr,RO-TL,ONRC,https://www.onrc.ro,https://ecifre.ro/indicatori/firme-infiintate-judete-ro/tulcea,2026-09-01
Firme înființate pe județe,2023-05-01,111.0000,Număr,RO-TL,ONRC,https://www.onrc.ro,https://ecifre.ro/indicatori/firme-infiintate-judete-ro/tulcea,2026-09-01
Firme înființate pe județe,2023-06-01,76.0000,Număr,RO-TL,ONRC,https://www.onrc.ro,https://ecifre.ro/indicatori/firme-infiintate-judete-ro/tulcea,2026-09-01
Firme înființate pe județe,2023-07-01,69.0000,Număr,RO-TL,ONRC,https://www.onrc.ro,https://ecifre.ro/indicatori/firme-infiintate-judete-ro/tulcea,2026-09-01
Firme înființate pe județe,2023-08-01,63.0000,Număr,RO-TL,ONRC,https://www.onrc.ro,https://ecifre.ro/indicatori/firme-infiintate-judete-ro/tulcea,2026-09-01
Firme înființate pe județe,2023-09-01,61.0000,Număr,RO-TL,ONRC,https://www.onrc.ro,https://ecifre.ro/indicatori/firme-infiintate-judete-ro/tulcea,2026-09-01
Firme înființate pe județe,2023-10-01,76.0000,Număr,RO-TL,ONRC,https://www.onrc.ro,https://ecifre.ro/indicatori/firme-infiintate-judete-ro/tulcea,2026-09-01
Firme înființate pe județe,2023-11-01,65.0000,Număr,RO-TL,ONRC,https://www.onrc.ro,https://ecifre.ro/indicatori/firme-infiintate-judete-ro/tulcea,2026-09-01
Firme înființate pe județe,2023-12-01,66.0000,Număr,RO-TL,ONRC,https://www.onrc.ro,https://ecifre.ro/indicatori/firme-infiintate-judete-ro/tulcea,2026-09-01
Firme înființate pe județe,2024-02-01,74.0000,Număr,RO-TL,ONRC,https://www.onrc.ro,https://ecifre.ro/indicatori/firme-infiintate-judete-ro/tulcea,2026-09-01
Firme înființate pe județe,2024-03-01,85.0000,Număr,RO-TL,ONRC,https://www.onrc.ro,https://ecifre.ro/indicatori/firme-infiintate-judete-ro/tulcea,2026-09-01
Firme înființate pe județe,2024-04-01,87.0000,Număr,RO-TL,ONRC,https://www.onrc.ro,https://ecifre.ro/indicatori/firme-infiintate-judete-ro/tulcea,2026-09-01
Firme înființate pe județe,2024-05-01,53.0000,Număr,RO-TL,ONRC,https://www.onrc.ro,https://ecifre.ro/indicatori/firme-infiintate-judete-ro/tulcea,2026-09-01
Firme înființate pe județe,2024-06-01,63.0000,Număr,RO-TL,ONRC,https://www.onrc.ro,https://ecifre.ro/indicatori/firme-infiintate-judete-ro/tulcea,2026-09-01
Firme înființate pe județe,2024-07-01,33.0000,Număr,RO-TL,ONRC,https://www.onrc.ro,https://ecifre.ro/indicatori/firme-infiintate-judete-ro/tulcea,2026-09-01
Firme înființate pe județe,2024-08-01,41.0000,Număr,RO-TL,ONRC,https://www.onrc.ro,https://ecifre.ro/indicatori/firme-infiintate-judete-ro/tulcea,2026-09-01
Firme înființate pe județe,2024-09-01,40.0000,Număr,RO-TL,ONRC,https://www.onrc.ro,https://ecifre.ro/indicatori/firme-infiintate-judete-ro/tulcea,2026-09-01
Firme înființate pe județe,2024-10-01,87.0000,Număr,RO-TL,ONRC,https://www.onrc.ro,https://ecifre.ro/indicatori/firme-infiintate-judete-ro/tulcea,2026-09-01
Firme înființate pe județe,2024-11-01,60.0000,Număr,RO-TL,ONRC,https://www.onrc.ro,https://ecifre.ro/indicatori/firme-infiintate-judete-ro/tulcea,2026-09-01
Firme înființate pe județe,2024-12-01,42.0000,Număr,RO-TL,ONRC,https://www.onrc.ro,https://ecifre.ro/indicatori/firme-infiintate-judete-ro/tulcea,2026-09-01
Firme înființate pe județe,2025-01-01,58.0000,Număr,RO-TL,ONRC,https://www.onrc.ro,https://ecifre.ro/indicatori/firme-infiintate-judete-ro/tulcea,2026-09-01
Firme înființate pe județe,2025-02-01,75.0000,Număr,RO-TL,ONRC,https://www.onrc.ro,https://ecifre.ro/indicatori/firme-infiintate-judete-ro/tulcea,2026-09-01
Firme înființate pe județe,2025-03-01,76.0000,Număr,RO-TL,ONRC,https://www.onrc.ro,https://ecifre.ro/indicatori/firme-infiintate-judete-ro/tulcea,2026-09-01
Firme înființate pe județe,2025-04-01,65.0000,Număr,RO-TL,ONRC,https://www.onrc.ro,https://ecifre.ro/indicatori/firme-infiintate-judete-ro/tulcea,2026-09-01
Firme înființate pe județe,2025-05-01,103.0000,Număr,RO-TL,ONRC,https://www.onrc.ro,https://ecifre.ro/indicatori/firme-infiintate-judete-ro/tulcea,2026-09-01
Firme înființate pe județe,2025-06-01,86.0000,Număr,RO-TL,ONRC,https://www.onrc.ro,https://ecifre.ro/indicatori/firme-infiintate-judete-ro/tulcea,2026-09-01
Firme înființate pe județe,2025-07-01,157.0000,Număr,RO-TL,ONRC,https://www.onrc.ro,https://ecifre.ro/indicatori/firme-infiintate-judete-ro/tulcea,2026-09-01
Firme înființate pe județe,2025-08-01,64.0000,Număr,RO-TL,ONRC,https://www.onrc.ro,https://ecifre.ro/indicatori/firme-infiintate-judete-ro/tulcea,2026-09-01
Firme înființate pe județe,2025-09-01,114.0000,Număr,RO-TL,ONRC,https://www.onrc.ro,https://ecifre.ro/indicatori/firme-infiintate-judete-ro/tulcea,2026-09-01
Firme înființate pe județe,2025-10-01,120.0000,Număr,RO-TL,ONRC,https://www.onrc.ro,https://ecifre.ro/indicatori/firme-infiintate-judete-ro/tulcea,2026-09-01
Firme înființate pe județe,2025-11-01,121.0000,Număr,RO-TL,ONRC,https://www.onrc.ro,https://ecifre.ro/indicatori/firme-infiintate-judete-ro/tulcea,2026-09-01
Firme înființate pe județe,2025-12-01,67.0000,Număr,RO-TL,ONRC,https://www.onrc.ro,https://ecifre.ro/indicatori/firme-infiintate-judete-ro/tulcea,2026-09-01
Firme înființate pe județe,2026-01-01,56.0000,Număr,RO-TL,ONRC,https://www.onrc.ro,https://ecifre.ro/indicatori/firme-infiintate-judete-ro/tulcea,2026-09-01
Firme înființate pe județe,2026-02-01,77.0000,Număr,RO-TL,ONRC,https://www.onrc.ro,https://ecifre.ro/indicatori/firme-infiintate-judete-ro/tulcea,2026-09-01
Firme înființate pe județe,2026-03-01,80.0000,Număr,RO-TL,ONRC,https://www.onrc.ro,https://ecifre.ro/indicatori/firme-infiintate-judete-ro/tulcea,2026-09-01
Firme înființate pe județe,2026-04-01,96.0000,Număr,RO-TL,ONRC,https://www.onrc.ro,https://ecifre.ro/indicatori/firme-infiintate-judete-ro/tulcea,2026-09-01
Firme înființate pe județe,2026-05-01,80.0000,Număr,RO-TL,ONRC,https://www.onrc.ro,https://ecifre.ro/indicatori/firme-infiintate-judete-ro/tulcea,2026-09-01
Firme înființate pe județe,2026-06-01,81.0000,Număr,RO-TL,ONRC,https://www.onrc.ro,https://ecifre.ro/indicatori/firme-infiintate-judete-ro/tulcea,2026-09-01
Firme înființate pe județe,2026-07-01,60.0000,Număr,RO-TL,ONRC,https://www.onrc.ro,https://ecifre.ro/indicatori/firme-infiintate-judete-ro/tulcea,2026-09-01
Firme înființate pe județe,2014-01-01,95.0000,Număr,RO-VS,ONRC,https://www.onrc.ro,https://ecifre.ro/indicatori/firme-infiintate-judete-ro/vaslui,2026-09-01
Firme înființate pe județe,2015-01-01,98.0000,Număr,RO-VS,ONRC,https://www.onrc.ro,https://ecifre.ro/indicatori/firme-infiintate-judete-ro/vaslui,2026-09-01
Firme înființate pe județe,2016-01-01,88.0000,Număr,RO-VS,ONRC,https://www.onrc.ro,https://ecifre.ro/indicatori/firme-infiintate-judete-ro/vaslui,2026-09-01
Firme înființate pe județe,2017-01-01,60.0000,Număr,RO-VS,ONRC,https://www.onrc.ro,https://ecifre.ro/indicatori/firme-infiintate-judete-ro/vaslui,2026-09-01
Firme înființate pe județe,2017-03-01,150.0000,Număr,RO-VS,ONRC,https://www.onrc.ro,https://ecifre.ro/indicatori/firme-infiintate-judete-ro/vaslui,2026-09-01
Firme înființate pe județe,2017-04-01,112.0000,Număr,RO-VS,ONRC,https://www.onrc.ro,https://ecifre.ro/indicatori/firme-infiintate-judete-ro/vaslui,2026-09-01
Firme înființate pe județe,2017-05-01,157.0000,Număr,RO-VS,ONRC,https://www.onrc.ro,https://ecifre.ro/indicatori/firme-infiintate-judete-ro/vaslui,2026-09-01
Firme înființate pe județe,2017-06-01,121.0000,Număr,RO-VS,ONRC,https://www.onrc.ro,https://ecifre.ro/indicatori/firme-infiintate-judete-ro/vaslui,2026-09-01
Firme înființate pe județe,2017-07-01,133.0000,Număr,RO-VS,ONRC,https://www.onrc.ro,https://ecifre.ro/indicatori/firme-infiintate-judete-ro/vaslui,2026-09-01
Firme înființate pe județe,2017-08-01,99.0000,Număr,RO-VS,ONRC,https://www.onrc.ro,https://ecifre.ro/indicatori/firme-infiintate-judete-ro/vaslui,2026-09-01
Firme înființate pe județe,2017-09-01,88.0000,Număr,RO-VS,ONRC,https://www.onrc.ro,https://ecifre.ro/indicatori/firme-infiintate-judete-ro/vaslui,2026-09-01
Firme înființate pe județe,2017-10-01,81.0000,Număr,RO-VS,ONRC,https://www.onrc.ro,https://ecifre.ro/indicatori/firme-infiintate-judete-ro/vaslui,2026-09-01
Firme înființate pe județe,2017-11-01,72.0000,Număr,RO-VS,ONRC,https://www.onrc.ro,https://ecifre.ro/indicatori/firme-infiintate-judete-ro/vaslui,2026-09-01
Firme înființate pe județe,2017-12-01,79.0000,Număr,RO-VS,ONRC,https://www.onrc.ro,https://ecifre.ro/indicatori/firme-infiintate-judete-ro/vaslui,2026-09-01
Firme înființate pe județe,2018-01-01,125.0000,Număr,RO-VS,ONRC,https://www.onrc.ro,https://ecifre.ro/indicatori/firme-infiintate-judete-ro/vaslui,2026-09-01
Firme înființate pe județe,2018-02-01,123.0000,Număr,RO-VS,ONRC,https://www.onrc.ro,https://ecifre.ro/indicatori/firme-infiintate-judete-ro/vaslui,2026-09-01
Firme înființate pe județe,2018-03-01,156.0000,Număr,RO-VS,ONRC,https://www.onrc.ro,https://ecifre.ro/indicatori/firme-infiintate-judete-ro/vaslui,2026-09-01
Firme înființate pe județe,2018-04-01,115.0000,Număr,RO-VS,ONRC,https://www.onrc.ro,https://ecifre.ro/indicatori/firme-infiintate-judete-ro/vaslui,2026-09-01
Firme înființate pe județe,2018-05-01,105.0000,Număr,RO-VS,ONRC,https://www.onrc.ro,https://ecifre.ro/indicatori/firme-infiintate-judete-ro/vaslui,2026-09-01
Firme înființate pe județe,2018-06-01,92.0000,Număr,RO-VS,ONRC,https://www.onrc.ro,https://ecifre.ro/indicatori/firme-infiintate-judete-ro/vaslui,2026-09-01
Firme înființate pe județe,2018-07-01,87.0000,Număr,RO-VS,ONRC,https://www.onrc.ro,https://ecifre.ro/indicatori/firme-infiintate-judete-ro/vaslui,2026-09-01
Firme înființate pe județe,2018-08-01,98.0000,Număr,RO-VS,ONRC,https://www.onrc.ro,https://ecifre.ro/indicatori/firme-infiintate-judete-ro/vaslui,2026-09-01
Firme înființate pe județe,2018-09-01,98.0000,Număr,RO-VS,ONRC,https://www.onrc.ro,https://ecifre.ro/indicatori/firme-infiintate-judete-ro/vaslui,2026-09-01
Firme înființate pe județe,2018-10-01,83.0000,Număr,RO-VS,ONRC,https://www.onrc.ro,https://ecifre.ro/indicatori/firme-infiintate-judete-ro/vaslui,2026-09-01
Firme înființate pe județe,2018-11-01,118.0000,Număr,RO-VS,ONRC,https://www.onrc.ro,https://ecifre.ro/indicatori/firme-infiintate-judete-ro/vaslui,2026-09-01
Firme înființate pe județe,2018-12-01,102.0000,Număr,RO-VS,ONRC,https://www.onrc.ro,https://ecifre.ro/indicatori/firme-infiintate-judete-ro/vaslui,2026-09-01
Firme înființate pe județe,2019-01-01,168.0000,Număr,RO-VS,ONRC,https://www.onrc.ro,https://ecifre.ro/indicatori/firme-infiintate-judete-ro/vaslui,2026-09-01
Firme înființate pe județe,2019-02-01,147.0000,Număr,RO-VS,ONRC,https://www.onrc.ro,https://ecifre.ro/indicatori/firme-infiintate-judete-ro/vaslui,2026-09-01
Firme înființate pe județe,2019-03-01,139.0000,Număr,RO-VS,ONRC,https://www.onrc.ro,https://ecifre.ro/indicatori/firme-infiintate-judete-ro/vaslui,2026-09-01
Firme înființate pe județe,2019-04-01,197.0000,Număr,RO-VS,ONRC,https://www.onrc.ro,https://ecifre.ro/indicatori/firme-infiintate-judete-ro/vaslui,2026-09-01
Firme înființate pe județe,2019-05-01,139.0000,Număr,RO-VS,ONRC,https://www.onrc.ro,https://ecifre.ro/indicatori/firme-infiintate-judete-ro/vaslui,2026-09-01
Firme înființate pe județe,2019-06-01,96.0000,Număr,RO-VS,ONRC,https://www.onrc.ro,https://ecifre.ro/indicatori/firme-infiintate-judete-ro/vaslui,2026-09-01
Firme înființate pe județe,2019-07-01,153.0000,Număr,RO-VS,ONRC,https://www.onrc.ro,https://ecifre.ro/indicatori/firme-infiintate-judete-ro/vaslui,2026-09-01
Firme înființate pe județe,2019-08-01,100.0000,Număr,RO-VS,ONRC,https://www.onrc.ro,https://ecifre.ro/indicatori/firme-infiintate-judete-ro/vaslui,2026-09-01
Firme înființate pe județe,2019-09-01,109.0000,Număr,RO-VS,ONRC,https://www.onrc.ro,https://ecifre.ro/indicatori/firme-infiintate-judete-ro/vaslui,2026-09-01
Firme înființate pe județe,2019-10-01,94.0000,Număr,RO-VS,ONRC,https://www.onrc.ro,https://ecifre.ro/indicatori/firme-infiintate-judete-ro/vaslui,2026-09-01
Firme înființate pe județe,2019-11-01,74.0000,Număr,RO-VS,ONRC,https://www.onrc.ro,https://ecifre.ro/indicatori/firme-infiintate-judete-ro/vaslui,2026-09-01
Firme înființate pe județe,2019-12-01,79.0000,Număr,RO-VS,ONRC,https://www.onrc.ro,https://ecifre.ro/indicatori/firme-infiintate-judete-ro/vaslui,2026-09-01
Firme înființate pe județe,2020-01-01,104.0000,Număr,RO-VS,ONRC,https://www.onrc.ro,https://ecifre.ro/indicatori/firme-infiintate-judete-ro/vaslui,2026-09-01
Firme înființate pe județe,2020-02-01,101.0000,Număr,RO-VS,ONRC,https://www.onrc.ro,https://ecifre.ro/indicatori/firme-infiintate-judete-ro/vaslui,2026-09-01
Firme înființate pe județe,2020-03-01,70.0000,Număr,RO-VS,ONRC,https://www.onrc.ro,https://ecifre.ro/indicatori/firme-infiintate-judete-ro/vaslui,2026-09-01
Firme înființate pe județe,2020-04-01,37.0000,Număr,RO-VS,ONRC,https://www.onrc.ro,https://ecifre.ro/indicatori/firme-infiintate-judete-ro/vaslui,2026-09-01
Firme înființate pe județe,2020-05-01,85.0000,Număr,RO-VS,ONRC,https://www.onrc.ro,https://ecifre.ro/indicatori/firme-infiintate-judete-ro/vaslui,2026-09-01
Firme înființate pe județe,2020-06-01,106.0000,Număr,RO-VS,ONRC,https://www.onrc.ro,https://ecifre.ro/indicatori/firme-infiintate-judete-ro/vaslui,2026-09-01
Firme înființate pe județe,2020-07-01,94.0000,Număr,RO-VS,ONRC,https://www.onrc.ro,https://ecifre.ro/indicatori/firme-infiintate-judete-ro/vaslui,2026-09-01
Firme înființate pe județe,2020-08-01,91.0000,Număr,RO-VS,ONRC,https://www.onrc.ro,https://ecifre.ro/indicatori/firme-infiintate-judete-ro/vaslui,2026-09-01
Firme înființate pe județe,2020-09-01,115.0000,Număr,RO-VS,ONRC,https://www.onrc.ro,https://ecifre.ro/indicatori/firme-infiintate-judete-ro/vaslui,2026-09-01
Firme înființate pe județe,2020-10-01,106.0000,Număr,RO-VS,ONRC,https://www.onrc.ro,https://ecifre.ro/indicatori/firme-infiintate-judete-ro/vaslui,2026-09-01
Firme înființate pe județe,2020-11-01,76.0000,Număr,RO-VS,ONRC,https://www.onrc.ro,https://ecifre.ro/indicatori/firme-infiintate-judete-ro/vaslui,2026-09-01
Firme înființate pe județe,2020-12-01,75.0000,Număr,RO-VS,ONRC,https://www.onrc.ro,https://ecifre.ro/indicatori/firme-infiintate-judete-ro/vaslui,2026-09-01
Firme înființate pe județe,2021-02-01,138.0000,Număr,RO-VS,ONRC,https://www.onrc.ro,https://ecifre.ro/indicatori/firme-infiintate-judete-ro/vaslui,2026-09-01
Firme înființate pe județe,2021-03-01,140.0000,Număr,RO-VS,ONRC,https://www.onrc.ro,https://ecifre.ro/indicatori/firme-infiintate-judete-ro/vaslui,2026-09-01
Firme înființate pe județe,2021-04-01,124.0000,Număr,RO-VS,ONRC,https://www.onrc.ro,https://ecifre.ro/indicatori/firme-infiintate-judete-ro/vaslui,2026-09-01
Firme înființate pe județe,2021-05-01,116.0000,Număr,RO-VS,ONRC,https://www.onrc.ro,https://ecifre.ro/indicatori/firme-infiintate-judete-ro/vaslui,2026-09-01
Firme înființate pe județe,2021-06-01,115.0000,Număr,RO-VS,ONRC,https://www.onrc.ro,https://ecifre.ro/indicatori/firme-infiintate-judete-ro/vaslui,2026-09-01
Firme înființate pe județe,2021-07-01,103.0000,Număr,RO-VS,ONRC,https://www.onrc.ro,https://ecifre.ro/indicatori/firme-infiintate-judete-ro/vaslui,2026-09-01
Firme înființate pe județe,2021-08-01,136.0000,Număr,RO-VS,ONRC,https://www.onrc.ro,https://ecifre.ro/indicatori/firme-infiintate-judete-ro/vaslui,2026-09-01
Firme înființate pe județe,2021-09-01,120.0000,Număr,RO-VS,ONRC,https://www.onrc.ro,https://ecifre.ro/indicatori/firme-infiintate-judete-ro/vaslui,2026-09-01
Firme înființate pe județe,2021-10-01,109.0000,Număr,RO-VS,ONRC,https://www.onrc.ro,https://ecifre.ro/indicatori/firme-infiintate-judete-ro/vaslui,2026-09-01
Firme înființate pe județe,2021-11-01,109.0000,Număr,RO-VS,ONRC,https://www.onrc.ro,https://ecifre.ro/indicatori/firme-infiintate-judete-ro/vaslui,2026-09-01
Firme înființate pe județe,2021-12-01,68.0000,Număr,RO-VS,ONRC,https://www.onrc.ro,https://ecifre.ro/indicatori/firme-infiintate-judete-ro/vaslui,2026-09-01
Firme înființate pe județe,2022-02-01,117.0000,Număr,RO-VS,ONRC,https://www.onrc.ro,https://ecifre.ro/indicatori/firme-infiintate-judete-ro/vaslui,2026-09-01
Firme înființate pe județe,2022-03-01,123.0000,Număr,RO-VS,ONRC,https://www.onrc.ro,https://ecifre.ro/indicatori/firme-infiintate-judete-ro/vaslui,2026-09-01
Firme înființate pe județe,2022-04-01,111.0000,Număr,RO-VS,ONRC,https://www.onrc.ro,https://ecifre.ro/indicatori/firme-infiintate-judete-ro/vaslui,2026-09-01
Firme înființate pe județe,2022-05-01,123.0000,Număr,RO-VS,ONRC,https://www.onrc.ro,https://ecifre.ro/indicatori/firme-infiintate-judete-ro/vaslui,2026-09-01
Firme înființate pe județe,2022-07-01,95.0000,Număr,RO-VS,ONRC,https://www.onrc.ro,https://ecifre.ro/indicatori/firme-infiintate-judete-ro/vaslui,2026-09-01
Firme înființate pe județe,2022-08-01,147.0000,Număr,RO-VS,ONRC,https://www.onrc.ro,https://ecifre.ro/indicatori/firme-infiintate-judete-ro/vaslui,2026-09-01
Firme înființate pe județe,2022-09-01,123.0000,Număr,RO-VS,ONRC,https://www.onrc.ro,https://ecifre.ro/indicatori/firme-infiintate-judete-ro/vaslui,2026-09-01
Firme înființate pe județe,2022-10-01,109.0000,Număr,RO-VS,ONRC,https://www.onrc.ro,https://ecifre.ro/indicatori/firme-infiintate-judete-ro/vaslui,2026-09-01
Firme înființate pe județe,2022-11-01,92.0000,Număr,RO-VS,ONRC,https://www.onrc.ro,https://ecifre.ro/indicatori/firme-infiintate-judete-ro/vaslui,2026-09-01
Firme înființate pe județe,2022-12-01,82.0000,Număr,RO-VS,ONRC,https://www.onrc.ro,https://ecifre.ro/indicatori/firme-infiintate-judete-ro/vaslui,2026-09-01
Firme înființate pe județe,2023-02-01,112.0000,Număr,RO-VS,ONRC,https://www.onrc.ro,https://ecifre.ro/indicatori/firme-infiintate-judete-ro/vaslui,2026-09-01
Firme înființate pe județe,2023-03-01,128.0000,Număr,RO-VS,ONRC,https://www.onrc.ro,https://ecifre.ro/indicatori/firme-infiintate-judete-ro/vaslui,2026-09-01
Firme înființate pe județe,2023-04-01,93.0000,Număr,RO-VS,ONRC,https://www.onrc.ro,https://ecifre.ro/indicatori/firme-infiintate-judete-ro/vaslui,2026-09-01
Firme înființate pe județe,2023-05-01,121.0000,Număr,RO-VS,ONRC,https://www.onrc.ro,https://ecifre.ro/indicatori/firme-infiintate-judete-ro/vaslui,2026-09-01
Firme înființate pe județe,2023-06-01,141.0000,Număr,RO-VS,ONRC,https://www.onrc.ro,https://ecifre.ro/indicatori/firme-infiintate-judete-ro/vaslui,2026-09-01
Firme înființate pe județe,2023-07-01,98.0000,Număr,RO-VS,ONRC,https://www.onrc.ro,https://ecifre.ro/indicatori/firme-infiintate-judete-ro/vaslui,2026-09-01
Firme înființate pe județe,2023-08-01,104.0000,Număr,RO-VS,ONRC,https://www.onrc.ro,https://ecifre.ro/indicatori/firme-infiintate-judete-ro/vaslui,2026-09-01
Firme înființate pe județe,2023-09-01,99.0000,Număr,RO-VS,ONRC,https://www.onrc.ro,https://ecifre.ro/indicatori/firme-infiintate-judete-ro/vaslui,2026-09-01
Firme înființate pe județe,2023-10-01,90.0000,Număr,RO-VS,ONRC,https://www.onrc.ro,https://ecifre.ro/indicatori/firme-infiintate-judete-ro/vaslui,2026-09-01
Firme înființate pe județe,2023-11-01,84.0000,Număr,RO-VS,ONRC,https://www.onrc.ro,https://ecifre.ro/indicatori/firme-infiintate-judete-ro/vaslui,2026-09-01
Firme înființate pe județe,2023-12-01,100.0000,Număr,RO-VS,ONRC,https://www.onrc.ro,https://ecifre.ro/indicatori/firme-infiintate-judete-ro/vaslui,2026-09-01
Firme înființate pe județe,2024-02-01,119.0000,Număr,RO-VS,ONRC,https://www.onrc.ro,https://ecifre.ro/indicatori/firme-infiintate-judete-ro/vaslui,2026-09-01
Firme înființate pe județe,2024-03-01,92.0000,Număr,RO-VS,ONRC,https://www.onrc.ro,https://ecifre.ro/indicatori/firme-infiintate-judete-ro/vaslui,2026-09-01
Firme înființate pe județe,2024-04-01,100.0000,Număr,RO-VS,ONRC,https://www.onrc.ro,https://ecifre.ro/indicatori/firme-infiintate-judete-ro/vaslui,2026-09-01
Firme înființate pe județe,2024-05-01,112.0000,Număr,RO-VS,ONRC,https://www.onrc.ro,https://ecifre.ro/indicatori/firme-infiintate-judete-ro/vaslui,2026-09-01
Firme înființate pe județe,2024-06-01,101.0000,Număr,RO-VS,ONRC,https://www.onrc.ro,https://ecifre.ro/indicatori/firme-infiintate-judete-ro/vaslui,2026-09-01
Firme înființate pe județe,2024-07-01,69.0000,Număr,RO-VS,ONRC,https://www.onrc.ro,https://ecifre.ro/indicatori/firme-infiintate-judete-ro/vaslui,2026-09-01
Firme înființate pe județe,2024-08-01,38.0000,Număr,RO-VS,ONRC,https://www.onrc.ro,https://ecifre.ro/indicatori/firme-infiintate-judete-ro/vaslui,2026-09-01
Firme înființate pe județe,2024-09-01,58.0000,Număr,RO-VS,ONRC,https://www.onrc.ro,https://ecifre.ro/indicatori/firme-infiintate-judete-ro/vaslui,2026-09-01
Firme înființate pe județe,2024-10-01,148.0000,Număr,RO-VS,ONRC,https://www.onrc.ro,https://ecifre.ro/indicatori/firme-infiintate-judete-ro/vaslui,2026-09-01
Firme înființate pe județe,2024-11-01,80.0000,Număr,RO-VS,ONRC,https://www.onrc.ro,https://ecifre.ro/indicatori/firme-infiintate-judete-ro/vaslui,2026-09-01
Firme înființate pe județe,2024-12-01,60.0000,Număr,RO-VS,ONRC,https://www.onrc.ro,https://ecifre.ro/indicatori/firme-infiintate-judete-ro/vaslui,2026-09-01
Firme înființate pe județe,2025-01-01,106.0000,Număr,RO-VS,ONRC,https://www.onrc.ro,https://ecifre.ro/indicatori/firme-infiintate-judete-ro/vaslui,2026-09-01
Firme înființate pe județe,2025-02-01,127.0000,Număr,RO-VS,ONRC,https://www.onrc.ro,https://ecifre.ro/indicatori/firme-infiintate-judete-ro/vaslui,2026-09-01
Firme înființate pe județe,2025-03-01,104.0000,Număr,RO-VS,ONRC,https://www.onrc.ro,https://ecifre.ro/indicatori/firme-infiintate-judete-ro/vaslui,2026-09-01
Firme înființate pe județe,2025-04-01,111.0000,Număr,RO-VS,ONRC,https://www.onrc.ro,https://ecifre.ro/indicatori/firme-infiintate-judete-ro/vaslui,2026-09-01
Firme înființate pe județe,2025-05-01,109.0000,Număr,RO-VS,ONRC,https://www.onrc.ro,https://ecifre.ro/indicatori/firme-infiintate-judete-ro/vaslui,2026-09-01
Firme înființate pe județe,2025-06-01,90.0000,Număr,RO-VS,ONRC,https://www.onrc.ro,https://ecifre.ro/indicatori/firme-infiintate-judete-ro/vaslui,2026-09-01
Firme înființate pe județe,2025-07-01,160.0000,Număr,RO-VS,ONRC,https://www.onrc.ro,https://ecifre.ro/indicatori/firme-infiintate-judete-ro/vaslui,2026-09-01
Firme înființate pe județe,2025-08-01,80.0000,Număr,RO-VS,ONRC,https://www.onrc.ro,https://ecifre.ro/indicatori/firme-infiintate-judete-ro/vaslui,2026-09-01
Firme înființate pe județe,2025-09-01,147.0000,Număr,RO-VS,ONRC,https://www.onrc.ro,https://ecifre.ro/indicatori/firme-infiintate-judete-ro/vaslui,2026-09-01
Firme înființate pe județe,2025-10-01,163.0000,Număr,RO-VS,ONRC,https://www.onrc.ro,https://ecifre.ro/indicatori/firme-infiintate-judete-ro/vaslui,2026-09-01
Firme înființate pe județe,2025-11-01,127.0000,Număr,RO-VS,ONRC,https://www.onrc.ro,https://ecifre.ro/indicatori/firme-infiintate-judete-ro/vaslui,2026-09-01
Firme înființate pe județe,2025-12-01,84.0000,Număr,RO-VS,ONRC,https://www.onrc.ro,https://ecifre.ro/indicatori/firme-infiintate-judete-ro/vaslui,2026-09-01
Firme înființate pe județe,2026-01-01,83.0000,Număr,RO-VS,ONRC,https://www.onrc.ro,https://ecifre.ro/indicatori/firme-infiintate-judete-ro/vaslui,2026-09-01
Firme înființate pe județe,2026-02-01,112.0000,Număr,RO-VS,ONRC,https://www.onrc.ro,https://ecifre.ro/indicatori/firme-infiintate-judete-ro/vaslui,2026-09-01
Firme înființate pe județe,2026-03-01,143.0000,Număr,RO-VS,ONRC,https://www.onrc.ro,https://ecifre.ro/indicatori/firme-infiintate-judete-ro/vaslui,2026-09-01
Firme înființate pe județe,2026-04-01,108.0000,Număr,RO-VS,ONRC,https://www.onrc.ro,https://ecifre.ro/indicatori/firme-infiintate-judete-ro/vaslui,2026-09-01
Firme înființate pe județe,2026-05-01,106.0000,Număr,RO-VS,ONRC,https://www.onrc.ro,https://ecifre.ro/indicatori/firme-infiintate-judete-ro/vaslui,2026-09-01
Firme înființate pe județe,2026-06-01,90.0000,Număr,RO-VS,ONRC,https://www.onrc.ro,https://ecifre.ro/indicatori/firme-infiintate-judete-ro/vaslui,2026-09-01
Firme înființate pe județe,2026-07-01,110.0000,Număr,RO-VS,ONRC,https://www.onrc.ro,https://ecifre.ro/indicatori/firme-infiintate-judete-ro/vaslui,2026-09-01
Firme înființate pe județe,2014-01-01,97.0000,Număr,RO-VN,ONRC,https://www.onrc.ro,https://ecifre.ro/indicatori/firme-infiintate-judete-ro/vrancea,2026-09-01
Firme înființate pe județe,2015-01-01,101.0000,Număr,RO-VN,ONRC,https://www.onrc.ro,https://ecifre.ro/indicatori/firme-infiintate-judete-ro/vrancea,2026-09-01
Firme înființate pe județe,2016-01-01,105.0000,Număr,RO-VN,ONRC,https://www.onrc.ro,https://ecifre.ro/indicatori/firme-infiintate-judete-ro/vrancea,2026-09-01
Firme înființate pe județe,2017-01-01,46.0000,Număr,RO-VN,ONRC,https://www.onrc.ro,https://ecifre.ro/indicatori/firme-infiintate-judete-ro/vrancea,2026-09-01
Firme înființate pe județe,2017-03-01,183.0000,Număr,RO-VN,ONRC,https://www.onrc.ro,https://ecifre.ro/indicatori/firme-infiintate-judete-ro/vrancea,2026-09-01
Firme înființate pe județe,2017-04-01,161.0000,Număr,RO-VN,ONRC,https://www.onrc.ro,https://ecifre.ro/indicatori/firme-infiintate-judete-ro/vrancea,2026-09-01
Firme înființate pe județe,2017-05-01,265.0000,Număr,RO-VN,ONRC,https://www.onrc.ro,https://ecifre.ro/indicatori/firme-infiintate-judete-ro/vrancea,2026-09-01
Firme înființate pe județe,2017-06-01,201.0000,Număr,RO-VN,ONRC,https://www.onrc.ro,https://ecifre.ro/indicatori/firme-infiintate-judete-ro/vrancea,2026-09-01
Firme înființate pe județe,2017-07-01,188.0000,Număr,RO-VN,ONRC,https://www.onrc.ro,https://ecifre.ro/indicatori/firme-infiintate-judete-ro/vrancea,2026-09-01
Firme înființate pe județe,2017-08-01,100.0000,Număr,RO-VN,ONRC,https://www.onrc.ro,https://ecifre.ro/indicatori/firme-infiintate-judete-ro/vrancea,2026-09-01
Firme înființate pe județe,2017-09-01,127.0000,Număr,RO-VN,ONRC,https://www.onrc.ro,https://ecifre.ro/indicatori/firme-infiintate-judete-ro/vrancea,2026-09-01
Firme înființate pe județe,2017-10-01,93.0000,Număr,RO-VN,ONRC,https://www.onrc.ro,https://ecifre.ro/indicatori/firme-infiintate-judete-ro/vrancea,2026-09-01
Firme înființate pe județe,2017-11-01,89.0000,Număr,RO-VN,ONRC,https://www.onrc.ro,https://ecifre.ro/indicatori/firme-infiintate-judete-ro/vrancea,2026-09-01
Firme înființate pe județe,2017-12-01,70.0000,Număr,RO-VN,ONRC,https://www.onrc.ro,https://ecifre.ro/indicatori/firme-infiintate-judete-ro/vrancea,2026-09-01
Firme înființate pe județe,2018-01-01,157.0000,Număr,RO-VN,ONRC,https://www.onrc.ro,https://ecifre.ro/indicatori/firme-infiintate-judete-ro/vrancea,2026-09-01
Firme înființate pe județe,2018-02-01,227.0000,Număr,RO-VN,ONRC,https://www.onrc.ro,https://ecifre.ro/indicatori/firme-infiintate-judete-ro/vrancea,2026-09-01
Firme înființate pe județe,2018-03-01,207.0000,Număr,RO-VN,ONRC,https://www.onrc.ro,https://ecifre.ro/indicatori/firme-infiintate-judete-ro/vrancea,2026-09-01
Firme înființate pe județe,2018-04-01,159.0000,Număr,RO-VN,ONRC,https://www.onrc.ro,https://ecifre.ro/indicatori/firme-infiintate-judete-ro/vrancea,2026-09-01
Firme înființate pe județe,2018-05-01,181.0000,Număr,RO-VN,ONRC,https://www.onrc.ro,https://ecifre.ro/indicatori/firme-infiintate-judete-ro/vrancea,2026-09-01
Firme înființate pe județe,2018-06-01,122.0000,Număr,RO-VN,ONRC,https://www.onrc.ro,https://ecifre.ro/indicatori/firme-infiintate-judete-ro/vrancea,2026-09-01
Firme înființate pe județe,2018-07-01,110.0000,Număr,RO-VN,ONRC,https://www.onrc.ro,https://ecifre.ro/indicatori/firme-infiintate-judete-ro/vrancea,2026-09-01
Firme înființate pe județe,2018-08-01,118.0000,Număr,RO-VN,ONRC,https://www.onrc.ro,https://ecifre.ro/indicatori/firme-infiintate-judete-ro/vrancea,2026-09-01
Firme înființate pe județe,2018-09-01,90.0000,Număr,RO-VN,ONRC,https://www.onrc.ro,https://ecifre.ro/indicatori/firme-infiintate-judete-ro/vrancea,2026-09-01
Firme înființate pe județe,2018-10-01,149.0000,Număr,RO-VN,ONRC,https://www.onrc.ro,https://ecifre.ro/indicatori/firme-infiintate-judete-ro/vrancea,2026-09-01
Firme înființate pe județe,2018-11-01,190.0000,Număr,RO-VN,ONRC,https://www.onrc.ro,https://ecifre.ro/indicatori/firme-infiintate-judete-ro/vrancea,2026-09-01
Firme înființate pe județe,2018-12-01,188.0000,Număr,RO-VN,ONRC,https://www.onrc.ro,https://ecifre.ro/indicatori/firme-infiintate-judete-ro/vrancea,2026-09-01
Firme înființate pe județe,2019-01-01,273.0000,Număr,RO-VN,ONRC,https://www.onrc.ro,https://ecifre.ro/indicatori/firme-infiintate-judete-ro/vrancea,2026-09-01
Firme înființate pe județe,2019-02-01,193.0000,Număr,RO-VN,ONRC,https://www.onrc.ro,https://ecifre.ro/indicatori/firme-infiintate-judete-ro/vrancea,2026-09-01
Firme înființate pe județe,2019-03-01,156.0000,Număr,RO-VN,ONRC,https://www.onrc.ro,https://ecifre.ro/indicatori/firme-infiintate-judete-ro/vrancea,2026-09-01
Firme înființate pe județe,2019-04-01,197.0000,Număr,RO-VN,ONRC,https://www.onrc.ro,https://ecifre.ro/indicatori/firme-infiintate-judete-ro/vrancea,2026-09-01
Firme înființate pe județe,2019-05-01,166.0000,Număr,RO-VN,ONRC,https://www.onrc.ro,https://ecifre.ro/indicatori/firme-infiintate-judete-ro/vrancea,2026-09-01
Firme înființate pe județe,2019-06-01,126.0000,Număr,RO-VN,ONRC,https://www.onrc.ro,https://ecifre.ro/indicatori/firme-infiintate-judete-ro/vrancea,2026-09-01
Firme înființate pe județe,2019-07-01,121.0000,Număr,RO-VN,ONRC,https://www.onrc.ro,https://ecifre.ro/indicatori/firme-infiintate-judete-ro/vrancea,2026-09-01
Firme înființate pe județe,2019-08-01,112.0000,Număr,RO-VN,ONRC,https://www.onrc.ro,https://ecifre.ro/indicatori/firme-infiintate-judete-ro/vrancea,2026-09-01
Firme înființate pe județe,2019-09-01,94.0000,Număr,RO-VN,ONRC,https://www.onrc.ro,https://ecifre.ro/indicatori/firme-infiintate-judete-ro/vrancea,2026-09-01
Firme înființate pe județe,2019-10-01,87.0000,Număr,RO-VN,ONRC,https://www.onrc.ro,https://ecifre.ro/indicatori/firme-infiintate-judete-ro/vrancea,2026-09-01
Firme înființate pe județe,2019-11-01,90.0000,Număr,RO-VN,ONRC,https://www.onrc.ro,https://ecifre.ro/indicatori/firme-infiintate-judete-ro/vrancea,2026-09-01
Firme înființate pe județe,2019-12-01,88.0000,Număr,RO-VN,ONRC,https://www.onrc.ro,https://ecifre.ro/indicatori/firme-infiintate-judete-ro/vrancea,2026-09-01
Firme înființate pe județe,2020-01-01,116.0000,Număr,RO-VN,ONRC,https://www.onrc.ro,https://ecifre.ro/indicatori/firme-infiintate-judete-ro/vrancea,2026-09-01
Firme înființate pe județe,2020-02-01,154.0000,Număr,RO-VN,ONRC,https://www.onrc.ro,https://ecifre.ro/indicatori/firme-infiintate-judete-ro/vrancea,2026-09-01
Firme înființate pe județe,2020-03-01,60.0000,Număr,RO-VN,ONRC,https://www.onrc.ro,https://ecifre.ro/indicatori/firme-infiintate-judete-ro/vrancea,2026-09-01
Firme înființate pe județe,2020-04-01,21.0000,Număr,RO-VN,ONRC,https://www.onrc.ro,https://ecifre.ro/indicatori/firme-infiintate-judete-ro/vrancea,2026-09-01
Firme înființate pe județe,2020-05-01,140.0000,Număr,RO-VN,ONRC,https://www.onrc.ro,https://ecifre.ro/indicatori/firme-infiintate-judete-ro/vrancea,2026-09-01
Firme înființate pe județe,2020-06-01,151.0000,Număr,RO-VN,ONRC,https://www.onrc.ro,https://ecifre.ro/indicatori/firme-infiintate-judete-ro/vrancea,2026-09-01
Firme înființate pe județe,2020-07-01,148.0000,Număr,RO-VN,ONRC,https://www.onrc.ro,https://ecifre.ro/indicatori/firme-infiintate-judete-ro/vrancea,2026-09-01
Firme înființate pe județe,2020-08-01,112.0000,Număr,RO-VN,ONRC,https://www.onrc.ro,https://ecifre.ro/indicatori/firme-infiintate-judete-ro/vrancea,2026-09-01
Firme înființate pe județe,2020-09-01,112.0000,Număr,RO-VN,ONRC,https://www.onrc.ro,https://ecifre.ro/indicatori/firme-infiintate-judete-ro/vrancea,2026-09-01
Firme înființate pe județe,2020-10-01,121.0000,Număr,RO-VN,ONRC,https://www.onrc.ro,https://ecifre.ro/indicatori/firme-infiintate-judete-ro/vrancea,2026-09-01
Firme înființate pe județe,2020-11-01,98.0000,Număr,RO-VN,ONRC,https://www.onrc.ro,https://ecifre.ro/indicatori/firme-infiintate-judete-ro/vrancea,2026-09-01
Firme înființate pe județe,2020-12-01,85.0000,Număr,RO-VN,ONRC,https://www.onrc.ro,https://ecifre.ro/indicatori/firme-infiintate-judete-ro/vrancea,2026-09-01
Firme înființate pe județe,2021-02-01,171.0000,Număr,RO-VN,ONRC,https://www.onrc.ro,https://ecifre.ro/indicatori/firme-infiintate-judete-ro/vrancea,2026-09-01
Firme înființate pe județe,2021-03-01,244.0000,Număr,RO-VN,ONRC,https://www.onrc.ro,https://ecifre.ro/indicatori/firme-infiintate-judete-ro/vrancea,2026-09-01
Firme înființate pe județe,2021-04-01,251.0000,Număr,RO-VN,ONRC,https://www.onrc.ro,https://ecifre.ro/indicatori/firme-infiintate-judete-ro/vrancea,2026-09-01
Firme înființate pe județe,2021-05-01,164.0000,Număr,RO-VN,ONRC,https://www.onrc.ro,https://ecifre.ro/indicatori/firme-infiintate-judete-ro/vrancea,2026-09-01
Firme înființate pe județe,2021-06-01,150.0000,Număr,RO-VN,ONRC,https://www.onrc.ro,https://ecifre.ro/indicatori/firme-infiintate-judete-ro/vrancea,2026-09-01
Firme înființate pe județe,2021-07-01,135.0000,Număr,RO-VN,ONRC,https://www.onrc.ro,https://ecifre.ro/indicatori/firme-infiintate-judete-ro/vrancea,2026-09-01
Firme înființate pe județe,2021-08-01,135.0000,Număr,RO-VN,ONRC,https://www.onrc.ro,https://ecifre.ro/indicatori/firme-infiintate-judete-ro/vrancea,2026-09-01
Firme înființate pe județe,2021-09-01,144.0000,Număr,RO-VN,ONRC,https://www.onrc.ro,https://ecifre.ro/indicatori/firme-infiintate-judete-ro/vrancea,2026-09-01
Firme înființate pe județe,2021-10-01,118.0000,Număr,RO-VN,ONRC,https://www.onrc.ro,https://ecifre.ro/indicatori/firme-infiintate-judete-ro/vrancea,2026-09-01
Firme înființate pe județe,2021-11-01,106.0000,Număr,RO-VN,ONRC,https://www.onrc.ro,https://ecifre.ro/indicatori/firme-infiintate-judete-ro/vrancea,2026-09-01
Firme înființate pe județe,2021-12-01,72.0000,Număr,RO-VN,ONRC,https://www.onrc.ro,https://ecifre.ro/indicatori/firme-infiintate-judete-ro/vrancea,2026-09-01
Firme înființate pe județe,2022-02-01,169.0000,Număr,RO-VN,ONRC,https://www.onrc.ro,https://ecifre.ro/indicatori/firme-infiintate-judete-ro/vrancea,2026-09-01
Firme înființate pe județe,2022-03-01,133.0000,Număr,RO-VN,ONRC,https://www.onrc.ro,https://ecifre.ro/indicatori/firme-infiintate-judete-ro/vrancea,2026-09-01
Firme înființate pe județe,2022-04-01,109.0000,Număr,RO-VN,ONRC,https://www.onrc.ro,https://ecifre.ro/indicatori/firme-infiintate-judete-ro/vrancea,2026-09-01
Firme înființate pe județe,2022-05-01,154.0000,Număr,RO-VN,ONRC,https://www.onrc.ro,https://ecifre.ro/indicatori/firme-infiintate-judete-ro/vrancea,2026-09-01
Firme înființate pe județe,2022-07-01,133.0000,Număr,RO-VN,ONRC,https://www.onrc.ro,https://ecifre.ro/indicatori/firme-infiintate-judete-ro/vrancea,2026-09-01
Firme înființate pe județe,2022-08-01,202.0000,Număr,RO-VN,ONRC,https://www.onrc.ro,https://ecifre.ro/indicatori/firme-infiintate-judete-ro/vrancea,2026-09-01
Firme înființate pe județe,2022-09-01,148.0000,Număr,RO-VN,ONRC,https://www.onrc.ro,https://ecifre.ro/indicatori/firme-infiintate-judete-ro/vrancea,2026-09-01
Firme înființate pe județe,2022-10-01,107.0000,Număr,RO-VN,ONRC,https://www.onrc.ro,https://ecifre.ro/indicatori/firme-infiintate-judete-ro/vrancea,2026-09-01
Firme înființate pe județe,2022-11-01,108.0000,Număr,RO-VN,ONRC,https://www.onrc.ro,https://ecifre.ro/indicatori/firme-infiintate-judete-ro/vrancea,2026-09-01
Firme înființate pe județe,2022-12-01,118.0000,Număr,RO-VN,ONRC,https://www.onrc.ro,https://ecifre.ro/indicatori/firme-infiintate-judete-ro/vrancea,2026-09-01
Firme înființate pe județe,2023-02-01,135.0000,Număr,RO-VN,ONRC,https://www.onrc.ro,https://ecifre.ro/indicatori/firme-infiintate-judete-ro/vrancea,2026-09-01
Firme înființate pe județe,2023-03-01,170.0000,Număr,RO-VN,ONRC,https://www.onrc.ro,https://ecifre.ro/indicatori/firme-infiintate-judete-ro/vrancea,2026-09-01
Firme înființate pe județe,2023-04-01,128.0000,Număr,RO-VN,ONRC,https://www.onrc.ro,https://ecifre.ro/indicatori/firme-infiintate-judete-ro/vrancea,2026-09-01
Firme înființate pe județe,2023-05-01,165.0000,Număr,RO-VN,ONRC,https://www.onrc.ro,https://ecifre.ro/indicatori/firme-infiintate-judete-ro/vrancea,2026-09-01
Firme înființate pe județe,2023-06-01,107.0000,Număr,RO-VN,ONRC,https://www.onrc.ro,https://ecifre.ro/indicatori/firme-infiintate-judete-ro/vrancea,2026-09-01
Firme înființate pe județe,2023-07-01,97.0000,Număr,RO-VN,ONRC,https://www.onrc.ro,https://ecifre.ro/indicatori/firme-infiintate-judete-ro/vrancea,2026-09-01
Firme înființate pe județe,2023-08-01,110.0000,Număr,RO-VN,ONRC,https://www.onrc.ro,https://ecifre.ro/indicatori/firme-infiintate-judete-ro/vrancea,2026-09-01
Firme înființate pe județe,2023-09-01,104.0000,Număr,RO-VN,ONRC,https://www.onrc.ro,https://ecifre.ro/indicatori/firme-infiintate-judete-ro/vrancea,2026-09-01
Firme înființate pe județe,2023-10-01,102.0000,Număr,RO-VN,ONRC,https://www.onrc.ro,https://ecifre.ro/indicatori/firme-infiintate-judete-ro/vrancea,2026-09-01
Firme înființate pe județe,2023-11-01,114.0000,Număr,RO-VN,ONRC,https://www.onrc.ro,https://ecifre.ro/indicatori/firme-infiintate-judete-ro/vrancea,2026-09-01
Firme înființate pe județe,2023-12-01,66.0000,Număr,RO-VN,ONRC,https://www.onrc.ro,https://ecifre.ro/indicatori/firme-infiintate-judete-ro/vrancea,2026-09-01
Firme înființate pe județe,2024-02-01,127.0000,Număr,RO-VN,ONRC,https://www.onrc.ro,https://ecifre.ro/indicatori/firme-infiintate-judete-ro/vrancea,2026-09-01
Firme înființate pe județe,2024-03-01,93.0000,Număr,RO-VN,ONRC,https://www.onrc.ro,https://ecifre.ro/indicatori/firme-infiintate-judete-ro/vrancea,2026-09-01
Firme înființate pe județe,2024-04-01,110.0000,Număr,RO-VN,ONRC,https://www.onrc.ro,https://ecifre.ro/indicatori/firme-infiintate-judete-ro/vrancea,2026-09-01
Firme înființate pe județe,2024-05-01,105.0000,Număr,RO-VN,ONRC,https://www.onrc.ro,https://ecifre.ro/indicatori/firme-infiintate-judete-ro/vrancea,2026-09-01
Firme înființate pe județe,2024-06-01,85.0000,Număr,RO-VN,ONRC,https://www.onrc.ro,https://ecifre.ro/indicatori/firme-infiintate-judete-ro/vrancea,2026-09-01
Firme înființate pe județe,2024-07-01,55.0000,Număr,RO-VN,ONRC,https://www.onrc.ro,https://ecifre.ro/indicatori/firme-infiintate-judete-ro/vrancea,2026-09-01
Firme înființate pe județe,2024-08-01,67.0000,Număr,RO-VN,ONRC,https://www.onrc.ro,https://ecifre.ro/indicatori/firme-infiintate-judete-ro/vrancea,2026-09-01
Firme înființate pe județe,2024-09-01,94.0000,Număr,RO-VN,ONRC,https://www.onrc.ro,https://ecifre.ro/indicatori/firme-infiintate-judete-ro/vrancea,2026-09-01
Firme înființate pe județe,2024-10-01,125.0000,Număr,RO-VN,ONRC,https://www.onrc.ro,https://ecifre.ro/indicatori/firme-infiintate-judete-ro/vrancea,2026-09-01
Firme înființate pe județe,2024-11-01,93.0000,Număr,RO-VN,ONRC,https://www.onrc.ro,https://ecifre.ro/indicatori/firme-infiintate-judete-ro/vrancea,2026-09-01
Firme înființate pe județe,2024-12-01,59.0000,Număr,RO-VN,ONRC,https://www.onrc.ro,https://ecifre.ro/indicatori/firme-infiintate-judete-ro/vrancea,2026-09-01
Firme înființate pe județe,2025-01-01,71.0000,Număr,RO-VN,ONRC,https://www.onrc.ro,https://ecifre.ro/indicatori/firme-infiintate-judete-ro/vrancea,2026-09-01
Firme înființate pe județe,2025-02-01,136.0000,Număr,RO-VN,ONRC,https://www.onrc.ro,https://ecifre.ro/indicatori/firme-infiintate-judete-ro/vrancea,2026-09-01
Firme înființate pe județe,2025-03-01,132.0000,Număr,RO-VN,ONRC,https://www.onrc.ro,https://ecifre.ro/indicatori/firme-infiintate-judete-ro/vrancea,2026-09-01
Firme înființate pe județe,2025-04-01,98.0000,Număr,RO-VN,ONRC,https://www.onrc.ro,https://ecifre.ro/indicatori/firme-infiintate-judete-ro/vrancea,2026-09-01
Firme înființate pe județe,2025-05-01,135.0000,Număr,RO-VN,ONRC,https://www.onrc.ro,https://ecifre.ro/indicatori/firme-infiintate-judete-ro/vrancea,2026-09-01
Firme înființate pe județe,2025-06-01,102.0000,Număr,RO-VN,ONRC,https://www.onrc.ro,https://ecifre.ro/indicatori/firme-infiintate-judete-ro/vrancea,2026-09-01
Firme înființate pe județe,2025-07-01,181.0000,Număr,RO-VN,ONRC,https://www.onrc.ro,https://ecifre.ro/indicatori/firme-infiintate-judete-ro/vrancea,2026-09-01
Firme înființate pe județe,2025-08-01,125.0000,Număr,RO-VN,ONRC,https://www.onrc.ro,https://ecifre.ro/indicatori/firme-infiintate-judete-ro/vrancea,2026-09-01
Firme înființate pe județe,2025-09-01,125.0000,Număr,RO-VN,ONRC,https://www.onrc.ro,https://ecifre.ro/indicatori/firme-infiintate-judete-ro/vrancea,2026-09-01
Firme înființate pe județe,2025-10-01,134.0000,Număr,RO-VN,ONRC,https://www.onrc.ro,https://ecifre.ro/indicatori/firme-infiintate-judete-ro/vrancea,2026-09-01
Firme înființate pe județe,2025-11-01,145.0000,Număr,RO-VN,ONRC,https://www.onrc.ro,https://ecifre.ro/indicatori/firme-infiintate-judete-ro/vrancea,2026-09-01
Firme înființate pe județe,2025-12-01,108.0000,Număr,RO-VN,ONRC,https://www.onrc.ro,https://ecifre.ro/indicatori/firme-infiintate-judete-ro/vrancea,2026-09-01
Firme înființate pe județe,2026-01-01,106.0000,Număr,RO-VN,ONRC,https://www.onrc.ro,https://ecifre.ro/indicatori/firme-infiintate-judete-ro/vrancea,2026-09-01
Firme înființate pe județe,2026-02-01,143.0000,Număr,RO-VN,ONRC,https://www.onrc.ro,https://ecifre.ro/indicatori/firme-infiintate-judete-ro/vrancea,2026-09-01
Firme înființate pe județe,2026-03-01,111.0000,Număr,RO-VN,ONRC,https://www.onrc.ro,https://ecifre.ro/indicatori/firme-infiintate-judete-ro/vrancea,2026-09-01
Firme înființate pe județe,2026-04-01,137.0000,Număr,RO-VN,ONRC,https://www.onrc.ro,https://ecifre.ro/indicatori/firme-infiintate-judete-ro/vrancea,2026-09-01
Firme înființate pe județe,2026-05-01,96.0000,Număr,RO-VN,ONRC,https://www.onrc.ro,https://ecifre.ro/indicatori/firme-infiintate-judete-ro/vrancea,2026-09-01
Firme înființate pe județe,2026-06-01,107.0000,Număr,RO-VN,ONRC,https://www.onrc.ro,https://ecifre.ro/indicatori/firme-infiintate-judete-ro/vrancea,2026-09-01
Firme înființate pe județe,2026-07-01,90.0000,Număr,RO-VN,ONRC,https://www.onrc.ro,https://ecifre.ro/indicatori/firme-infiintate-judete-ro/vrancea,2026-09-01
Firme înființate pe județe,2014-01-01,127.0000,Număr,RO-VL,ONRC,https://www.onrc.ro,https://ecifre.ro/indicatori/firme-infiintate-judete-ro/valcea,2026-09-01
Firme înființate pe județe,2015-01-01,126.0000,Număr,RO-VL,ONRC,https://www.onrc.ro,https://ecifre.ro/indicatori/firme-infiintate-judete-ro/valcea,2026-09-01
Firme înființate pe județe,2016-01-01,117.0000,Număr,RO-VL,ONRC,https://www.onrc.ro,https://ecifre.ro/indicatori/firme-infiintate-judete-ro/valcea,2026-09-01
Firme înființate pe județe,2017-01-01,72.0000,Număr,RO-VL,ONRC,https://www.onrc.ro,https://ecifre.ro/indicatori/firme-infiintate-judete-ro/valcea,2026-09-01
Firme înființate pe județe,2017-03-01,199.0000,Număr,RO-VL,ONRC,https://www.onrc.ro,https://ecifre.ro/indicatori/firme-infiintate-judete-ro/valcea,2026-09-01
Firme înființate pe județe,2017-04-01,188.0000,Număr,RO-VL,ONRC,https://www.onrc.ro,https://ecifre.ro/indicatori/firme-infiintate-judete-ro/valcea,2026-09-01
Firme înființate pe județe,2017-05-01,246.0000,Număr,RO-VL,ONRC,https://www.onrc.ro,https://ecifre.ro/indicatori/firme-infiintate-judete-ro/valcea,2026-09-01
Firme înființate pe județe,2017-06-01,223.0000,Număr,RO-VL,ONRC,https://www.onrc.ro,https://ecifre.ro/indicatori/firme-infiintate-judete-ro/valcea,2026-09-01
Firme înființate pe județe,2017-07-01,177.0000,Număr,RO-VL,ONRC,https://www.onrc.ro,https://ecifre.ro/indicatori/firme-infiintate-judete-ro/valcea,2026-09-01
Firme înființate pe județe,2017-08-01,140.0000,Număr,RO-VL,ONRC,https://www.onrc.ro,https://ecifre.ro/indicatori/firme-infiintate-judete-ro/valcea,2026-09-01
Firme înființate pe județe,2017-09-01,123.0000,Număr,RO-VL,ONRC,https://www.onrc.ro,https://ecifre.ro/indicatori/firme-infiintate-judete-ro/valcea,2026-09-01
Firme înființate pe județe,2017-10-01,145.0000,Număr,RO-VL,ONRC,https://www.onrc.ro,https://ecifre.ro/indicatori/firme-infiintate-judete-ro/valcea,2026-09-01
Firme înființate pe județe,2017-11-01,128.0000,Număr,RO-VL,ONRC,https://www.onrc.ro,https://ecifre.ro/indicatori/firme-infiintate-judete-ro/valcea,2026-09-01
Firme înființate pe județe,2017-12-01,80.0000,Număr,RO-VL,ONRC,https://www.onrc.ro,https://ecifre.ro/indicatori/firme-infiintate-judete-ro/valcea,2026-09-01
Firme înființate pe județe,2018-01-01,152.0000,Număr,RO-VL,ONRC,https://www.onrc.ro,https://ecifre.ro/indicatori/firme-infiintate-judete-ro/valcea,2026-09-01
Firme înființate pe județe,2018-02-01,171.0000,Număr,RO-VL,ONRC,https://www.onrc.ro,https://ecifre.ro/indicatori/firme-infiintate-judete-ro/valcea,2026-09-01
Firme înființate pe județe,2018-03-01,184.0000,Număr,RO-VL,ONRC,https://www.onrc.ro,https://ecifre.ro/indicatori/firme-infiintate-judete-ro/valcea,2026-09-01
Firme înființate pe județe,2018-04-01,180.0000,Număr,RO-VL,ONRC,https://www.onrc.ro,https://ecifre.ro/indicatori/firme-infiintate-judete-ro/valcea,2026-09-01
Firme înființate pe județe,2018-05-01,180.0000,Număr,RO-VL,ONRC,https://www.onrc.ro,https://ecifre.ro/indicatori/firme-infiintate-judete-ro/valcea,2026-09-01
Firme înființate pe județe,2018-06-01,135.0000,Număr,RO-VL,ONRC,https://www.onrc.ro,https://ecifre.ro/indicatori/firme-infiintate-judete-ro/valcea,2026-09-01
Firme înființate pe județe,2018-07-01,175.0000,Număr,RO-VL,ONRC,https://www.onrc.ro,https://ecifre.ro/indicatori/firme-infiintate-judete-ro/valcea,2026-09-01
Firme înființate pe județe,2018-08-01,142.0000,Număr,RO-VL,ONRC,https://www.onrc.ro,https://ecifre.ro/indicatori/firme-infiintate-judete-ro/valcea,2026-09-01
Firme înființate pe județe,2018-09-01,126.0000,Număr,RO-VL,ONRC,https://www.onrc.ro,https://ecifre.ro/indicatori/firme-infiintate-judete-ro/valcea,2026-09-01
Firme înființate pe județe,2018-10-01,182.0000,Număr,RO-VL,ONRC,https://www.onrc.ro,https://ecifre.ro/indicatori/firme-infiintate-judete-ro/valcea,2026-09-01
Firme înființate pe județe,2018-11-01,177.0000,Număr,RO-VL,ONRC,https://www.onrc.ro,https://ecifre.ro/indicatori/firme-infiintate-judete-ro/valcea,2026-09-01
Firme înființate pe județe,2018-12-01,123.0000,Număr,RO-VL,ONRC,https://www.onrc.ro,https://ecifre.ro/indicatori/firme-infiintate-judete-ro/valcea,2026-09-01
Firme înființate pe județe,2019-01-01,238.0000,Număr,RO-VL,ONRC,https://www.onrc.ro,https://ecifre.ro/indicatori/firme-infiintate-judete-ro/valcea,2026-09-01
Firme înființate pe județe,2019-02-01,197.0000,Număr,RO-VL,ONRC,https://www.onrc.ro,https://ecifre.ro/indicatori/firme-infiintate-judete-ro/valcea,2026-09-01
Firme înființate pe județe,2019-03-01,234.0000,Număr,RO-VL,ONRC,https://www.onrc.ro,https://ecifre.ro/indicatori/firme-infiintate-judete-ro/valcea,2026-09-01
Firme înființate pe județe,2019-04-01,262.0000,Număr,RO-VL,ONRC,https://www.onrc.ro,https://ecifre.ro/indicatori/firme-infiintate-judete-ro/valcea,2026-09-01
Firme înființate pe județe,2019-05-01,218.0000,Număr,RO-VL,ONRC,https://www.onrc.ro,https://ecifre.ro/indicatori/firme-infiintate-judete-ro/valcea,2026-09-01
Firme înființate pe județe,2019-06-01,116.0000,Număr,RO-VL,ONRC,https://www.onrc.ro,https://ecifre.ro/indicatori/firme-infiintate-judete-ro/valcea,2026-09-01
Firme înființate pe județe,2019-07-01,190.0000,Număr,RO-VL,ONRC,https://www.onrc.ro,https://ecifre.ro/indicatori/firme-infiintate-judete-ro/valcea,2026-09-01
Firme înființate pe județe,2019-08-01,137.0000,Număr,RO-VL,ONRC,https://www.onrc.ro,https://ecifre.ro/indicatori/firme-infiintate-judete-ro/valcea,2026-09-01
Firme înființate pe județe,2019-09-01,137.0000,Număr,RO-VL,ONRC,https://www.onrc.ro,https://ecifre.ro/indicatori/firme-infiintate-judete-ro/valcea,2026-09-01
Firme înființate pe județe,2019-10-01,150.0000,Număr,RO-VL,ONRC,https://www.onrc.ro,https://ecifre.ro/indicatori/firme-infiintate-judete-ro/valcea,2026-09-01
Firme înființate pe județe,2019-11-01,136.0000,Număr,RO-VL,ONRC,https://www.onrc.ro,https://ecifre.ro/indicatori/firme-infiintate-judete-ro/valcea,2026-09-01
Firme înființate pe județe,2019-12-01,105.0000,Număr,RO-VL,ONRC,https://www.onrc.ro,https://ecifre.ro/indicatori/firme-infiintate-judete-ro/valcea,2026-09-01
Firme înființate pe județe,2020-01-01,161.0000,Număr,RO-VL,ONRC,https://www.onrc.ro,https://ecifre.ro/indicatori/firme-infiintate-judete-ro/valcea,2026-09-01
Firme înființate pe județe,2020-02-01,156.0000,Număr,RO-VL,ONRC,https://www.onrc.ro,https://ecifre.ro/indicatori/firme-infiintate-judete-ro/valcea,2026-09-01
Firme înființate pe județe,2020-03-01,76.0000,Număr,RO-VL,ONRC,https://www.onrc.ro,https://ecifre.ro/indicatori/firme-infiintate-judete-ro/valcea,2026-09-01
Firme înființate pe județe,2020-04-01,20.0000,Număr,RO-VL,ONRC,https://www.onrc.ro,https://ecifre.ro/indicatori/firme-infiintate-judete-ro/valcea,2026-09-01
Firme înființate pe județe,2020-05-01,109.0000,Număr,RO-VL,ONRC,https://www.onrc.ro,https://ecifre.ro/indicatori/firme-infiintate-judete-ro/valcea,2026-09-01
Firme înființate pe județe,2020-06-01,145.0000,Număr,RO-VL,ONRC,https://www.onrc.ro,https://ecifre.ro/indicatori/firme-infiintate-judete-ro/valcea,2026-09-01
Firme înființate pe județe,2020-07-01,160.0000,Număr,RO-VL,ONRC,https://www.onrc.ro,https://ecifre.ro/indicatori/firme-infiintate-judete-ro/valcea,2026-09-01
Firme înființate pe județe,2020-08-01,126.0000,Număr,RO-VL,ONRC,https://www.onrc.ro,https://ecifre.ro/indicatori/firme-infiintate-judete-ro/valcea,2026-09-01
Firme înființate pe județe,2020-09-01,147.0000,Număr,RO-VL,ONRC,https://www.onrc.ro,https://ecifre.ro/indicatori/firme-infiintate-judete-ro/valcea,2026-09-01
Firme înființate pe județe,2020-10-01,139.0000,Număr,RO-VL,ONRC,https://www.onrc.ro,https://ecifre.ro/indicatori/firme-infiintate-judete-ro/valcea,2026-09-01
Firme înființate pe județe,2020-11-01,159.0000,Număr,RO-VL,ONRC,https://www.onrc.ro,https://ecifre.ro/indicatori/firme-infiintate-judete-ro/valcea,2026-09-01
Firme înființate pe județe,2020-12-01,112.0000,Număr,RO-VL,ONRC,https://www.onrc.ro,https://ecifre.ro/indicatori/firme-infiintate-judete-ro/valcea,2026-09-01
Firme înființate pe județe,2021-02-01,225.0000,Număr,RO-VL,ONRC,https://www.onrc.ro,https://ecifre.ro/indicatori/firme-infiintate-judete-ro/valcea,2026-09-01
Firme înființate pe județe,2021-03-01,210.0000,Număr,RO-VL,ONRC,https://www.onrc.ro,https://ecifre.ro/indicatori/firme-infiintate-judete-ro/valcea,2026-09-01
Firme înființate pe județe,2021-04-01,169.0000,Număr,RO-VL,ONRC,https://www.onrc.ro,https://ecifre.ro/indicatori/firme-infiintate-judete-ro/valcea,2026-09-01
Firme înființate pe județe,2021-05-01,134.0000,Număr,RO-VL,ONRC,https://www.onrc.ro,https://ecifre.ro/indicatori/firme-infiintate-judete-ro/valcea,2026-09-01
Firme înființate pe județe,2021-06-01,179.0000,Număr,RO-VL,ONRC,https://www.onrc.ro,https://ecifre.ro/indicatori/firme-infiintate-judete-ro/valcea,2026-09-01
Firme înființate pe județe,2021-07-01,168.0000,Număr,RO-VL,ONRC,https://www.onrc.ro,https://ecifre.ro/indicatori/firme-infiintate-judete-ro/valcea,2026-09-01
Firme înființate pe județe,2021-08-01,198.0000,Număr,RO-VL,ONRC,https://www.onrc.ro,https://ecifre.ro/indicatori/firme-infiintate-judete-ro/valcea,2026-09-01
Firme înființate pe județe,2021-09-01,140.0000,Număr,RO-VL,ONRC,https://www.onrc.ro,https://ecifre.ro/indicatori/firme-infiintate-judete-ro/valcea,2026-09-01
Firme înființate pe județe,2021-10-01,171.0000,Număr,RO-VL,ONRC,https://www.onrc.ro,https://ecifre.ro/indicatori/firme-infiintate-judete-ro/valcea,2026-09-01
Firme înființate pe județe,2021-11-01,129.0000,Număr,RO-VL,ONRC,https://www.onrc.ro,https://ecifre.ro/indicatori/firme-infiintate-judete-ro/valcea,2026-09-01
Firme înființate pe județe,2021-12-01,103.0000,Număr,RO-VL,ONRC,https://www.onrc.ro,https://ecifre.ro/indicatori/firme-infiintate-judete-ro/valcea,2026-09-01
Firme înființate pe județe,2022-02-01,144.0000,Număr,RO-VL,ONRC,https://www.onrc.ro,https://ecifre.ro/indicatori/firme-infiintate-judete-ro/valcea,2026-09-01
Firme înființate pe județe,2022-03-01,147.0000,Număr,RO-VL,ONRC,https://www.onrc.ro,https://ecifre.ro/indicatori/firme-infiintate-judete-ro/valcea,2026-09-01
Firme înființate pe județe,2022-04-01,148.0000,Număr,RO-VL,ONRC,https://www.onrc.ro,https://ecifre.ro/indicatori/firme-infiintate-judete-ro/valcea,2026-09-01
Firme înființate pe județe,2022-05-01,219.0000,Număr,RO-VL,ONRC,https://www.onrc.ro,https://ecifre.ro/indicatori/firme-infiintate-judete-ro/valcea,2026-09-01
Firme înființate pe județe,2022-07-01,179.0000,Număr,RO-VL,ONRC,https://www.onrc.ro,https://ecifre.ro/indicatori/firme-infiintate-judete-ro/valcea,2026-09-01
Firme înființate pe județe,2022-08-01,189.0000,Număr,RO-VL,ONRC,https://www.onrc.ro,https://ecifre.ro/indicatori/firme-infiintate-judete-ro/valcea,2026-09-01
Firme înființate pe județe,2022-09-01,211.0000,Număr,RO-VL,ONRC,https://www.onrc.ro,https://ecifre.ro/indicatori/firme-infiintate-judete-ro/valcea,2026-09-01
Firme înființate pe județe,2022-10-01,154.0000,Număr,RO-VL,ONRC,https://www.onrc.ro,https://ecifre.ro/indicatori/firme-infiintate-judete-ro/valcea,2026-09-01
Firme înființate pe județe,2022-11-01,142.0000,Număr,RO-VL,ONRC,https://www.onrc.ro,https://ecifre.ro/indicatori/firme-infiintate-judete-ro/valcea,2026-09-01
Firme înființate pe județe,2022-12-01,166.0000,Număr,RO-VL,ONRC,https://www.onrc.ro,https://ecifre.ro/indicatori/firme-infiintate-judete-ro/valcea,2026-09-01
Firme înființate pe județe,2023-02-01,183.0000,Număr,RO-VL,ONRC,https://www.onrc.ro,https://ecifre.ro/indicatori/firme-infiintate-judete-ro/valcea,2026-09-01
Firme înființate pe județe,2023-03-01,152.0000,Număr,RO-VL,ONRC,https://www.onrc.ro,https://ecifre.ro/indicatori/firme-infiintate-judete-ro/valcea,2026-09-01
Firme înființate pe județe,2023-04-01,150.0000,Număr,RO-VL,ONRC,https://www.onrc.ro,https://ecifre.ro/indicatori/firme-infiintate-judete-ro/valcea,2026-09-01
Firme înființate pe județe,2023-05-01,146.0000,Număr,RO-VL,ONRC,https://www.onrc.ro,https://ecifre.ro/indicatori/firme-infiintate-judete-ro/valcea,2026-09-01
Firme înființate pe județe,2023-06-01,137.0000,Număr,RO-VL,ONRC,https://www.onrc.ro,https://ecifre.ro/indicatori/firme-infiintate-judete-ro/valcea,2026-09-01
Firme înființate pe județe,2023-07-01,115.0000,Număr,RO-VL,ONRC,https://www.onrc.ro,https://ecifre.ro/indicatori/firme-infiintate-judete-ro/valcea,2026-09-01
Firme înființate pe județe,2023-08-01,140.0000,Număr,RO-VL,ONRC,https://www.onrc.ro,https://ecifre.ro/indicatori/firme-infiintate-judete-ro/valcea,2026-09-01
Firme înființate pe județe,2023-09-01,135.0000,Număr,RO-VL,ONRC,https://www.onrc.ro,https://ecifre.ro/indicatori/firme-infiintate-judete-ro/valcea,2026-09-01
Firme înființate pe județe,2023-10-01,156.0000,Număr,RO-VL,ONRC,https://www.onrc.ro,https://ecifre.ro/indicatori/firme-infiintate-judete-ro/valcea,2026-09-01
Firme înființate pe județe,2023-11-01,142.0000,Număr,RO-VL,ONRC,https://www.onrc.ro,https://ecifre.ro/indicatori/firme-infiintate-judete-ro/valcea,2026-09-01
Firme înființate pe județe,2023-12-01,90.0000,Număr,RO-VL,ONRC,https://www.onrc.ro,https://ecifre.ro/indicatori/firme-infiintate-judete-ro/valcea,2026-09-01
Firme înființate pe județe,2024-02-01,126.0000,Număr,RO-VL,ONRC,https://www.onrc.ro,https://ecifre.ro/indicatori/firme-infiintate-judete-ro/valcea,2026-09-01
Firme înființate pe județe,2024-03-01,159.0000,Număr,RO-VL,ONRC,https://www.onrc.ro,https://ecifre.ro/indicatori/firme-infiintate-judete-ro/valcea,2026-09-01
Firme înființate pe județe,2024-04-01,118.0000,Număr,RO-VL,ONRC,https://www.onrc.ro,https://ecifre.ro/indicatori/firme-infiintate-judete-ro/valcea,2026-09-01
Firme înființate pe județe,2024-05-01,132.0000,Număr,RO-VL,ONRC,https://www.onrc.ro,https://ecifre.ro/indicatori/firme-infiintate-judete-ro/valcea,2026-09-01
Firme înființate pe județe,2024-06-01,82.0000,Număr,RO-VL,ONRC,https://www.onrc.ro,https://ecifre.ro/indicatori/firme-infiintate-judete-ro/valcea,2026-09-01
Firme înființate pe județe,2024-07-01,63.0000,Număr,RO-VL,ONRC,https://www.onrc.ro,https://ecifre.ro/indicatori/firme-infiintate-judete-ro/valcea,2026-09-01
Firme înființate pe județe,2024-08-01,112.0000,Număr,RO-VL,ONRC,https://www.onrc.ro,https://ecifre.ro/indicatori/firme-infiintate-judete-ro/valcea,2026-09-01
Firme înființate pe județe,2024-09-01,111.0000,Număr,RO-VL,ONRC,https://www.onrc.ro,https://ecifre.ro/indicatori/firme-infiintate-judete-ro/valcea,2026-09-01
Firme înființate pe județe,2024-10-01,172.0000,Număr,RO-VL,ONRC,https://www.onrc.ro,https://ecifre.ro/indicatori/firme-infiintate-judete-ro/valcea,2026-09-01
Firme înființate pe județe,2024-11-01,101.0000,Număr,RO-VL,ONRC,https://www.onrc.ro,https://ecifre.ro/indicatori/firme-infiintate-judete-ro/valcea,2026-09-01
Firme înființate pe județe,2024-12-01,90.0000,Număr,RO-VL,ONRC,https://www.onrc.ro,https://ecifre.ro/indicatori/firme-infiintate-judete-ro/valcea,2026-09-01
Firme înființate pe județe,2025-01-01,160.0000,Număr,RO-VL,ONRC,https://www.onrc.ro,https://ecifre.ro/indicatori/firme-infiintate-judete-ro/valcea,2026-09-01
Firme înființate pe județe,2025-02-01,129.0000,Număr,RO-VL,ONRC,https://www.onrc.ro,https://ecifre.ro/indicatori/firme-infiintate-judete-ro/valcea,2026-09-01
Firme înființate pe județe,2025-03-01,132.0000,Număr,RO-VL,ONRC,https://www.onrc.ro,https://ecifre.ro/indicatori/firme-infiintate-judete-ro/valcea,2026-09-01
Firme înființate pe județe,2025-04-01,121.0000,Număr,RO-VL,ONRC,https://www.onrc.ro,https://ecifre.ro/indicatori/firme-infiintate-judete-ro/valcea,2026-09-01
Firme înființate pe județe,2025-05-01,128.0000,Număr,RO-VL,ONRC,https://www.onrc.ro,https://ecifre.ro/indicatori/firme-infiintate-judete-ro/valcea,2026-09-01
Firme înființate pe județe,2025-06-01,119.0000,Număr,RO-VL,ONRC,https://www.onrc.ro,https://ecifre.ro/indicatori/firme-infiintate-judete-ro/valcea,2026-09-01
Firme înființate pe județe,2025-07-01,260.0000,Număr,RO-VL,ONRC,https://www.onrc.ro,https://ecifre.ro/indicatori/firme-infiintate-judete-ro/valcea,2026-09-01
Firme înființate pe județe,2025-08-01,174.0000,Număr,RO-VL,ONRC,https://www.onrc.ro,https://ecifre.ro/indicatori/firme-infiintate-judete-ro/valcea,2026-09-01
Firme înființate pe județe,2025-09-01,211.0000,Număr,RO-VL,ONRC,https://www.onrc.ro,https://ecifre.ro/indicatori/firme-infiintate-judete-ro/valcea,2026-09-01
Firme înființate pe județe,2025-10-01,162.0000,Număr,RO-VL,ONRC,https://www.onrc.ro,https://ecifre.ro/indicatori/firme-infiintate-judete-ro/valcea,2026-09-01
Firme înființate pe județe,2025-11-01,205.0000,Număr,RO-VL,ONRC,https://www.onrc.ro,https://ecifre.ro/indicatori/firme-infiintate-judete-ro/valcea,2026-09-01
Firme înființate pe județe,2025-12-01,133.0000,Număr,RO-VL,ONRC,https://www.onrc.ro,https://ecifre.ro/indicatori/firme-infiintate-judete-ro/valcea,2026-09-01
Firme înființate pe județe,2026-01-01,177.0000,Număr,RO-VL,ONRC,https://www.onrc.ro,https://ecifre.ro/indicatori/firme-infiintate-judete-ro/valcea,2026-09-01
Firme înființate pe județe,2026-02-01,194.0000,Număr,RO-VL,ONRC,https://www.onrc.ro,https://ecifre.ro/indicatori/firme-infiintate-judete-ro/valcea,2026-09-01
Firme înființate pe județe,2026-03-01,174.0000,Număr,RO-VL,ONRC,https://www.onrc.ro,https://ecifre.ro/indicatori/firme-infiintate-judete-ro/valcea,2026-09-01
Firme înființate pe județe,2026-04-01,134.0000,Număr,RO-VL,ONRC,https://www.onrc.ro,https://ecifre.ro/indicatori/firme-infiintate-judete-ro/valcea,2026-09-01
Firme înființate pe județe,2026-05-01,112.0000,Număr,RO-VL,ONRC,https://www.onrc.ro,https://ecifre.ro/indicatori/firme-infiintate-judete-ro/valcea,2026-09-01
Firme înființate pe județe,2026-06-01,119.0000,Număr,RO-VL,ONRC,https://www.onrc.ro,https://ecifre.ro/indicatori/firme-infiintate-judete-ro/valcea,2026-09-01
Firme înființate pe județe,2026-07-01,115.0000,Număr,RO-VL,ONRC,https://www.onrc.ro,https://ecifre.ro/indicatori/firme-infiintate-judete-ro/valcea,2026-09-01
