indicator,date,value,unit,geography,source,source_url,ecifre_url,last_updated
Curs EUR/RON,2015-01-05,4.4973,RON,RO,BNR,https://www.bnr.ro,https://ecifre.ro/indicatori/curs-eur-ron,2026-09-01
Curs EUR/RON,2015-01-06,4.4982,RON,RO,BNR,https://www.bnr.ro,https://ecifre.ro/indicatori/curs-eur-ron,2026-09-01
Curs EUR/RON,2015-01-07,4.4960,RON,RO,BNR,https://www.bnr.ro,https://ecifre.ro/indicatori/curs-eur-ron,2026-09-01
Curs EUR/RON,2015-01-08,4.4882,RON,RO,BNR,https://www.bnr.ro,https://ecifre.ro/indicatori/curs-eur-ron,2026-09-01
Curs EUR/RON,2015-01-09,4.4887,RON,RO,BNR,https://www.bnr.ro,https://ecifre.ro/indicatori/curs-eur-ron,2026-09-01
Curs EUR/RON,2015-01-12,4.4856,RON,RO,BNR,https://www.bnr.ro,https://ecifre.ro/indicatori/curs-eur-ron,2026-09-01
Curs EUR/RON,2015-01-13,4.4853,RON,RO,BNR,https://www.bnr.ro,https://ecifre.ro/indicatori/curs-eur-ron,2026-09-01
Curs EUR/RON,2015-01-14,4.4935,RON,RO,BNR,https://www.bnr.ro,https://ecifre.ro/indicatori/curs-eur-ron,2026-09-01
Curs EUR/RON,2015-01-15,4.5034,RON,RO,BNR,https://www.bnr.ro,https://ecifre.ro/indicatori/curs-eur-ron,2026-09-01
Curs EUR/RON,2015-01-16,4.5095,RON,RO,BNR,https://www.bnr.ro,https://ecifre.ro/indicatori/curs-eur-ron,2026-09-01
Curs EUR/RON,2015-01-19,4.5018,RON,RO,BNR,https://www.bnr.ro,https://ecifre.ro/indicatori/curs-eur-ron,2026-09-01
Curs EUR/RON,2015-01-20,4.5037,RON,RO,BNR,https://www.bnr.ro,https://ecifre.ro/indicatori/curs-eur-ron,2026-09-01
Curs EUR/RON,2015-01-21,4.5110,RON,RO,BNR,https://www.bnr.ro,https://ecifre.ro/indicatori/curs-eur-ron,2026-09-01
Curs EUR/RON,2015-01-22,4.5005,RON,RO,BNR,https://www.bnr.ro,https://ecifre.ro/indicatori/curs-eur-ron,2026-09-01
Curs EUR/RON,2015-01-23,4.4935,RON,RO,BNR,https://www.bnr.ro,https://ecifre.ro/indicatori/curs-eur-ron,2026-09-01
Curs EUR/RON,2015-01-26,4.4800,RON,RO,BNR,https://www.bnr.ro,https://ecifre.ro/indicatori/curs-eur-ron,2026-09-01
Curs EUR/RON,2015-01-27,4.4709,RON,RO,BNR,https://www.bnr.ro,https://ecifre.ro/indicatori/curs-eur-ron,2026-09-01
Curs EUR/RON,2015-01-28,4.4585,RON,RO,BNR,https://www.bnr.ro,https://ecifre.ro/indicatori/curs-eur-ron,2026-09-01
Curs EUR/RON,2015-01-29,4.4451,RON,RO,BNR,https://www.bnr.ro,https://ecifre.ro/indicatori/curs-eur-ron,2026-09-01
Curs EUR/RON,2015-01-30,4.4424,RON,RO,BNR,https://www.bnr.ro,https://ecifre.ro/indicatori/curs-eur-ron,2026-09-01
Curs EUR/RON,2015-02-02,4.4109,RON,RO,BNR,https://www.bnr.ro,https://ecifre.ro/indicatori/curs-eur-ron,2026-09-01
Curs EUR/RON,2015-02-03,4.4018,RON,RO,BNR,https://www.bnr.ro,https://ecifre.ro/indicatori/curs-eur-ron,2026-09-01
Curs EUR/RON,2015-02-04,4.4081,RON,RO,BNR,https://www.bnr.ro,https://ecifre.ro/indicatori/curs-eur-ron,2026-09-01
Curs EUR/RON,2015-02-05,4.4088,RON,RO,BNR,https://www.bnr.ro,https://ecifre.ro/indicatori/curs-eur-ron,2026-09-01
Curs EUR/RON,2015-02-06,4.4143,RON,RO,BNR,https://www.bnr.ro,https://ecifre.ro/indicatori/curs-eur-ron,2026-09-01
Curs EUR/RON,2015-02-09,4.4274,RON,RO,BNR,https://www.bnr.ro,https://ecifre.ro/indicatori/curs-eur-ron,2026-09-01
Curs EUR/RON,2015-02-10,4.4370,RON,RO,BNR,https://www.bnr.ro,https://ecifre.ro/indicatori/curs-eur-ron,2026-09-01
Curs EUR/RON,2015-02-11,4.4420,RON,RO,BNR,https://www.bnr.ro,https://ecifre.ro/indicatori/curs-eur-ron,2026-09-01
Curs EUR/RON,2015-02-12,4.4316,RON,RO,BNR,https://www.bnr.ro,https://ecifre.ro/indicatori/curs-eur-ron,2026-09-01
Curs EUR/RON,2015-02-13,4.4408,RON,RO,BNR,https://www.bnr.ro,https://ecifre.ro/indicatori/curs-eur-ron,2026-09-01
Curs EUR/RON,2015-02-16,4.4407,RON,RO,BNR,https://www.bnr.ro,https://ecifre.ro/indicatori/curs-eur-ron,2026-09-01
Curs EUR/RON,2015-02-17,4.4480,RON,RO,BNR,https://www.bnr.ro,https://ecifre.ro/indicatori/curs-eur-ron,2026-09-01
Curs EUR/RON,2015-02-18,4.4503,RON,RO,BNR,https://www.bnr.ro,https://ecifre.ro/indicatori/curs-eur-ron,2026-09-01
Curs EUR/RON,2015-02-19,4.4434,RON,RO,BNR,https://www.bnr.ro,https://ecifre.ro/indicatori/curs-eur-ron,2026-09-01
Curs EUR/RON,2015-02-20,4.4498,RON,RO,BNR,https://www.bnr.ro,https://ecifre.ro/indicatori/curs-eur-ron,2026-09-01
Curs EUR/RON,2015-02-23,4.4521,RON,RO,BNR,https://www.bnr.ro,https://ecifre.ro/indicatori/curs-eur-ron,2026-09-01
Curs EUR/RON,2015-02-24,4.4478,RON,RO,BNR,https://www.bnr.ro,https://ecifre.ro/indicatori/curs-eur-ron,2026-09-01
Curs EUR/RON,2015-02-25,4.4216,RON,RO,BNR,https://www.bnr.ro,https://ecifre.ro/indicatori/curs-eur-ron,2026-09-01
Curs EUR/RON,2015-02-26,4.4252,RON,RO,BNR,https://www.bnr.ro,https://ecifre.ro/indicatori/curs-eur-ron,2026-09-01
Curs EUR/RON,2015-02-27,4.4381,RON,RO,BNR,https://www.bnr.ro,https://ecifre.ro/indicatori/curs-eur-ron,2026-09-01
Curs EUR/RON,2015-03-02,4.4424,RON,RO,BNR,https://www.bnr.ro,https://ecifre.ro/indicatori/curs-eur-ron,2026-09-01
Curs EUR/RON,2015-03-03,4.4551,RON,RO,BNR,https://www.bnr.ro,https://ecifre.ro/indicatori/curs-eur-ron,2026-09-01
Curs EUR/RON,2015-03-04,4.4542,RON,RO,BNR,https://www.bnr.ro,https://ecifre.ro/indicatori/curs-eur-ron,2026-09-01
Curs EUR/RON,2015-03-05,4.4454,RON,RO,BNR,https://www.bnr.ro,https://ecifre.ro/indicatori/curs-eur-ron,2026-09-01
Curs EUR/RON,2015-03-06,4.4402,RON,RO,BNR,https://www.bnr.ro,https://ecifre.ro/indicatori/curs-eur-ron,2026-09-01
Curs EUR/RON,2015-03-09,4.4439,RON,RO,BNR,https://www.bnr.ro,https://ecifre.ro/indicatori/curs-eur-ron,2026-09-01
Curs EUR/RON,2015-03-10,4.4435,RON,RO,BNR,https://www.bnr.ro,https://ecifre.ro/indicatori/curs-eur-ron,2026-09-01
Curs EUR/RON,2015-03-11,4.4444,RON,RO,BNR,https://www.bnr.ro,https://ecifre.ro/indicatori/curs-eur-ron,2026-09-01
Curs EUR/RON,2015-03-12,4.4360,RON,RO,BNR,https://www.bnr.ro,https://ecifre.ro/indicatori/curs-eur-ron,2026-09-01
Curs EUR/RON,2015-03-13,4.4472,RON,RO,BNR,https://www.bnr.ro,https://ecifre.ro/indicatori/curs-eur-ron,2026-09-01
Curs EUR/RON,2015-03-16,4.4370,RON,RO,BNR,https://www.bnr.ro,https://ecifre.ro/indicatori/curs-eur-ron,2026-09-01
Curs EUR/RON,2015-03-17,4.4389,RON,RO,BNR,https://www.bnr.ro,https://ecifre.ro/indicatori/curs-eur-ron,2026-09-01
Curs EUR/RON,2015-03-18,4.4459,RON,RO,BNR,https://www.bnr.ro,https://ecifre.ro/indicatori/curs-eur-ron,2026-09-01
Curs EUR/RON,2015-03-19,4.4151,RON,RO,BNR,https://www.bnr.ro,https://ecifre.ro/indicatori/curs-eur-ron,2026-09-01
Curs EUR/RON,2015-03-20,4.4306,RON,RO,BNR,https://www.bnr.ro,https://ecifre.ro/indicatori/curs-eur-ron,2026-09-01
Curs EUR/RON,2015-03-23,4.4330,RON,RO,BNR,https://www.bnr.ro,https://ecifre.ro/indicatori/curs-eur-ron,2026-09-01
Curs EUR/RON,2015-03-24,4.4045,RON,RO,BNR,https://www.bnr.ro,https://ecifre.ro/indicatori/curs-eur-ron,2026-09-01
Curs EUR/RON,2015-03-25,4.4077,RON,RO,BNR,https://www.bnr.ro,https://ecifre.ro/indicatori/curs-eur-ron,2026-09-01
Curs EUR/RON,2015-03-26,4.4208,RON,RO,BNR,https://www.bnr.ro,https://ecifre.ro/indicatori/curs-eur-ron,2026-09-01
Curs EUR/RON,2015-03-27,4.4242,RON,RO,BNR,https://www.bnr.ro,https://ecifre.ro/indicatori/curs-eur-ron,2026-09-01
Curs EUR/RON,2015-03-30,4.4061,RON,RO,BNR,https://www.bnr.ro,https://ecifre.ro/indicatori/curs-eur-ron,2026-09-01
Curs EUR/RON,2015-03-31,4.4098,RON,RO,BNR,https://www.bnr.ro,https://ecifre.ro/indicatori/curs-eur-ron,2026-09-01
Curs EUR/RON,2015-04-01,4.4137,RON,RO,BNR,https://www.bnr.ro,https://ecifre.ro/indicatori/curs-eur-ron,2026-09-01
Curs EUR/RON,2015-04-02,4.4159,RON,RO,BNR,https://www.bnr.ro,https://ecifre.ro/indicatori/curs-eur-ron,2026-09-01
Curs EUR/RON,2015-04-03,4.4157,RON,RO,BNR,https://www.bnr.ro,https://ecifre.ro/indicatori/curs-eur-ron,2026-09-01
Curs EUR/RON,2015-04-06,4.4192,RON,RO,BNR,https://www.bnr.ro,https://ecifre.ro/indicatori/curs-eur-ron,2026-09-01
Curs EUR/RON,2015-04-07,4.4169,RON,RO,BNR,https://www.bnr.ro,https://ecifre.ro/indicatori/curs-eur-ron,2026-09-01
Curs EUR/RON,2015-04-08,4.4050,RON,RO,BNR,https://www.bnr.ro,https://ecifre.ro/indicatori/curs-eur-ron,2026-09-01
Curs EUR/RON,2015-04-09,4.3965,RON,RO,BNR,https://www.bnr.ro,https://ecifre.ro/indicatori/curs-eur-ron,2026-09-01
Curs EUR/RON,2015-04-10,4.4105,RON,RO,BNR,https://www.bnr.ro,https://ecifre.ro/indicatori/curs-eur-ron,2026-09-01
Curs EUR/RON,2015-04-14,4.4104,RON,RO,BNR,https://www.bnr.ro,https://ecifre.ro/indicatori/curs-eur-ron,2026-09-01
Curs EUR/RON,2015-04-15,4.4202,RON,RO,BNR,https://www.bnr.ro,https://ecifre.ro/indicatori/curs-eur-ron,2026-09-01
Curs EUR/RON,2015-04-16,4.4125,RON,RO,BNR,https://www.bnr.ro,https://ecifre.ro/indicatori/curs-eur-ron,2026-09-01
Curs EUR/RON,2015-04-17,4.4110,RON,RO,BNR,https://www.bnr.ro,https://ecifre.ro/indicatori/curs-eur-ron,2026-09-01
Curs EUR/RON,2015-04-20,4.4345,RON,RO,BNR,https://www.bnr.ro,https://ecifre.ro/indicatori/curs-eur-ron,2026-09-01
Curs EUR/RON,2015-04-21,4.4508,RON,RO,BNR,https://www.bnr.ro,https://ecifre.ro/indicatori/curs-eur-ron,2026-09-01
Curs EUR/RON,2015-04-22,4.4290,RON,RO,BNR,https://www.bnr.ro,https://ecifre.ro/indicatori/curs-eur-ron,2026-09-01
Curs EUR/RON,2015-04-23,4.4177,RON,RO,BNR,https://www.bnr.ro,https://ecifre.ro/indicatori/curs-eur-ron,2026-09-01
Curs EUR/RON,2015-04-24,4.4136,RON,RO,BNR,https://www.bnr.ro,https://ecifre.ro/indicatori/curs-eur-ron,2026-09-01
Curs EUR/RON,2015-04-27,4.4202,RON,RO,BNR,https://www.bnr.ro,https://ecifre.ro/indicatori/curs-eur-ron,2026-09-01
Curs EUR/RON,2015-04-28,4.4126,RON,RO,BNR,https://www.bnr.ro,https://ecifre.ro/indicatori/curs-eur-ron,2026-09-01
Curs EUR/RON,2015-04-29,4.4031,RON,RO,BNR,https://www.bnr.ro,https://ecifre.ro/indicatori/curs-eur-ron,2026-09-01
Curs EUR/RON,2015-04-30,4.4198,RON,RO,BNR,https://www.bnr.ro,https://ecifre.ro/indicatori/curs-eur-ron,2026-09-01
Curs EUR/RON,2015-05-04,4.4292,RON,RO,BNR,https://www.bnr.ro,https://ecifre.ro/indicatori/curs-eur-ron,2026-09-01
Curs EUR/RON,2015-05-05,4.4279,RON,RO,BNR,https://www.bnr.ro,https://ecifre.ro/indicatori/curs-eur-ron,2026-09-01
Curs EUR/RON,2015-05-06,4.4382,RON,RO,BNR,https://www.bnr.ro,https://ecifre.ro/indicatori/curs-eur-ron,2026-09-01
Curs EUR/RON,2015-05-07,4.4495,RON,RO,BNR,https://www.bnr.ro,https://ecifre.ro/indicatori/curs-eur-ron,2026-09-01
Curs EUR/RON,2015-05-08,4.4497,RON,RO,BNR,https://www.bnr.ro,https://ecifre.ro/indicatori/curs-eur-ron,2026-09-01
Curs EUR/RON,2015-05-11,4.4488,RON,RO,BNR,https://www.bnr.ro,https://ecifre.ro/indicatori/curs-eur-ron,2026-09-01
Curs EUR/RON,2015-05-12,4.4594,RON,RO,BNR,https://www.bnr.ro,https://ecifre.ro/indicatori/curs-eur-ron,2026-09-01
Curs EUR/RON,2015-05-13,4.4585,RON,RO,BNR,https://www.bnr.ro,https://ecifre.ro/indicatori/curs-eur-ron,2026-09-01
Curs EUR/RON,2015-05-14,4.4588,RON,RO,BNR,https://www.bnr.ro,https://ecifre.ro/indicatori/curs-eur-ron,2026-09-01
Curs EUR/RON,2015-05-15,4.4409,RON,RO,BNR,https://www.bnr.ro,https://ecifre.ro/indicatori/curs-eur-ron,2026-09-01
Curs EUR/RON,2015-05-18,4.4455,RON,RO,BNR,https://www.bnr.ro,https://ecifre.ro/indicatori/curs-eur-ron,2026-09-01
Curs EUR/RON,2015-05-19,4.4474,RON,RO,BNR,https://www.bnr.ro,https://ecifre.ro/indicatori/curs-eur-ron,2026-09-01
Curs EUR/RON,2015-05-20,4.4484,RON,RO,BNR,https://www.bnr.ro,https://ecifre.ro/indicatori/curs-eur-ron,2026-09-01
Curs EUR/RON,2015-05-21,4.4463,RON,RO,BNR,https://www.bnr.ro,https://ecifre.ro/indicatori/curs-eur-ron,2026-09-01
Curs EUR/RON,2015-05-22,4.4483,RON,RO,BNR,https://www.bnr.ro,https://ecifre.ro/indicatori/curs-eur-ron,2026-09-01
Curs EUR/RON,2015-05-25,4.4496,RON,RO,BNR,https://www.bnr.ro,https://ecifre.ro/indicatori/curs-eur-ron,2026-09-01
Curs EUR/RON,2015-05-26,4.4630,RON,RO,BNR,https://www.bnr.ro,https://ecifre.ro/indicatori/curs-eur-ron,2026-09-01
Curs EUR/RON,2015-05-27,4.4450,RON,RO,BNR,https://www.bnr.ro,https://ecifre.ro/indicatori/curs-eur-ron,2026-09-01
Curs EUR/RON,2015-05-28,4.4435,RON,RO,BNR,https://www.bnr.ro,https://ecifre.ro/indicatori/curs-eur-ron,2026-09-01
Curs EUR/RON,2015-05-29,4.4395,RON,RO,BNR,https://www.bnr.ro,https://ecifre.ro/indicatori/curs-eur-ron,2026-09-01
Curs EUR/RON,2015-06-02,4.4407,RON,RO,BNR,https://www.bnr.ro,https://ecifre.ro/indicatori/curs-eur-ron,2026-09-01
Curs EUR/RON,2015-06-03,4.4375,RON,RO,BNR,https://www.bnr.ro,https://ecifre.ro/indicatori/curs-eur-ron,2026-09-01
Curs EUR/RON,2015-06-04,4.4336,RON,RO,BNR,https://www.bnr.ro,https://ecifre.ro/indicatori/curs-eur-ron,2026-09-01
Curs EUR/RON,2015-06-05,4.4433,RON,RO,BNR,https://www.bnr.ro,https://ecifre.ro/indicatori/curs-eur-ron,2026-09-01
Curs EUR/RON,2015-06-08,4.4601,RON,RO,BNR,https://www.bnr.ro,https://ecifre.ro/indicatori/curs-eur-ron,2026-09-01
Curs EUR/RON,2015-06-09,4.4677,RON,RO,BNR,https://www.bnr.ro,https://ecifre.ro/indicatori/curs-eur-ron,2026-09-01
Curs EUR/RON,2015-06-10,4.4667,RON,RO,BNR,https://www.bnr.ro,https://ecifre.ro/indicatori/curs-eur-ron,2026-09-01
Curs EUR/RON,2015-06-11,4.4666,RON,RO,BNR,https://www.bnr.ro,https://ecifre.ro/indicatori/curs-eur-ron,2026-09-01
Curs EUR/RON,2015-06-12,4.4696,RON,RO,BNR,https://www.bnr.ro,https://ecifre.ro/indicatori/curs-eur-ron,2026-09-01
Curs EUR/RON,2015-06-15,4.4799,RON,RO,BNR,https://www.bnr.ro,https://ecifre.ro/indicatori/curs-eur-ron,2026-09-01
Curs EUR/RON,2015-06-16,4.4894,RON,RO,BNR,https://www.bnr.ro,https://ecifre.ro/indicatori/curs-eur-ron,2026-09-01
Curs EUR/RON,2015-06-17,4.4844,RON,RO,BNR,https://www.bnr.ro,https://ecifre.ro/indicatori/curs-eur-ron,2026-09-01
Curs EUR/RON,2015-06-18,4.4882,RON,RO,BNR,https://www.bnr.ro,https://ecifre.ro/indicatori/curs-eur-ron,2026-09-01
Curs EUR/RON,2015-06-19,4.4881,RON,RO,BNR,https://www.bnr.ro,https://ecifre.ro/indicatori/curs-eur-ron,2026-09-01
Curs EUR/RON,2015-06-22,4.4830,RON,RO,BNR,https://www.bnr.ro,https://ecifre.ro/indicatori/curs-eur-ron,2026-09-01
Curs EUR/RON,2015-06-23,4.4807,RON,RO,BNR,https://www.bnr.ro,https://ecifre.ro/indicatori/curs-eur-ron,2026-09-01
Curs EUR/RON,2015-06-24,4.4727,RON,RO,BNR,https://www.bnr.ro,https://ecifre.ro/indicatori/curs-eur-ron,2026-09-01
Curs EUR/RON,2015-06-25,4.4563,RON,RO,BNR,https://www.bnr.ro,https://ecifre.ro/indicatori/curs-eur-ron,2026-09-01
Curs EUR/RON,2015-06-26,4.4577,RON,RO,BNR,https://www.bnr.ro,https://ecifre.ro/indicatori/curs-eur-ron,2026-09-01
Curs EUR/RON,2015-06-29,4.4931,RON,RO,BNR,https://www.bnr.ro,https://ecifre.ro/indicatori/curs-eur-ron,2026-09-01
Curs EUR/RON,2015-06-30,4.4735,RON,RO,BNR,https://www.bnr.ro,https://ecifre.ro/indicatori/curs-eur-ron,2026-09-01
Curs EUR/RON,2015-07-01,4.4685,RON,RO,BNR,https://www.bnr.ro,https://ecifre.ro/indicatori/curs-eur-ron,2026-09-01
Curs EUR/RON,2015-07-02,4.4749,RON,RO,BNR,https://www.bnr.ro,https://ecifre.ro/indicatori/curs-eur-ron,2026-09-01
Curs EUR/RON,2015-07-03,4.4819,RON,RO,BNR,https://www.bnr.ro,https://ecifre.ro/indicatori/curs-eur-ron,2026-09-01
Curs EUR/RON,2015-07-06,4.4854,RON,RO,BNR,https://www.bnr.ro,https://ecifre.ro/indicatori/curs-eur-ron,2026-09-01
Curs EUR/RON,2015-07-07,4.4810,RON,RO,BNR,https://www.bnr.ro,https://ecifre.ro/indicatori/curs-eur-ron,2026-09-01
Curs EUR/RON,2015-07-08,4.4850,RON,RO,BNR,https://www.bnr.ro,https://ecifre.ro/indicatori/curs-eur-ron,2026-09-01
Curs EUR/RON,2015-07-09,4.4805,RON,RO,BNR,https://www.bnr.ro,https://ecifre.ro/indicatori/curs-eur-ron,2026-09-01
Curs EUR/RON,2015-07-10,4.4464,RON,RO,BNR,https://www.bnr.ro,https://ecifre.ro/indicatori/curs-eur-ron,2026-09-01
Curs EUR/RON,2015-07-13,4.4351,RON,RO,BNR,https://www.bnr.ro,https://ecifre.ro/indicatori/curs-eur-ron,2026-09-01
Curs EUR/RON,2015-07-14,4.4245,RON,RO,BNR,https://www.bnr.ro,https://ecifre.ro/indicatori/curs-eur-ron,2026-09-01
Curs EUR/RON,2015-07-15,4.4288,RON,RO,BNR,https://www.bnr.ro,https://ecifre.ro/indicatori/curs-eur-ron,2026-09-01
Curs EUR/RON,2015-07-16,4.4196,RON,RO,BNR,https://www.bnr.ro,https://ecifre.ro/indicatori/curs-eur-ron,2026-09-01
Curs EUR/RON,2015-07-17,4.4184,RON,RO,BNR,https://www.bnr.ro,https://ecifre.ro/indicatori/curs-eur-ron,2026-09-01
Curs EUR/RON,2015-07-20,4.4174,RON,RO,BNR,https://www.bnr.ro,https://ecifre.ro/indicatori/curs-eur-ron,2026-09-01
Curs EUR/RON,2015-07-21,4.4097,RON,RO,BNR,https://www.bnr.ro,https://ecifre.ro/indicatori/curs-eur-ron,2026-09-01
Curs EUR/RON,2015-07-22,4.4172,RON,RO,BNR,https://www.bnr.ro,https://ecifre.ro/indicatori/curs-eur-ron,2026-09-01
Curs EUR/RON,2015-07-23,4.4214,RON,RO,BNR,https://www.bnr.ro,https://ecifre.ro/indicatori/curs-eur-ron,2026-09-01
Curs EUR/RON,2015-07-24,4.4226,RON,RO,BNR,https://www.bnr.ro,https://ecifre.ro/indicatori/curs-eur-ron,2026-09-01
Curs EUR/RON,2015-07-27,4.4191,RON,RO,BNR,https://www.bnr.ro,https://ecifre.ro/indicatori/curs-eur-ron,2026-09-01
Curs EUR/RON,2015-07-28,4.4155,RON,RO,BNR,https://www.bnr.ro,https://ecifre.ro/indicatori/curs-eur-ron,2026-09-01
Curs EUR/RON,2015-07-29,4.4192,RON,RO,BNR,https://www.bnr.ro,https://ecifre.ro/indicatori/curs-eur-ron,2026-09-01
Curs EUR/RON,2015-07-30,4.4075,RON,RO,BNR,https://www.bnr.ro,https://ecifre.ro/indicatori/curs-eur-ron,2026-09-01
Curs EUR/RON,2015-07-31,4.4070,RON,RO,BNR,https://www.bnr.ro,https://ecifre.ro/indicatori/curs-eur-ron,2026-09-01
Curs EUR/RON,2015-08-03,4.4041,RON,RO,BNR,https://www.bnr.ro,https://ecifre.ro/indicatori/curs-eur-ron,2026-09-01
Curs EUR/RON,2015-08-04,4.4056,RON,RO,BNR,https://www.bnr.ro,https://ecifre.ro/indicatori/curs-eur-ron,2026-09-01
Curs EUR/RON,2015-08-05,4.4125,RON,RO,BNR,https://www.bnr.ro,https://ecifre.ro/indicatori/curs-eur-ron,2026-09-01
Curs EUR/RON,2015-08-06,4.4117,RON,RO,BNR,https://www.bnr.ro,https://ecifre.ro/indicatori/curs-eur-ron,2026-09-01
Curs EUR/RON,2015-08-07,4.4128,RON,RO,BNR,https://www.bnr.ro,https://ecifre.ro/indicatori/curs-eur-ron,2026-09-01
Curs EUR/RON,2015-08-10,4.4114,RON,RO,BNR,https://www.bnr.ro,https://ecifre.ro/indicatori/curs-eur-ron,2026-09-01
Curs EUR/RON,2015-08-11,4.4156,RON,RO,BNR,https://www.bnr.ro,https://ecifre.ro/indicatori/curs-eur-ron,2026-09-01
Curs EUR/RON,2015-08-12,4.4157,RON,RO,BNR,https://www.bnr.ro,https://ecifre.ro/indicatori/curs-eur-ron,2026-09-01
Curs EUR/RON,2015-08-13,4.4093,RON,RO,BNR,https://www.bnr.ro,https://ecifre.ro/indicatori/curs-eur-ron,2026-09-01
Curs EUR/RON,2015-08-14,4.4224,RON,RO,BNR,https://www.bnr.ro,https://ecifre.ro/indicatori/curs-eur-ron,2026-09-01
Curs EUR/RON,2015-08-17,4.4269,RON,RO,BNR,https://www.bnr.ro,https://ecifre.ro/indicatori/curs-eur-ron,2026-09-01
Curs EUR/RON,2015-08-18,4.4235,RON,RO,BNR,https://www.bnr.ro,https://ecifre.ro/indicatori/curs-eur-ron,2026-09-01
Curs EUR/RON,2015-08-19,4.4305,RON,RO,BNR,https://www.bnr.ro,https://ecifre.ro/indicatori/curs-eur-ron,2026-09-01
Curs EUR/RON,2015-08-20,4.4362,RON,RO,BNR,https://www.bnr.ro,https://ecifre.ro/indicatori/curs-eur-ron,2026-09-01
Curs EUR/RON,2015-08-21,4.4300,RON,RO,BNR,https://www.bnr.ro,https://ecifre.ro/indicatori/curs-eur-ron,2026-09-01
Curs EUR/RON,2015-08-24,4.4412,RON,RO,BNR,https://www.bnr.ro,https://ecifre.ro/indicatori/curs-eur-ron,2026-09-01
Curs EUR/RON,2015-08-25,4.4384,RON,RO,BNR,https://www.bnr.ro,https://ecifre.ro/indicatori/curs-eur-ron,2026-09-01
Curs EUR/RON,2015-08-26,4.4375,RON,RO,BNR,https://www.bnr.ro,https://ecifre.ro/indicatori/curs-eur-ron,2026-09-01
Curs EUR/RON,2015-08-27,4.4353,RON,RO,BNR,https://www.bnr.ro,https://ecifre.ro/indicatori/curs-eur-ron,2026-09-01
Curs EUR/RON,2015-08-28,4.4302,RON,RO,BNR,https://www.bnr.ro,https://ecifre.ro/indicatori/curs-eur-ron,2026-09-01
Curs EUR/RON,2015-08-31,4.4321,RON,RO,BNR,https://www.bnr.ro,https://ecifre.ro/indicatori/curs-eur-ron,2026-09-01
Curs EUR/RON,2015-09-01,4.4390,RON,RO,BNR,https://www.bnr.ro,https://ecifre.ro/indicatori/curs-eur-ron,2026-09-01
Curs EUR/RON,2015-09-02,4.4413,RON,RO,BNR,https://www.bnr.ro,https://ecifre.ro/indicatori/curs-eur-ron,2026-09-01
Curs EUR/RON,2015-09-03,4.4315,RON,RO,BNR,https://www.bnr.ro,https://ecifre.ro/indicatori/curs-eur-ron,2026-09-01
Curs EUR/RON,2015-09-04,4.4286,RON,RO,BNR,https://www.bnr.ro,https://ecifre.ro/indicatori/curs-eur-ron,2026-09-01
Curs EUR/RON,2015-09-07,4.4263,RON,RO,BNR,https://www.bnr.ro,https://ecifre.ro/indicatori/curs-eur-ron,2026-09-01
Curs EUR/RON,2015-09-08,4.4261,RON,RO,BNR,https://www.bnr.ro,https://ecifre.ro/indicatori/curs-eur-ron,2026-09-01
Curs EUR/RON,2015-09-09,4.4208,RON,RO,BNR,https://www.bnr.ro,https://ecifre.ro/indicatori/curs-eur-ron,2026-09-01
Curs EUR/RON,2015-09-10,4.4222,RON,RO,BNR,https://www.bnr.ro,https://ecifre.ro/indicatori/curs-eur-ron,2026-09-01
Curs EUR/RON,2015-09-11,4.4159,RON,RO,BNR,https://www.bnr.ro,https://ecifre.ro/indicatori/curs-eur-ron,2026-09-01
Curs EUR/RON,2015-09-14,4.4170,RON,RO,BNR,https://www.bnr.ro,https://ecifre.ro/indicatori/curs-eur-ron,2026-09-01
Curs EUR/RON,2015-09-15,4.4195,RON,RO,BNR,https://www.bnr.ro,https://ecifre.ro/indicatori/curs-eur-ron,2026-09-01
Curs EUR/RON,2015-09-16,4.4239,RON,RO,BNR,https://www.bnr.ro,https://ecifre.ro/indicatori/curs-eur-ron,2026-09-01
Curs EUR/RON,2015-09-17,4.4267,RON,RO,BNR,https://www.bnr.ro,https://ecifre.ro/indicatori/curs-eur-ron,2026-09-01
Curs EUR/RON,2015-09-18,4.4211,RON,RO,BNR,https://www.bnr.ro,https://ecifre.ro/indicatori/curs-eur-ron,2026-09-01
Curs EUR/RON,2015-09-21,4.4229,RON,RO,BNR,https://www.bnr.ro,https://ecifre.ro/indicatori/curs-eur-ron,2026-09-01
Curs EUR/RON,2015-09-22,4.4215,RON,RO,BNR,https://www.bnr.ro,https://ecifre.ro/indicatori/curs-eur-ron,2026-09-01
Curs EUR/RON,2015-09-23,4.4207,RON,RO,BNR,https://www.bnr.ro,https://ecifre.ro/indicatori/curs-eur-ron,2026-09-01
Curs EUR/RON,2015-09-24,4.4157,RON,RO,BNR,https://www.bnr.ro,https://ecifre.ro/indicatori/curs-eur-ron,2026-09-01
Curs EUR/RON,2015-09-25,4.4160,RON,RO,BNR,https://www.bnr.ro,https://ecifre.ro/indicatori/curs-eur-ron,2026-09-01
Curs EUR/RON,2015-09-28,4.4128,RON,RO,BNR,https://www.bnr.ro,https://ecifre.ro/indicatori/curs-eur-ron,2026-09-01
Curs EUR/RON,2015-09-29,4.4248,RON,RO,BNR,https://www.bnr.ro,https://ecifre.ro/indicatori/curs-eur-ron,2026-09-01
Curs EUR/RON,2015-09-30,4.4167,RON,RO,BNR,https://www.bnr.ro,https://ecifre.ro/indicatori/curs-eur-ron,2026-09-01
Curs EUR/RON,2015-10-01,4.4155,RON,RO,BNR,https://www.bnr.ro,https://ecifre.ro/indicatori/curs-eur-ron,2026-09-01
Curs EUR/RON,2015-10-02,4.4130,RON,RO,BNR,https://www.bnr.ro,https://ecifre.ro/indicatori/curs-eur-ron,2026-09-01
Curs EUR/RON,2015-10-05,4.4194,RON,RO,BNR,https://www.bnr.ro,https://ecifre.ro/indicatori/curs-eur-ron,2026-09-01
Curs EUR/RON,2015-10-06,4.4161,RON,RO,BNR,https://www.bnr.ro,https://ecifre.ro/indicatori/curs-eur-ron,2026-09-01
Curs EUR/RON,2015-10-07,4.4167,RON,RO,BNR,https://www.bnr.ro,https://ecifre.ro/indicatori/curs-eur-ron,2026-09-01
Curs EUR/RON,2015-10-08,4.4172,RON,RO,BNR,https://www.bnr.ro,https://ecifre.ro/indicatori/curs-eur-ron,2026-09-01
Curs EUR/RON,2015-10-09,4.4145,RON,RO,BNR,https://www.bnr.ro,https://ecifre.ro/indicatori/curs-eur-ron,2026-09-01
Curs EUR/RON,2015-10-12,4.4156,RON,RO,BNR,https://www.bnr.ro,https://ecifre.ro/indicatori/curs-eur-ron,2026-09-01
Curs EUR/RON,2015-10-13,4.4163,RON,RO,BNR,https://www.bnr.ro,https://ecifre.ro/indicatori/curs-eur-ron,2026-09-01
Curs EUR/RON,2015-10-14,4.4171,RON,RO,BNR,https://www.bnr.ro,https://ecifre.ro/indicatori/curs-eur-ron,2026-09-01
Curs EUR/RON,2015-10-15,4.4142,RON,RO,BNR,https://www.bnr.ro,https://ecifre.ro/indicatori/curs-eur-ron,2026-09-01
Curs EUR/RON,2015-10-16,4.4158,RON,RO,BNR,https://www.bnr.ro,https://ecifre.ro/indicatori/curs-eur-ron,2026-09-01
Curs EUR/RON,2015-10-19,4.4182,RON,RO,BNR,https://www.bnr.ro,https://ecifre.ro/indicatori/curs-eur-ron,2026-09-01
Curs EUR/RON,2015-10-20,4.4250,RON,RO,BNR,https://www.bnr.ro,https://ecifre.ro/indicatori/curs-eur-ron,2026-09-01
Curs EUR/RON,2015-10-21,4.4295,RON,RO,BNR,https://www.bnr.ro,https://ecifre.ro/indicatori/curs-eur-ron,2026-09-01
Curs EUR/RON,2015-10-22,4.4291,RON,RO,BNR,https://www.bnr.ro,https://ecifre.ro/indicatori/curs-eur-ron,2026-09-01
Curs EUR/RON,2015-10-23,4.4259,RON,RO,BNR,https://www.bnr.ro,https://ecifre.ro/indicatori/curs-eur-ron,2026-09-01
Curs EUR/RON,2015-10-26,4.4343,RON,RO,BNR,https://www.bnr.ro,https://ecifre.ro/indicatori/curs-eur-ron,2026-09-01
Curs EUR/RON,2015-10-27,4.4366,RON,RO,BNR,https://www.bnr.ro,https://ecifre.ro/indicatori/curs-eur-ron,2026-09-01
Curs EUR/RON,2015-10-28,4.4311,RON,RO,BNR,https://www.bnr.ro,https://ecifre.ro/indicatori/curs-eur-ron,2026-09-01
Curs EUR/RON,2015-10-29,4.4314,RON,RO,BNR,https://www.bnr.ro,https://ecifre.ro/indicatori/curs-eur-ron,2026-09-01
Curs EUR/RON,2015-10-30,4.4322,RON,RO,BNR,https://www.bnr.ro,https://ecifre.ro/indicatori/curs-eur-ron,2026-09-01
Curs EUR/RON,2015-11-02,4.4367,RON,RO,BNR,https://www.bnr.ro,https://ecifre.ro/indicatori/curs-eur-ron,2026-09-01
Curs EUR/RON,2015-11-03,4.4318,RON,RO,BNR,https://www.bnr.ro,https://ecifre.ro/indicatori/curs-eur-ron,2026-09-01
Curs EUR/RON,2015-11-04,4.4462,RON,RO,BNR,https://www.bnr.ro,https://ecifre.ro/indicatori/curs-eur-ron,2026-09-01
Curs EUR/RON,2015-11-05,4.4459,RON,RO,BNR,https://www.bnr.ro,https://ecifre.ro/indicatori/curs-eur-ron,2026-09-01
Curs EUR/RON,2015-11-06,4.4523,RON,RO,BNR,https://www.bnr.ro,https://ecifre.ro/indicatori/curs-eur-ron,2026-09-01
Curs EUR/RON,2015-11-09,4.4580,RON,RO,BNR,https://www.bnr.ro,https://ecifre.ro/indicatori/curs-eur-ron,2026-09-01
Curs EUR/RON,2015-11-10,4.4562,RON,RO,BNR,https://www.bnr.ro,https://ecifre.ro/indicatori/curs-eur-ron,2026-09-01
Curs EUR/RON,2015-11-11,4.4434,RON,RO,BNR,https://www.bnr.ro,https://ecifre.ro/indicatori/curs-eur-ron,2026-09-01
Curs EUR/RON,2015-11-12,4.4398,RON,RO,BNR,https://www.bnr.ro,https://ecifre.ro/indicatori/curs-eur-ron,2026-09-01
Curs EUR/RON,2015-11-13,4.4412,RON,RO,BNR,https://www.bnr.ro,https://ecifre.ro/indicatori/curs-eur-ron,2026-09-01
Curs EUR/RON,2015-11-16,4.4377,RON,RO,BNR,https://www.bnr.ro,https://ecifre.ro/indicatori/curs-eur-ron,2026-09-01
Curs EUR/RON,2015-11-17,4.4400,RON,RO,BNR,https://www.bnr.ro,https://ecifre.ro/indicatori/curs-eur-ron,2026-09-01
Curs EUR/RON,2015-11-18,4.4458,RON,RO,BNR,https://www.bnr.ro,https://ecifre.ro/indicatori/curs-eur-ron,2026-09-01
Curs EUR/RON,2015-11-19,4.4425,RON,RO,BNR,https://www.bnr.ro,https://ecifre.ro/indicatori/curs-eur-ron,2026-09-01
Curs EUR/RON,2015-11-20,4.4439,RON,RO,BNR,https://www.bnr.ro,https://ecifre.ro/indicatori/curs-eur-ron,2026-09-01
Curs EUR/RON,2015-11-23,4.4484,RON,RO,BNR,https://www.bnr.ro,https://ecifre.ro/indicatori/curs-eur-ron,2026-09-01
Curs EUR/RON,2015-11-24,4.4509,RON,RO,BNR,https://www.bnr.ro,https://ecifre.ro/indicatori/curs-eur-ron,2026-09-01
Curs EUR/RON,2015-11-25,4.4442,RON,RO,BNR,https://www.bnr.ro,https://ecifre.ro/indicatori/curs-eur-ron,2026-09-01
Curs EUR/RON,2015-11-26,4.4386,RON,RO,BNR,https://www.bnr.ro,https://ecifre.ro/indicatori/curs-eur-ron,2026-09-01
Curs EUR/RON,2015-11-27,4.4460,RON,RO,BNR,https://www.bnr.ro,https://ecifre.ro/indicatori/curs-eur-ron,2026-09-01
Curs EUR/RON,2015-12-02,4.4604,RON,RO,BNR,https://www.bnr.ro,https://ecifre.ro/indicatori/curs-eur-ron,2026-09-01
Curs EUR/RON,2015-12-03,4.4589,RON,RO,BNR,https://www.bnr.ro,https://ecifre.ro/indicatori/curs-eur-ron,2026-09-01
Curs EUR/RON,2015-12-04,4.4693,RON,RO,BNR,https://www.bnr.ro,https://ecifre.ro/indicatori/curs-eur-ron,2026-09-01
Curs EUR/RON,2015-12-07,4.4739,RON,RO,BNR,https://www.bnr.ro,https://ecifre.ro/indicatori/curs-eur-ron,2026-09-01
Curs EUR/RON,2015-12-08,4.4821,RON,RO,BNR,https://www.bnr.ro,https://ecifre.ro/indicatori/curs-eur-ron,2026-09-01
Curs EUR/RON,2015-12-09,4.4873,RON,RO,BNR,https://www.bnr.ro,https://ecifre.ro/indicatori/curs-eur-ron,2026-09-01
Curs EUR/RON,2015-12-10,4.5025,RON,RO,BNR,https://www.bnr.ro,https://ecifre.ro/indicatori/curs-eur-ron,2026-09-01
Curs EUR/RON,2015-12-11,4.5297,RON,RO,BNR,https://www.bnr.ro,https://ecifre.ro/indicatori/curs-eur-ron,2026-09-01
Curs EUR/RON,2015-12-14,4.5085,RON,RO,BNR,https://www.bnr.ro,https://ecifre.ro/indicatori/curs-eur-ron,2026-09-01
Curs EUR/RON,2015-12-15,4.5005,RON,RO,BNR,https://www.bnr.ro,https://ecifre.ro/indicatori/curs-eur-ron,2026-09-01
Curs EUR/RON,2015-12-16,4.5036,RON,RO,BNR,https://www.bnr.ro,https://ecifre.ro/indicatori/curs-eur-ron,2026-09-01
Curs EUR/RON,2015-12-17,4.4994,RON,RO,BNR,https://www.bnr.ro,https://ecifre.ro/indicatori/curs-eur-ron,2026-09-01
Curs EUR/RON,2015-12-18,4.5145,RON,RO,BNR,https://www.bnr.ro,https://ecifre.ro/indicatori/curs-eur-ron,2026-09-01
Curs EUR/RON,2015-12-21,4.5105,RON,RO,BNR,https://www.bnr.ro,https://ecifre.ro/indicatori/curs-eur-ron,2026-09-01
Curs EUR/RON,2015-12-22,4.5163,RON,RO,BNR,https://www.bnr.ro,https://ecifre.ro/indicatori/curs-eur-ron,2026-09-01
Curs EUR/RON,2015-12-23,4.5203,RON,RO,BNR,https://www.bnr.ro,https://ecifre.ro/indicatori/curs-eur-ron,2026-09-01
Curs EUR/RON,2015-12-24,4.5297,RON,RO,BNR,https://www.bnr.ro,https://ecifre.ro/indicatori/curs-eur-ron,2026-09-01
Curs EUR/RON,2015-12-28,4.5257,RON,RO,BNR,https://www.bnr.ro,https://ecifre.ro/indicatori/curs-eur-ron,2026-09-01
Curs EUR/RON,2015-12-29,4.5381,RON,RO,BNR,https://www.bnr.ro,https://ecifre.ro/indicatori/curs-eur-ron,2026-09-01
Curs EUR/RON,2015-12-30,4.5285,RON,RO,BNR,https://www.bnr.ro,https://ecifre.ro/indicatori/curs-eur-ron,2026-09-01
Curs EUR/RON,2015-12-31,4.5245,RON,RO,BNR,https://www.bnr.ro,https://ecifre.ro/indicatori/curs-eur-ron,2026-09-01
Curs EUR/RON,2016-01-04,4.5169,RON,RO,BNR,https://www.bnr.ro,https://ecifre.ro/indicatori/curs-eur-ron,2026-09-01
Curs EUR/RON,2016-01-05,4.5240,RON,RO,BNR,https://www.bnr.ro,https://ecifre.ro/indicatori/curs-eur-ron,2026-09-01
Curs EUR/RON,2016-01-06,4.5217,RON,RO,BNR,https://www.bnr.ro,https://ecifre.ro/indicatori/curs-eur-ron,2026-09-01
Curs EUR/RON,2016-01-07,4.5275,RON,RO,BNR,https://www.bnr.ro,https://ecifre.ro/indicatori/curs-eur-ron,2026-09-01
Curs EUR/RON,2016-01-08,4.5273,RON,RO,BNR,https://www.bnr.ro,https://ecifre.ro/indicatori/curs-eur-ron,2026-09-01
Curs EUR/RON,2016-01-11,4.5270,RON,RO,BNR,https://www.bnr.ro,https://ecifre.ro/indicatori/curs-eur-ron,2026-09-01
Curs EUR/RON,2016-01-12,4.5333,RON,RO,BNR,https://www.bnr.ro,https://ecifre.ro/indicatori/curs-eur-ron,2026-09-01
Curs EUR/RON,2016-01-13,4.5283,RON,RO,BNR,https://www.bnr.ro,https://ecifre.ro/indicatori/curs-eur-ron,2026-09-01
Curs EUR/RON,2016-01-14,4.5380,RON,RO,BNR,https://www.bnr.ro,https://ecifre.ro/indicatori/curs-eur-ron,2026-09-01
Curs EUR/RON,2016-01-15,4.5362,RON,RO,BNR,https://www.bnr.ro,https://ecifre.ro/indicatori/curs-eur-ron,2026-09-01
Curs EUR/RON,2016-01-18,4.5360,RON,RO,BNR,https://www.bnr.ro,https://ecifre.ro/indicatori/curs-eur-ron,2026-09-01
Curs EUR/RON,2016-01-19,4.5349,RON,RO,BNR,https://www.bnr.ro,https://ecifre.ro/indicatori/curs-eur-ron,2026-09-01
Curs EUR/RON,2016-01-20,4.5324,RON,RO,BNR,https://www.bnr.ro,https://ecifre.ro/indicatori/curs-eur-ron,2026-09-01
Curs EUR/RON,2016-01-21,4.5320,RON,RO,BNR,https://www.bnr.ro,https://ecifre.ro/indicatori/curs-eur-ron,2026-09-01
Curs EUR/RON,2016-01-22,4.5274,RON,RO,BNR,https://www.bnr.ro,https://ecifre.ro/indicatori/curs-eur-ron,2026-09-01
Curs EUR/RON,2016-01-25,4.5264,RON,RO,BNR,https://www.bnr.ro,https://ecifre.ro/indicatori/curs-eur-ron,2026-09-01
Curs EUR/RON,2016-01-26,4.5325,RON,RO,BNR,https://www.bnr.ro,https://ecifre.ro/indicatori/curs-eur-ron,2026-09-01
Curs EUR/RON,2016-01-27,4.5328,RON,RO,BNR,https://www.bnr.ro,https://ecifre.ro/indicatori/curs-eur-ron,2026-09-01
Curs EUR/RON,2016-01-28,4.5386,RON,RO,BNR,https://www.bnr.ro,https://ecifre.ro/indicatori/curs-eur-ron,2026-09-01
Curs EUR/RON,2016-01-29,4.5337,RON,RO,BNR,https://www.bnr.ro,https://ecifre.ro/indicatori/curs-eur-ron,2026-09-01
Curs EUR/RON,2016-02-01,4.5320,RON,RO,BNR,https://www.bnr.ro,https://ecifre.ro/indicatori/curs-eur-ron,2026-09-01
Curs EUR/RON,2016-02-02,4.5098,RON,RO,BNR,https://www.bnr.ro,https://ecifre.ro/indicatori/curs-eur-ron,2026-09-01
Curs EUR/RON,2016-02-03,4.5137,RON,RO,BNR,https://www.bnr.ro,https://ecifre.ro/indicatori/curs-eur-ron,2026-09-01
Curs EUR/RON,2016-02-04,4.5086,RON,RO,BNR,https://www.bnr.ro,https://ecifre.ro/indicatori/curs-eur-ron,2026-09-01
Curs EUR/RON,2016-02-05,4.5013,RON,RO,BNR,https://www.bnr.ro,https://ecifre.ro/indicatori/curs-eur-ron,2026-09-01
Curs EUR/RON,2016-02-08,4.4763,RON,RO,BNR,https://www.bnr.ro,https://ecifre.ro/indicatori/curs-eur-ron,2026-09-01
Curs EUR/RON,2016-02-09,4.4907,RON,RO,BNR,https://www.bnr.ro,https://ecifre.ro/indicatori/curs-eur-ron,2026-09-01
Curs EUR/RON,2016-02-10,4.4852,RON,RO,BNR,https://www.bnr.ro,https://ecifre.ro/indicatori/curs-eur-ron,2026-09-01
Curs EUR/RON,2016-02-11,4.4826,RON,RO,BNR,https://www.bnr.ro,https://ecifre.ro/indicatori/curs-eur-ron,2026-09-01
Curs EUR/RON,2016-02-12,4.4744,RON,RO,BNR,https://www.bnr.ro,https://ecifre.ro/indicatori/curs-eur-ron,2026-09-01
Curs EUR/RON,2016-02-15,4.4710,RON,RO,BNR,https://www.bnr.ro,https://ecifre.ro/indicatori/curs-eur-ron,2026-09-01
Curs EUR/RON,2016-02-16,4.4637,RON,RO,BNR,https://www.bnr.ro,https://ecifre.ro/indicatori/curs-eur-ron,2026-09-01
Curs EUR/RON,2016-02-17,4.4585,RON,RO,BNR,https://www.bnr.ro,https://ecifre.ro/indicatori/curs-eur-ron,2026-09-01
Curs EUR/RON,2016-02-18,4.4569,RON,RO,BNR,https://www.bnr.ro,https://ecifre.ro/indicatori/curs-eur-ron,2026-09-01
Curs EUR/RON,2016-02-19,4.4658,RON,RO,BNR,https://www.bnr.ro,https://ecifre.ro/indicatori/curs-eur-ron,2026-09-01
Curs EUR/RON,2016-02-22,4.4773,RON,RO,BNR,https://www.bnr.ro,https://ecifre.ro/indicatori/curs-eur-ron,2026-09-01
Curs EUR/RON,2016-02-23,4.4715,RON,RO,BNR,https://www.bnr.ro,https://ecifre.ro/indicatori/curs-eur-ron,2026-09-01
Curs EUR/RON,2016-02-24,4.4765,RON,RO,BNR,https://www.bnr.ro,https://ecifre.ro/indicatori/curs-eur-ron,2026-09-01
Curs EUR/RON,2016-02-25,4.4691,RON,RO,BNR,https://www.bnr.ro,https://ecifre.ro/indicatori/curs-eur-ron,2026-09-01
Curs EUR/RON,2016-02-26,4.4634,RON,RO,BNR,https://www.bnr.ro,https://ecifre.ro/indicatori/curs-eur-ron,2026-09-01
Curs EUR/RON,2016-02-29,4.4692,RON,RO,BNR,https://www.bnr.ro,https://ecifre.ro/indicatori/curs-eur-ron,2026-09-01
Curs EUR/RON,2016-03-01,4.4655,RON,RO,BNR,https://www.bnr.ro,https://ecifre.ro/indicatori/curs-eur-ron,2026-09-01
Curs EUR/RON,2016-03-02,4.4586,RON,RO,BNR,https://www.bnr.ro,https://ecifre.ro/indicatori/curs-eur-ron,2026-09-01
Curs EUR/RON,2016-03-03,4.4576,RON,RO,BNR,https://www.bnr.ro,https://ecifre.ro/indicatori/curs-eur-ron,2026-09-01
Curs EUR/RON,2016-03-04,4.4678,RON,RO,BNR,https://www.bnr.ro,https://ecifre.ro/indicatori/curs-eur-ron,2026-09-01
Curs EUR/RON,2016-03-07,4.4626,RON,RO,BNR,https://www.bnr.ro,https://ecifre.ro/indicatori/curs-eur-ron,2026-09-01
Curs EUR/RON,2016-03-08,4.4634,RON,RO,BNR,https://www.bnr.ro,https://ecifre.ro/indicatori/curs-eur-ron,2026-09-01
Curs EUR/RON,2016-03-09,4.4629,RON,RO,BNR,https://www.bnr.ro,https://ecifre.ro/indicatori/curs-eur-ron,2026-09-01
Curs EUR/RON,2016-03-10,4.4608,RON,RO,BNR,https://www.bnr.ro,https://ecifre.ro/indicatori/curs-eur-ron,2026-09-01
Curs EUR/RON,2016-03-11,4.4624,RON,RO,BNR,https://www.bnr.ro,https://ecifre.ro/indicatori/curs-eur-ron,2026-09-01
Curs EUR/RON,2016-03-14,4.4674,RON,RO,BNR,https://www.bnr.ro,https://ecifre.ro/indicatori/curs-eur-ron,2026-09-01
Curs EUR/RON,2016-03-15,4.4705,RON,RO,BNR,https://www.bnr.ro,https://ecifre.ro/indicatori/curs-eur-ron,2026-09-01
Curs EUR/RON,2016-03-16,4.4775,RON,RO,BNR,https://www.bnr.ro,https://ecifre.ro/indicatori/curs-eur-ron,2026-09-01
Curs EUR/RON,2016-03-17,4.4765,RON,RO,BNR,https://www.bnr.ro,https://ecifre.ro/indicatori/curs-eur-ron,2026-09-01
Curs EUR/RON,2016-03-18,4.4700,RON,RO,BNR,https://www.bnr.ro,https://ecifre.ro/indicatori/curs-eur-ron,2026-09-01
Curs EUR/RON,2016-03-21,4.4672,RON,RO,BNR,https://www.bnr.ro,https://ecifre.ro/indicatori/curs-eur-ron,2026-09-01
Curs EUR/RON,2016-03-22,4.4694,RON,RO,BNR,https://www.bnr.ro,https://ecifre.ro/indicatori/curs-eur-ron,2026-09-01
Curs EUR/RON,2016-03-23,4.4641,RON,RO,BNR,https://www.bnr.ro,https://ecifre.ro/indicatori/curs-eur-ron,2026-09-01
Curs EUR/RON,2016-03-24,4.4655,RON,RO,BNR,https://www.bnr.ro,https://ecifre.ro/indicatori/curs-eur-ron,2026-09-01
Curs EUR/RON,2016-03-25,4.4639,RON,RO,BNR,https://www.bnr.ro,https://ecifre.ro/indicatori/curs-eur-ron,2026-09-01
Curs EUR/RON,2016-03-28,4.4619,RON,RO,BNR,https://www.bnr.ro,https://ecifre.ro/indicatori/curs-eur-ron,2026-09-01
Curs EUR/RON,2016-03-29,4.4634,RON,RO,BNR,https://www.bnr.ro,https://ecifre.ro/indicatori/curs-eur-ron,2026-09-01
Curs EUR/RON,2016-03-30,4.4582,RON,RO,BNR,https://www.bnr.ro,https://ecifre.ro/indicatori/curs-eur-ron,2026-09-01
Curs EUR/RON,2016-03-31,4.4738,RON,RO,BNR,https://www.bnr.ro,https://ecifre.ro/indicatori/curs-eur-ron,2026-09-01
Curs EUR/RON,2016-04-01,4.4714,RON,RO,BNR,https://www.bnr.ro,https://ecifre.ro/indicatori/curs-eur-ron,2026-09-01
Curs EUR/RON,2016-04-04,4.4671,RON,RO,BNR,https://www.bnr.ro,https://ecifre.ro/indicatori/curs-eur-ron,2026-09-01
Curs EUR/RON,2016-04-05,4.4669,RON,RO,BNR,https://www.bnr.ro,https://ecifre.ro/indicatori/curs-eur-ron,2026-09-01
Curs EUR/RON,2016-04-06,4.4658,RON,RO,BNR,https://www.bnr.ro,https://ecifre.ro/indicatori/curs-eur-ron,2026-09-01
Curs EUR/RON,2016-04-07,4.4668,RON,RO,BNR,https://www.bnr.ro,https://ecifre.ro/indicatori/curs-eur-ron,2026-09-01
Curs EUR/RON,2016-04-08,4.4664,RON,RO,BNR,https://www.bnr.ro,https://ecifre.ro/indicatori/curs-eur-ron,2026-09-01
Curs EUR/RON,2016-04-11,4.4668,RON,RO,BNR,https://www.bnr.ro,https://ecifre.ro/indicatori/curs-eur-ron,2026-09-01
Curs EUR/RON,2016-04-12,4.4711,RON,RO,BNR,https://www.bnr.ro,https://ecifre.ro/indicatori/curs-eur-ron,2026-09-01
Curs EUR/RON,2016-04-13,4.4696,RON,RO,BNR,https://www.bnr.ro,https://ecifre.ro/indicatori/curs-eur-ron,2026-09-01
Curs EUR/RON,2016-04-14,4.4715,RON,RO,BNR,https://www.bnr.ro,https://ecifre.ro/indicatori/curs-eur-ron,2026-09-01
Curs EUR/RON,2016-04-15,4.4731,RON,RO,BNR,https://www.bnr.ro,https://ecifre.ro/indicatori/curs-eur-ron,2026-09-01
Curs EUR/RON,2016-04-18,4.4777,RON,RO,BNR,https://www.bnr.ro,https://ecifre.ro/indicatori/curs-eur-ron,2026-09-01
Curs EUR/RON,2016-04-19,4.4812,RON,RO,BNR,https://www.bnr.ro,https://ecifre.ro/indicatori/curs-eur-ron,2026-09-01
Curs EUR/RON,2016-04-20,4.4854,RON,RO,BNR,https://www.bnr.ro,https://ecifre.ro/indicatori/curs-eur-ron,2026-09-01
Curs EUR/RON,2016-04-21,4.4789,RON,RO,BNR,https://www.bnr.ro,https://ecifre.ro/indicatori/curs-eur-ron,2026-09-01
Curs EUR/RON,2016-04-22,4.4770,RON,RO,BNR,https://www.bnr.ro,https://ecifre.ro/indicatori/curs-eur-ron,2026-09-01
Curs EUR/RON,2016-04-25,4.4771,RON,RO,BNR,https://www.bnr.ro,https://ecifre.ro/indicatori/curs-eur-ron,2026-09-01
Curs EUR/RON,2016-04-26,4.4794,RON,RO,BNR,https://www.bnr.ro,https://ecifre.ro/indicatori/curs-eur-ron,2026-09-01
Curs EUR/RON,2016-04-27,4.4649,RON,RO,BNR,https://www.bnr.ro,https://ecifre.ro/indicatori/curs-eur-ron,2026-09-01
Curs EUR/RON,2016-04-28,4.4721,RON,RO,BNR,https://www.bnr.ro,https://ecifre.ro/indicatori/curs-eur-ron,2026-09-01
Curs EUR/RON,2016-04-29,4.4774,RON,RO,BNR,https://www.bnr.ro,https://ecifre.ro/indicatori/curs-eur-ron,2026-09-01
Curs EUR/RON,2016-05-03,4.4875,RON,RO,BNR,https://www.bnr.ro,https://ecifre.ro/indicatori/curs-eur-ron,2026-09-01
Curs EUR/RON,2016-05-04,4.4919,RON,RO,BNR,https://www.bnr.ro,https://ecifre.ro/indicatori/curs-eur-ron,2026-09-01
Curs EUR/RON,2016-05-05,4.5021,RON,RO,BNR,https://www.bnr.ro,https://ecifre.ro/indicatori/curs-eur-ron,2026-09-01
Curs EUR/RON,2016-05-06,4.5013,RON,RO,BNR,https://www.bnr.ro,https://ecifre.ro/indicatori/curs-eur-ron,2026-09-01
Curs EUR/RON,2016-05-09,4.4869,RON,RO,BNR,https://www.bnr.ro,https://ecifre.ro/indicatori/curs-eur-ron,2026-09-01
Curs EUR/RON,2016-05-10,4.4884,RON,RO,BNR,https://www.bnr.ro,https://ecifre.ro/indicatori/curs-eur-ron,2026-09-01
Curs EUR/RON,2016-05-11,4.4910,RON,RO,BNR,https://www.bnr.ro,https://ecifre.ro/indicatori/curs-eur-ron,2026-09-01
Curs EUR/RON,2016-05-12,4.4957,RON,RO,BNR,https://www.bnr.ro,https://ecifre.ro/indicatori/curs-eur-ron,2026-09-01
Curs EUR/RON,2016-05-13,4.4974,RON,RO,BNR,https://www.bnr.ro,https://ecifre.ro/indicatori/curs-eur-ron,2026-09-01
Curs EUR/RON,2016-05-16,4.4882,RON,RO,BNR,https://www.bnr.ro,https://ecifre.ro/indicatori/curs-eur-ron,2026-09-01
Curs EUR/RON,2016-05-17,4.4864,RON,RO,BNR,https://www.bnr.ro,https://ecifre.ro/indicatori/curs-eur-ron,2026-09-01
Curs EUR/RON,2016-05-18,4.4955,RON,RO,BNR,https://www.bnr.ro,https://ecifre.ro/indicatori/curs-eur-ron,2026-09-01
Curs EUR/RON,2016-05-19,4.5025,RON,RO,BNR,https://www.bnr.ro,https://ecifre.ro/indicatori/curs-eur-ron,2026-09-01
Curs EUR/RON,2016-05-20,4.5063,RON,RO,BNR,https://www.bnr.ro,https://ecifre.ro/indicatori/curs-eur-ron,2026-09-01
Curs EUR/RON,2016-05-23,4.5194,RON,RO,BNR,https://www.bnr.ro,https://ecifre.ro/indicatori/curs-eur-ron,2026-09-01
Curs EUR/RON,2016-05-24,4.5114,RON,RO,BNR,https://www.bnr.ro,https://ecifre.ro/indicatori/curs-eur-ron,2026-09-01
Curs EUR/RON,2016-05-25,4.5061,RON,RO,BNR,https://www.bnr.ro,https://ecifre.ro/indicatori/curs-eur-ron,2026-09-01
Curs EUR/RON,2016-05-26,4.5059,RON,RO,BNR,https://www.bnr.ro,https://ecifre.ro/indicatori/curs-eur-ron,2026-09-01
Curs EUR/RON,2016-05-27,4.5074,RON,RO,BNR,https://www.bnr.ro,https://ecifre.ro/indicatori/curs-eur-ron,2026-09-01
Curs EUR/RON,2016-05-30,4.5039,RON,RO,BNR,https://www.bnr.ro,https://ecifre.ro/indicatori/curs-eur-ron,2026-09-01
Curs EUR/RON,2016-05-31,4.5115,RON,RO,BNR,https://www.bnr.ro,https://ecifre.ro/indicatori/curs-eur-ron,2026-09-01
Curs EUR/RON,2016-06-01,4.5146,RON,RO,BNR,https://www.bnr.ro,https://ecifre.ro/indicatori/curs-eur-ron,2026-09-01
Curs EUR/RON,2016-06-02,4.5216,RON,RO,BNR,https://www.bnr.ro,https://ecifre.ro/indicatori/curs-eur-ron,2026-09-01
Curs EUR/RON,2016-06-03,4.5189,RON,RO,BNR,https://www.bnr.ro,https://ecifre.ro/indicatori/curs-eur-ron,2026-09-01
Curs EUR/RON,2016-06-06,4.5177,RON,RO,BNR,https://www.bnr.ro,https://ecifre.ro/indicatori/curs-eur-ron,2026-09-01
Curs EUR/RON,2016-06-07,4.5078,RON,RO,BNR,https://www.bnr.ro,https://ecifre.ro/indicatori/curs-eur-ron,2026-09-01
Curs EUR/RON,2016-06-08,4.5070,RON,RO,BNR,https://www.bnr.ro,https://ecifre.ro/indicatori/curs-eur-ron,2026-09-01
Curs EUR/RON,2016-06-09,4.5125,RON,RO,BNR,https://www.bnr.ro,https://ecifre.ro/indicatori/curs-eur-ron,2026-09-01
Curs EUR/RON,2016-06-10,4.5110,RON,RO,BNR,https://www.bnr.ro,https://ecifre.ro/indicatori/curs-eur-ron,2026-09-01
Curs EUR/RON,2016-06-13,4.5178,RON,RO,BNR,https://www.bnr.ro,https://ecifre.ro/indicatori/curs-eur-ron,2026-09-01
Curs EUR/RON,2016-06-14,4.5218,RON,RO,BNR,https://www.bnr.ro,https://ecifre.ro/indicatori/curs-eur-ron,2026-09-01
Curs EUR/RON,2016-06-15,4.5325,RON,RO,BNR,https://www.bnr.ro,https://ecifre.ro/indicatori/curs-eur-ron,2026-09-01
Curs EUR/RON,2016-06-16,4.5396,RON,RO,BNR,https://www.bnr.ro,https://ecifre.ro/indicatori/curs-eur-ron,2026-09-01
Curs EUR/RON,2016-06-17,4.5341,RON,RO,BNR,https://www.bnr.ro,https://ecifre.ro/indicatori/curs-eur-ron,2026-09-01
Curs EUR/RON,2016-06-21,4.5330,RON,RO,BNR,https://www.bnr.ro,https://ecifre.ro/indicatori/curs-eur-ron,2026-09-01
Curs EUR/RON,2016-06-22,4.5320,RON,RO,BNR,https://www.bnr.ro,https://ecifre.ro/indicatori/curs-eur-ron,2026-09-01
Curs EUR/RON,2016-06-23,4.5179,RON,RO,BNR,https://www.bnr.ro,https://ecifre.ro/indicatori/curs-eur-ron,2026-09-01
Curs EUR/RON,2016-06-24,4.5366,RON,RO,BNR,https://www.bnr.ro,https://ecifre.ro/indicatori/curs-eur-ron,2026-09-01
Curs EUR/RON,2016-06-27,4.5152,RON,RO,BNR,https://www.bnr.ro,https://ecifre.ro/indicatori/curs-eur-ron,2026-09-01
Curs EUR/RON,2016-06-28,4.5225,RON,RO,BNR,https://www.bnr.ro,https://ecifre.ro/indicatori/curs-eur-ron,2026-09-01
Curs EUR/RON,2016-06-29,4.5220,RON,RO,BNR,https://www.bnr.ro,https://ecifre.ro/indicatori/curs-eur-ron,2026-09-01
Curs EUR/RON,2016-06-30,4.5210,RON,RO,BNR,https://www.bnr.ro,https://ecifre.ro/indicatori/curs-eur-ron,2026-09-01
Curs EUR/RON,2016-07-01,4.5148,RON,RO,BNR,https://www.bnr.ro,https://ecifre.ro/indicatori/curs-eur-ron,2026-09-01
Curs EUR/RON,2016-07-04,4.5164,RON,RO,BNR,https://www.bnr.ro,https://ecifre.ro/indicatori/curs-eur-ron,2026-09-01
Curs EUR/RON,2016-07-05,4.5157,RON,RO,BNR,https://www.bnr.ro,https://ecifre.ro/indicatori/curs-eur-ron,2026-09-01
Curs EUR/RON,2016-07-06,4.5199,RON,RO,BNR,https://www.bnr.ro,https://ecifre.ro/indicatori/curs-eur-ron,2026-09-01
Curs EUR/RON,2016-07-07,4.5188,RON,RO,BNR,https://www.bnr.ro,https://ecifre.ro/indicatori/curs-eur-ron,2026-09-01
Curs EUR/RON,2016-07-08,4.5157,RON,RO,BNR,https://www.bnr.ro,https://ecifre.ro/indicatori/curs-eur-ron,2026-09-01
Curs EUR/RON,2016-07-11,4.4942,RON,RO,BNR,https://www.bnr.ro,https://ecifre.ro/indicatori/curs-eur-ron,2026-09-01
Curs EUR/RON,2016-07-12,4.4900,RON,RO,BNR,https://www.bnr.ro,https://ecifre.ro/indicatori/curs-eur-ron,2026-09-01
Curs EUR/RON,2016-07-13,4.4911,RON,RO,BNR,https://www.bnr.ro,https://ecifre.ro/indicatori/curs-eur-ron,2026-09-01
Curs EUR/RON,2016-07-14,4.4884,RON,RO,BNR,https://www.bnr.ro,https://ecifre.ro/indicatori/curs-eur-ron,2026-09-01
Curs EUR/RON,2016-07-15,4.4858,RON,RO,BNR,https://www.bnr.ro,https://ecifre.ro/indicatori/curs-eur-ron,2026-09-01
Curs EUR/RON,2016-07-18,4.4706,RON,RO,BNR,https://www.bnr.ro,https://ecifre.ro/indicatori/curs-eur-ron,2026-09-01
Curs EUR/RON,2016-07-19,4.4737,RON,RO,BNR,https://www.bnr.ro,https://ecifre.ro/indicatori/curs-eur-ron,2026-09-01
Curs EUR/RON,2016-07-20,4.4727,RON,RO,BNR,https://www.bnr.ro,https://ecifre.ro/indicatori/curs-eur-ron,2026-09-01
Curs EUR/RON,2016-07-21,4.4700,RON,RO,BNR,https://www.bnr.ro,https://ecifre.ro/indicatori/curs-eur-ron,2026-09-01
Curs EUR/RON,2016-07-22,4.4612,RON,RO,BNR,https://www.bnr.ro,https://ecifre.ro/indicatori/curs-eur-ron,2026-09-01
Curs EUR/RON,2016-07-25,4.4444,RON,RO,BNR,https://www.bnr.ro,https://ecifre.ro/indicatori/curs-eur-ron,2026-09-01
Curs EUR/RON,2016-07-26,4.4633,RON,RO,BNR,https://www.bnr.ro,https://ecifre.ro/indicatori/curs-eur-ron,2026-09-01
Curs EUR/RON,2016-07-27,4.4687,RON,RO,BNR,https://www.bnr.ro,https://ecifre.ro/indicatori/curs-eur-ron,2026-09-01
Curs EUR/RON,2016-07-28,4.4615,RON,RO,BNR,https://www.bnr.ro,https://ecifre.ro/indicatori/curs-eur-ron,2026-09-01
Curs EUR/RON,2016-07-29,4.4654,RON,RO,BNR,https://www.bnr.ro,https://ecifre.ro/indicatori/curs-eur-ron,2026-09-01
Curs EUR/RON,2016-08-01,4.4555,RON,RO,BNR,https://www.bnr.ro,https://ecifre.ro/indicatori/curs-eur-ron,2026-09-01
Curs EUR/RON,2016-08-02,4.4546,RON,RO,BNR,https://www.bnr.ro,https://ecifre.ro/indicatori/curs-eur-ron,2026-09-01
Curs EUR/RON,2016-08-03,4.4524,RON,RO,BNR,https://www.bnr.ro,https://ecifre.ro/indicatori/curs-eur-ron,2026-09-01
Curs EUR/RON,2016-08-04,4.4564,RON,RO,BNR,https://www.bnr.ro,https://ecifre.ro/indicatori/curs-eur-ron,2026-09-01
Curs EUR/RON,2016-08-05,4.4638,RON,RO,BNR,https://www.bnr.ro,https://ecifre.ro/indicatori/curs-eur-ron,2026-09-01
Curs EUR/RON,2016-08-08,4.4572,RON,RO,BNR,https://www.bnr.ro,https://ecifre.ro/indicatori/curs-eur-ron,2026-09-01
Curs EUR/RON,2016-08-09,4.4578,RON,RO,BNR,https://www.bnr.ro,https://ecifre.ro/indicatori/curs-eur-ron,2026-09-01
Curs EUR/RON,2016-08-10,4.4576,RON,RO,BNR,https://www.bnr.ro,https://ecifre.ro/indicatori/curs-eur-ron,2026-09-01
Curs EUR/RON,2016-08-11,4.4605,RON,RO,BNR,https://www.bnr.ro,https://ecifre.ro/indicatori/curs-eur-ron,2026-09-01
Curs EUR/RON,2016-08-12,4.4592,RON,RO,BNR,https://www.bnr.ro,https://ecifre.ro/indicatori/curs-eur-ron,2026-09-01
Curs EUR/RON,2016-08-16,4.4580,RON,RO,BNR,https://www.bnr.ro,https://ecifre.ro/indicatori/curs-eur-ron,2026-09-01
Curs EUR/RON,2016-08-17,4.4732,RON,RO,BNR,https://www.bnr.ro,https://ecifre.ro/indicatori/curs-eur-ron,2026-09-01
Curs EUR/RON,2016-08-18,4.4757,RON,RO,BNR,https://www.bnr.ro,https://ecifre.ro/indicatori/curs-eur-ron,2026-09-01
Curs EUR/RON,2016-08-19,4.4679,RON,RO,BNR,https://www.bnr.ro,https://ecifre.ro/indicatori/curs-eur-ron,2026-09-01
Curs EUR/RON,2016-08-22,4.4610,RON,RO,BNR,https://www.bnr.ro,https://ecifre.ro/indicatori/curs-eur-ron,2026-09-01
Curs EUR/RON,2016-08-23,4.4585,RON,RO,BNR,https://www.bnr.ro,https://ecifre.ro/indicatori/curs-eur-ron,2026-09-01
Curs EUR/RON,2016-08-24,4.4606,RON,RO,BNR,https://www.bnr.ro,https://ecifre.ro/indicatori/curs-eur-ron,2026-09-01
Curs EUR/RON,2016-08-25,4.4549,RON,RO,BNR,https://www.bnr.ro,https://ecifre.ro/indicatori/curs-eur-ron,2026-09-01
Curs EUR/RON,2016-08-26,4.4568,RON,RO,BNR,https://www.bnr.ro,https://ecifre.ro/indicatori/curs-eur-ron,2026-09-01
Curs EUR/RON,2016-08-29,4.4621,RON,RO,BNR,https://www.bnr.ro,https://ecifre.ro/indicatori/curs-eur-ron,2026-09-01
Curs EUR/RON,2016-08-30,4.4488,RON,RO,BNR,https://www.bnr.ro,https://ecifre.ro/indicatori/curs-eur-ron,2026-09-01
Curs EUR/RON,2016-08-31,4.4535,RON,RO,BNR,https://www.bnr.ro,https://ecifre.ro/indicatori/curs-eur-ron,2026-09-01
Curs EUR/RON,2016-09-01,4.4555,RON,RO,BNR,https://www.bnr.ro,https://ecifre.ro/indicatori/curs-eur-ron,2026-09-01
Curs EUR/RON,2016-09-02,4.4559,RON,RO,BNR,https://www.bnr.ro,https://ecifre.ro/indicatori/curs-eur-ron,2026-09-01
Curs EUR/RON,2016-09-05,4.4469,RON,RO,BNR,https://www.bnr.ro,https://ecifre.ro/indicatori/curs-eur-ron,2026-09-01
Curs EUR/RON,2016-09-06,4.4514,RON,RO,BNR,https://www.bnr.ro,https://ecifre.ro/indicatori/curs-eur-ron,2026-09-01
Curs EUR/RON,2016-09-07,4.4515,RON,RO,BNR,https://www.bnr.ro,https://ecifre.ro/indicatori/curs-eur-ron,2026-09-01
Curs EUR/RON,2016-09-08,4.4526,RON,RO,BNR,https://www.bnr.ro,https://ecifre.ro/indicatori/curs-eur-ron,2026-09-01
Curs EUR/RON,2016-09-09,4.4518,RON,RO,BNR,https://www.bnr.ro,https://ecifre.ro/indicatori/curs-eur-ron,2026-09-01
Curs EUR/RON,2016-09-12,4.4501,RON,RO,BNR,https://www.bnr.ro,https://ecifre.ro/indicatori/curs-eur-ron,2026-09-01
Curs EUR/RON,2016-09-13,4.4488,RON,RO,BNR,https://www.bnr.ro,https://ecifre.ro/indicatori/curs-eur-ron,2026-09-01
Curs EUR/RON,2016-09-14,4.4486,RON,RO,BNR,https://www.bnr.ro,https://ecifre.ro/indicatori/curs-eur-ron,2026-09-01
Curs EUR/RON,2016-09-15,4.4471,RON,RO,BNR,https://www.bnr.ro,https://ecifre.ro/indicatori/curs-eur-ron,2026-09-01
Curs EUR/RON,2016-09-16,4.4519,RON,RO,BNR,https://www.bnr.ro,https://ecifre.ro/indicatori/curs-eur-ron,2026-09-01
Curs EUR/RON,2016-09-19,4.4464,RON,RO,BNR,https://www.bnr.ro,https://ecifre.ro/indicatori/curs-eur-ron,2026-09-01
Curs EUR/RON,2016-09-20,4.4534,RON,RO,BNR,https://www.bnr.ro,https://ecifre.ro/indicatori/curs-eur-ron,2026-09-01
Curs EUR/RON,2016-09-21,4.4509,RON,RO,BNR,https://www.bnr.ro,https://ecifre.ro/indicatori/curs-eur-ron,2026-09-01
Curs EUR/RON,2016-09-22,4.4503,RON,RO,BNR,https://www.bnr.ro,https://ecifre.ro/indicatori/curs-eur-ron,2026-09-01
Curs EUR/RON,2016-09-23,4.4470,RON,RO,BNR,https://www.bnr.ro,https://ecifre.ro/indicatori/curs-eur-ron,2026-09-01
Curs EUR/RON,2016-09-26,4.4504,RON,RO,BNR,https://www.bnr.ro,https://ecifre.ro/indicatori/curs-eur-ron,2026-09-01
Curs EUR/RON,2016-09-27,4.4495,RON,RO,BNR,https://www.bnr.ro,https://ecifre.ro/indicatori/curs-eur-ron,2026-09-01
Curs EUR/RON,2016-09-28,4.4493,RON,RO,BNR,https://www.bnr.ro,https://ecifre.ro/indicatori/curs-eur-ron,2026-09-01
Curs EUR/RON,2016-09-29,4.4514,RON,RO,BNR,https://www.bnr.ro,https://ecifre.ro/indicatori/curs-eur-ron,2026-09-01
Curs EUR/RON,2016-09-30,4.4523,RON,RO,BNR,https://www.bnr.ro,https://ecifre.ro/indicatori/curs-eur-ron,2026-09-01
Curs EUR/RON,2016-10-03,4.4484,RON,RO,BNR,https://www.bnr.ro,https://ecifre.ro/indicatori/curs-eur-ron,2026-09-01
Curs EUR/RON,2016-10-04,4.4576,RON,RO,BNR,https://www.bnr.ro,https://ecifre.ro/indicatori/curs-eur-ron,2026-09-01
Curs EUR/RON,2016-10-05,4.4627,RON,RO,BNR,https://www.bnr.ro,https://ecifre.ro/indicatori/curs-eur-ron,2026-09-01
Curs EUR/RON,2016-10-06,4.4737,RON,RO,BNR,https://www.bnr.ro,https://ecifre.ro/indicatori/curs-eur-ron,2026-09-01
Curs EUR/RON,2016-10-07,4.4949,RON,RO,BNR,https://www.bnr.ro,https://ecifre.ro/indicatori/curs-eur-ron,2026-09-01
Curs EUR/RON,2016-10-10,4.5175,RON,RO,BNR,https://www.bnr.ro,https://ecifre.ro/indicatori/curs-eur-ron,2026-09-01
Curs EUR/RON,2016-10-11,4.4890,RON,RO,BNR,https://www.bnr.ro,https://ecifre.ro/indicatori/curs-eur-ron,2026-09-01
Curs EUR/RON,2016-10-12,4.4961,RON,RO,BNR,https://www.bnr.ro,https://ecifre.ro/indicatori/curs-eur-ron,2026-09-01
Curs EUR/RON,2016-10-13,4.5059,RON,RO,BNR,https://www.bnr.ro,https://ecifre.ro/indicatori/curs-eur-ron,2026-09-01
Curs EUR/RON,2016-10-14,4.5016,RON,RO,BNR,https://www.bnr.ro,https://ecifre.ro/indicatori/curs-eur-ron,2026-09-01
Curs EUR/RON,2016-10-17,4.5113,RON,RO,BNR,https://www.bnr.ro,https://ecifre.ro/indicatori/curs-eur-ron,2026-09-01
Curs EUR/RON,2016-10-18,4.5086,RON,RO,BNR,https://www.bnr.ro,https://ecifre.ro/indicatori/curs-eur-ron,2026-09-01
Curs EUR/RON,2016-10-19,4.5007,RON,RO,BNR,https://www.bnr.ro,https://ecifre.ro/indicatori/curs-eur-ron,2026-09-01
Curs EUR/RON,2016-10-20,4.5046,RON,RO,BNR,https://www.bnr.ro,https://ecifre.ro/indicatori/curs-eur-ron,2026-09-01
Curs EUR/RON,2016-10-21,4.5068,RON,RO,BNR,https://www.bnr.ro,https://ecifre.ro/indicatori/curs-eur-ron,2026-09-01
Curs EUR/RON,2016-10-24,4.5057,RON,RO,BNR,https://www.bnr.ro,https://ecifre.ro/indicatori/curs-eur-ron,2026-09-01
Curs EUR/RON,2016-10-25,4.4909,RON,RO,BNR,https://www.bnr.ro,https://ecifre.ro/indicatori/curs-eur-ron,2026-09-01
Curs EUR/RON,2016-10-26,4.4955,RON,RO,BNR,https://www.bnr.ro,https://ecifre.ro/indicatori/curs-eur-ron,2026-09-01
Curs EUR/RON,2016-10-27,4.5037,RON,RO,BNR,https://www.bnr.ro,https://ecifre.ro/indicatori/curs-eur-ron,2026-09-01
Curs EUR/RON,2016-10-28,4.4978,RON,RO,BNR,https://www.bnr.ro,https://ecifre.ro/indicatori/curs-eur-ron,2026-09-01
Curs EUR/RON,2016-10-31,4.5057,RON,RO,BNR,https://www.bnr.ro,https://ecifre.ro/indicatori/curs-eur-ron,2026-09-01
Curs EUR/RON,2016-11-01,4.5056,RON,RO,BNR,https://www.bnr.ro,https://ecifre.ro/indicatori/curs-eur-ron,2026-09-01
Curs EUR/RON,2016-11-02,4.5040,RON,RO,BNR,https://www.bnr.ro,https://ecifre.ro/indicatori/curs-eur-ron,2026-09-01
Curs EUR/RON,2016-11-03,4.4993,RON,RO,BNR,https://www.bnr.ro,https://ecifre.ro/indicatori/curs-eur-ron,2026-09-01
Curs EUR/RON,2016-11-04,4.5015,RON,RO,BNR,https://www.bnr.ro,https://ecifre.ro/indicatori/curs-eur-ron,2026-09-01
Curs EUR/RON,2016-11-07,4.4987,RON,RO,BNR,https://www.bnr.ro,https://ecifre.ro/indicatori/curs-eur-ron,2026-09-01
Curs EUR/RON,2016-11-08,4.5072,RON,RO,BNR,https://www.bnr.ro,https://ecifre.ro/indicatori/curs-eur-ron,2026-09-01
Curs EUR/RON,2016-11-09,4.5100,RON,RO,BNR,https://www.bnr.ro,https://ecifre.ro/indicatori/curs-eur-ron,2026-09-01
Curs EUR/RON,2016-11-10,4.5000,RON,RO,BNR,https://www.bnr.ro,https://ecifre.ro/indicatori/curs-eur-ron,2026-09-01
Curs EUR/RON,2016-11-11,4.5125,RON,RO,BNR,https://www.bnr.ro,https://ecifre.ro/indicatori/curs-eur-ron,2026-09-01
Curs EUR/RON,2016-11-14,4.5158,RON,RO,BNR,https://www.bnr.ro,https://ecifre.ro/indicatori/curs-eur-ron,2026-09-01
Curs EUR/RON,2016-11-15,4.5146,RON,RO,BNR,https://www.bnr.ro,https://ecifre.ro/indicatori/curs-eur-ron,2026-09-01
Curs EUR/RON,2016-11-16,4.5218,RON,RO,BNR,https://www.bnr.ro,https://ecifre.ro/indicatori/curs-eur-ron,2026-09-01
Curs EUR/RON,2016-11-17,4.5195,RON,RO,BNR,https://www.bnr.ro,https://ecifre.ro/indicatori/curs-eur-ron,2026-09-01
Curs EUR/RON,2016-11-18,4.5145,RON,RO,BNR,https://www.bnr.ro,https://ecifre.ro/indicatori/curs-eur-ron,2026-09-01
Curs EUR/RON,2016-11-21,4.5110,RON,RO,BNR,https://www.bnr.ro,https://ecifre.ro/indicatori/curs-eur-ron,2026-09-01
Curs EUR/RON,2016-11-22,4.5103,RON,RO,BNR,https://www.bnr.ro,https://ecifre.ro/indicatori/curs-eur-ron,2026-09-01
Curs EUR/RON,2016-11-23,4.5150,RON,RO,BNR,https://www.bnr.ro,https://ecifre.ro/indicatori/curs-eur-ron,2026-09-01
Curs EUR/RON,2016-11-24,4.5093,RON,RO,BNR,https://www.bnr.ro,https://ecifre.ro/indicatori/curs-eur-ron,2026-09-01
Curs EUR/RON,2016-11-25,4.5147,RON,RO,BNR,https://www.bnr.ro,https://ecifre.ro/indicatori/curs-eur-ron,2026-09-01
Curs EUR/RON,2016-11-28,4.5124,RON,RO,BNR,https://www.bnr.ro,https://ecifre.ro/indicatori/curs-eur-ron,2026-09-01
Curs EUR/RON,2016-11-29,4.5162,RON,RO,BNR,https://www.bnr.ro,https://ecifre.ro/indicatori/curs-eur-ron,2026-09-01
Curs EUR/RON,2016-12-02,4.5125,RON,RO,BNR,https://www.bnr.ro,https://ecifre.ro/indicatori/curs-eur-ron,2026-09-01
Curs EUR/RON,2016-12-05,4.5027,RON,RO,BNR,https://www.bnr.ro,https://ecifre.ro/indicatori/curs-eur-ron,2026-09-01
Curs EUR/RON,2016-12-06,4.5008,RON,RO,BNR,https://www.bnr.ro,https://ecifre.ro/indicatori/curs-eur-ron,2026-09-01
Curs EUR/RON,2016-12-07,4.5007,RON,RO,BNR,https://www.bnr.ro,https://ecifre.ro/indicatori/curs-eur-ron,2026-09-01
Curs EUR/RON,2016-12-08,4.5020,RON,RO,BNR,https://www.bnr.ro,https://ecifre.ro/indicatori/curs-eur-ron,2026-09-01
Curs EUR/RON,2016-12-09,4.4985,RON,RO,BNR,https://www.bnr.ro,https://ecifre.ro/indicatori/curs-eur-ron,2026-09-01
Curs EUR/RON,2016-12-12,4.5067,RON,RO,BNR,https://www.bnr.ro,https://ecifre.ro/indicatori/curs-eur-ron,2026-09-01
Curs EUR/RON,2016-12-13,4.5075,RON,RO,BNR,https://www.bnr.ro,https://ecifre.ro/indicatori/curs-eur-ron,2026-09-01
Curs EUR/RON,2016-12-14,4.5167,RON,RO,BNR,https://www.bnr.ro,https://ecifre.ro/indicatori/curs-eur-ron,2026-09-01
Curs EUR/RON,2016-12-15,4.5202,RON,RO,BNR,https://www.bnr.ro,https://ecifre.ro/indicatori/curs-eur-ron,2026-09-01
Curs EUR/RON,2016-12-16,4.5210,RON,RO,BNR,https://www.bnr.ro,https://ecifre.ro/indicatori/curs-eur-ron,2026-09-01
Curs EUR/RON,2016-12-19,4.5125,RON,RO,BNR,https://www.bnr.ro,https://ecifre.ro/indicatori/curs-eur-ron,2026-09-01
Curs EUR/RON,2016-12-20,4.5194,RON,RO,BNR,https://www.bnr.ro,https://ecifre.ro/indicatori/curs-eur-ron,2026-09-01
Curs EUR/RON,2016-12-21,4.5195,RON,RO,BNR,https://www.bnr.ro,https://ecifre.ro/indicatori/curs-eur-ron,2026-09-01
Curs EUR/RON,2016-12-22,4.5165,RON,RO,BNR,https://www.bnr.ro,https://ecifre.ro/indicatori/curs-eur-ron,2026-09-01
Curs EUR/RON,2016-12-23,4.5309,RON,RO,BNR,https://www.bnr.ro,https://ecifre.ro/indicatori/curs-eur-ron,2026-09-01
Curs EUR/RON,2016-12-27,4.5363,RON,RO,BNR,https://www.bnr.ro,https://ecifre.ro/indicatori/curs-eur-ron,2026-09-01
Curs EUR/RON,2016-12-28,4.5409,RON,RO,BNR,https://www.bnr.ro,https://ecifre.ro/indicatori/curs-eur-ron,2026-09-01
Curs EUR/RON,2016-12-29,4.5402,RON,RO,BNR,https://www.bnr.ro,https://ecifre.ro/indicatori/curs-eur-ron,2026-09-01
Curs EUR/RON,2016-12-30,4.5411,RON,RO,BNR,https://www.bnr.ro,https://ecifre.ro/indicatori/curs-eur-ron,2026-09-01
Curs EUR/RON,2017-01-03,4.5175,RON,RO,BNR,https://www.bnr.ro,https://ecifre.ro/indicatori/curs-eur-ron,2026-09-01
Curs EUR/RON,2017-01-04,4.5182,RON,RO,BNR,https://www.bnr.ro,https://ecifre.ro/indicatori/curs-eur-ron,2026-09-01
Curs EUR/RON,2017-01-05,4.5110,RON,RO,BNR,https://www.bnr.ro,https://ecifre.ro/indicatori/curs-eur-ron,2026-09-01
Curs EUR/RON,2017-01-06,4.5069,RON,RO,BNR,https://www.bnr.ro,https://ecifre.ro/indicatori/curs-eur-ron,2026-09-01
Curs EUR/RON,2017-01-09,4.5024,RON,RO,BNR,https://www.bnr.ro,https://ecifre.ro/indicatori/curs-eur-ron,2026-09-01
Curs EUR/RON,2017-01-10,4.4971,RON,RO,BNR,https://www.bnr.ro,https://ecifre.ro/indicatori/curs-eur-ron,2026-09-01
Curs EUR/RON,2017-01-11,4.4949,RON,RO,BNR,https://www.bnr.ro,https://ecifre.ro/indicatori/curs-eur-ron,2026-09-01
Curs EUR/RON,2017-01-12,4.4938,RON,RO,BNR,https://www.bnr.ro,https://ecifre.ro/indicatori/curs-eur-ron,2026-09-01
Curs EUR/RON,2017-01-13,4.4920,RON,RO,BNR,https://www.bnr.ro,https://ecifre.ro/indicatori/curs-eur-ron,2026-09-01
Curs EUR/RON,2017-01-16,4.5064,RON,RO,BNR,https://www.bnr.ro,https://ecifre.ro/indicatori/curs-eur-ron,2026-09-01
Curs EUR/RON,2017-01-17,4.5048,RON,RO,BNR,https://www.bnr.ro,https://ecifre.ro/indicatori/curs-eur-ron,2026-09-01
Curs EUR/RON,2017-01-18,4.4980,RON,RO,BNR,https://www.bnr.ro,https://ecifre.ro/indicatori/curs-eur-ron,2026-09-01
Curs EUR/RON,2017-01-19,4.4927,RON,RO,BNR,https://www.bnr.ro,https://ecifre.ro/indicatori/curs-eur-ron,2026-09-01
Curs EUR/RON,2017-01-20,4.4955,RON,RO,BNR,https://www.bnr.ro,https://ecifre.ro/indicatori/curs-eur-ron,2026-09-01
Curs EUR/RON,2017-01-23,4.4973,RON,RO,BNR,https://www.bnr.ro,https://ecifre.ro/indicatori/curs-eur-ron,2026-09-01
Curs EUR/RON,2017-01-25,4.4939,RON,RO,BNR,https://www.bnr.ro,https://ecifre.ro/indicatori/curs-eur-ron,2026-09-01
Curs EUR/RON,2017-01-26,4.4983,RON,RO,BNR,https://www.bnr.ro,https://ecifre.ro/indicatori/curs-eur-ron,2026-09-01
Curs EUR/RON,2017-01-27,4.5077,RON,RO,BNR,https://www.bnr.ro,https://ecifre.ro/indicatori/curs-eur-ron,2026-09-01
Curs EUR/RON,2017-01-30,4.5006,RON,RO,BNR,https://www.bnr.ro,https://ecifre.ro/indicatori/curs-eur-ron,2026-09-01
Curs EUR/RON,2017-01-31,4.5038,RON,RO,BNR,https://www.bnr.ro,https://ecifre.ro/indicatori/curs-eur-ron,2026-09-01
Curs EUR/RON,2017-02-01,4.5240,RON,RO,BNR,https://www.bnr.ro,https://ecifre.ro/indicatori/curs-eur-ron,2026-09-01
Curs EUR/RON,2017-02-02,4.5337,RON,RO,BNR,https://www.bnr.ro,https://ecifre.ro/indicatori/curs-eur-ron,2026-09-01
Curs EUR/RON,2017-02-03,4.5156,RON,RO,BNR,https://www.bnr.ro,https://ecifre.ro/indicatori/curs-eur-ron,2026-09-01
Curs EUR/RON,2017-02-06,4.5095,RON,RO,BNR,https://www.bnr.ro,https://ecifre.ro/indicatori/curs-eur-ron,2026-09-01
Curs EUR/RON,2017-02-07,4.4916,RON,RO,BNR,https://www.bnr.ro,https://ecifre.ro/indicatori/curs-eur-ron,2026-09-01
Curs EUR/RON,2017-02-08,4.4888,RON,RO,BNR,https://www.bnr.ro,https://ecifre.ro/indicatori/curs-eur-ron,2026-09-01
Curs EUR/RON,2017-02-09,4.4956,RON,RO,BNR,https://www.bnr.ro,https://ecifre.ro/indicatori/curs-eur-ron,2026-09-01
Curs EUR/RON,2017-02-10,4.5006,RON,RO,BNR,https://www.bnr.ro,https://ecifre.ro/indicatori/curs-eur-ron,2026-09-01
Curs EUR/RON,2017-02-13,4.5019,RON,RO,BNR,https://www.bnr.ro,https://ecifre.ro/indicatori/curs-eur-ron,2026-09-01
Curs EUR/RON,2017-02-14,4.5048,RON,RO,BNR,https://www.bnr.ro,https://ecifre.ro/indicatori/curs-eur-ron,2026-09-01
Curs EUR/RON,2017-02-15,4.5071,RON,RO,BNR,https://www.bnr.ro,https://ecifre.ro/indicatori/curs-eur-ron,2026-09-01
Curs EUR/RON,2017-02-16,4.5226,RON,RO,BNR,https://www.bnr.ro,https://ecifre.ro/indicatori/curs-eur-ron,2026-09-01
Curs EUR/RON,2017-02-17,4.5194,RON,RO,BNR,https://www.bnr.ro,https://ecifre.ro/indicatori/curs-eur-ron,2026-09-01
Curs EUR/RON,2017-02-20,4.5244,RON,RO,BNR,https://www.bnr.ro,https://ecifre.ro/indicatori/curs-eur-ron,2026-09-01
Curs EUR/RON,2017-02-21,4.5157,RON,RO,BNR,https://www.bnr.ro,https://ecifre.ro/indicatori/curs-eur-ron,2026-09-01
Curs EUR/RON,2017-02-22,4.5217,RON,RO,BNR,https://www.bnr.ro,https://ecifre.ro/indicatori/curs-eur-ron,2026-09-01
Curs EUR/RON,2017-02-23,4.5190,RON,RO,BNR,https://www.bnr.ro,https://ecifre.ro/indicatori/curs-eur-ron,2026-09-01
Curs EUR/RON,2017-02-24,4.5169,RON,RO,BNR,https://www.bnr.ro,https://ecifre.ro/indicatori/curs-eur-ron,2026-09-01
Curs EUR/RON,2017-02-27,4.5115,RON,RO,BNR,https://www.bnr.ro,https://ecifre.ro/indicatori/curs-eur-ron,2026-09-01
Curs EUR/RON,2017-02-28,4.5160,RON,RO,BNR,https://www.bnr.ro,https://ecifre.ro/indicatori/curs-eur-ron,2026-09-01
Curs EUR/RON,2017-03-01,4.5200,RON,RO,BNR,https://www.bnr.ro,https://ecifre.ro/indicatori/curs-eur-ron,2026-09-01
Curs EUR/RON,2017-03-02,4.5218,RON,RO,BNR,https://www.bnr.ro,https://ecifre.ro/indicatori/curs-eur-ron,2026-09-01
Curs EUR/RON,2017-03-03,4.5328,RON,RO,BNR,https://www.bnr.ro,https://ecifre.ro/indicatori/curs-eur-ron,2026-09-01
Curs EUR/RON,2017-03-06,4.5323,RON,RO,BNR,https://www.bnr.ro,https://ecifre.ro/indicatori/curs-eur-ron,2026-09-01
Curs EUR/RON,2017-03-07,4.5362,RON,RO,BNR,https://www.bnr.ro,https://ecifre.ro/indicatori/curs-eur-ron,2026-09-01
Curs EUR/RON,2017-03-08,4.5512,RON,RO,BNR,https://www.bnr.ro,https://ecifre.ro/indicatori/curs-eur-ron,2026-09-01
Curs EUR/RON,2017-03-09,4.5456,RON,RO,BNR,https://www.bnr.ro,https://ecifre.ro/indicatori/curs-eur-ron,2026-09-01
Curs EUR/RON,2017-03-10,4.5505,RON,RO,BNR,https://www.bnr.ro,https://ecifre.ro/indicatori/curs-eur-ron,2026-09-01
Curs EUR/RON,2017-03-13,4.5538,RON,RO,BNR,https://www.bnr.ro,https://ecifre.ro/indicatori/curs-eur-ron,2026-09-01
Curs EUR/RON,2017-03-14,4.5515,RON,RO,BNR,https://www.bnr.ro,https://ecifre.ro/indicatori/curs-eur-ron,2026-09-01
Curs EUR/RON,2017-03-15,4.5429,RON,RO,BNR,https://www.bnr.ro,https://ecifre.ro/indicatori/curs-eur-ron,2026-09-01
Curs EUR/RON,2017-03-16,4.5509,RON,RO,BNR,https://www.bnr.ro,https://ecifre.ro/indicatori/curs-eur-ron,2026-09-01
Curs EUR/RON,2017-03-17,4.5654,RON,RO,BNR,https://www.bnr.ro,https://ecifre.ro/indicatori/curs-eur-ron,2026-09-01
Curs EUR/RON,2017-03-20,4.5627,RON,RO,BNR,https://www.bnr.ro,https://ecifre.ro/indicatori/curs-eur-ron,2026-09-01
Curs EUR/RON,2017-03-21,4.5634,RON,RO,BNR,https://www.bnr.ro,https://ecifre.ro/indicatori/curs-eur-ron,2026-09-01
Curs EUR/RON,2017-03-22,4.5631,RON,RO,BNR,https://www.bnr.ro,https://ecifre.ro/indicatori/curs-eur-ron,2026-09-01
Curs EUR/RON,2017-03-23,4.5555,RON,RO,BNR,https://www.bnr.ro,https://ecifre.ro/indicatori/curs-eur-ron,2026-09-01
Curs EUR/RON,2017-03-24,4.5552,RON,RO,BNR,https://www.bnr.ro,https://ecifre.ro/indicatori/curs-eur-ron,2026-09-01
Curs EUR/RON,2017-03-27,4.5500,RON,RO,BNR,https://www.bnr.ro,https://ecifre.ro/indicatori/curs-eur-ron,2026-09-01
Curs EUR/RON,2017-03-28,4.5514,RON,RO,BNR,https://www.bnr.ro,https://ecifre.ro/indicatori/curs-eur-ron,2026-09-01
Curs EUR/RON,2017-03-29,4.5575,RON,RO,BNR,https://www.bnr.ro,https://ecifre.ro/indicatori/curs-eur-ron,2026-09-01
Curs EUR/RON,2017-03-30,4.5446,RON,RO,BNR,https://www.bnr.ro,https://ecifre.ro/indicatori/curs-eur-ron,2026-09-01
Curs EUR/RON,2017-03-31,4.5511,RON,RO,BNR,https://www.bnr.ro,https://ecifre.ro/indicatori/curs-eur-ron,2026-09-01
Curs EUR/RON,2017-04-03,4.5501,RON,RO,BNR,https://www.bnr.ro,https://ecifre.ro/indicatori/curs-eur-ron,2026-09-01
Curs EUR/RON,2017-04-04,4.5452,RON,RO,BNR,https://www.bnr.ro,https://ecifre.ro/indicatori/curs-eur-ron,2026-09-01
Curs EUR/RON,2017-04-05,4.5416,RON,RO,BNR,https://www.bnr.ro,https://ecifre.ro/indicatori/curs-eur-ron,2026-09-01
Curs EUR/RON,2017-04-06,4.5262,RON,RO,BNR,https://www.bnr.ro,https://ecifre.ro/indicatori/curs-eur-ron,2026-09-01
Curs EUR/RON,2017-04-07,4.5241,RON,RO,BNR,https://www.bnr.ro,https://ecifre.ro/indicatori/curs-eur-ron,2026-09-01
Curs EUR/RON,2017-04-10,4.5152,RON,RO,BNR,https://www.bnr.ro,https://ecifre.ro/indicatori/curs-eur-ron,2026-09-01
Curs EUR/RON,2017-04-11,4.5133,RON,RO,BNR,https://www.bnr.ro,https://ecifre.ro/indicatori/curs-eur-ron,2026-09-01
Curs EUR/RON,2017-04-12,4.5219,RON,RO,BNR,https://www.bnr.ro,https://ecifre.ro/indicatori/curs-eur-ron,2026-09-01
Curs EUR/RON,2017-04-13,4.5182,RON,RO,BNR,https://www.bnr.ro,https://ecifre.ro/indicatori/curs-eur-ron,2026-09-01
Curs EUR/RON,2017-04-14,4.5231,RON,RO,BNR,https://www.bnr.ro,https://ecifre.ro/indicatori/curs-eur-ron,2026-09-01
Curs EUR/RON,2017-04-18,4.5188,RON,RO,BNR,https://www.bnr.ro,https://ecifre.ro/indicatori/curs-eur-ron,2026-09-01
Curs EUR/RON,2017-04-19,4.5286,RON,RO,BNR,https://www.bnr.ro,https://ecifre.ro/indicatori/curs-eur-ron,2026-09-01
Curs EUR/RON,2017-04-20,4.5407,RON,RO,BNR,https://www.bnr.ro,https://ecifre.ro/indicatori/curs-eur-ron,2026-09-01
Curs EUR/RON,2017-04-21,4.5441,RON,RO,BNR,https://www.bnr.ro,https://ecifre.ro/indicatori/curs-eur-ron,2026-09-01
Curs EUR/RON,2017-04-24,4.5340,RON,RO,BNR,https://www.bnr.ro,https://ecifre.ro/indicatori/curs-eur-ron,2026-09-01
Curs EUR/RON,2017-04-25,4.5250,RON,RO,BNR,https://www.bnr.ro,https://ecifre.ro/indicatori/curs-eur-ron,2026-09-01
Curs EUR/RON,2017-04-26,4.5355,RON,RO,BNR,https://www.bnr.ro,https://ecifre.ro/indicatori/curs-eur-ron,2026-09-01
Curs EUR/RON,2017-04-27,4.5289,RON,RO,BNR,https://www.bnr.ro,https://ecifre.ro/indicatori/curs-eur-ron,2026-09-01
Curs EUR/RON,2017-04-28,4.5333,RON,RO,BNR,https://www.bnr.ro,https://ecifre.ro/indicatori/curs-eur-ron,2026-09-01
Curs EUR/RON,2017-05-02,4.5468,RON,RO,BNR,https://www.bnr.ro,https://ecifre.ro/indicatori/curs-eur-ron,2026-09-01
Curs EUR/RON,2017-05-03,4.5485,RON,RO,BNR,https://www.bnr.ro,https://ecifre.ro/indicatori/curs-eur-ron,2026-09-01
Curs EUR/RON,2017-05-04,4.5448,RON,RO,BNR,https://www.bnr.ro,https://ecifre.ro/indicatori/curs-eur-ron,2026-09-01
Curs EUR/RON,2017-05-05,4.5467,RON,RO,BNR,https://www.bnr.ro,https://ecifre.ro/indicatori/curs-eur-ron,2026-09-01
Curs EUR/RON,2017-05-08,4.5467,RON,RO,BNR,https://www.bnr.ro,https://ecifre.ro/indicatori/curs-eur-ron,2026-09-01
Curs EUR/RON,2017-05-09,4.5507,RON,RO,BNR,https://www.bnr.ro,https://ecifre.ro/indicatori/curs-eur-ron,2026-09-01
Curs EUR/RON,2017-05-10,4.5481,RON,RO,BNR,https://www.bnr.ro,https://ecifre.ro/indicatori/curs-eur-ron,2026-09-01
Curs EUR/RON,2017-05-11,4.5505,RON,RO,BNR,https://www.bnr.ro,https://ecifre.ro/indicatori/curs-eur-ron,2026-09-01
Curs EUR/RON,2017-05-12,4.5443,RON,RO,BNR,https://www.bnr.ro,https://ecifre.ro/indicatori/curs-eur-ron,2026-09-01
Curs EUR/RON,2017-05-15,4.5499,RON,RO,BNR,https://www.bnr.ro,https://ecifre.ro/indicatori/curs-eur-ron,2026-09-01
Curs EUR/RON,2017-05-16,4.5476,RON,RO,BNR,https://www.bnr.ro,https://ecifre.ro/indicatori/curs-eur-ron,2026-09-01
Curs EUR/RON,2017-05-17,4.5539,RON,RO,BNR,https://www.bnr.ro,https://ecifre.ro/indicatori/curs-eur-ron,2026-09-01
Curs EUR/RON,2017-05-18,4.5729,RON,RO,BNR,https://www.bnr.ro,https://ecifre.ro/indicatori/curs-eur-ron,2026-09-01
Curs EUR/RON,2017-05-19,4.5616,RON,RO,BNR,https://www.bnr.ro,https://ecifre.ro/indicatori/curs-eur-ron,2026-09-01
Curs EUR/RON,2017-05-22,4.5600,RON,RO,BNR,https://www.bnr.ro,https://ecifre.ro/indicatori/curs-eur-ron,2026-09-01
Curs EUR/RON,2017-05-23,4.5583,RON,RO,BNR,https://www.bnr.ro,https://ecifre.ro/indicatori/curs-eur-ron,2026-09-01
Curs EUR/RON,2017-05-24,4.5512,RON,RO,BNR,https://www.bnr.ro,https://ecifre.ro/indicatori/curs-eur-ron,2026-09-01
Curs EUR/RON,2017-05-25,4.5496,RON,RO,BNR,https://www.bnr.ro,https://ecifre.ro/indicatori/curs-eur-ron,2026-09-01
Curs EUR/RON,2017-05-26,4.5573,RON,RO,BNR,https://www.bnr.ro,https://ecifre.ro/indicatori/curs-eur-ron,2026-09-01
Curs EUR/RON,2017-05-29,4.5637,RON,RO,BNR,https://www.bnr.ro,https://ecifre.ro/indicatori/curs-eur-ron,2026-09-01
Curs EUR/RON,2017-05-30,4.5636,RON,RO,BNR,https://www.bnr.ro,https://ecifre.ro/indicatori/curs-eur-ron,2026-09-01
Curs EUR/RON,2017-05-31,4.5702,RON,RO,BNR,https://www.bnr.ro,https://ecifre.ro/indicatori/curs-eur-ron,2026-09-01
Curs EUR/RON,2017-06-02,4.5659,RON,RO,BNR,https://www.bnr.ro,https://ecifre.ro/indicatori/curs-eur-ron,2026-09-01
Curs EUR/RON,2017-06-06,4.5655,RON,RO,BNR,https://www.bnr.ro,https://ecifre.ro/indicatori/curs-eur-ron,2026-09-01
Curs EUR/RON,2017-06-07,4.5675,RON,RO,BNR,https://www.bnr.ro,https://ecifre.ro/indicatori/curs-eur-ron,2026-09-01
Curs EUR/RON,2017-06-08,4.5698,RON,RO,BNR,https://www.bnr.ro,https://ecifre.ro/indicatori/curs-eur-ron,2026-09-01
Curs EUR/RON,2017-06-09,4.5611,RON,RO,BNR,https://www.bnr.ro,https://ecifre.ro/indicatori/curs-eur-ron,2026-09-01
Curs EUR/RON,2017-06-12,4.5614,RON,RO,BNR,https://www.bnr.ro,https://ecifre.ro/indicatori/curs-eur-ron,2026-09-01
Curs EUR/RON,2017-06-13,4.5661,RON,RO,BNR,https://www.bnr.ro,https://ecifre.ro/indicatori/curs-eur-ron,2026-09-01
Curs EUR/RON,2017-06-14,4.5667,RON,RO,BNR,https://www.bnr.ro,https://ecifre.ro/indicatori/curs-eur-ron,2026-09-01
Curs EUR/RON,2017-06-15,4.5872,RON,RO,BNR,https://www.bnr.ro,https://ecifre.ro/indicatori/curs-eur-ron,2026-09-01
Curs EUR/RON,2017-06-16,4.5812,RON,RO,BNR,https://www.bnr.ro,https://ecifre.ro/indicatori/curs-eur-ron,2026-09-01
Curs EUR/RON,2017-06-19,4.5859,RON,RO,BNR,https://www.bnr.ro,https://ecifre.ro/indicatori/curs-eur-ron,2026-09-01
Curs EUR/RON,2017-06-20,4.5957,RON,RO,BNR,https://www.bnr.ro,https://ecifre.ro/indicatori/curs-eur-ron,2026-09-01
Curs EUR/RON,2017-06-21,4.5987,RON,RO,BNR,https://www.bnr.ro,https://ecifre.ro/indicatori/curs-eur-ron,2026-09-01
Curs EUR/RON,2017-06-22,4.5915,RON,RO,BNR,https://www.bnr.ro,https://ecifre.ro/indicatori/curs-eur-ron,2026-09-01
Curs EUR/RON,2017-06-23,4.5673,RON,RO,BNR,https://www.bnr.ro,https://ecifre.ro/indicatori/curs-eur-ron,2026-09-01
Curs EUR/RON,2017-06-26,4.5733,RON,RO,BNR,https://www.bnr.ro,https://ecifre.ro/indicatori/curs-eur-ron,2026-09-01
Curs EUR/RON,2017-06-27,4.5630,RON,RO,BNR,https://www.bnr.ro,https://ecifre.ro/indicatori/curs-eur-ron,2026-09-01
Curs EUR/RON,2017-06-28,4.5563,RON,RO,BNR,https://www.bnr.ro,https://ecifre.ro/indicatori/curs-eur-ron,2026-09-01
Curs EUR/RON,2017-06-29,4.5503,RON,RO,BNR,https://www.bnr.ro,https://ecifre.ro/indicatori/curs-eur-ron,2026-09-01
Curs EUR/RON,2017-06-30,4.5539,RON,RO,BNR,https://www.bnr.ro,https://ecifre.ro/indicatori/curs-eur-ron,2026-09-01
Curs EUR/RON,2017-07-03,4.5560,RON,RO,BNR,https://www.bnr.ro,https://ecifre.ro/indicatori/curs-eur-ron,2026-09-01
Curs EUR/RON,2017-07-04,4.5788,RON,RO,BNR,https://www.bnr.ro,https://ecifre.ro/indicatori/curs-eur-ron,2026-09-01
Curs EUR/RON,2017-07-05,4.5868,RON,RO,BNR,https://www.bnr.ro,https://ecifre.ro/indicatori/curs-eur-ron,2026-09-01
Curs EUR/RON,2017-07-06,4.5869,RON,RO,BNR,https://www.bnr.ro,https://ecifre.ro/indicatori/curs-eur-ron,2026-09-01
Curs EUR/RON,2017-07-07,4.5870,RON,RO,BNR,https://www.bnr.ro,https://ecifre.ro/indicatori/curs-eur-ron,2026-09-01
Curs EUR/RON,2017-07-10,4.5684,RON,RO,BNR,https://www.bnr.ro,https://ecifre.ro/indicatori/curs-eur-ron,2026-09-01
Curs EUR/RON,2017-07-11,4.5680,RON,RO,BNR,https://www.bnr.ro,https://ecifre.ro/indicatori/curs-eur-ron,2026-09-01
Curs EUR/RON,2017-07-12,4.5718,RON,RO,BNR,https://www.bnr.ro,https://ecifre.ro/indicatori/curs-eur-ron,2026-09-01
Curs EUR/RON,2017-07-13,4.5625,RON,RO,BNR,https://www.bnr.ro,https://ecifre.ro/indicatori/curs-eur-ron,2026-09-01
Curs EUR/RON,2017-07-14,4.5645,RON,RO,BNR,https://www.bnr.ro,https://ecifre.ro/indicatori/curs-eur-ron,2026-09-01
Curs EUR/RON,2017-07-17,4.5619,RON,RO,BNR,https://www.bnr.ro,https://ecifre.ro/indicatori/curs-eur-ron,2026-09-01
Curs EUR/RON,2017-07-18,4.5595,RON,RO,BNR,https://www.bnr.ro,https://ecifre.ro/indicatori/curs-eur-ron,2026-09-01
Curs EUR/RON,2017-07-19,4.5680,RON,RO,BNR,https://www.bnr.ro,https://ecifre.ro/indicatori/curs-eur-ron,2026-09-01
Curs EUR/RON,2017-07-20,4.5654,RON,RO,BNR,https://www.bnr.ro,https://ecifre.ro/indicatori/curs-eur-ron,2026-09-01
Curs EUR/RON,2017-07-21,4.5737,RON,RO,BNR,https://www.bnr.ro,https://ecifre.ro/indicatori/curs-eur-ron,2026-09-01
Curs EUR/RON,2017-07-24,4.5656,RON,RO,BNR,https://www.bnr.ro,https://ecifre.ro/indicatori/curs-eur-ron,2026-09-01
Curs EUR/RON,2017-07-25,4.5617,RON,RO,BNR,https://www.bnr.ro,https://ecifre.ro/indicatori/curs-eur-ron,2026-09-01
Curs EUR/RON,2017-07-26,4.5628,RON,RO,BNR,https://www.bnr.ro,https://ecifre.ro/indicatori/curs-eur-ron,2026-09-01
Curs EUR/RON,2017-07-27,4.5656,RON,RO,BNR,https://www.bnr.ro,https://ecifre.ro/indicatori/curs-eur-ron,2026-09-01
Curs EUR/RON,2017-07-28,4.5558,RON,RO,BNR,https://www.bnr.ro,https://ecifre.ro/indicatori/curs-eur-ron,2026-09-01
Curs EUR/RON,2017-07-31,4.5598,RON,RO,BNR,https://www.bnr.ro,https://ecifre.ro/indicatori/curs-eur-ron,2026-09-01
Curs EUR/RON,2017-08-01,4.5577,RON,RO,BNR,https://www.bnr.ro,https://ecifre.ro/indicatori/curs-eur-ron,2026-09-01
Curs EUR/RON,2017-08-02,4.5586,RON,RO,BNR,https://www.bnr.ro,https://ecifre.ro/indicatori/curs-eur-ron,2026-09-01
Curs EUR/RON,2017-08-03,4.5632,RON,RO,BNR,https://www.bnr.ro,https://ecifre.ro/indicatori/curs-eur-ron,2026-09-01
Curs EUR/RON,2017-08-04,4.5634,RON,RO,BNR,https://www.bnr.ro,https://ecifre.ro/indicatori/curs-eur-ron,2026-09-01
Curs EUR/RON,2017-08-07,4.5657,RON,RO,BNR,https://www.bnr.ro,https://ecifre.ro/indicatori/curs-eur-ron,2026-09-01
Curs EUR/RON,2017-08-08,4.5635,RON,RO,BNR,https://www.bnr.ro,https://ecifre.ro/indicatori/curs-eur-ron,2026-09-01
Curs EUR/RON,2017-08-09,4.5687,RON,RO,BNR,https://www.bnr.ro,https://ecifre.ro/indicatori/curs-eur-ron,2026-09-01
Curs EUR/RON,2017-08-10,4.5750,RON,RO,BNR,https://www.bnr.ro,https://ecifre.ro/indicatori/curs-eur-ron,2026-09-01
Curs EUR/RON,2017-08-11,4.5780,RON,RO,BNR,https://www.bnr.ro,https://ecifre.ro/indicatori/curs-eur-ron,2026-09-01
Curs EUR/RON,2017-08-14,4.5710,RON,RO,BNR,https://www.bnr.ro,https://ecifre.ro/indicatori/curs-eur-ron,2026-09-01
Curs EUR/RON,2017-08-16,4.5737,RON,RO,BNR,https://www.bnr.ro,https://ecifre.ro/indicatori/curs-eur-ron,2026-09-01
Curs EUR/RON,2017-08-17,4.5816,RON,RO,BNR,https://www.bnr.ro,https://ecifre.ro/indicatori/curs-eur-ron,2026-09-01
Curs EUR/RON,2017-08-18,4.5883,RON,RO,BNR,https://www.bnr.ro,https://ecifre.ro/indicatori/curs-eur-ron,2026-09-01
Curs EUR/RON,2017-08-21,4.5881,RON,RO,BNR,https://www.bnr.ro,https://ecifre.ro/indicatori/curs-eur-ron,2026-09-01
Curs EUR/RON,2017-08-22,4.5867,RON,RO,BNR,https://www.bnr.ro,https://ecifre.ro/indicatori/curs-eur-ron,2026-09-01
Curs EUR/RON,2017-08-23,4.5873,RON,RO,BNR,https://www.bnr.ro,https://ecifre.ro/indicatori/curs-eur-ron,2026-09-01
Curs EUR/RON,2017-08-24,4.5886,RON,RO,BNR,https://www.bnr.ro,https://ecifre.ro/indicatori/curs-eur-ron,2026-09-01
Curs EUR/RON,2017-08-25,4.5869,RON,RO,BNR,https://www.bnr.ro,https://ecifre.ro/indicatori/curs-eur-ron,2026-09-01
Curs EUR/RON,2017-08-28,4.5958,RON,RO,BNR,https://www.bnr.ro,https://ecifre.ro/indicatori/curs-eur-ron,2026-09-01
Curs EUR/RON,2017-08-29,4.5985,RON,RO,BNR,https://www.bnr.ro,https://ecifre.ro/indicatori/curs-eur-ron,2026-09-01
Curs EUR/RON,2017-08-30,4.5943,RON,RO,BNR,https://www.bnr.ro,https://ecifre.ro/indicatori/curs-eur-ron,2026-09-01
Curs EUR/RON,2017-08-31,4.5906,RON,RO,BNR,https://www.bnr.ro,https://ecifre.ro/indicatori/curs-eur-ron,2026-09-01
Curs EUR/RON,2017-09-01,4.5945,RON,RO,BNR,https://www.bnr.ro,https://ecifre.ro/indicatori/curs-eur-ron,2026-09-01
Curs EUR/RON,2017-09-04,4.5949,RON,RO,BNR,https://www.bnr.ro,https://ecifre.ro/indicatori/curs-eur-ron,2026-09-01
Curs EUR/RON,2017-09-05,4.5959,RON,RO,BNR,https://www.bnr.ro,https://ecifre.ro/indicatori/curs-eur-ron,2026-09-01
Curs EUR/RON,2017-09-06,4.5985,RON,RO,BNR,https://www.bnr.ro,https://ecifre.ro/indicatori/curs-eur-ron,2026-09-01
Curs EUR/RON,2017-09-07,4.5980,RON,RO,BNR,https://www.bnr.ro,https://ecifre.ro/indicatori/curs-eur-ron,2026-09-01
Curs EUR/RON,2017-09-08,4.5983,RON,RO,BNR,https://www.bnr.ro,https://ecifre.ro/indicatori/curs-eur-ron,2026-09-01
Curs EUR/RON,2017-09-11,4.5978,RON,RO,BNR,https://www.bnr.ro,https://ecifre.ro/indicatori/curs-eur-ron,2026-09-01
Curs EUR/RON,2017-09-12,4.5983,RON,RO,BNR,https://www.bnr.ro,https://ecifre.ro/indicatori/curs-eur-ron,2026-09-01
Curs EUR/RON,2017-09-13,4.5986,RON,RO,BNR,https://www.bnr.ro,https://ecifre.ro/indicatori/curs-eur-ron,2026-09-01
Curs EUR/RON,2017-09-14,4.5984,RON,RO,BNR,https://www.bnr.ro,https://ecifre.ro/indicatori/curs-eur-ron,2026-09-01
Curs EUR/RON,2017-09-15,4.5980,RON,RO,BNR,https://www.bnr.ro,https://ecifre.ro/indicatori/curs-eur-ron,2026-09-01
Curs EUR/RON,2017-09-18,4.5982,RON,RO,BNR,https://www.bnr.ro,https://ecifre.ro/indicatori/curs-eur-ron,2026-09-01
Curs EUR/RON,2017-09-19,4.5990,RON,RO,BNR,https://www.bnr.ro,https://ecifre.ro/indicatori/curs-eur-ron,2026-09-01
Curs EUR/RON,2017-09-20,4.5989,RON,RO,BNR,https://www.bnr.ro,https://ecifre.ro/indicatori/curs-eur-ron,2026-09-01
Curs EUR/RON,2017-09-21,4.5987,RON,RO,BNR,https://www.bnr.ro,https://ecifre.ro/indicatori/curs-eur-ron,2026-09-01
Curs EUR/RON,2017-09-22,4.5950,RON,RO,BNR,https://www.bnr.ro,https://ecifre.ro/indicatori/curs-eur-ron,2026-09-01
Curs EUR/RON,2017-09-25,4.5965,RON,RO,BNR,https://www.bnr.ro,https://ecifre.ro/indicatori/curs-eur-ron,2026-09-01
Curs EUR/RON,2017-09-26,4.5990,RON,RO,BNR,https://www.bnr.ro,https://ecifre.ro/indicatori/curs-eur-ron,2026-09-01
Curs EUR/RON,2017-09-27,4.5991,RON,RO,BNR,https://www.bnr.ro,https://ecifre.ro/indicatori/curs-eur-ron,2026-09-01
Curs EUR/RON,2017-09-28,4.5990,RON,RO,BNR,https://www.bnr.ro,https://ecifre.ro/indicatori/curs-eur-ron,2026-09-01
Curs EUR/RON,2017-09-29,4.5991,RON,RO,BNR,https://www.bnr.ro,https://ecifre.ro/indicatori/curs-eur-ron,2026-09-01
Curs EUR/RON,2017-10-02,4.5871,RON,RO,BNR,https://www.bnr.ro,https://ecifre.ro/indicatori/curs-eur-ron,2026-09-01
Curs EUR/RON,2017-10-03,4.5860,RON,RO,BNR,https://www.bnr.ro,https://ecifre.ro/indicatori/curs-eur-ron,2026-09-01
Curs EUR/RON,2017-10-04,4.5772,RON,RO,BNR,https://www.bnr.ro,https://ecifre.ro/indicatori/curs-eur-ron,2026-09-01
Curs EUR/RON,2017-10-05,4.5782,RON,RO,BNR,https://www.bnr.ro,https://ecifre.ro/indicatori/curs-eur-ron,2026-09-01
Curs EUR/RON,2017-10-06,4.5775,RON,RO,BNR,https://www.bnr.ro,https://ecifre.ro/indicatori/curs-eur-ron,2026-09-01
Curs EUR/RON,2017-10-09,4.5780,RON,RO,BNR,https://www.bnr.ro,https://ecifre.ro/indicatori/curs-eur-ron,2026-09-01
Curs EUR/RON,2017-10-10,4.5729,RON,RO,BNR,https://www.bnr.ro,https://ecifre.ro/indicatori/curs-eur-ron,2026-09-01
Curs EUR/RON,2017-10-11,4.5854,RON,RO,BNR,https://www.bnr.ro,https://ecifre.ro/indicatori/curs-eur-ron,2026-09-01
Curs EUR/RON,2017-10-12,4.5915,RON,RO,BNR,https://www.bnr.ro,https://ecifre.ro/indicatori/curs-eur-ron,2026-09-01
Curs EUR/RON,2017-10-13,4.5889,RON,RO,BNR,https://www.bnr.ro,https://ecifre.ro/indicatori/curs-eur-ron,2026-09-01
Curs EUR/RON,2017-10-16,4.5854,RON,RO,BNR,https://www.bnr.ro,https://ecifre.ro/indicatori/curs-eur-ron,2026-09-01
Curs EUR/RON,2017-10-17,4.5802,RON,RO,BNR,https://www.bnr.ro,https://ecifre.ro/indicatori/curs-eur-ron,2026-09-01
Curs EUR/RON,2017-10-18,4.5841,RON,RO,BNR,https://www.bnr.ro,https://ecifre.ro/indicatori/curs-eur-ron,2026-09-01
Curs EUR/RON,2017-10-19,4.5921,RON,RO,BNR,https://www.bnr.ro,https://ecifre.ro/indicatori/curs-eur-ron,2026-09-01
Curs EUR/RON,2017-10-20,4.5975,RON,RO,BNR,https://www.bnr.ro,https://ecifre.ro/indicatori/curs-eur-ron,2026-09-01
Curs EUR/RON,2017-10-23,4.5988,RON,RO,BNR,https://www.bnr.ro,https://ecifre.ro/indicatori/curs-eur-ron,2026-09-01
Curs EUR/RON,2017-10-24,4.5978,RON,RO,BNR,https://www.bnr.ro,https://ecifre.ro/indicatori/curs-eur-ron,2026-09-01
Curs EUR/RON,2017-10-25,4.5976,RON,RO,BNR,https://www.bnr.ro,https://ecifre.ro/indicatori/curs-eur-ron,2026-09-01
Curs EUR/RON,2017-10-26,4.5975,RON,RO,BNR,https://www.bnr.ro,https://ecifre.ro/indicatori/curs-eur-ron,2026-09-01
Curs EUR/RON,2017-10-27,4.5980,RON,RO,BNR,https://www.bnr.ro,https://ecifre.ro/indicatori/curs-eur-ron,2026-09-01
Curs EUR/RON,2017-10-30,4.5974,RON,RO,BNR,https://www.bnr.ro,https://ecifre.ro/indicatori/curs-eur-ron,2026-09-01
Curs EUR/RON,2017-10-31,4.5985,RON,RO,BNR,https://www.bnr.ro,https://ecifre.ro/indicatori/curs-eur-ron,2026-09-01
Curs EUR/RON,2017-11-01,4.5984,RON,RO,BNR,https://www.bnr.ro,https://ecifre.ro/indicatori/curs-eur-ron,2026-09-01
Curs EUR/RON,2017-11-02,4.5981,RON,RO,BNR,https://www.bnr.ro,https://ecifre.ro/indicatori/curs-eur-ron,2026-09-01
Curs EUR/RON,2017-11-03,4.5942,RON,RO,BNR,https://www.bnr.ro,https://ecifre.ro/indicatori/curs-eur-ron,2026-09-01
Curs EUR/RON,2017-11-06,4.5920,RON,RO,BNR,https://www.bnr.ro,https://ecifre.ro/indicatori/curs-eur-ron,2026-09-01
Curs EUR/RON,2017-11-07,4.5968,RON,RO,BNR,https://www.bnr.ro,https://ecifre.ro/indicatori/curs-eur-ron,2026-09-01
Curs EUR/RON,2017-11-08,4.6198,RON,RO,BNR,https://www.bnr.ro,https://ecifre.ro/indicatori/curs-eur-ron,2026-09-01
Curs EUR/RON,2017-11-09,4.6279,RON,RO,BNR,https://www.bnr.ro,https://ecifre.ro/indicatori/curs-eur-ron,2026-09-01
Curs EUR/RON,2017-11-10,4.6390,RON,RO,BNR,https://www.bnr.ro,https://ecifre.ro/indicatori/curs-eur-ron,2026-09-01
Curs EUR/RON,2017-11-13,4.6495,RON,RO,BNR,https://www.bnr.ro,https://ecifre.ro/indicatori/curs-eur-ron,2026-09-01
Curs EUR/RON,2017-11-14,4.6482,RON,RO,BNR,https://www.bnr.ro,https://ecifre.ro/indicatori/curs-eur-ron,2026-09-01
Curs EUR/RON,2017-11-15,4.6306,RON,RO,BNR,https://www.bnr.ro,https://ecifre.ro/indicatori/curs-eur-ron,2026-09-01
Curs EUR/RON,2017-11-16,4.6387,RON,RO,BNR,https://www.bnr.ro,https://ecifre.ro/indicatori/curs-eur-ron,2026-09-01
Curs EUR/RON,2017-11-17,4.6400,RON,RO,BNR,https://www.bnr.ro,https://ecifre.ro/indicatori/curs-eur-ron,2026-09-01
Curs EUR/RON,2017-11-20,4.6469,RON,RO,BNR,https://www.bnr.ro,https://ecifre.ro/indicatori/curs-eur-ron,2026-09-01
Curs EUR/RON,2017-11-21,4.6551,RON,RO,BNR,https://www.bnr.ro,https://ecifre.ro/indicatori/curs-eur-ron,2026-09-01
Curs EUR/RON,2017-11-22,4.6497,RON,RO,BNR,https://www.bnr.ro,https://ecifre.ro/indicatori/curs-eur-ron,2026-09-01
Curs EUR/RON,2017-11-23,4.6546,RON,RO,BNR,https://www.bnr.ro,https://ecifre.ro/indicatori/curs-eur-ron,2026-09-01
Curs EUR/RON,2017-11-24,4.6536,RON,RO,BNR,https://www.bnr.ro,https://ecifre.ro/indicatori/curs-eur-ron,2026-09-01
Curs EUR/RON,2017-11-27,4.6431,RON,RO,BNR,https://www.bnr.ro,https://ecifre.ro/indicatori/curs-eur-ron,2026-09-01
Curs EUR/RON,2017-11-28,4.6416,RON,RO,BNR,https://www.bnr.ro,https://ecifre.ro/indicatori/curs-eur-ron,2026-09-01
Curs EUR/RON,2017-11-29,4.6422,RON,RO,BNR,https://www.bnr.ro,https://ecifre.ro/indicatori/curs-eur-ron,2026-09-01
Curs EUR/RON,2017-12-04,4.6334,RON,RO,BNR,https://www.bnr.ro,https://ecifre.ro/indicatori/curs-eur-ron,2026-09-01
Curs EUR/RON,2017-12-05,4.6344,RON,RO,BNR,https://www.bnr.ro,https://ecifre.ro/indicatori/curs-eur-ron,2026-09-01
Curs EUR/RON,2017-12-06,4.6321,RON,RO,BNR,https://www.bnr.ro,https://ecifre.ro/indicatori/curs-eur-ron,2026-09-01
Curs EUR/RON,2017-12-07,4.6327,RON,RO,BNR,https://www.bnr.ro,https://ecifre.ro/indicatori/curs-eur-ron,2026-09-01
Curs EUR/RON,2017-12-08,4.6315,RON,RO,BNR,https://www.bnr.ro,https://ecifre.ro/indicatori/curs-eur-ron,2026-09-01
Curs EUR/RON,2017-12-11,4.6332,RON,RO,BNR,https://www.bnr.ro,https://ecifre.ro/indicatori/curs-eur-ron,2026-09-01
Curs EUR/RON,2017-12-12,4.6362,RON,RO,BNR,https://www.bnr.ro,https://ecifre.ro/indicatori/curs-eur-ron,2026-09-01
Curs EUR/RON,2017-12-13,4.6327,RON,RO,BNR,https://www.bnr.ro,https://ecifre.ro/indicatori/curs-eur-ron,2026-09-01
Curs EUR/RON,2017-12-14,4.6332,RON,RO,BNR,https://www.bnr.ro,https://ecifre.ro/indicatori/curs-eur-ron,2026-09-01
Curs EUR/RON,2017-12-15,4.6346,RON,RO,BNR,https://www.bnr.ro,https://ecifre.ro/indicatori/curs-eur-ron,2026-09-01
Curs EUR/RON,2017-12-18,4.6260,RON,RO,BNR,https://www.bnr.ro,https://ecifre.ro/indicatori/curs-eur-ron,2026-09-01
Curs EUR/RON,2017-12-19,4.6210,RON,RO,BNR,https://www.bnr.ro,https://ecifre.ro/indicatori/curs-eur-ron,2026-09-01
Curs EUR/RON,2017-12-20,4.6276,RON,RO,BNR,https://www.bnr.ro,https://ecifre.ro/indicatori/curs-eur-ron,2026-09-01
Curs EUR/RON,2017-12-21,4.6363,RON,RO,BNR,https://www.bnr.ro,https://ecifre.ro/indicatori/curs-eur-ron,2026-09-01
Curs EUR/RON,2017-12-22,4.6401,RON,RO,BNR,https://www.bnr.ro,https://ecifre.ro/indicatori/curs-eur-ron,2026-09-01
Curs EUR/RON,2017-12-27,4.6515,RON,RO,BNR,https://www.bnr.ro,https://ecifre.ro/indicatori/curs-eur-ron,2026-09-01
Curs EUR/RON,2017-12-28,4.6507,RON,RO,BNR,https://www.bnr.ro,https://ecifre.ro/indicatori/curs-eur-ron,2026-09-01
Curs EUR/RON,2017-12-29,4.6597,RON,RO,BNR,https://www.bnr.ro,https://ecifre.ro/indicatori/curs-eur-ron,2026-09-01
Curs EUR/RON,2018-01-03,4.6412,RON,RO,BNR,https://www.bnr.ro,https://ecifre.ro/indicatori/curs-eur-ron,2026-09-01
Curs EUR/RON,2018-01-04,4.6304,RON,RO,BNR,https://www.bnr.ro,https://ecifre.ro/indicatori/curs-eur-ron,2026-09-01
Curs EUR/RON,2018-01-05,4.6365,RON,RO,BNR,https://www.bnr.ro,https://ecifre.ro/indicatori/curs-eur-ron,2026-09-01
Curs EUR/RON,2018-01-08,4.6348,RON,RO,BNR,https://www.bnr.ro,https://ecifre.ro/indicatori/curs-eur-ron,2026-09-01
Curs EUR/RON,2018-01-09,4.6571,RON,RO,BNR,https://www.bnr.ro,https://ecifre.ro/indicatori/curs-eur-ron,2026-09-01
Curs EUR/RON,2018-01-10,4.6434,RON,RO,BNR,https://www.bnr.ro,https://ecifre.ro/indicatori/curs-eur-ron,2026-09-01
Curs EUR/RON,2018-01-11,4.6374,RON,RO,BNR,https://www.bnr.ro,https://ecifre.ro/indicatori/curs-eur-ron,2026-09-01
Curs EUR/RON,2018-01-12,4.6377,RON,RO,BNR,https://www.bnr.ro,https://ecifre.ro/indicatori/curs-eur-ron,2026-09-01
Curs EUR/RON,2018-01-15,4.6256,RON,RO,BNR,https://www.bnr.ro,https://ecifre.ro/indicatori/curs-eur-ron,2026-09-01
Curs EUR/RON,2018-01-16,4.6599,RON,RO,BNR,https://www.bnr.ro,https://ecifre.ro/indicatori/curs-eur-ron,2026-09-01
Curs EUR/RON,2018-01-17,4.6573,RON,RO,BNR,https://www.bnr.ro,https://ecifre.ro/indicatori/curs-eur-ron,2026-09-01
Curs EUR/RON,2018-01-18,4.6514,RON,RO,BNR,https://www.bnr.ro,https://ecifre.ro/indicatori/curs-eur-ron,2026-09-01
Curs EUR/RON,2018-01-19,4.6614,RON,RO,BNR,https://www.bnr.ro,https://ecifre.ro/indicatori/curs-eur-ron,2026-09-01
Curs EUR/RON,2018-01-22,4.6656,RON,RO,BNR,https://www.bnr.ro,https://ecifre.ro/indicatori/curs-eur-ron,2026-09-01
Curs EUR/RON,2018-01-23,4.6679,RON,RO,BNR,https://www.bnr.ro,https://ecifre.ro/indicatori/curs-eur-ron,2026-09-01
Curs EUR/RON,2018-01-25,4.6665,RON,RO,BNR,https://www.bnr.ro,https://ecifre.ro/indicatori/curs-eur-ron,2026-09-01
Curs EUR/RON,2018-01-26,4.6658,RON,RO,BNR,https://www.bnr.ro,https://ecifre.ro/indicatori/curs-eur-ron,2026-09-01
Curs EUR/RON,2018-01-29,4.6540,RON,RO,BNR,https://www.bnr.ro,https://ecifre.ro/indicatori/curs-eur-ron,2026-09-01
Curs EUR/RON,2018-01-30,4.6474,RON,RO,BNR,https://www.bnr.ro,https://ecifre.ro/indicatori/curs-eur-ron,2026-09-01
Curs EUR/RON,2018-01-31,4.6582,RON,RO,BNR,https://www.bnr.ro,https://ecifre.ro/indicatori/curs-eur-ron,2026-09-01
Curs EUR/RON,2018-02-01,4.6551,RON,RO,BNR,https://www.bnr.ro,https://ecifre.ro/indicatori/curs-eur-ron,2026-09-01
Curs EUR/RON,2018-02-02,4.6526,RON,RO,BNR,https://www.bnr.ro,https://ecifre.ro/indicatori/curs-eur-ron,2026-09-01
Curs EUR/RON,2018-02-05,4.6347,RON,RO,BNR,https://www.bnr.ro,https://ecifre.ro/indicatori/curs-eur-ron,2026-09-01
Curs EUR/RON,2018-02-06,4.6423,RON,RO,BNR,https://www.bnr.ro,https://ecifre.ro/indicatori/curs-eur-ron,2026-09-01
Curs EUR/RON,2018-02-07,4.6538,RON,RO,BNR,https://www.bnr.ro,https://ecifre.ro/indicatori/curs-eur-ron,2026-09-01
Curs EUR/RON,2018-02-08,4.6533,RON,RO,BNR,https://www.bnr.ro,https://ecifre.ro/indicatori/curs-eur-ron,2026-09-01
Curs EUR/RON,2018-02-09,4.6561,RON,RO,BNR,https://www.bnr.ro,https://ecifre.ro/indicatori/curs-eur-ron,2026-09-01
Curs EUR/RON,2018-02-12,4.6534,RON,RO,BNR,https://www.bnr.ro,https://ecifre.ro/indicatori/curs-eur-ron,2026-09-01
Curs EUR/RON,2018-02-13,4.6572,RON,RO,BNR,https://www.bnr.ro,https://ecifre.ro/indicatori/curs-eur-ron,2026-09-01
Curs EUR/RON,2018-02-14,4.6588,RON,RO,BNR,https://www.bnr.ro,https://ecifre.ro/indicatori/curs-eur-ron,2026-09-01
Curs EUR/RON,2018-02-15,4.6598,RON,RO,BNR,https://www.bnr.ro,https://ecifre.ro/indicatori/curs-eur-ron,2026-09-01
Curs EUR/RON,2018-02-16,4.6595,RON,RO,BNR,https://www.bnr.ro,https://ecifre.ro/indicatori/curs-eur-ron,2026-09-01
Curs EUR/RON,2018-02-19,4.6609,RON,RO,BNR,https://www.bnr.ro,https://ecifre.ro/indicatori/curs-eur-ron,2026-09-01
Curs EUR/RON,2018-02-20,4.6623,RON,RO,BNR,https://www.bnr.ro,https://ecifre.ro/indicatori/curs-eur-ron,2026-09-01
Curs EUR/RON,2018-02-21,4.6606,RON,RO,BNR,https://www.bnr.ro,https://ecifre.ro/indicatori/curs-eur-ron,2026-09-01
Curs EUR/RON,2018-02-22,4.6539,RON,RO,BNR,https://www.bnr.ro,https://ecifre.ro/indicatori/curs-eur-ron,2026-09-01
Curs EUR/RON,2018-02-23,4.6552,RON,RO,BNR,https://www.bnr.ro,https://ecifre.ro/indicatori/curs-eur-ron,2026-09-01
Curs EUR/RON,2018-02-26,4.6613,RON,RO,BNR,https://www.bnr.ro,https://ecifre.ro/indicatori/curs-eur-ron,2026-09-01
Curs EUR/RON,2018-02-27,4.6564,RON,RO,BNR,https://www.bnr.ro,https://ecifre.ro/indicatori/curs-eur-ron,2026-09-01
Curs EUR/RON,2018-02-28,4.6625,RON,RO,BNR,https://www.bnr.ro,https://ecifre.ro/indicatori/curs-eur-ron,2026-09-01
Curs EUR/RON,2018-03-01,4.6581,RON,RO,BNR,https://www.bnr.ro,https://ecifre.ro/indicatori/curs-eur-ron,2026-09-01
Curs EUR/RON,2018-03-02,4.6590,RON,RO,BNR,https://www.bnr.ro,https://ecifre.ro/indicatori/curs-eur-ron,2026-09-01
Curs EUR/RON,2018-03-05,4.6598,RON,RO,BNR,https://www.bnr.ro,https://ecifre.ro/indicatori/curs-eur-ron,2026-09-01
Curs EUR/RON,2018-03-06,4.6596,RON,RO,BNR,https://www.bnr.ro,https://ecifre.ro/indicatori/curs-eur-ron,2026-09-01
Curs EUR/RON,2018-03-07,4.6597,RON,RO,BNR,https://www.bnr.ro,https://ecifre.ro/indicatori/curs-eur-ron,2026-09-01
Curs EUR/RON,2018-03-08,4.6592,RON,RO,BNR,https://www.bnr.ro,https://ecifre.ro/indicatori/curs-eur-ron,2026-09-01
Curs EUR/RON,2018-03-09,4.6570,RON,RO,BNR,https://www.bnr.ro,https://ecifre.ro/indicatori/curs-eur-ron,2026-09-01
Curs EUR/RON,2018-03-12,4.6616,RON,RO,BNR,https://www.bnr.ro,https://ecifre.ro/indicatori/curs-eur-ron,2026-09-01
Curs EUR/RON,2018-03-13,4.6607,RON,RO,BNR,https://www.bnr.ro,https://ecifre.ro/indicatori/curs-eur-ron,2026-09-01
Curs EUR/RON,2018-03-14,4.6622,RON,RO,BNR,https://www.bnr.ro,https://ecifre.ro/indicatori/curs-eur-ron,2026-09-01
Curs EUR/RON,2018-03-15,4.6620,RON,RO,BNR,https://www.bnr.ro,https://ecifre.ro/indicatori/curs-eur-ron,2026-09-01
Curs EUR/RON,2018-03-16,4.6646,RON,RO,BNR,https://www.bnr.ro,https://ecifre.ro/indicatori/curs-eur-ron,2026-09-01
Curs EUR/RON,2018-03-19,4.6650,RON,RO,BNR,https://www.bnr.ro,https://ecifre.ro/indicatori/curs-eur-ron,2026-09-01
Curs EUR/RON,2018-03-20,4.6655,RON,RO,BNR,https://www.bnr.ro,https://ecifre.ro/indicatori/curs-eur-ron,2026-09-01
Curs EUR/RON,2018-03-21,4.6651,RON,RO,BNR,https://www.bnr.ro,https://ecifre.ro/indicatori/curs-eur-ron,2026-09-01
Curs EUR/RON,2018-03-22,4.6659,RON,RO,BNR,https://www.bnr.ro,https://ecifre.ro/indicatori/curs-eur-ron,2026-09-01
Curs EUR/RON,2018-03-23,4.6651,RON,RO,BNR,https://www.bnr.ro,https://ecifre.ro/indicatori/curs-eur-ron,2026-09-01
Curs EUR/RON,2018-03-26,4.6594,RON,RO,BNR,https://www.bnr.ro,https://ecifre.ro/indicatori/curs-eur-ron,2026-09-01
Curs EUR/RON,2018-03-27,4.6502,RON,RO,BNR,https://www.bnr.ro,https://ecifre.ro/indicatori/curs-eur-ron,2026-09-01
Curs EUR/RON,2018-03-28,4.6557,RON,RO,BNR,https://www.bnr.ro,https://ecifre.ro/indicatori/curs-eur-ron,2026-09-01
Curs EUR/RON,2018-03-29,4.6569,RON,RO,BNR,https://www.bnr.ro,https://ecifre.ro/indicatori/curs-eur-ron,2026-09-01
Curs EUR/RON,2018-03-30,4.6576,RON,RO,BNR,https://www.bnr.ro,https://ecifre.ro/indicatori/curs-eur-ron,2026-09-01
Curs EUR/RON,2018-04-02,4.6548,RON,RO,BNR,https://www.bnr.ro,https://ecifre.ro/indicatori/curs-eur-ron,2026-09-01
Curs EUR/RON,2018-04-03,4.6585,RON,RO,BNR,https://www.bnr.ro,https://ecifre.ro/indicatori/curs-eur-ron,2026-09-01
Curs EUR/RON,2018-04-04,4.6598,RON,RO,BNR,https://www.bnr.ro,https://ecifre.ro/indicatori/curs-eur-ron,2026-09-01
Curs EUR/RON,2018-04-05,4.6615,RON,RO,BNR,https://www.bnr.ro,https://ecifre.ro/indicatori/curs-eur-ron,2026-09-01
Curs EUR/RON,2018-04-10,4.6605,RON,RO,BNR,https://www.bnr.ro,https://ecifre.ro/indicatori/curs-eur-ron,2026-09-01
Curs EUR/RON,2018-04-11,4.6600,RON,RO,BNR,https://www.bnr.ro,https://ecifre.ro/indicatori/curs-eur-ron,2026-09-01
Curs EUR/RON,2018-04-12,4.6617,RON,RO,BNR,https://www.bnr.ro,https://ecifre.ro/indicatori/curs-eur-ron,2026-09-01
Curs EUR/RON,2018-04-13,4.6611,RON,RO,BNR,https://www.bnr.ro,https://ecifre.ro/indicatori/curs-eur-ron,2026-09-01
Curs EUR/RON,2018-04-16,4.6507,RON,RO,BNR,https://www.bnr.ro,https://ecifre.ro/indicatori/curs-eur-ron,2026-09-01
Curs EUR/RON,2018-04-17,4.6485,RON,RO,BNR,https://www.bnr.ro,https://ecifre.ro/indicatori/curs-eur-ron,2026-09-01
Curs EUR/RON,2018-04-18,4.6530,RON,RO,BNR,https://www.bnr.ro,https://ecifre.ro/indicatori/curs-eur-ron,2026-09-01
Curs EUR/RON,2018-04-19,4.6579,RON,RO,BNR,https://www.bnr.ro,https://ecifre.ro/indicatori/curs-eur-ron,2026-09-01
Curs EUR/RON,2018-04-20,4.6606,RON,RO,BNR,https://www.bnr.ro,https://ecifre.ro/indicatori/curs-eur-ron,2026-09-01
Curs EUR/RON,2018-04-23,4.6563,RON,RO,BNR,https://www.bnr.ro,https://ecifre.ro/indicatori/curs-eur-ron,2026-09-01
Curs EUR/RON,2018-04-24,4.6516,RON,RO,BNR,https://www.bnr.ro,https://ecifre.ro/indicatori/curs-eur-ron,2026-09-01
Curs EUR/RON,2018-04-25,4.6474,RON,RO,BNR,https://www.bnr.ro,https://ecifre.ro/indicatori/curs-eur-ron,2026-09-01
Curs EUR/RON,2018-04-26,4.6490,RON,RO,BNR,https://www.bnr.ro,https://ecifre.ro/indicatori/curs-eur-ron,2026-09-01
Curs EUR/RON,2018-04-27,4.6618,RON,RO,BNR,https://www.bnr.ro,https://ecifre.ro/indicatori/curs-eur-ron,2026-09-01
Curs EUR/RON,2018-04-30,4.6589,RON,RO,BNR,https://www.bnr.ro,https://ecifre.ro/indicatori/curs-eur-ron,2026-09-01
Curs EUR/RON,2018-05-02,4.6630,RON,RO,BNR,https://www.bnr.ro,https://ecifre.ro/indicatori/curs-eur-ron,2026-09-01
Curs EUR/RON,2018-05-03,4.6618,RON,RO,BNR,https://www.bnr.ro,https://ecifre.ro/indicatori/curs-eur-ron,2026-09-01
Curs EUR/RON,2018-05-04,4.6569,RON,RO,BNR,https://www.bnr.ro,https://ecifre.ro/indicatori/curs-eur-ron,2026-09-01
Curs EUR/RON,2018-05-07,4.6542,RON,RO,BNR,https://www.bnr.ro,https://ecifre.ro/indicatori/curs-eur-ron,2026-09-01
Curs EUR/RON,2018-05-08,4.6496,RON,RO,BNR,https://www.bnr.ro,https://ecifre.ro/indicatori/curs-eur-ron,2026-09-01
Curs EUR/RON,2018-05-09,4.6454,RON,RO,BNR,https://www.bnr.ro,https://ecifre.ro/indicatori/curs-eur-ron,2026-09-01
Curs EUR/RON,2018-05-10,4.6397,RON,RO,BNR,https://www.bnr.ro,https://ecifre.ro/indicatori/curs-eur-ron,2026-09-01
Curs EUR/RON,2018-05-11,4.6348,RON,RO,BNR,https://www.bnr.ro,https://ecifre.ro/indicatori/curs-eur-ron,2026-09-01
Curs EUR/RON,2018-05-14,4.6289,RON,RO,BNR,https://www.bnr.ro,https://ecifre.ro/indicatori/curs-eur-ron,2026-09-01
Curs EUR/RON,2018-05-15,4.6283,RON,RO,BNR,https://www.bnr.ro,https://ecifre.ro/indicatori/curs-eur-ron,2026-09-01
Curs EUR/RON,2018-05-16,4.6338,RON,RO,BNR,https://www.bnr.ro,https://ecifre.ro/indicatori/curs-eur-ron,2026-09-01
Curs EUR/RON,2018-05-17,4.6296,RON,RO,BNR,https://www.bnr.ro,https://ecifre.ro/indicatori/curs-eur-ron,2026-09-01
Curs EUR/RON,2018-05-18,4.6303,RON,RO,BNR,https://www.bnr.ro,https://ecifre.ro/indicatori/curs-eur-ron,2026-09-01
Curs EUR/RON,2018-05-21,4.6228,RON,RO,BNR,https://www.bnr.ro,https://ecifre.ro/indicatori/curs-eur-ron,2026-09-01
Curs EUR/RON,2018-05-22,4.6225,RON,RO,BNR,https://www.bnr.ro,https://ecifre.ro/indicatori/curs-eur-ron,2026-09-01
Curs EUR/RON,2018-05-23,4.6292,RON,RO,BNR,https://www.bnr.ro,https://ecifre.ro/indicatori/curs-eur-ron,2026-09-01
Curs EUR/RON,2018-05-24,4.6243,RON,RO,BNR,https://www.bnr.ro,https://ecifre.ro/indicatori/curs-eur-ron,2026-09-01
Curs EUR/RON,2018-05-25,4.6288,RON,RO,BNR,https://www.bnr.ro,https://ecifre.ro/indicatori/curs-eur-ron,2026-09-01
Curs EUR/RON,2018-05-29,4.6397,RON,RO,BNR,https://www.bnr.ro,https://ecifre.ro/indicatori/curs-eur-ron,2026-09-01
Curs EUR/RON,2018-05-30,4.6399,RON,RO,BNR,https://www.bnr.ro,https://ecifre.ro/indicatori/curs-eur-ron,2026-09-01
Curs EUR/RON,2018-05-31,4.6485,RON,RO,BNR,https://www.bnr.ro,https://ecifre.ro/indicatori/curs-eur-ron,2026-09-01
Curs EUR/RON,2018-06-04,4.6566,RON,RO,BNR,https://www.bnr.ro,https://ecifre.ro/indicatori/curs-eur-ron,2026-09-01
Curs EUR/RON,2018-06-05,4.6531,RON,RO,BNR,https://www.bnr.ro,https://ecifre.ro/indicatori/curs-eur-ron,2026-09-01
Curs EUR/RON,2018-06-06,4.6513,RON,RO,BNR,https://www.bnr.ro,https://ecifre.ro/indicatori/curs-eur-ron,2026-09-01
Curs EUR/RON,2018-06-07,4.6564,RON,RO,BNR,https://www.bnr.ro,https://ecifre.ro/indicatori/curs-eur-ron,2026-09-01
Curs EUR/RON,2018-06-08,4.6582,RON,RO,BNR,https://www.bnr.ro,https://ecifre.ro/indicatori/curs-eur-ron,2026-09-01
Curs EUR/RON,2018-06-11,4.6586,RON,RO,BNR,https://www.bnr.ro,https://ecifre.ro/indicatori/curs-eur-ron,2026-09-01
Curs EUR/RON,2018-06-12,4.6587,RON,RO,BNR,https://www.bnr.ro,https://ecifre.ro/indicatori/curs-eur-ron,2026-09-01
Curs EUR/RON,2018-06-13,4.6647,RON,RO,BNR,https://www.bnr.ro,https://ecifre.ro/indicatori/curs-eur-ron,2026-09-01
Curs EUR/RON,2018-06-14,4.6656,RON,RO,BNR,https://www.bnr.ro,https://ecifre.ro/indicatori/curs-eur-ron,2026-09-01
Curs EUR/RON,2018-06-15,4.6618,RON,RO,BNR,https://www.bnr.ro,https://ecifre.ro/indicatori/curs-eur-ron,2026-09-01
Curs EUR/RON,2018-06-18,4.6662,RON,RO,BNR,https://www.bnr.ro,https://ecifre.ro/indicatori/curs-eur-ron,2026-09-01
Curs EUR/RON,2018-06-19,4.6663,RON,RO,BNR,https://www.bnr.ro,https://ecifre.ro/indicatori/curs-eur-ron,2026-09-01
Curs EUR/RON,2018-06-20,4.6660,RON,RO,BNR,https://www.bnr.ro,https://ecifre.ro/indicatori/curs-eur-ron,2026-09-01
Curs EUR/RON,2018-06-21,4.6695,RON,RO,BNR,https://www.bnr.ro,https://ecifre.ro/indicatori/curs-eur-ron,2026-09-01
Curs EUR/RON,2018-06-22,4.6686,RON,RO,BNR,https://www.bnr.ro,https://ecifre.ro/indicatori/curs-eur-ron,2026-09-01
Curs EUR/RON,2018-06-25,4.6665,RON,RO,BNR,https://www.bnr.ro,https://ecifre.ro/indicatori/curs-eur-ron,2026-09-01
Curs EUR/RON,2018-06-26,4.6620,RON,RO,BNR,https://www.bnr.ro,https://ecifre.ro/indicatori/curs-eur-ron,2026-09-01
Curs EUR/RON,2018-06-27,4.6537,RON,RO,BNR,https://www.bnr.ro,https://ecifre.ro/indicatori/curs-eur-ron,2026-09-01
Curs EUR/RON,2018-06-28,4.6569,RON,RO,BNR,https://www.bnr.ro,https://ecifre.ro/indicatori/curs-eur-ron,2026-09-01
Curs EUR/RON,2018-06-29,4.6611,RON,RO,BNR,https://www.bnr.ro,https://ecifre.ro/indicatori/curs-eur-ron,2026-09-01
Curs EUR/RON,2018-07-02,4.6610,RON,RO,BNR,https://www.bnr.ro,https://ecifre.ro/indicatori/curs-eur-ron,2026-09-01
Curs EUR/RON,2018-07-03,4.6554,RON,RO,BNR,https://www.bnr.ro,https://ecifre.ro/indicatori/curs-eur-ron,2026-09-01
Curs EUR/RON,2018-07-04,4.6617,RON,RO,BNR,https://www.bnr.ro,https://ecifre.ro/indicatori/curs-eur-ron,2026-09-01
Curs EUR/RON,2018-07-05,4.6619,RON,RO,BNR,https://www.bnr.ro,https://ecifre.ro/indicatori/curs-eur-ron,2026-09-01
Curs EUR/RON,2018-07-06,4.6616,RON,RO,BNR,https://www.bnr.ro,https://ecifre.ro/indicatori/curs-eur-ron,2026-09-01
Curs EUR/RON,2018-07-09,4.6590,RON,RO,BNR,https://www.bnr.ro,https://ecifre.ro/indicatori/curs-eur-ron,2026-09-01
Curs EUR/RON,2018-07-10,4.6587,RON,RO,BNR,https://www.bnr.ro,https://ecifre.ro/indicatori/curs-eur-ron,2026-09-01
Curs EUR/RON,2018-07-11,4.6607,RON,RO,BNR,https://www.bnr.ro,https://ecifre.ro/indicatori/curs-eur-ron,2026-09-01
Curs EUR/RON,2018-07-12,4.6596,RON,RO,BNR,https://www.bnr.ro,https://ecifre.ro/indicatori/curs-eur-ron,2026-09-01
Curs EUR/RON,2018-07-13,4.6589,RON,RO,BNR,https://www.bnr.ro,https://ecifre.ro/indicatori/curs-eur-ron,2026-09-01
Curs EUR/RON,2018-07-16,4.6550,RON,RO,BNR,https://www.bnr.ro,https://ecifre.ro/indicatori/curs-eur-ron,2026-09-01
Curs EUR/RON,2018-07-17,4.6572,RON,RO,BNR,https://www.bnr.ro,https://ecifre.ro/indicatori/curs-eur-ron,2026-09-01
Curs EUR/RON,2018-07-18,4.6541,RON,RO,BNR,https://www.bnr.ro,https://ecifre.ro/indicatori/curs-eur-ron,2026-09-01
Curs EUR/RON,2018-07-19,4.6549,RON,RO,BNR,https://www.bnr.ro,https://ecifre.ro/indicatori/curs-eur-ron,2026-09-01
Curs EUR/RON,2018-07-20,4.6562,RON,RO,BNR,https://www.bnr.ro,https://ecifre.ro/indicatori/curs-eur-ron,2026-09-01
Curs EUR/RON,2018-07-23,4.6512,RON,RO,BNR,https://www.bnr.ro,https://ecifre.ro/indicatori/curs-eur-ron,2026-09-01
Curs EUR/RON,2018-07-24,4.6367,RON,RO,BNR,https://www.bnr.ro,https://ecifre.ro/indicatori/curs-eur-ron,2026-09-01
Curs EUR/RON,2018-07-25,4.6282,RON,RO,BNR,https://www.bnr.ro,https://ecifre.ro/indicatori/curs-eur-ron,2026-09-01
Curs EUR/RON,2018-07-26,4.6273,RON,RO,BNR,https://www.bnr.ro,https://ecifre.ro/indicatori/curs-eur-ron,2026-09-01
Curs EUR/RON,2018-07-27,4.6315,RON,RO,BNR,https://www.bnr.ro,https://ecifre.ro/indicatori/curs-eur-ron,2026-09-01
Curs EUR/RON,2018-07-30,4.6248,RON,RO,BNR,https://www.bnr.ro,https://ecifre.ro/indicatori/curs-eur-ron,2026-09-01
Curs EUR/RON,2018-07-31,4.6283,RON,RO,BNR,https://www.bnr.ro,https://ecifre.ro/indicatori/curs-eur-ron,2026-09-01
Curs EUR/RON,2018-08-01,4.6255,RON,RO,BNR,https://www.bnr.ro,https://ecifre.ro/indicatori/curs-eur-ron,2026-09-01
Curs EUR/RON,2018-08-02,4.6217,RON,RO,BNR,https://www.bnr.ro,https://ecifre.ro/indicatori/curs-eur-ron,2026-09-01
Curs EUR/RON,2018-08-03,4.6206,RON,RO,BNR,https://www.bnr.ro,https://ecifre.ro/indicatori/curs-eur-ron,2026-09-01
Curs EUR/RON,2018-08-06,4.6250,RON,RO,BNR,https://www.bnr.ro,https://ecifre.ro/indicatori/curs-eur-ron,2026-09-01
Curs EUR/RON,2018-08-07,4.6428,RON,RO,BNR,https://www.bnr.ro,https://ecifre.ro/indicatori/curs-eur-ron,2026-09-01
Curs EUR/RON,2018-08-08,4.6426,RON,RO,BNR,https://www.bnr.ro,https://ecifre.ro/indicatori/curs-eur-ron,2026-09-01
Curs EUR/RON,2018-08-09,4.6427,RON,RO,BNR,https://www.bnr.ro,https://ecifre.ro/indicatori/curs-eur-ron,2026-09-01
Curs EUR/RON,2018-08-10,4.6567,RON,RO,BNR,https://www.bnr.ro,https://ecifre.ro/indicatori/curs-eur-ron,2026-09-01
Curs EUR/RON,2018-08-13,4.6607,RON,RO,BNR,https://www.bnr.ro,https://ecifre.ro/indicatori/curs-eur-ron,2026-09-01
Curs EUR/RON,2018-08-14,4.6590,RON,RO,BNR,https://www.bnr.ro,https://ecifre.ro/indicatori/curs-eur-ron,2026-09-01
Curs EUR/RON,2018-08-16,4.6586,RON,RO,BNR,https://www.bnr.ro,https://ecifre.ro/indicatori/curs-eur-ron,2026-09-01
Curs EUR/RON,2018-08-17,4.6569,RON,RO,BNR,https://www.bnr.ro,https://ecifre.ro/indicatori/curs-eur-ron,2026-09-01
Curs EUR/RON,2018-08-20,4.6483,RON,RO,BNR,https://www.bnr.ro,https://ecifre.ro/indicatori/curs-eur-ron,2026-09-01
Curs EUR/RON,2018-08-21,4.6434,RON,RO,BNR,https://www.bnr.ro,https://ecifre.ro/indicatori/curs-eur-ron,2026-09-01
Curs EUR/RON,2018-08-22,4.6445,RON,RO,BNR,https://www.bnr.ro,https://ecifre.ro/indicatori/curs-eur-ron,2026-09-01
Curs EUR/RON,2018-08-23,4.6490,RON,RO,BNR,https://www.bnr.ro,https://ecifre.ro/indicatori/curs-eur-ron,2026-09-01
Curs EUR/RON,2018-08-24,4.6377,RON,RO,BNR,https://www.bnr.ro,https://ecifre.ro/indicatori/curs-eur-ron,2026-09-01
Curs EUR/RON,2018-08-27,4.6416,RON,RO,BNR,https://www.bnr.ro,https://ecifre.ro/indicatori/curs-eur-ron,2026-09-01
Curs EUR/RON,2018-08-28,4.6474,RON,RO,BNR,https://www.bnr.ro,https://ecifre.ro/indicatori/curs-eur-ron,2026-09-01
Curs EUR/RON,2018-08-29,4.6489,RON,RO,BNR,https://www.bnr.ro,https://ecifre.ro/indicatori/curs-eur-ron,2026-09-01
Curs EUR/RON,2018-08-30,4.6430,RON,RO,BNR,https://www.bnr.ro,https://ecifre.ro/indicatori/curs-eur-ron,2026-09-01
Curs EUR/RON,2018-08-31,4.6440,RON,RO,BNR,https://www.bnr.ro,https://ecifre.ro/indicatori/curs-eur-ron,2026-09-01
Curs EUR/RON,2018-09-03,4.6375,RON,RO,BNR,https://www.bnr.ro,https://ecifre.ro/indicatori/curs-eur-ron,2026-09-01
Curs EUR/RON,2018-09-04,4.6321,RON,RO,BNR,https://www.bnr.ro,https://ecifre.ro/indicatori/curs-eur-ron,2026-09-01
Curs EUR/RON,2018-09-05,4.6369,RON,RO,BNR,https://www.bnr.ro,https://ecifre.ro/indicatori/curs-eur-ron,2026-09-01
Curs EUR/RON,2018-09-06,4.6383,RON,RO,BNR,https://www.bnr.ro,https://ecifre.ro/indicatori/curs-eur-ron,2026-09-01
Curs EUR/RON,2018-09-07,4.6410,RON,RO,BNR,https://www.bnr.ro,https://ecifre.ro/indicatori/curs-eur-ron,2026-09-01
Curs EUR/RON,2018-09-10,4.6332,RON,RO,BNR,https://www.bnr.ro,https://ecifre.ro/indicatori/curs-eur-ron,2026-09-01
Curs EUR/RON,2018-09-11,4.6325,RON,RO,BNR,https://www.bnr.ro,https://ecifre.ro/indicatori/curs-eur-ron,2026-09-01
Curs EUR/RON,2018-09-12,4.6393,RON,RO,BNR,https://www.bnr.ro,https://ecifre.ro/indicatori/curs-eur-ron,2026-09-01
Curs EUR/RON,2018-09-13,4.6391,RON,RO,BNR,https://www.bnr.ro,https://ecifre.ro/indicatori/curs-eur-ron,2026-09-01
Curs EUR/RON,2018-09-14,4.6430,RON,RO,BNR,https://www.bnr.ro,https://ecifre.ro/indicatori/curs-eur-ron,2026-09-01
Curs EUR/RON,2018-09-17,4.6435,RON,RO,BNR,https://www.bnr.ro,https://ecifre.ro/indicatori/curs-eur-ron,2026-09-01
Curs EUR/RON,2018-09-18,4.6478,RON,RO,BNR,https://www.bnr.ro,https://ecifre.ro/indicatori/curs-eur-ron,2026-09-01
Curs EUR/RON,2018-09-19,4.6524,RON,RO,BNR,https://www.bnr.ro,https://ecifre.ro/indicatori/curs-eur-ron,2026-09-01
Curs EUR/RON,2018-09-20,4.6519,RON,RO,BNR,https://www.bnr.ro,https://ecifre.ro/indicatori/curs-eur-ron,2026-09-01
Curs EUR/RON,2018-09-21,4.6559,RON,RO,BNR,https://www.bnr.ro,https://ecifre.ro/indicatori/curs-eur-ron,2026-09-01
Curs EUR/RON,2018-09-24,4.6578,RON,RO,BNR,https://www.bnr.ro,https://ecifre.ro/indicatori/curs-eur-ron,2026-09-01
Curs EUR/RON,2018-09-25,4.6603,RON,RO,BNR,https://www.bnr.ro,https://ecifre.ro/indicatori/curs-eur-ron,2026-09-01
Curs EUR/RON,2018-09-26,4.6605,RON,RO,BNR,https://www.bnr.ro,https://ecifre.ro/indicatori/curs-eur-ron,2026-09-01
Curs EUR/RON,2018-09-27,4.6647,RON,RO,BNR,https://www.bnr.ro,https://ecifre.ro/indicatori/curs-eur-ron,2026-09-01
Curs EUR/RON,2018-09-28,4.6637,RON,RO,BNR,https://www.bnr.ro,https://ecifre.ro/indicatori/curs-eur-ron,2026-09-01
Curs EUR/RON,2018-10-01,4.6596,RON,RO,BNR,https://www.bnr.ro,https://ecifre.ro/indicatori/curs-eur-ron,2026-09-01
Curs EUR/RON,2018-10-02,4.6658,RON,RO,BNR,https://www.bnr.ro,https://ecifre.ro/indicatori/curs-eur-ron,2026-09-01
Curs EUR/RON,2018-10-03,4.6643,RON,RO,BNR,https://www.bnr.ro,https://ecifre.ro/indicatori/curs-eur-ron,2026-09-01
Curs EUR/RON,2018-10-04,4.6684,RON,RO,BNR,https://www.bnr.ro,https://ecifre.ro/indicatori/curs-eur-ron,2026-09-01
Curs EUR/RON,2018-10-05,4.6685,RON,RO,BNR,https://www.bnr.ro,https://ecifre.ro/indicatori/curs-eur-ron,2026-09-01
Curs EUR/RON,2018-10-08,4.6671,RON,RO,BNR,https://www.bnr.ro,https://ecifre.ro/indicatori/curs-eur-ron,2026-09-01
Curs EUR/RON,2018-10-09,4.6668,RON,RO,BNR,https://www.bnr.ro,https://ecifre.ro/indicatori/curs-eur-ron,2026-09-01
Curs EUR/RON,2018-10-10,4.6628,RON,RO,BNR,https://www.bnr.ro,https://ecifre.ro/indicatori/curs-eur-ron,2026-09-01
Curs EUR/RON,2018-10-11,4.6674,RON,RO,BNR,https://www.bnr.ro,https://ecifre.ro/indicatori/curs-eur-ron,2026-09-01
Curs EUR/RON,2018-10-12,4.6590,RON,RO,BNR,https://www.bnr.ro,https://ecifre.ro/indicatori/curs-eur-ron,2026-09-01
Curs EUR/RON,2018-10-15,4.6663,RON,RO,BNR,https://www.bnr.ro,https://ecifre.ro/indicatori/curs-eur-ron,2026-09-01
Curs EUR/RON,2018-10-16,4.6677,RON,RO,BNR,https://www.bnr.ro,https://ecifre.ro/indicatori/curs-eur-ron,2026-09-01
Curs EUR/RON,2018-10-17,4.6667,RON,RO,BNR,https://www.bnr.ro,https://ecifre.ro/indicatori/curs-eur-ron,2026-09-01
Curs EUR/RON,2018-10-18,4.6658,RON,RO,BNR,https://www.bnr.ro,https://ecifre.ro/indicatori/curs-eur-ron,2026-09-01
Curs EUR/RON,2018-10-19,4.6669,RON,RO,BNR,https://www.bnr.ro,https://ecifre.ro/indicatori/curs-eur-ron,2026-09-01
Curs EUR/RON,2018-10-22,4.6671,RON,RO,BNR,https://www.bnr.ro,https://ecifre.ro/indicatori/curs-eur-ron,2026-09-01
Curs EUR/RON,2018-10-23,4.6670,RON,RO,BNR,https://www.bnr.ro,https://ecifre.ro/indicatori/curs-eur-ron,2026-09-01
Curs EUR/RON,2018-10-24,4.6590,RON,RO,BNR,https://www.bnr.ro,https://ecifre.ro/indicatori/curs-eur-ron,2026-09-01
Curs EUR/RON,2018-10-25,4.6622,RON,RO,BNR,https://www.bnr.ro,https://ecifre.ro/indicatori/curs-eur-ron,2026-09-01
Curs EUR/RON,2018-10-26,4.6630,RON,RO,BNR,https://www.bnr.ro,https://ecifre.ro/indicatori/curs-eur-ron,2026-09-01
Curs EUR/RON,2018-10-29,4.6628,RON,RO,BNR,https://www.bnr.ro,https://ecifre.ro/indicatori/curs-eur-ron,2026-09-01
Curs EUR/RON,2018-10-30,4.6665,RON,RO,BNR,https://www.bnr.ro,https://ecifre.ro/indicatori/curs-eur-ron,2026-09-01
Curs EUR/RON,2018-10-31,4.6668,RON,RO,BNR,https://www.bnr.ro,https://ecifre.ro/indicatori/curs-eur-ron,2026-09-01
Curs EUR/RON,2018-11-01,4.6639,RON,RO,BNR,https://www.bnr.ro,https://ecifre.ro/indicatori/curs-eur-ron,2026-09-01
Curs EUR/RON,2018-11-02,4.6621,RON,RO,BNR,https://www.bnr.ro,https://ecifre.ro/indicatori/curs-eur-ron,2026-09-01
Curs EUR/RON,2018-11-05,4.6612,RON,RO,BNR,https://www.bnr.ro,https://ecifre.ro/indicatori/curs-eur-ron,2026-09-01
Curs EUR/RON,2018-11-06,4.6640,RON,RO,BNR,https://www.bnr.ro,https://ecifre.ro/indicatori/curs-eur-ron,2026-09-01
Curs EUR/RON,2018-11-07,4.6617,RON,RO,BNR,https://www.bnr.ro,https://ecifre.ro/indicatori/curs-eur-ron,2026-09-01
Curs EUR/RON,2018-11-08,4.6630,RON,RO,BNR,https://www.bnr.ro,https://ecifre.ro/indicatori/curs-eur-ron,2026-09-01
Curs EUR/RON,2018-11-09,4.6588,RON,RO,BNR,https://www.bnr.ro,https://ecifre.ro/indicatori/curs-eur-ron,2026-09-01
Curs EUR/RON,2018-11-12,4.6586,RON,RO,BNR,https://www.bnr.ro,https://ecifre.ro/indicatori/curs-eur-ron,2026-09-01
Curs EUR/RON,2018-11-13,4.6599,RON,RO,BNR,https://www.bnr.ro,https://ecifre.ro/indicatori/curs-eur-ron,2026-09-01
Curs EUR/RON,2018-11-14,4.6590,RON,RO,BNR,https://www.bnr.ro,https://ecifre.ro/indicatori/curs-eur-ron,2026-09-01
Curs EUR/RON,2018-11-15,4.6635,RON,RO,BNR,https://www.bnr.ro,https://ecifre.ro/indicatori/curs-eur-ron,2026-09-01
Curs EUR/RON,2018-11-16,4.6639,RON,RO,BNR,https://www.bnr.ro,https://ecifre.ro/indicatori/curs-eur-ron,2026-09-01
Curs EUR/RON,2018-11-19,4.6650,RON,RO,BNR,https://www.bnr.ro,https://ecifre.ro/indicatori/curs-eur-ron,2026-09-01
Curs EUR/RON,2018-11-20,4.6662,RON,RO,BNR,https://www.bnr.ro,https://ecifre.ro/indicatori/curs-eur-ron,2026-09-01
Curs EUR/RON,2018-11-21,4.6644,RON,RO,BNR,https://www.bnr.ro,https://ecifre.ro/indicatori/curs-eur-ron,2026-09-01
Curs EUR/RON,2018-11-22,4.6553,RON,RO,BNR,https://www.bnr.ro,https://ecifre.ro/indicatori/curs-eur-ron,2026-09-01
Curs EUR/RON,2018-11-23,4.6584,RON,RO,BNR,https://www.bnr.ro,https://ecifre.ro/indicatori/curs-eur-ron,2026-09-01
Curs EUR/RON,2018-11-26,4.6585,RON,RO,BNR,https://www.bnr.ro,https://ecifre.ro/indicatori/curs-eur-ron,2026-09-01
Curs EUR/RON,2018-11-27,4.6599,RON,RO,BNR,https://www.bnr.ro,https://ecifre.ro/indicatori/curs-eur-ron,2026-09-01
Curs EUR/RON,2018-11-28,4.6580,RON,RO,BNR,https://www.bnr.ro,https://ecifre.ro/indicatori/curs-eur-ron,2026-09-01
Curs EUR/RON,2018-11-29,4.6560,RON,RO,BNR,https://www.bnr.ro,https://ecifre.ro/indicatori/curs-eur-ron,2026-09-01
Curs EUR/RON,2018-12-03,4.6566,RON,RO,BNR,https://www.bnr.ro,https://ecifre.ro/indicatori/curs-eur-ron,2026-09-01
Curs EUR/RON,2018-12-04,4.6519,RON,RO,BNR,https://www.bnr.ro,https://ecifre.ro/indicatori/curs-eur-ron,2026-09-01
Curs EUR/RON,2018-12-05,4.6542,RON,RO,BNR,https://www.bnr.ro,https://ecifre.ro/indicatori/curs-eur-ron,2026-09-01
Curs EUR/RON,2018-12-06,4.6556,RON,RO,BNR,https://www.bnr.ro,https://ecifre.ro/indicatori/curs-eur-ron,2026-09-01
Curs EUR/RON,2018-12-07,4.6480,RON,RO,BNR,https://www.bnr.ro,https://ecifre.ro/indicatori/curs-eur-ron,2026-09-01
Curs EUR/RON,2018-12-10,4.6495,RON,RO,BNR,https://www.bnr.ro,https://ecifre.ro/indicatori/curs-eur-ron,2026-09-01
Curs EUR/RON,2018-12-11,4.6528,RON,RO,BNR,https://www.bnr.ro,https://ecifre.ro/indicatori/curs-eur-ron,2026-09-01
Curs EUR/RON,2018-12-12,4.6605,RON,RO,BNR,https://www.bnr.ro,https://ecifre.ro/indicatori/curs-eur-ron,2026-09-01
Curs EUR/RON,2018-12-13,4.6485,RON,RO,BNR,https://www.bnr.ro,https://ecifre.ro/indicatori/curs-eur-ron,2026-09-01
Curs EUR/RON,2018-12-14,4.6540,RON,RO,BNR,https://www.bnr.ro,https://ecifre.ro/indicatori/curs-eur-ron,2026-09-01
Curs EUR/RON,2018-12-17,4.6550,RON,RO,BNR,https://www.bnr.ro,https://ecifre.ro/indicatori/curs-eur-ron,2026-09-01
Curs EUR/RON,2018-12-18,4.6478,RON,RO,BNR,https://www.bnr.ro,https://ecifre.ro/indicatori/curs-eur-ron,2026-09-01
Curs EUR/RON,2018-12-19,4.6571,RON,RO,BNR,https://www.bnr.ro,https://ecifre.ro/indicatori/curs-eur-ron,2026-09-01
Curs EUR/RON,2018-12-20,4.6598,RON,RO,BNR,https://www.bnr.ro,https://ecifre.ro/indicatori/curs-eur-ron,2026-09-01
Curs EUR/RON,2018-12-21,4.6458,RON,RO,BNR,https://www.bnr.ro,https://ecifre.ro/indicatori/curs-eur-ron,2026-09-01
Curs EUR/RON,2018-12-24,4.6413,RON,RO,BNR,https://www.bnr.ro,https://ecifre.ro/indicatori/curs-eur-ron,2026-09-01
Curs EUR/RON,2018-12-27,4.6471,RON,RO,BNR,https://www.bnr.ro,https://ecifre.ro/indicatori/curs-eur-ron,2026-09-01
Curs EUR/RON,2018-12-28,4.6581,RON,RO,BNR,https://www.bnr.ro,https://ecifre.ro/indicatori/curs-eur-ron,2026-09-01
Curs EUR/RON,2018-12-31,4.6639,RON,RO,BNR,https://www.bnr.ro,https://ecifre.ro/indicatori/curs-eur-ron,2026-09-01
Curs EUR/RON,2019-01-03,4.6656,RON,RO,BNR,https://www.bnr.ro,https://ecifre.ro/indicatori/curs-eur-ron,2026-09-01
Curs EUR/RON,2019-01-04,4.6647,RON,RO,BNR,https://www.bnr.ro,https://ecifre.ro/indicatori/curs-eur-ron,2026-09-01
Curs EUR/RON,2019-01-07,4.6634,RON,RO,BNR,https://www.bnr.ro,https://ecifre.ro/indicatori/curs-eur-ron,2026-09-01
Curs EUR/RON,2019-01-08,4.6670,RON,RO,BNR,https://www.bnr.ro,https://ecifre.ro/indicatori/curs-eur-ron,2026-09-01
Curs EUR/RON,2019-01-09,4.6722,RON,RO,BNR,https://www.bnr.ro,https://ecifre.ro/indicatori/curs-eur-ron,2026-09-01
Curs EUR/RON,2019-01-10,4.6764,RON,RO,BNR,https://www.bnr.ro,https://ecifre.ro/indicatori/curs-eur-ron,2026-09-01
Curs EUR/RON,2019-01-11,4.6782,RON,RO,BNR,https://www.bnr.ro,https://ecifre.ro/indicatori/curs-eur-ron,2026-09-01
Curs EUR/RON,2019-01-14,4.6771,RON,RO,BNR,https://www.bnr.ro,https://ecifre.ro/indicatori/curs-eur-ron,2026-09-01
Curs EUR/RON,2019-01-15,4.6822,RON,RO,BNR,https://www.bnr.ro,https://ecifre.ro/indicatori/curs-eur-ron,2026-09-01
Curs EUR/RON,2019-01-16,4.6830,RON,RO,BNR,https://www.bnr.ro,https://ecifre.ro/indicatori/curs-eur-ron,2026-09-01
Curs EUR/RON,2019-01-17,4.6890,RON,RO,BNR,https://www.bnr.ro,https://ecifre.ro/indicatori/curs-eur-ron,2026-09-01
Curs EUR/RON,2019-01-18,4.6975,RON,RO,BNR,https://www.bnr.ro,https://ecifre.ro/indicatori/curs-eur-ron,2026-09-01
Curs EUR/RON,2019-01-21,4.7081,RON,RO,BNR,https://www.bnr.ro,https://ecifre.ro/indicatori/curs-eur-ron,2026-09-01
Curs EUR/RON,2019-01-22,4.7142,RON,RO,BNR,https://www.bnr.ro,https://ecifre.ro/indicatori/curs-eur-ron,2026-09-01
Curs EUR/RON,2019-01-23,4.7569,RON,RO,BNR,https://www.bnr.ro,https://ecifre.ro/indicatori/curs-eur-ron,2026-09-01
Curs EUR/RON,2019-01-25,4.7648,RON,RO,BNR,https://www.bnr.ro,https://ecifre.ro/indicatori/curs-eur-ron,2026-09-01
Curs EUR/RON,2019-01-28,4.7628,RON,RO,BNR,https://www.bnr.ro,https://ecifre.ro/indicatori/curs-eur-ron,2026-09-01
Curs EUR/RON,2019-01-29,4.7601,RON,RO,BNR,https://www.bnr.ro,https://ecifre.ro/indicatori/curs-eur-ron,2026-09-01
Curs EUR/RON,2019-01-30,4.7555,RON,RO,BNR,https://www.bnr.ro,https://ecifre.ro/indicatori/curs-eur-ron,2026-09-01
Curs EUR/RON,2019-01-31,4.7348,RON,RO,BNR,https://www.bnr.ro,https://ecifre.ro/indicatori/curs-eur-ron,2026-09-01
Curs EUR/RON,2019-02-01,4.7517,RON,RO,BNR,https://www.bnr.ro,https://ecifre.ro/indicatori/curs-eur-ron,2026-09-01
Curs EUR/RON,2019-02-04,4.7546,RON,RO,BNR,https://www.bnr.ro,https://ecifre.ro/indicatori/curs-eur-ron,2026-09-01
Curs EUR/RON,2019-02-05,4.7440,RON,RO,BNR,https://www.bnr.ro,https://ecifre.ro/indicatori/curs-eur-ron,2026-09-01
Curs EUR/RON,2019-02-06,4.7427,RON,RO,BNR,https://www.bnr.ro,https://ecifre.ro/indicatori/curs-eur-ron,2026-09-01
Curs EUR/RON,2019-02-07,4.7391,RON,RO,BNR,https://www.bnr.ro,https://ecifre.ro/indicatori/curs-eur-ron,2026-09-01
Curs EUR/RON,2019-02-08,4.7445,RON,RO,BNR,https://www.bnr.ro,https://ecifre.ro/indicatori/curs-eur-ron,2026-09-01
Curs EUR/RON,2019-02-11,4.7437,RON,RO,BNR,https://www.bnr.ro,https://ecifre.ro/indicatori/curs-eur-ron,2026-09-01
Curs EUR/RON,2019-02-12,4.7412,RON,RO,BNR,https://www.bnr.ro,https://ecifre.ro/indicatori/curs-eur-ron,2026-09-01
Curs EUR/RON,2019-02-13,4.7435,RON,RO,BNR,https://www.bnr.ro,https://ecifre.ro/indicatori/curs-eur-ron,2026-09-01
Curs EUR/RON,2019-02-14,4.7451,RON,RO,BNR,https://www.bnr.ro,https://ecifre.ro/indicatori/curs-eur-ron,2026-09-01
Curs EUR/RON,2019-02-15,4.7383,RON,RO,BNR,https://www.bnr.ro,https://ecifre.ro/indicatori/curs-eur-ron,2026-09-01
Curs EUR/RON,2019-02-18,4.7401,RON,RO,BNR,https://www.bnr.ro,https://ecifre.ro/indicatori/curs-eur-ron,2026-09-01
Curs EUR/RON,2019-02-19,4.7480,RON,RO,BNR,https://www.bnr.ro,https://ecifre.ro/indicatori/curs-eur-ron,2026-09-01
Curs EUR/RON,2019-02-20,4.7576,RON,RO,BNR,https://www.bnr.ro,https://ecifre.ro/indicatori/curs-eur-ron,2026-09-01
Curs EUR/RON,2019-02-21,4.7559,RON,RO,BNR,https://www.bnr.ro,https://ecifre.ro/indicatori/curs-eur-ron,2026-09-01
Curs EUR/RON,2019-02-22,4.7619,RON,RO,BNR,https://www.bnr.ro,https://ecifre.ro/indicatori/curs-eur-ron,2026-09-01
Curs EUR/RON,2019-02-25,4.7594,RON,RO,BNR,https://www.bnr.ro,https://ecifre.ro/indicatori/curs-eur-ron,2026-09-01
Curs EUR/RON,2019-02-26,4.7617,RON,RO,BNR,https://www.bnr.ro,https://ecifre.ro/indicatori/curs-eur-ron,2026-09-01
Curs EUR/RON,2019-02-27,4.7408,RON,RO,BNR,https://www.bnr.ro,https://ecifre.ro/indicatori/curs-eur-ron,2026-09-01
Curs EUR/RON,2019-02-28,4.7416,RON,RO,BNR,https://www.bnr.ro,https://ecifre.ro/indicatori/curs-eur-ron,2026-09-01
Curs EUR/RON,2019-03-01,4.7433,RON,RO,BNR,https://www.bnr.ro,https://ecifre.ro/indicatori/curs-eur-ron,2026-09-01
Curs EUR/RON,2019-03-04,4.7397,RON,RO,BNR,https://www.bnr.ro,https://ecifre.ro/indicatori/curs-eur-ron,2026-09-01
Curs EUR/RON,2019-03-05,4.7506,RON,RO,BNR,https://www.bnr.ro,https://ecifre.ro/indicatori/curs-eur-ron,2026-09-01
Curs EUR/RON,2019-03-06,4.7473,RON,RO,BNR,https://www.bnr.ro,https://ecifre.ro/indicatori/curs-eur-ron,2026-09-01
Curs EUR/RON,2019-03-07,4.7448,RON,RO,BNR,https://www.bnr.ro,https://ecifre.ro/indicatori/curs-eur-ron,2026-09-01
Curs EUR/RON,2019-03-08,4.7410,RON,RO,BNR,https://www.bnr.ro,https://ecifre.ro/indicatori/curs-eur-ron,2026-09-01
Curs EUR/RON,2019-03-11,4.7516,RON,RO,BNR,https://www.bnr.ro,https://ecifre.ro/indicatori/curs-eur-ron,2026-09-01
Curs EUR/RON,2019-03-12,4.7568,RON,RO,BNR,https://www.bnr.ro,https://ecifre.ro/indicatori/curs-eur-ron,2026-09-01
Curs EUR/RON,2019-03-13,4.7632,RON,RO,BNR,https://www.bnr.ro,https://ecifre.ro/indicatori/curs-eur-ron,2026-09-01
Curs EUR/RON,2019-03-14,4.7640,RON,RO,BNR,https://www.bnr.ro,https://ecifre.ro/indicatori/curs-eur-ron,2026-09-01
Curs EUR/RON,2019-03-15,4.7569,RON,RO,BNR,https://www.bnr.ro,https://ecifre.ro/indicatori/curs-eur-ron,2026-09-01
Curs EUR/RON,2019-03-18,4.7525,RON,RO,BNR,https://www.bnr.ro,https://ecifre.ro/indicatori/curs-eur-ron,2026-09-01
Curs EUR/RON,2019-03-19,4.7564,RON,RO,BNR,https://www.bnr.ro,https://ecifre.ro/indicatori/curs-eur-ron,2026-09-01
Curs EUR/RON,2019-03-20,4.7607,RON,RO,BNR,https://www.bnr.ro,https://ecifre.ro/indicatori/curs-eur-ron,2026-09-01
Curs EUR/RON,2019-03-21,4.7558,RON,RO,BNR,https://www.bnr.ro,https://ecifre.ro/indicatori/curs-eur-ron,2026-09-01
Curs EUR/RON,2019-03-22,4.7509,RON,RO,BNR,https://www.bnr.ro,https://ecifre.ro/indicatori/curs-eur-ron,2026-09-01
Curs EUR/RON,2019-03-25,4.7538,RON,RO,BNR,https://www.bnr.ro,https://ecifre.ro/indicatori/curs-eur-ron,2026-09-01
Curs EUR/RON,2019-03-26,4.7564,RON,RO,BNR,https://www.bnr.ro,https://ecifre.ro/indicatori/curs-eur-ron,2026-09-01
Curs EUR/RON,2019-03-27,4.7620,RON,RO,BNR,https://www.bnr.ro,https://ecifre.ro/indicatori/curs-eur-ron,2026-09-01
Curs EUR/RON,2019-03-28,4.7603,RON,RO,BNR,https://www.bnr.ro,https://ecifre.ro/indicatori/curs-eur-ron,2026-09-01
Curs EUR/RON,2019-03-29,4.7628,RON,RO,BNR,https://www.bnr.ro,https://ecifre.ro/indicatori/curs-eur-ron,2026-09-01
Curs EUR/RON,2019-04-01,4.7625,RON,RO,BNR,https://www.bnr.ro,https://ecifre.ro/indicatori/curs-eur-ron,2026-09-01
Curs EUR/RON,2019-04-02,4.7614,RON,RO,BNR,https://www.bnr.ro,https://ecifre.ro/indicatori/curs-eur-ron,2026-09-01
Curs EUR/RON,2019-04-03,4.7585,RON,RO,BNR,https://www.bnr.ro,https://ecifre.ro/indicatori/curs-eur-ron,2026-09-01
Curs EUR/RON,2019-04-04,4.7542,RON,RO,BNR,https://www.bnr.ro,https://ecifre.ro/indicatori/curs-eur-ron,2026-09-01
Curs EUR/RON,2019-04-05,4.7508,RON,RO,BNR,https://www.bnr.ro,https://ecifre.ro/indicatori/curs-eur-ron,2026-09-01
Curs EUR/RON,2019-04-08,4.7507,RON,RO,BNR,https://www.bnr.ro,https://ecifre.ro/indicatori/curs-eur-ron,2026-09-01
Curs EUR/RON,2019-04-09,4.7526,RON,RO,BNR,https://www.bnr.ro,https://ecifre.ro/indicatori/curs-eur-ron,2026-09-01
Curs EUR/RON,2019-04-10,4.7611,RON,RO,BNR,https://www.bnr.ro,https://ecifre.ro/indicatori/curs-eur-ron,2026-09-01
Curs EUR/RON,2019-04-11,4.7596,RON,RO,BNR,https://www.bnr.ro,https://ecifre.ro/indicatori/curs-eur-ron,2026-09-01
Curs EUR/RON,2019-04-12,4.7587,RON,RO,BNR,https://www.bnr.ro,https://ecifre.ro/indicatori/curs-eur-ron,2026-09-01
Curs EUR/RON,2019-04-15,4.7619,RON,RO,BNR,https://www.bnr.ro,https://ecifre.ro/indicatori/curs-eur-ron,2026-09-01
Curs EUR/RON,2019-04-16,4.7599,RON,RO,BNR,https://www.bnr.ro,https://ecifre.ro/indicatori/curs-eur-ron,2026-09-01
Curs EUR/RON,2019-04-17,4.7622,RON,RO,BNR,https://www.bnr.ro,https://ecifre.ro/indicatori/curs-eur-ron,2026-09-01
Curs EUR/RON,2019-04-18,4.7619,RON,RO,BNR,https://www.bnr.ro,https://ecifre.ro/indicatori/curs-eur-ron,2026-09-01
Curs EUR/RON,2019-04-19,4.7607,RON,RO,BNR,https://www.bnr.ro,https://ecifre.ro/indicatori/curs-eur-ron,2026-09-01
Curs EUR/RON,2019-04-22,4.7584,RON,RO,BNR,https://www.bnr.ro,https://ecifre.ro/indicatori/curs-eur-ron,2026-09-01
Curs EUR/RON,2019-04-23,4.7581,RON,RO,BNR,https://www.bnr.ro,https://ecifre.ro/indicatori/curs-eur-ron,2026-09-01
Curs EUR/RON,2019-04-24,4.7560,RON,RO,BNR,https://www.bnr.ro,https://ecifre.ro/indicatori/curs-eur-ron,2026-09-01
Curs EUR/RON,2019-04-25,4.7581,RON,RO,BNR,https://www.bnr.ro,https://ecifre.ro/indicatori/curs-eur-ron,2026-09-01
Curs EUR/RON,2019-04-30,4.7582,RON,RO,BNR,https://www.bnr.ro,https://ecifre.ro/indicatori/curs-eur-ron,2026-09-01
Curs EUR/RON,2019-05-02,4.7579,RON,RO,BNR,https://www.bnr.ro,https://ecifre.ro/indicatori/curs-eur-ron,2026-09-01
Curs EUR/RON,2019-05-03,4.7561,RON,RO,BNR,https://www.bnr.ro,https://ecifre.ro/indicatori/curs-eur-ron,2026-09-01
Curs EUR/RON,2019-05-06,4.7552,RON,RO,BNR,https://www.bnr.ro,https://ecifre.ro/indicatori/curs-eur-ron,2026-09-01
Curs EUR/RON,2019-05-07,4.7586,RON,RO,BNR,https://www.bnr.ro,https://ecifre.ro/indicatori/curs-eur-ron,2026-09-01
Curs EUR/RON,2019-05-08,4.7578,RON,RO,BNR,https://www.bnr.ro,https://ecifre.ro/indicatori/curs-eur-ron,2026-09-01
Curs EUR/RON,2019-05-09,4.7599,RON,RO,BNR,https://www.bnr.ro,https://ecifre.ro/indicatori/curs-eur-ron,2026-09-01
Curs EUR/RON,2019-05-10,4.7584,RON,RO,BNR,https://www.bnr.ro,https://ecifre.ro/indicatori/curs-eur-ron,2026-09-01
Curs EUR/RON,2019-05-13,4.7607,RON,RO,BNR,https://www.bnr.ro,https://ecifre.ro/indicatori/curs-eur-ron,2026-09-01
Curs EUR/RON,2019-05-14,4.7616,RON,RO,BNR,https://www.bnr.ro,https://ecifre.ro/indicatori/curs-eur-ron,2026-09-01
Curs EUR/RON,2019-05-15,4.7615,RON,RO,BNR,https://www.bnr.ro,https://ecifre.ro/indicatori/curs-eur-ron,2026-09-01
Curs EUR/RON,2019-05-16,4.7616,RON,RO,BNR,https://www.bnr.ro,https://ecifre.ro/indicatori/curs-eur-ron,2026-09-01
Curs EUR/RON,2019-05-17,4.7621,RON,RO,BNR,https://www.bnr.ro,https://ecifre.ro/indicatori/curs-eur-ron,2026-09-01
Curs EUR/RON,2019-05-20,4.7607,RON,RO,BNR,https://www.bnr.ro,https://ecifre.ro/indicatori/curs-eur-ron,2026-09-01
Curs EUR/RON,2019-05-21,4.7627,RON,RO,BNR,https://www.bnr.ro,https://ecifre.ro/indicatori/curs-eur-ron,2026-09-01
Curs EUR/RON,2019-05-22,4.7625,RON,RO,BNR,https://www.bnr.ro,https://ecifre.ro/indicatori/curs-eur-ron,2026-09-01
Curs EUR/RON,2019-05-23,4.7601,RON,RO,BNR,https://www.bnr.ro,https://ecifre.ro/indicatori/curs-eur-ron,2026-09-01
Curs EUR/RON,2019-05-24,4.7612,RON,RO,BNR,https://www.bnr.ro,https://ecifre.ro/indicatori/curs-eur-ron,2026-09-01
Curs EUR/RON,2019-05-27,4.7601,RON,RO,BNR,https://www.bnr.ro,https://ecifre.ro/indicatori/curs-eur-ron,2026-09-01
Curs EUR/RON,2019-05-28,4.7619,RON,RO,BNR,https://www.bnr.ro,https://ecifre.ro/indicatori/curs-eur-ron,2026-09-01
Curs EUR/RON,2019-05-29,4.7607,RON,RO,BNR,https://www.bnr.ro,https://ecifre.ro/indicatori/curs-eur-ron,2026-09-01
Curs EUR/RON,2019-05-30,4.7582,RON,RO,BNR,https://www.bnr.ro,https://ecifre.ro/indicatori/curs-eur-ron,2026-09-01
Curs EUR/RON,2019-05-31,4.7487,RON,RO,BNR,https://www.bnr.ro,https://ecifre.ro/indicatori/curs-eur-ron,2026-09-01
Curs EUR/RON,2019-06-03,4.7450,RON,RO,BNR,https://www.bnr.ro,https://ecifre.ro/indicatori/curs-eur-ron,2026-09-01
Curs EUR/RON,2019-06-04,4.7348,RON,RO,BNR,https://www.bnr.ro,https://ecifre.ro/indicatori/curs-eur-ron,2026-09-01
Curs EUR/RON,2019-06-05,4.7295,RON,RO,BNR,https://www.bnr.ro,https://ecifre.ro/indicatori/curs-eur-ron,2026-09-01
Curs EUR/RON,2019-06-06,4.7183,RON,RO,BNR,https://www.bnr.ro,https://ecifre.ro/indicatori/curs-eur-ron,2026-09-01
Curs EUR/RON,2019-06-07,4.7190,RON,RO,BNR,https://www.bnr.ro,https://ecifre.ro/indicatori/curs-eur-ron,2026-09-01
Curs EUR/RON,2019-06-10,4.7182,RON,RO,BNR,https://www.bnr.ro,https://ecifre.ro/indicatori/curs-eur-ron,2026-09-01
Curs EUR/RON,2019-06-11,4.7232,RON,RO,BNR,https://www.bnr.ro,https://ecifre.ro/indicatori/curs-eur-ron,2026-09-01
Curs EUR/RON,2019-06-12,4.7229,RON,RO,BNR,https://www.bnr.ro,https://ecifre.ro/indicatori/curs-eur-ron,2026-09-01
Curs EUR/RON,2019-06-13,4.7227,RON,RO,BNR,https://www.bnr.ro,https://ecifre.ro/indicatori/curs-eur-ron,2026-09-01
Curs EUR/RON,2019-06-14,4.7228,RON,RO,BNR,https://www.bnr.ro,https://ecifre.ro/indicatori/curs-eur-ron,2026-09-01
Curs EUR/RON,2019-06-18,4.7249,RON,RO,BNR,https://www.bnr.ro,https://ecifre.ro/indicatori/curs-eur-ron,2026-09-01
Curs EUR/RON,2019-06-19,4.7260,RON,RO,BNR,https://www.bnr.ro,https://ecifre.ro/indicatori/curs-eur-ron,2026-09-01
Curs EUR/RON,2019-06-20,4.7287,RON,RO,BNR,https://www.bnr.ro,https://ecifre.ro/indicatori/curs-eur-ron,2026-09-01
Curs EUR/RON,2019-06-21,4.7233,RON,RO,BNR,https://www.bnr.ro,https://ecifre.ro/indicatori/curs-eur-ron,2026-09-01
Curs EUR/RON,2019-06-24,4.7223,RON,RO,BNR,https://www.bnr.ro,https://ecifre.ro/indicatori/curs-eur-ron,2026-09-01
Curs EUR/RON,2019-06-25,4.7205,RON,RO,BNR,https://www.bnr.ro,https://ecifre.ro/indicatori/curs-eur-ron,2026-09-01
Curs EUR/RON,2019-06-26,4.7199,RON,RO,BNR,https://www.bnr.ro,https://ecifre.ro/indicatori/curs-eur-ron,2026-09-01
Curs EUR/RON,2019-06-27,4.7224,RON,RO,BNR,https://www.bnr.ro,https://ecifre.ro/indicatori/curs-eur-ron,2026-09-01
Curs EUR/RON,2019-06-28,4.7351,RON,RO,BNR,https://www.bnr.ro,https://ecifre.ro/indicatori/curs-eur-ron,2026-09-01
Curs EUR/RON,2019-07-01,4.7328,RON,RO,BNR,https://www.bnr.ro,https://ecifre.ro/indicatori/curs-eur-ron,2026-09-01
Curs EUR/RON,2019-07-02,4.7352,RON,RO,BNR,https://www.bnr.ro,https://ecifre.ro/indicatori/curs-eur-ron,2026-09-01
Curs EUR/RON,2019-07-03,4.7356,RON,RO,BNR,https://www.bnr.ro,https://ecifre.ro/indicatori/curs-eur-ron,2026-09-01
Curs EUR/RON,2019-07-04,4.7240,RON,RO,BNR,https://www.bnr.ro,https://ecifre.ro/indicatori/curs-eur-ron,2026-09-01
Curs EUR/RON,2019-07-05,4.7245,RON,RO,BNR,https://www.bnr.ro,https://ecifre.ro/indicatori/curs-eur-ron,2026-09-01
Curs EUR/RON,2019-07-08,4.7214,RON,RO,BNR,https://www.bnr.ro,https://ecifre.ro/indicatori/curs-eur-ron,2026-09-01
Curs EUR/RON,2019-07-09,4.7269,RON,RO,BNR,https://www.bnr.ro,https://ecifre.ro/indicatori/curs-eur-ron,2026-09-01
Curs EUR/RON,2019-07-10,4.7337,RON,RO,BNR,https://www.bnr.ro,https://ecifre.ro/indicatori/curs-eur-ron,2026-09-01
Curs EUR/RON,2019-07-11,4.7339,RON,RO,BNR,https://www.bnr.ro,https://ecifre.ro/indicatori/curs-eur-ron,2026-09-01
Curs EUR/RON,2019-07-12,4.7317,RON,RO,BNR,https://www.bnr.ro,https://ecifre.ro/indicatori/curs-eur-ron,2026-09-01
Curs EUR/RON,2019-07-15,4.7320,RON,RO,BNR,https://www.bnr.ro,https://ecifre.ro/indicatori/curs-eur-ron,2026-09-01
Curs EUR/RON,2019-07-16,4.7340,RON,RO,BNR,https://www.bnr.ro,https://ecifre.ro/indicatori/curs-eur-ron,2026-09-01
Curs EUR/RON,2019-07-17,4.7345,RON,RO,BNR,https://www.bnr.ro,https://ecifre.ro/indicatori/curs-eur-ron,2026-09-01
Curs EUR/RON,2019-07-18,4.7326,RON,RO,BNR,https://www.bnr.ro,https://ecifre.ro/indicatori/curs-eur-ron,2026-09-01
Curs EUR/RON,2019-07-19,4.7315,RON,RO,BNR,https://www.bnr.ro,https://ecifre.ro/indicatori/curs-eur-ron,2026-09-01
Curs EUR/RON,2019-07-22,4.7231,RON,RO,BNR,https://www.bnr.ro,https://ecifre.ro/indicatori/curs-eur-ron,2026-09-01
Curs EUR/RON,2019-07-23,4.7204,RON,RO,BNR,https://www.bnr.ro,https://ecifre.ro/indicatori/curs-eur-ron,2026-09-01
Curs EUR/RON,2019-07-24,4.7194,RON,RO,BNR,https://www.bnr.ro,https://ecifre.ro/indicatori/curs-eur-ron,2026-09-01
Curs EUR/RON,2019-07-25,4.7218,RON,RO,BNR,https://www.bnr.ro,https://ecifre.ro/indicatori/curs-eur-ron,2026-09-01
Curs EUR/RON,2019-07-26,4.7273,RON,RO,BNR,https://www.bnr.ro,https://ecifre.ro/indicatori/curs-eur-ron,2026-09-01
Curs EUR/RON,2019-07-29,4.7278,RON,RO,BNR,https://www.bnr.ro,https://ecifre.ro/indicatori/curs-eur-ron,2026-09-01
Curs EUR/RON,2019-07-30,4.7301,RON,RO,BNR,https://www.bnr.ro,https://ecifre.ro/indicatori/curs-eur-ron,2026-09-01
Curs EUR/RON,2019-07-31,4.7336,RON,RO,BNR,https://www.bnr.ro,https://ecifre.ro/indicatori/curs-eur-ron,2026-09-01
Curs EUR/RON,2019-08-01,4.7317,RON,RO,BNR,https://www.bnr.ro,https://ecifre.ro/indicatori/curs-eur-ron,2026-09-01
Curs EUR/RON,2019-08-02,4.7340,RON,RO,BNR,https://www.bnr.ro,https://ecifre.ro/indicatori/curs-eur-ron,2026-09-01
Curs EUR/RON,2019-08-05,4.7334,RON,RO,BNR,https://www.bnr.ro,https://ecifre.ro/indicatori/curs-eur-ron,2026-09-01
Curs EUR/RON,2019-08-06,4.7311,RON,RO,BNR,https://www.bnr.ro,https://ecifre.ro/indicatori/curs-eur-ron,2026-09-01
Curs EUR/RON,2019-08-07,4.7309,RON,RO,BNR,https://www.bnr.ro,https://ecifre.ro/indicatori/curs-eur-ron,2026-09-01
Curs EUR/RON,2019-08-08,4.7307,RON,RO,BNR,https://www.bnr.ro,https://ecifre.ro/indicatori/curs-eur-ron,2026-09-01
Curs EUR/RON,2019-08-09,4.7273,RON,RO,BNR,https://www.bnr.ro,https://ecifre.ro/indicatori/curs-eur-ron,2026-09-01
Curs EUR/RON,2019-08-12,4.7265,RON,RO,BNR,https://www.bnr.ro,https://ecifre.ro/indicatori/curs-eur-ron,2026-09-01
Curs EUR/RON,2019-08-13,4.7270,RON,RO,BNR,https://www.bnr.ro,https://ecifre.ro/indicatori/curs-eur-ron,2026-09-01
Curs EUR/RON,2019-08-14,4.7216,RON,RO,BNR,https://www.bnr.ro,https://ecifre.ro/indicatori/curs-eur-ron,2026-09-01
Curs EUR/RON,2019-08-16,4.7274,RON,RO,BNR,https://www.bnr.ro,https://ecifre.ro/indicatori/curs-eur-ron,2026-09-01
Curs EUR/RON,2019-08-19,4.7284,RON,RO,BNR,https://www.bnr.ro,https://ecifre.ro/indicatori/curs-eur-ron,2026-09-01
Curs EUR/RON,2019-08-20,4.7305,RON,RO,BNR,https://www.bnr.ro,https://ecifre.ro/indicatori/curs-eur-ron,2026-09-01
Curs EUR/RON,2019-08-21,4.7274,RON,RO,BNR,https://www.bnr.ro,https://ecifre.ro/indicatori/curs-eur-ron,2026-09-01
Curs EUR/RON,2019-08-22,4.7260,RON,RO,BNR,https://www.bnr.ro,https://ecifre.ro/indicatori/curs-eur-ron,2026-09-01
Curs EUR/RON,2019-08-23,4.7216,RON,RO,BNR,https://www.bnr.ro,https://ecifre.ro/indicatori/curs-eur-ron,2026-09-01
Curs EUR/RON,2019-08-26,4.7251,RON,RO,BNR,https://www.bnr.ro,https://ecifre.ro/indicatori/curs-eur-ron,2026-09-01
Curs EUR/RON,2019-08-27,4.7322,RON,RO,BNR,https://www.bnr.ro,https://ecifre.ro/indicatori/curs-eur-ron,2026-09-01
Curs EUR/RON,2019-08-28,4.7305,RON,RO,BNR,https://www.bnr.ro,https://ecifre.ro/indicatori/curs-eur-ron,2026-09-01
Curs EUR/RON,2019-08-29,4.7277,RON,RO,BNR,https://www.bnr.ro,https://ecifre.ro/indicatori/curs-eur-ron,2026-09-01
Curs EUR/RON,2019-08-30,4.7294,RON,RO,BNR,https://www.bnr.ro,https://ecifre.ro/indicatori/curs-eur-ron,2026-09-01
Curs EUR/RON,2019-09-02,4.7230,RON,RO,BNR,https://www.bnr.ro,https://ecifre.ro/indicatori/curs-eur-ron,2026-09-01
Curs EUR/RON,2019-09-03,4.7273,RON,RO,BNR,https://www.bnr.ro,https://ecifre.ro/indicatori/curs-eur-ron,2026-09-01
Curs EUR/RON,2019-09-04,4.7272,RON,RO,BNR,https://www.bnr.ro,https://ecifre.ro/indicatori/curs-eur-ron,2026-09-01
Curs EUR/RON,2019-09-05,4.7300,RON,RO,BNR,https://www.bnr.ro,https://ecifre.ro/indicatori/curs-eur-ron,2026-09-01
Curs EUR/RON,2019-09-06,4.7332,RON,RO,BNR,https://www.bnr.ro,https://ecifre.ro/indicatori/curs-eur-ron,2026-09-01
Curs EUR/RON,2019-09-09,4.7320,RON,RO,BNR,https://www.bnr.ro,https://ecifre.ro/indicatori/curs-eur-ron,2026-09-01
Curs EUR/RON,2019-09-10,4.7318,RON,RO,BNR,https://www.bnr.ro,https://ecifre.ro/indicatori/curs-eur-ron,2026-09-01
Curs EUR/RON,2019-09-11,4.7340,RON,RO,BNR,https://www.bnr.ro,https://ecifre.ro/indicatori/curs-eur-ron,2026-09-01
Curs EUR/RON,2019-09-12,4.7363,RON,RO,BNR,https://www.bnr.ro,https://ecifre.ro/indicatori/curs-eur-ron,2026-09-01
Curs EUR/RON,2019-09-13,4.7354,RON,RO,BNR,https://www.bnr.ro,https://ecifre.ro/indicatori/curs-eur-ron,2026-09-01
Curs EUR/RON,2019-09-16,4.7340,RON,RO,BNR,https://www.bnr.ro,https://ecifre.ro/indicatori/curs-eur-ron,2026-09-01
Curs EUR/RON,2019-09-17,4.7352,RON,RO,BNR,https://www.bnr.ro,https://ecifre.ro/indicatori/curs-eur-ron,2026-09-01
Curs EUR/RON,2019-09-18,4.7354,RON,RO,BNR,https://www.bnr.ro,https://ecifre.ro/indicatori/curs-eur-ron,2026-09-01
Curs EUR/RON,2019-09-19,4.7415,RON,RO,BNR,https://www.bnr.ro,https://ecifre.ro/indicatori/curs-eur-ron,2026-09-01
Curs EUR/RON,2019-09-20,4.7432,RON,RO,BNR,https://www.bnr.ro,https://ecifre.ro/indicatori/curs-eur-ron,2026-09-01
Curs EUR/RON,2019-09-23,4.7491,RON,RO,BNR,https://www.bnr.ro,https://ecifre.ro/indicatori/curs-eur-ron,2026-09-01
Curs EUR/RON,2019-09-24,4.7485,RON,RO,BNR,https://www.bnr.ro,https://ecifre.ro/indicatori/curs-eur-ron,2026-09-01
Curs EUR/RON,2019-09-25,4.7439,RON,RO,BNR,https://www.bnr.ro,https://ecifre.ro/indicatori/curs-eur-ron,2026-09-01
Curs EUR/RON,2019-09-26,4.7460,RON,RO,BNR,https://www.bnr.ro,https://ecifre.ro/indicatori/curs-eur-ron,2026-09-01
Curs EUR/RON,2019-09-27,4.7505,RON,RO,BNR,https://www.bnr.ro,https://ecifre.ro/indicatori/curs-eur-ron,2026-09-01
Curs EUR/RON,2019-09-30,4.7511,RON,RO,BNR,https://www.bnr.ro,https://ecifre.ro/indicatori/curs-eur-ron,2026-09-01
Curs EUR/RON,2019-10-01,4.7512,RON,RO,BNR,https://www.bnr.ro,https://ecifre.ro/indicatori/curs-eur-ron,2026-09-01
Curs EUR/RON,2019-10-02,4.7499,RON,RO,BNR,https://www.bnr.ro,https://ecifre.ro/indicatori/curs-eur-ron,2026-09-01
Curs EUR/RON,2019-10-03,4.7483,RON,RO,BNR,https://www.bnr.ro,https://ecifre.ro/indicatori/curs-eur-ron,2026-09-01
Curs EUR/RON,2019-10-04,4.7483,RON,RO,BNR,https://www.bnr.ro,https://ecifre.ro/indicatori/curs-eur-ron,2026-09-01
Curs EUR/RON,2019-10-07,4.7472,RON,RO,BNR,https://www.bnr.ro,https://ecifre.ro/indicatori/curs-eur-ron,2026-09-01
Curs EUR/RON,2019-10-08,4.7479,RON,RO,BNR,https://www.bnr.ro,https://ecifre.ro/indicatori/curs-eur-ron,2026-09-01
Curs EUR/RON,2019-10-09,4.7502,RON,RO,BNR,https://www.bnr.ro,https://ecifre.ro/indicatori/curs-eur-ron,2026-09-01
Curs EUR/RON,2019-10-10,4.7498,RON,RO,BNR,https://www.bnr.ro,https://ecifre.ro/indicatori/curs-eur-ron,2026-09-01
Curs EUR/RON,2019-10-11,4.7582,RON,RO,BNR,https://www.bnr.ro,https://ecifre.ro/indicatori/curs-eur-ron,2026-09-01
Curs EUR/RON,2019-10-14,4.7536,RON,RO,BNR,https://www.bnr.ro,https://ecifre.ro/indicatori/curs-eur-ron,2026-09-01
Curs EUR/RON,2019-10-15,4.7524,RON,RO,BNR,https://www.bnr.ro,https://ecifre.ro/indicatori/curs-eur-ron,2026-09-01
Curs EUR/RON,2019-10-16,4.7537,RON,RO,BNR,https://www.bnr.ro,https://ecifre.ro/indicatori/curs-eur-ron,2026-09-01
Curs EUR/RON,2019-10-17,4.7550,RON,RO,BNR,https://www.bnr.ro,https://ecifre.ro/indicatori/curs-eur-ron,2026-09-01
Curs EUR/RON,2019-10-18,4.7556,RON,RO,BNR,https://www.bnr.ro,https://ecifre.ro/indicatori/curs-eur-ron,2026-09-01
Curs EUR/RON,2019-10-21,4.7592,RON,RO,BNR,https://www.bnr.ro,https://ecifre.ro/indicatori/curs-eur-ron,2026-09-01
Curs EUR/RON,2019-10-22,4.7601,RON,RO,BNR,https://www.bnr.ro,https://ecifre.ro/indicatori/curs-eur-ron,2026-09-01
Curs EUR/RON,2019-10-23,4.7600,RON,RO,BNR,https://www.bnr.ro,https://ecifre.ro/indicatori/curs-eur-ron,2026-09-01
Curs EUR/RON,2019-10-24,4.7528,RON,RO,BNR,https://www.bnr.ro,https://ecifre.ro/indicatori/curs-eur-ron,2026-09-01
Curs EUR/RON,2019-10-25,4.7563,RON,RO,BNR,https://www.bnr.ro,https://ecifre.ro/indicatori/curs-eur-ron,2026-09-01
Curs EUR/RON,2019-10-28,4.7569,RON,RO,BNR,https://www.bnr.ro,https://ecifre.ro/indicatori/curs-eur-ron,2026-09-01
Curs EUR/RON,2019-10-29,4.7567,RON,RO,BNR,https://www.bnr.ro,https://ecifre.ro/indicatori/curs-eur-ron,2026-09-01
Curs EUR/RON,2019-10-30,4.7572,RON,RO,BNR,https://www.bnr.ro,https://ecifre.ro/indicatori/curs-eur-ron,2026-09-01
Curs EUR/RON,2019-10-31,4.7576,RON,RO,BNR,https://www.bnr.ro,https://ecifre.ro/indicatori/curs-eur-ron,2026-09-01
Curs EUR/RON,2019-11-01,4.7545,RON,RO,BNR,https://www.bnr.ro,https://ecifre.ro/indicatori/curs-eur-ron,2026-09-01
Curs EUR/RON,2019-11-04,4.7550,RON,RO,BNR,https://www.bnr.ro,https://ecifre.ro/indicatori/curs-eur-ron,2026-09-01
Curs EUR/RON,2019-11-05,4.7540,RON,RO,BNR,https://www.bnr.ro,https://ecifre.ro/indicatori/curs-eur-ron,2026-09-01
Curs EUR/RON,2019-11-06,4.7626,RON,RO,BNR,https://www.bnr.ro,https://ecifre.ro/indicatori/curs-eur-ron,2026-09-01
Curs EUR/RON,2019-11-07,4.7597,RON,RO,BNR,https://www.bnr.ro,https://ecifre.ro/indicatori/curs-eur-ron,2026-09-01
Curs EUR/RON,2019-11-08,4.7615,RON,RO,BNR,https://www.bnr.ro,https://ecifre.ro/indicatori/curs-eur-ron,2026-09-01
Curs EUR/RON,2019-11-11,4.7627,RON,RO,BNR,https://www.bnr.ro,https://ecifre.ro/indicatori/curs-eur-ron,2026-09-01
Curs EUR/RON,2019-11-12,4.7619,RON,RO,BNR,https://www.bnr.ro,https://ecifre.ro/indicatori/curs-eur-ron,2026-09-01
Curs EUR/RON,2019-11-13,4.7635,RON,RO,BNR,https://www.bnr.ro,https://ecifre.ro/indicatori/curs-eur-ron,2026-09-01
Curs EUR/RON,2019-11-14,4.7669,RON,RO,BNR,https://www.bnr.ro,https://ecifre.ro/indicatori/curs-eur-ron,2026-09-01
Curs EUR/RON,2019-11-15,4.7667,RON,RO,BNR,https://www.bnr.ro,https://ecifre.ro/indicatori/curs-eur-ron,2026-09-01
Curs EUR/RON,2019-11-18,4.7729,RON,RO,BNR,https://www.bnr.ro,https://ecifre.ro/indicatori/curs-eur-ron,2026-09-01
Curs EUR/RON,2019-11-19,4.7759,RON,RO,BNR,https://www.bnr.ro,https://ecifre.ro/indicatori/curs-eur-ron,2026-09-01
Curs EUR/RON,2019-11-20,4.7776,RON,RO,BNR,https://www.bnr.ro,https://ecifre.ro/indicatori/curs-eur-ron,2026-09-01
Curs EUR/RON,2019-11-21,4.7808,RON,RO,BNR,https://www.bnr.ro,https://ecifre.ro/indicatori/curs-eur-ron,2026-09-01
Curs EUR/RON,2019-11-22,4.7729,RON,RO,BNR,https://www.bnr.ro,https://ecifre.ro/indicatori/curs-eur-ron,2026-09-01
Curs EUR/RON,2019-11-25,4.7722,RON,RO,BNR,https://www.bnr.ro,https://ecifre.ro/indicatori/curs-eur-ron,2026-09-01
Curs EUR/RON,2019-11-26,4.7765,RON,RO,BNR,https://www.bnr.ro,https://ecifre.ro/indicatori/curs-eur-ron,2026-09-01
Curs EUR/RON,2019-11-27,4.7792,RON,RO,BNR,https://www.bnr.ro,https://ecifre.ro/indicatori/curs-eur-ron,2026-09-01
Curs EUR/RON,2019-11-28,4.7788,RON,RO,BNR,https://www.bnr.ro,https://ecifre.ro/indicatori/curs-eur-ron,2026-09-01
Curs EUR/RON,2019-11-29,4.7781,RON,RO,BNR,https://www.bnr.ro,https://ecifre.ro/indicatori/curs-eur-ron,2026-09-01
Curs EUR/RON,2019-12-02,4.7777,RON,RO,BNR,https://www.bnr.ro,https://ecifre.ro/indicatori/curs-eur-ron,2026-09-01
Curs EUR/RON,2019-12-03,4.7762,RON,RO,BNR,https://www.bnr.ro,https://ecifre.ro/indicatori/curs-eur-ron,2026-09-01
Curs EUR/RON,2019-12-04,4.7744,RON,RO,BNR,https://www.bnr.ro,https://ecifre.ro/indicatori/curs-eur-ron,2026-09-01
Curs EUR/RON,2019-12-05,4.7764,RON,RO,BNR,https://www.bnr.ro,https://ecifre.ro/indicatori/curs-eur-ron,2026-09-01
Curs EUR/RON,2019-12-06,4.7785,RON,RO,BNR,https://www.bnr.ro,https://ecifre.ro/indicatori/curs-eur-ron,2026-09-01
Curs EUR/RON,2019-12-09,4.7777,RON,RO,BNR,https://www.bnr.ro,https://ecifre.ro/indicatori/curs-eur-ron,2026-09-01
Curs EUR/RON,2019-12-10,4.7787,RON,RO,BNR,https://www.bnr.ro,https://ecifre.ro/indicatori/curs-eur-ron,2026-09-01
Curs EUR/RON,2019-12-11,4.7794,RON,RO,BNR,https://www.bnr.ro,https://ecifre.ro/indicatori/curs-eur-ron,2026-09-01
Curs EUR/RON,2019-12-12,4.7791,RON,RO,BNR,https://www.bnr.ro,https://ecifre.ro/indicatori/curs-eur-ron,2026-09-01
Curs EUR/RON,2019-12-13,4.7786,RON,RO,BNR,https://www.bnr.ro,https://ecifre.ro/indicatori/curs-eur-ron,2026-09-01
Curs EUR/RON,2019-12-16,4.7781,RON,RO,BNR,https://www.bnr.ro,https://ecifre.ro/indicatori/curs-eur-ron,2026-09-01
Curs EUR/RON,2019-12-17,4.7769,RON,RO,BNR,https://www.bnr.ro,https://ecifre.ro/indicatori/curs-eur-ron,2026-09-01
Curs EUR/RON,2019-12-18,4.7773,RON,RO,BNR,https://www.bnr.ro,https://ecifre.ro/indicatori/curs-eur-ron,2026-09-01
Curs EUR/RON,2019-12-19,4.7740,RON,RO,BNR,https://www.bnr.ro,https://ecifre.ro/indicatori/curs-eur-ron,2026-09-01
Curs EUR/RON,2019-12-20,4.7736,RON,RO,BNR,https://www.bnr.ro,https://ecifre.ro/indicatori/curs-eur-ron,2026-09-01
Curs EUR/RON,2019-12-23,4.7716,RON,RO,BNR,https://www.bnr.ro,https://ecifre.ro/indicatori/curs-eur-ron,2026-09-01
Curs EUR/RON,2019-12-24,4.7794,RON,RO,BNR,https://www.bnr.ro,https://ecifre.ro/indicatori/curs-eur-ron,2026-09-01
Curs EUR/RON,2019-12-27,4.7799,RON,RO,BNR,https://www.bnr.ro,https://ecifre.ro/indicatori/curs-eur-ron,2026-09-01
Curs EUR/RON,2019-12-30,4.7785,RON,RO,BNR,https://www.bnr.ro,https://ecifre.ro/indicatori/curs-eur-ron,2026-09-01
Curs EUR/RON,2019-12-31,4.7793,RON,RO,BNR,https://www.bnr.ro,https://ecifre.ro/indicatori/curs-eur-ron,2026-09-01
Curs EUR/RON,2020-01-03,4.7789,RON,RO,BNR,https://www.bnr.ro,https://ecifre.ro/indicatori/curs-eur-ron,2026-09-01
Curs EUR/RON,2020-01-06,4.7760,RON,RO,BNR,https://www.bnr.ro,https://ecifre.ro/indicatori/curs-eur-ron,2026-09-01
Curs EUR/RON,2020-01-07,4.7750,RON,RO,BNR,https://www.bnr.ro,https://ecifre.ro/indicatori/curs-eur-ron,2026-09-01
Curs EUR/RON,2020-01-08,4.7776,RON,RO,BNR,https://www.bnr.ro,https://ecifre.ro/indicatori/curs-eur-ron,2026-09-01
Curs EUR/RON,2020-01-09,4.7774,RON,RO,BNR,https://www.bnr.ro,https://ecifre.ro/indicatori/curs-eur-ron,2026-09-01
Curs EUR/RON,2020-01-10,4.7795,RON,RO,BNR,https://www.bnr.ro,https://ecifre.ro/indicatori/curs-eur-ron,2026-09-01
Curs EUR/RON,2020-01-13,4.7791,RON,RO,BNR,https://www.bnr.ro,https://ecifre.ro/indicatori/curs-eur-ron,2026-09-01
Curs EUR/RON,2020-01-14,4.7794,RON,RO,BNR,https://www.bnr.ro,https://ecifre.ro/indicatori/curs-eur-ron,2026-09-01
Curs EUR/RON,2020-01-15,4.7798,RON,RO,BNR,https://www.bnr.ro,https://ecifre.ro/indicatori/curs-eur-ron,2026-09-01
Curs EUR/RON,2020-01-16,4.7795,RON,RO,BNR,https://www.bnr.ro,https://ecifre.ro/indicatori/curs-eur-ron,2026-09-01
Curs EUR/RON,2020-01-17,4.7792,RON,RO,BNR,https://www.bnr.ro,https://ecifre.ro/indicatori/curs-eur-ron,2026-09-01
Curs EUR/RON,2020-01-20,4.7788,RON,RO,BNR,https://www.bnr.ro,https://ecifre.ro/indicatori/curs-eur-ron,2026-09-01
Curs EUR/RON,2020-01-21,4.7790,RON,RO,BNR,https://www.bnr.ro,https://ecifre.ro/indicatori/curs-eur-ron,2026-09-01
Curs EUR/RON,2020-01-22,4.7786,RON,RO,BNR,https://www.bnr.ro,https://ecifre.ro/indicatori/curs-eur-ron,2026-09-01
Curs EUR/RON,2020-01-23,4.7790,RON,RO,BNR,https://www.bnr.ro,https://ecifre.ro/indicatori/curs-eur-ron,2026-09-01
Curs EUR/RON,2020-01-27,4.7798,RON,RO,BNR,https://www.bnr.ro,https://ecifre.ro/indicatori/curs-eur-ron,2026-09-01
Curs EUR/RON,2020-01-28,4.7787,RON,RO,BNR,https://www.bnr.ro,https://ecifre.ro/indicatori/curs-eur-ron,2026-09-01
Curs EUR/RON,2020-01-29,4.7769,RON,RO,BNR,https://www.bnr.ro,https://ecifre.ro/indicatori/curs-eur-ron,2026-09-01
Curs EUR/RON,2020-01-30,4.7790,RON,RO,BNR,https://www.bnr.ro,https://ecifre.ro/indicatori/curs-eur-ron,2026-09-01
Curs EUR/RON,2020-01-31,4.7779,RON,RO,BNR,https://www.bnr.ro,https://ecifre.ro/indicatori/curs-eur-ron,2026-09-01
Curs EUR/RON,2020-02-03,4.7788,RON,RO,BNR,https://www.bnr.ro,https://ecifre.ro/indicatori/curs-eur-ron,2026-09-01
Curs EUR/RON,2020-02-04,4.7779,RON,RO,BNR,https://www.bnr.ro,https://ecifre.ro/indicatori/curs-eur-ron,2026-09-01
Curs EUR/RON,2020-02-05,4.7768,RON,RO,BNR,https://www.bnr.ro,https://ecifre.ro/indicatori/curs-eur-ron,2026-09-01
Curs EUR/RON,2020-02-06,4.7651,RON,RO,BNR,https://www.bnr.ro,https://ecifre.ro/indicatori/curs-eur-ron,2026-09-01
Curs EUR/RON,2020-02-07,4.7642,RON,RO,BNR,https://www.bnr.ro,https://ecifre.ro/indicatori/curs-eur-ron,2026-09-01
Curs EUR/RON,2020-02-10,4.7668,RON,RO,BNR,https://www.bnr.ro,https://ecifre.ro/indicatori/curs-eur-ron,2026-09-01
Curs EUR/RON,2020-02-11,4.7696,RON,RO,BNR,https://www.bnr.ro,https://ecifre.ro/indicatori/curs-eur-ron,2026-09-01
Curs EUR/RON,2020-02-12,4.7662,RON,RO,BNR,https://www.bnr.ro,https://ecifre.ro/indicatori/curs-eur-ron,2026-09-01
Curs EUR/RON,2020-02-13,4.7646,RON,RO,BNR,https://www.bnr.ro,https://ecifre.ro/indicatori/curs-eur-ron,2026-09-01
Curs EUR/RON,2020-02-14,4.7694,RON,RO,BNR,https://www.bnr.ro,https://ecifre.ro/indicatori/curs-eur-ron,2026-09-01
Curs EUR/RON,2020-02-17,4.7748,RON,RO,BNR,https://www.bnr.ro,https://ecifre.ro/indicatori/curs-eur-ron,2026-09-01
Curs EUR/RON,2020-02-18,4.7800,RON,RO,BNR,https://www.bnr.ro,https://ecifre.ro/indicatori/curs-eur-ron,2026-09-01
Curs EUR/RON,2020-02-19,4.7789,RON,RO,BNR,https://www.bnr.ro,https://ecifre.ro/indicatori/curs-eur-ron,2026-09-01
Curs EUR/RON,2020-02-20,4.7834,RON,RO,BNR,https://www.bnr.ro,https://ecifre.ro/indicatori/curs-eur-ron,2026-09-01
Curs EUR/RON,2020-02-21,4.8026,RON,RO,BNR,https://www.bnr.ro,https://ecifre.ro/indicatori/curs-eur-ron,2026-09-01
Curs EUR/RON,2020-02-24,4.8024,RON,RO,BNR,https://www.bnr.ro,https://ecifre.ro/indicatori/curs-eur-ron,2026-09-01
Curs EUR/RON,2020-02-25,4.8079,RON,RO,BNR,https://www.bnr.ro,https://ecifre.ro/indicatori/curs-eur-ron,2026-09-01
Curs EUR/RON,2020-02-26,4.8074,RON,RO,BNR,https://www.bnr.ro,https://ecifre.ro/indicatori/curs-eur-ron,2026-09-01
Curs EUR/RON,2020-02-27,4.8068,RON,RO,BNR,https://www.bnr.ro,https://ecifre.ro/indicatori/curs-eur-ron,2026-09-01
Curs EUR/RON,2020-02-28,4.8127,RON,RO,BNR,https://www.bnr.ro,https://ecifre.ro/indicatori/curs-eur-ron,2026-09-01
Curs EUR/RON,2020-03-02,4.8103,RON,RO,BNR,https://www.bnr.ro,https://ecifre.ro/indicatori/curs-eur-ron,2026-09-01
Curs EUR/RON,2020-03-03,4.8074,RON,RO,BNR,https://www.bnr.ro,https://ecifre.ro/indicatori/curs-eur-ron,2026-09-01
Curs EUR/RON,2020-03-04,4.8057,RON,RO,BNR,https://www.bnr.ro,https://ecifre.ro/indicatori/curs-eur-ron,2026-09-01
Curs EUR/RON,2020-03-05,4.8086,RON,RO,BNR,https://www.bnr.ro,https://ecifre.ro/indicatori/curs-eur-ron,2026-09-01
Curs EUR/RON,2020-03-06,4.8110,RON,RO,BNR,https://www.bnr.ro,https://ecifre.ro/indicatori/curs-eur-ron,2026-09-01
Curs EUR/RON,2020-03-09,4.8184,RON,RO,BNR,https://www.bnr.ro,https://ecifre.ro/indicatori/curs-eur-ron,2026-09-01
Curs EUR/RON,2020-03-10,4.8170,RON,RO,BNR,https://www.bnr.ro,https://ecifre.ro/indicatori/curs-eur-ron,2026-09-01
Curs EUR/RON,2020-03-11,4.8167,RON,RO,BNR,https://www.bnr.ro,https://ecifre.ro/indicatori/curs-eur-ron,2026-09-01
Curs EUR/RON,2020-03-12,4.8157,RON,RO,BNR,https://www.bnr.ro,https://ecifre.ro/indicatori/curs-eur-ron,2026-09-01
Curs EUR/RON,2020-03-13,4.8174,RON,RO,BNR,https://www.bnr.ro,https://ecifre.ro/indicatori/curs-eur-ron,2026-09-01
Curs EUR/RON,2020-03-16,4.8242,RON,RO,BNR,https://www.bnr.ro,https://ecifre.ro/indicatori/curs-eur-ron,2026-09-01
Curs EUR/RON,2020-03-17,4.8448,RON,RO,BNR,https://www.bnr.ro,https://ecifre.ro/indicatori/curs-eur-ron,2026-09-01
Curs EUR/RON,2020-03-18,4.8438,RON,RO,BNR,https://www.bnr.ro,https://ecifre.ro/indicatori/curs-eur-ron,2026-09-01
Curs EUR/RON,2020-03-19,4.8440,RON,RO,BNR,https://www.bnr.ro,https://ecifre.ro/indicatori/curs-eur-ron,2026-09-01
Curs EUR/RON,2020-03-20,4.8444,RON,RO,BNR,https://www.bnr.ro,https://ecifre.ro/indicatori/curs-eur-ron,2026-09-01
Curs EUR/RON,2020-03-23,4.8443,RON,RO,BNR,https://www.bnr.ro,https://ecifre.ro/indicatori/curs-eur-ron,2026-09-01
Curs EUR/RON,2020-03-24,4.8445,RON,RO,BNR,https://www.bnr.ro,https://ecifre.ro/indicatori/curs-eur-ron,2026-09-01
Curs EUR/RON,2020-03-25,4.8367,RON,RO,BNR,https://www.bnr.ro,https://ecifre.ro/indicatori/curs-eur-ron,2026-09-01
Curs EUR/RON,2020-03-26,4.8345,RON,RO,BNR,https://www.bnr.ro,https://ecifre.ro/indicatori/curs-eur-ron,2026-09-01
Curs EUR/RON,2020-03-27,4.8332,RON,RO,BNR,https://www.bnr.ro,https://ecifre.ro/indicatori/curs-eur-ron,2026-09-01
Curs EUR/RON,2020-03-30,4.8297,RON,RO,BNR,https://www.bnr.ro,https://ecifre.ro/indicatori/curs-eur-ron,2026-09-01
Curs EUR/RON,2020-03-31,4.8254,RON,RO,BNR,https://www.bnr.ro,https://ecifre.ro/indicatori/curs-eur-ron,2026-09-01
Curs EUR/RON,2020-04-01,4.8246,RON,RO,BNR,https://www.bnr.ro,https://ecifre.ro/indicatori/curs-eur-ron,2026-09-01
Curs EUR/RON,2020-04-02,4.8288,RON,RO,BNR,https://www.bnr.ro,https://ecifre.ro/indicatori/curs-eur-ron,2026-09-01
Curs EUR/RON,2020-04-03,4.8286,RON,RO,BNR,https://www.bnr.ro,https://ecifre.ro/indicatori/curs-eur-ron,2026-09-01
Curs EUR/RON,2020-04-06,4.8280,RON,RO,BNR,https://www.bnr.ro,https://ecifre.ro/indicatori/curs-eur-ron,2026-09-01
Curs EUR/RON,2020-04-07,4.8314,RON,RO,BNR,https://www.bnr.ro,https://ecifre.ro/indicatori/curs-eur-ron,2026-09-01
Curs EUR/RON,2020-04-08,4.8338,RON,RO,BNR,https://www.bnr.ro,https://ecifre.ro/indicatori/curs-eur-ron,2026-09-01
Curs EUR/RON,2020-04-09,4.8278,RON,RO,BNR,https://www.bnr.ro,https://ecifre.ro/indicatori/curs-eur-ron,2026-09-01
Curs EUR/RON,2020-04-10,4.8277,RON,RO,BNR,https://www.bnr.ro,https://ecifre.ro/indicatori/curs-eur-ron,2026-09-01
Curs EUR/RON,2020-04-13,4.8297,RON,RO,BNR,https://www.bnr.ro,https://ecifre.ro/indicatori/curs-eur-ron,2026-09-01
Curs EUR/RON,2020-04-14,4.8327,RON,RO,BNR,https://www.bnr.ro,https://ecifre.ro/indicatori/curs-eur-ron,2026-09-01
Curs EUR/RON,2020-04-15,4.8345,RON,RO,BNR,https://www.bnr.ro,https://ecifre.ro/indicatori/curs-eur-ron,2026-09-01
Curs EUR/RON,2020-04-16,4.8360,RON,RO,BNR,https://www.bnr.ro,https://ecifre.ro/indicatori/curs-eur-ron,2026-09-01
Curs EUR/RON,2020-04-21,4.8345,RON,RO,BNR,https://www.bnr.ro,https://ecifre.ro/indicatori/curs-eur-ron,2026-09-01
Curs EUR/RON,2020-04-22,4.8382,RON,RO,BNR,https://www.bnr.ro,https://ecifre.ro/indicatori/curs-eur-ron,2026-09-01
Curs EUR/RON,2020-04-23,4.8414,RON,RO,BNR,https://www.bnr.ro,https://ecifre.ro/indicatori/curs-eur-ron,2026-09-01
Curs EUR/RON,2020-04-24,4.8412,RON,RO,BNR,https://www.bnr.ro,https://ecifre.ro/indicatori/curs-eur-ron,2026-09-01
Curs EUR/RON,2020-04-27,4.8360,RON,RO,BNR,https://www.bnr.ro,https://ecifre.ro/indicatori/curs-eur-ron,2026-09-01
Curs EUR/RON,2020-04-28,4.8436,RON,RO,BNR,https://www.bnr.ro,https://ecifre.ro/indicatori/curs-eur-ron,2026-09-01
Curs EUR/RON,2020-04-29,4.8425,RON,RO,BNR,https://www.bnr.ro,https://ecifre.ro/indicatori/curs-eur-ron,2026-09-01
Curs EUR/RON,2020-04-30,4.8421,RON,RO,BNR,https://www.bnr.ro,https://ecifre.ro/indicatori/curs-eur-ron,2026-09-01
Curs EUR/RON,2020-05-04,4.8387,RON,RO,BNR,https://www.bnr.ro,https://ecifre.ro/indicatori/curs-eur-ron,2026-09-01
Curs EUR/RON,2020-05-05,4.8290,RON,RO,BNR,https://www.bnr.ro,https://ecifre.ro/indicatori/curs-eur-ron,2026-09-01
Curs EUR/RON,2020-05-06,4.8258,RON,RO,BNR,https://www.bnr.ro,https://ecifre.ro/indicatori/curs-eur-ron,2026-09-01
Curs EUR/RON,2020-05-07,4.8242,RON,RO,BNR,https://www.bnr.ro,https://ecifre.ro/indicatori/curs-eur-ron,2026-09-01
Curs EUR/RON,2020-05-08,4.8278,RON,RO,BNR,https://www.bnr.ro,https://ecifre.ro/indicatori/curs-eur-ron,2026-09-01
Curs EUR/RON,2020-05-11,4.8295,RON,RO,BNR,https://www.bnr.ro,https://ecifre.ro/indicatori/curs-eur-ron,2026-09-01
Curs EUR/RON,2020-05-12,4.8297,RON,RO,BNR,https://www.bnr.ro,https://ecifre.ro/indicatori/curs-eur-ron,2026-09-01
Curs EUR/RON,2020-05-13,4.8349,RON,RO,BNR,https://www.bnr.ro,https://ecifre.ro/indicatori/curs-eur-ron,2026-09-01
Curs EUR/RON,2020-05-14,4.8376,RON,RO,BNR,https://www.bnr.ro,https://ecifre.ro/indicatori/curs-eur-ron,2026-09-01
Curs EUR/RON,2020-05-15,4.8390,RON,RO,BNR,https://www.bnr.ro,https://ecifre.ro/indicatori/curs-eur-ron,2026-09-01
Curs EUR/RON,2020-05-18,4.8392,RON,RO,BNR,https://www.bnr.ro,https://ecifre.ro/indicatori/curs-eur-ron,2026-09-01
Curs EUR/RON,2020-05-19,4.8395,RON,RO,BNR,https://www.bnr.ro,https://ecifre.ro/indicatori/curs-eur-ron,2026-09-01
Curs EUR/RON,2020-05-20,4.8421,RON,RO,BNR,https://www.bnr.ro,https://ecifre.ro/indicatori/curs-eur-ron,2026-09-01
Curs EUR/RON,2020-05-21,4.8425,RON,RO,BNR,https://www.bnr.ro,https://ecifre.ro/indicatori/curs-eur-ron,2026-09-01
Curs EUR/RON,2020-05-22,4.8422,RON,RO,BNR,https://www.bnr.ro,https://ecifre.ro/indicatori/curs-eur-ron,2026-09-01
Curs EUR/RON,2020-05-25,4.8396,RON,RO,BNR,https://www.bnr.ro,https://ecifre.ro/indicatori/curs-eur-ron,2026-09-01
Curs EUR/RON,2020-05-26,4.8415,RON,RO,BNR,https://www.bnr.ro,https://ecifre.ro/indicatori/curs-eur-ron,2026-09-01
Curs EUR/RON,2020-05-27,4.8432,RON,RO,BNR,https://www.bnr.ro,https://ecifre.ro/indicatori/curs-eur-ron,2026-09-01
Curs EUR/RON,2020-05-28,4.8421,RON,RO,BNR,https://www.bnr.ro,https://ecifre.ro/indicatori/curs-eur-ron,2026-09-01
Curs EUR/RON,2020-05-29,4.8426,RON,RO,BNR,https://www.bnr.ro,https://ecifre.ro/indicatori/curs-eur-ron,2026-09-01
Curs EUR/RON,2020-06-02,4.8419,RON,RO,BNR,https://www.bnr.ro,https://ecifre.ro/indicatori/curs-eur-ron,2026-09-01
Curs EUR/RON,2020-06-03,4.8398,RON,RO,BNR,https://www.bnr.ro,https://ecifre.ro/indicatori/curs-eur-ron,2026-09-01
Curs EUR/RON,2020-06-04,4.8387,RON,RO,BNR,https://www.bnr.ro,https://ecifre.ro/indicatori/curs-eur-ron,2026-09-01
Curs EUR/RON,2020-06-05,4.8393,RON,RO,BNR,https://www.bnr.ro,https://ecifre.ro/indicatori/curs-eur-ron,2026-09-01
Curs EUR/RON,2020-06-09,4.8377,RON,RO,BNR,https://www.bnr.ro,https://ecifre.ro/indicatori/curs-eur-ron,2026-09-01
Curs EUR/RON,2020-06-10,4.8338,RON,RO,BNR,https://www.bnr.ro,https://ecifre.ro/indicatori/curs-eur-ron,2026-09-01
Curs EUR/RON,2020-06-11,4.8358,RON,RO,BNR,https://www.bnr.ro,https://ecifre.ro/indicatori/curs-eur-ron,2026-09-01
Curs EUR/RON,2020-06-12,4.8340,RON,RO,BNR,https://www.bnr.ro,https://ecifre.ro/indicatori/curs-eur-ron,2026-09-01
Curs EUR/RON,2020-06-15,4.8337,RON,RO,BNR,https://www.bnr.ro,https://ecifre.ro/indicatori/curs-eur-ron,2026-09-01
Curs EUR/RON,2020-06-16,4.8360,RON,RO,BNR,https://www.bnr.ro,https://ecifre.ro/indicatori/curs-eur-ron,2026-09-01
Curs EUR/RON,2020-06-17,4.8350,RON,RO,BNR,https://www.bnr.ro,https://ecifre.ro/indicatori/curs-eur-ron,2026-09-01
Curs EUR/RON,2020-06-18,4.8394,RON,RO,BNR,https://www.bnr.ro,https://ecifre.ro/indicatori/curs-eur-ron,2026-09-01
Curs EUR/RON,2020-06-19,4.8421,RON,RO,BNR,https://www.bnr.ro,https://ecifre.ro/indicatori/curs-eur-ron,2026-09-01
Curs EUR/RON,2020-06-22,4.8415,RON,RO,BNR,https://www.bnr.ro,https://ecifre.ro/indicatori/curs-eur-ron,2026-09-01
Curs EUR/RON,2020-06-23,4.8428,RON,RO,BNR,https://www.bnr.ro,https://ecifre.ro/indicatori/curs-eur-ron,2026-09-01
Curs EUR/RON,2020-06-24,4.8432,RON,RO,BNR,https://www.bnr.ro,https://ecifre.ro/indicatori/curs-eur-ron,2026-09-01
Curs EUR/RON,2020-06-25,4.8422,RON,RO,BNR,https://www.bnr.ro,https://ecifre.ro/indicatori/curs-eur-ron,2026-09-01
Curs EUR/RON,2020-06-26,4.8421,RON,RO,BNR,https://www.bnr.ro,https://ecifre.ro/indicatori/curs-eur-ron,2026-09-01
Curs EUR/RON,2020-06-29,4.8439,RON,RO,BNR,https://www.bnr.ro,https://ecifre.ro/indicatori/curs-eur-ron,2026-09-01
Curs EUR/RON,2020-06-30,4.8423,RON,RO,BNR,https://www.bnr.ro,https://ecifre.ro/indicatori/curs-eur-ron,2026-09-01
Curs EUR/RON,2020-07-01,4.8372,RON,RO,BNR,https://www.bnr.ro,https://ecifre.ro/indicatori/curs-eur-ron,2026-09-01
Curs EUR/RON,2020-07-02,4.8319,RON,RO,BNR,https://www.bnr.ro,https://ecifre.ro/indicatori/curs-eur-ron,2026-09-01
Curs EUR/RON,2020-07-03,4.8378,RON,RO,BNR,https://www.bnr.ro,https://ecifre.ro/indicatori/curs-eur-ron,2026-09-01
Curs EUR/RON,2020-07-06,4.8365,RON,RO,BNR,https://www.bnr.ro,https://ecifre.ro/indicatori/curs-eur-ron,2026-09-01
Curs EUR/RON,2020-07-07,4.8397,RON,RO,BNR,https://www.bnr.ro,https://ecifre.ro/indicatori/curs-eur-ron,2026-09-01
Curs EUR/RON,2020-07-08,4.8406,RON,RO,BNR,https://www.bnr.ro,https://ecifre.ro/indicatori/curs-eur-ron,2026-09-01
Curs EUR/RON,2020-07-09,4.8408,RON,RO,BNR,https://www.bnr.ro,https://ecifre.ro/indicatori/curs-eur-ron,2026-09-01
Curs EUR/RON,2020-07-10,4.8418,RON,RO,BNR,https://www.bnr.ro,https://ecifre.ro/indicatori/curs-eur-ron,2026-09-01
Curs EUR/RON,2020-07-13,4.8423,RON,RO,BNR,https://www.bnr.ro,https://ecifre.ro/indicatori/curs-eur-ron,2026-09-01
Curs EUR/RON,2020-07-14,4.8430,RON,RO,BNR,https://www.bnr.ro,https://ecifre.ro/indicatori/curs-eur-ron,2026-09-01
Curs EUR/RON,2020-07-15,4.8433,RON,RO,BNR,https://www.bnr.ro,https://ecifre.ro/indicatori/curs-eur-ron,2026-09-01
Curs EUR/RON,2020-07-16,4.8429,RON,RO,BNR,https://www.bnr.ro,https://ecifre.ro/indicatori/curs-eur-ron,2026-09-01
Curs EUR/RON,2020-07-17,4.8428,RON,RO,BNR,https://www.bnr.ro,https://ecifre.ro/indicatori/curs-eur-ron,2026-09-01
Curs EUR/RON,2020-07-20,4.8427,RON,RO,BNR,https://www.bnr.ro,https://ecifre.ro/indicatori/curs-eur-ron,2026-09-01
Curs EUR/RON,2020-07-21,4.8417,RON,RO,BNR,https://www.bnr.ro,https://ecifre.ro/indicatori/curs-eur-ron,2026-09-01
Curs EUR/RON,2020-07-22,4.8401,RON,RO,BNR,https://www.bnr.ro,https://ecifre.ro/indicatori/curs-eur-ron,2026-09-01
Curs EUR/RON,2020-07-23,4.8353,RON,RO,BNR,https://www.bnr.ro,https://ecifre.ro/indicatori/curs-eur-ron,2026-09-01
Curs EUR/RON,2020-07-24,4.8340,RON,RO,BNR,https://www.bnr.ro,https://ecifre.ro/indicatori/curs-eur-ron,2026-09-01
Curs EUR/RON,2020-07-27,4.8276,RON,RO,BNR,https://www.bnr.ro,https://ecifre.ro/indicatori/curs-eur-ron,2026-09-01
Curs EUR/RON,2020-07-28,4.8335,RON,RO,BNR,https://www.bnr.ro,https://ecifre.ro/indicatori/curs-eur-ron,2026-09-01
Curs EUR/RON,2020-07-29,4.8342,RON,RO,BNR,https://www.bnr.ro,https://ecifre.ro/indicatori/curs-eur-ron,2026-09-01
Curs EUR/RON,2020-07-30,4.8321,RON,RO,BNR,https://www.bnr.ro,https://ecifre.ro/indicatori/curs-eur-ron,2026-09-01
Curs EUR/RON,2020-07-31,4.8316,RON,RO,BNR,https://www.bnr.ro,https://ecifre.ro/indicatori/curs-eur-ron,2026-09-01
Curs EUR/RON,2020-08-03,4.8351,RON,RO,BNR,https://www.bnr.ro,https://ecifre.ro/indicatori/curs-eur-ron,2026-09-01
Curs EUR/RON,2020-08-04,4.8341,RON,RO,BNR,https://www.bnr.ro,https://ecifre.ro/indicatori/curs-eur-ron,2026-09-01
Curs EUR/RON,2020-08-05,4.8336,RON,RO,BNR,https://www.bnr.ro,https://ecifre.ro/indicatori/curs-eur-ron,2026-09-01
Curs EUR/RON,2020-08-06,4.8359,RON,RO,BNR,https://www.bnr.ro,https://ecifre.ro/indicatori/curs-eur-ron,2026-09-01
Curs EUR/RON,2020-08-07,4.8375,RON,RO,BNR,https://www.bnr.ro,https://ecifre.ro/indicatori/curs-eur-ron,2026-09-01
Curs EUR/RON,2020-08-10,4.8359,RON,RO,BNR,https://www.bnr.ro,https://ecifre.ro/indicatori/curs-eur-ron,2026-09-01
Curs EUR/RON,2020-08-11,4.8347,RON,RO,BNR,https://www.bnr.ro,https://ecifre.ro/indicatori/curs-eur-ron,2026-09-01
Curs EUR/RON,2020-08-12,4.8357,RON,RO,BNR,https://www.bnr.ro,https://ecifre.ro/indicatori/curs-eur-ron,2026-09-01
Curs EUR/RON,2020-08-13,4.8344,RON,RO,BNR,https://www.bnr.ro,https://ecifre.ro/indicatori/curs-eur-ron,2026-09-01
Curs EUR/RON,2020-08-14,4.8358,RON,RO,BNR,https://www.bnr.ro,https://ecifre.ro/indicatori/curs-eur-ron,2026-09-01
Curs EUR/RON,2020-08-17,4.8344,RON,RO,BNR,https://www.bnr.ro,https://ecifre.ro/indicatori/curs-eur-ron,2026-09-01
Curs EUR/RON,2020-08-18,4.8349,RON,RO,BNR,https://www.bnr.ro,https://ecifre.ro/indicatori/curs-eur-ron,2026-09-01
Curs EUR/RON,2020-08-19,4.8390,RON,RO,BNR,https://www.bnr.ro,https://ecifre.ro/indicatori/curs-eur-ron,2026-09-01
Curs EUR/RON,2020-08-20,4.8396,RON,RO,BNR,https://www.bnr.ro,https://ecifre.ro/indicatori/curs-eur-ron,2026-09-01
Curs EUR/RON,2020-08-21,4.8400,RON,RO,BNR,https://www.bnr.ro,https://ecifre.ro/indicatori/curs-eur-ron,2026-09-01
Curs EUR/RON,2020-08-24,4.8402,RON,RO,BNR,https://www.bnr.ro,https://ecifre.ro/indicatori/curs-eur-ron,2026-09-01
Curs EUR/RON,2020-08-25,4.8392,RON,RO,BNR,https://www.bnr.ro,https://ecifre.ro/indicatori/curs-eur-ron,2026-09-01
Curs EUR/RON,2020-08-26,4.8404,RON,RO,BNR,https://www.bnr.ro,https://ecifre.ro/indicatori/curs-eur-ron,2026-09-01
Curs EUR/RON,2020-08-27,4.8424,RON,RO,BNR,https://www.bnr.ro,https://ecifre.ro/indicatori/curs-eur-ron,2026-09-01
Curs EUR/RON,2020-08-28,4.8387,RON,RO,BNR,https://www.bnr.ro,https://ecifre.ro/indicatori/curs-eur-ron,2026-09-01
Curs EUR/RON,2020-08-31,4.8404,RON,RO,BNR,https://www.bnr.ro,https://ecifre.ro/indicatori/curs-eur-ron,2026-09-01
Curs EUR/RON,2020-09-01,4.8393,RON,RO,BNR,https://www.bnr.ro,https://ecifre.ro/indicatori/curs-eur-ron,2026-09-01
Curs EUR/RON,2020-09-02,4.8409,RON,RO,BNR,https://www.bnr.ro,https://ecifre.ro/indicatori/curs-eur-ron,2026-09-01
Curs EUR/RON,2020-09-03,4.8442,RON,RO,BNR,https://www.bnr.ro,https://ecifre.ro/indicatori/curs-eur-ron,2026-09-01
Curs EUR/RON,2020-09-04,4.8492,RON,RO,BNR,https://www.bnr.ro,https://ecifre.ro/indicatori/curs-eur-ron,2026-09-01
Curs EUR/RON,2020-09-07,4.8552,RON,RO,BNR,https://www.bnr.ro,https://ecifre.ro/indicatori/curs-eur-ron,2026-09-01
Curs EUR/RON,2020-09-08,4.8545,RON,RO,BNR,https://www.bnr.ro,https://ecifre.ro/indicatori/curs-eur-ron,2026-09-01
Curs EUR/RON,2020-09-09,4.8590,RON,RO,BNR,https://www.bnr.ro,https://ecifre.ro/indicatori/curs-eur-ron,2026-09-01
Curs EUR/RON,2020-09-10,4.8573,RON,RO,BNR,https://www.bnr.ro,https://ecifre.ro/indicatori/curs-eur-ron,2026-09-01
Curs EUR/RON,2020-09-11,4.8567,RON,RO,BNR,https://www.bnr.ro,https://ecifre.ro/indicatori/curs-eur-ron,2026-09-01
Curs EUR/RON,2020-09-14,4.8573,RON,RO,BNR,https://www.bnr.ro,https://ecifre.ro/indicatori/curs-eur-ron,2026-09-01
Curs EUR/RON,2020-09-15,4.8567,RON,RO,BNR,https://www.bnr.ro,https://ecifre.ro/indicatori/curs-eur-ron,2026-09-01
Curs EUR/RON,2020-09-16,4.8586,RON,RO,BNR,https://www.bnr.ro,https://ecifre.ro/indicatori/curs-eur-ron,2026-09-01
Curs EUR/RON,2020-09-17,4.8595,RON,RO,BNR,https://www.bnr.ro,https://ecifre.ro/indicatori/curs-eur-ron,2026-09-01
Curs EUR/RON,2020-09-18,4.8582,RON,RO,BNR,https://www.bnr.ro,https://ecifre.ro/indicatori/curs-eur-ron,2026-09-01
Curs EUR/RON,2020-09-21,4.8583,RON,RO,BNR,https://www.bnr.ro,https://ecifre.ro/indicatori/curs-eur-ron,2026-09-01
Curs EUR/RON,2020-09-22,4.8590,RON,RO,BNR,https://www.bnr.ro,https://ecifre.ro/indicatori/curs-eur-ron,2026-09-01
Curs EUR/RON,2020-09-23,4.8641,RON,RO,BNR,https://www.bnr.ro,https://ecifre.ro/indicatori/curs-eur-ron,2026-09-01
Curs EUR/RON,2020-09-24,4.8722,RON,RO,BNR,https://www.bnr.ro,https://ecifre.ro/indicatori/curs-eur-ron,2026-09-01
Curs EUR/RON,2020-09-25,4.8750,RON,RO,BNR,https://www.bnr.ro,https://ecifre.ro/indicatori/curs-eur-ron,2026-09-01
Curs EUR/RON,2020-09-28,4.8705,RON,RO,BNR,https://www.bnr.ro,https://ecifre.ro/indicatori/curs-eur-ron,2026-09-01
Curs EUR/RON,2020-09-29,4.8738,RON,RO,BNR,https://www.bnr.ro,https://ecifre.ro/indicatori/curs-eur-ron,2026-09-01
Curs EUR/RON,2020-09-30,4.8698,RON,RO,BNR,https://www.bnr.ro,https://ecifre.ro/indicatori/curs-eur-ron,2026-09-01
Curs EUR/RON,2020-10-01,4.8721,RON,RO,BNR,https://www.bnr.ro,https://ecifre.ro/indicatori/curs-eur-ron,2026-09-01
Curs EUR/RON,2020-10-02,4.8718,RON,RO,BNR,https://www.bnr.ro,https://ecifre.ro/indicatori/curs-eur-ron,2026-09-01
Curs EUR/RON,2020-10-05,4.8695,RON,RO,BNR,https://www.bnr.ro,https://ecifre.ro/indicatori/curs-eur-ron,2026-09-01
Curs EUR/RON,2020-10-06,4.8742,RON,RO,BNR,https://www.bnr.ro,https://ecifre.ro/indicatori/curs-eur-ron,2026-09-01
Curs EUR/RON,2020-10-07,4.8729,RON,RO,BNR,https://www.bnr.ro,https://ecifre.ro/indicatori/curs-eur-ron,2026-09-01
Curs EUR/RON,2020-10-08,4.8741,RON,RO,BNR,https://www.bnr.ro,https://ecifre.ro/indicatori/curs-eur-ron,2026-09-01
Curs EUR/RON,2020-10-09,4.8720,RON,RO,BNR,https://www.bnr.ro,https://ecifre.ro/indicatori/curs-eur-ron,2026-09-01
Curs EUR/RON,2020-10-12,4.8718,RON,RO,BNR,https://www.bnr.ro,https://ecifre.ro/indicatori/curs-eur-ron,2026-09-01
Curs EUR/RON,2020-10-13,4.8739,RON,RO,BNR,https://www.bnr.ro,https://ecifre.ro/indicatori/curs-eur-ron,2026-09-01
Curs EUR/RON,2020-10-14,4.8734,RON,RO,BNR,https://www.bnr.ro,https://ecifre.ro/indicatori/curs-eur-ron,2026-09-01
Curs EUR/RON,2020-10-15,4.8736,RON,RO,BNR,https://www.bnr.ro,https://ecifre.ro/indicatori/curs-eur-ron,2026-09-01
Curs EUR/RON,2020-10-16,4.8737,RON,RO,BNR,https://www.bnr.ro,https://ecifre.ro/indicatori/curs-eur-ron,2026-09-01
Curs EUR/RON,2020-10-19,4.8746,RON,RO,BNR,https://www.bnr.ro,https://ecifre.ro/indicatori/curs-eur-ron,2026-09-01
Curs EUR/RON,2020-10-20,4.8738,RON,RO,BNR,https://www.bnr.ro,https://ecifre.ro/indicatori/curs-eur-ron,2026-09-01
Curs EUR/RON,2020-10-21,4.8737,RON,RO,BNR,https://www.bnr.ro,https://ecifre.ro/indicatori/curs-eur-ron,2026-09-01
Curs EUR/RON,2020-10-22,4.8730,RON,RO,BNR,https://www.bnr.ro,https://ecifre.ro/indicatori/curs-eur-ron,2026-09-01
Curs EUR/RON,2020-10-23,4.8744,RON,RO,BNR,https://www.bnr.ro,https://ecifre.ro/indicatori/curs-eur-ron,2026-09-01
Curs EUR/RON,2020-10-26,4.8731,RON,RO,BNR,https://www.bnr.ro,https://ecifre.ro/indicatori/curs-eur-ron,2026-09-01
Curs EUR/RON,2020-10-27,4.8741,RON,RO,BNR,https://www.bnr.ro,https://ecifre.ro/indicatori/curs-eur-ron,2026-09-01
Curs EUR/RON,2020-10-28,4.8746,RON,RO,BNR,https://www.bnr.ro,https://ecifre.ro/indicatori/curs-eur-ron,2026-09-01
Curs EUR/RON,2020-10-29,4.8747,RON,RO,BNR,https://www.bnr.ro,https://ecifre.ro/indicatori/curs-eur-ron,2026-09-01
Curs EUR/RON,2020-10-30,4.8743,RON,RO,BNR,https://www.bnr.ro,https://ecifre.ro/indicatori/curs-eur-ron,2026-09-01
Curs EUR/RON,2020-11-02,4.8643,RON,RO,BNR,https://www.bnr.ro,https://ecifre.ro/indicatori/curs-eur-ron,2026-09-01
Curs EUR/RON,2020-11-03,4.8675,RON,RO,BNR,https://www.bnr.ro,https://ecifre.ro/indicatori/curs-eur-ron,2026-09-01
Curs EUR/RON,2020-11-04,4.8672,RON,RO,BNR,https://www.bnr.ro,https://ecifre.ro/indicatori/curs-eur-ron,2026-09-01
Curs EUR/RON,2020-11-05,4.8657,RON,RO,BNR,https://www.bnr.ro,https://ecifre.ro/indicatori/curs-eur-ron,2026-09-01
Curs EUR/RON,2020-11-06,4.8668,RON,RO,BNR,https://www.bnr.ro,https://ecifre.ro/indicatori/curs-eur-ron,2026-09-01
Curs EUR/RON,2020-11-09,4.8674,RON,RO,BNR,https://www.bnr.ro,https://ecifre.ro/indicatori/curs-eur-ron,2026-09-01
Curs EUR/RON,2020-11-10,4.8667,RON,RO,BNR,https://www.bnr.ro,https://ecifre.ro/indicatori/curs-eur-ron,2026-09-01
Curs EUR/RON,2020-11-11,4.8678,RON,RO,BNR,https://www.bnr.ro,https://ecifre.ro/indicatori/curs-eur-ron,2026-09-01
Curs EUR/RON,2020-11-12,4.8686,RON,RO,BNR,https://www.bnr.ro,https://ecifre.ro/indicatori/curs-eur-ron,2026-09-01
Curs EUR/RON,2020-11-13,4.8690,RON,RO,BNR,https://www.bnr.ro,https://ecifre.ro/indicatori/curs-eur-ron,2026-09-01
Curs EUR/RON,2020-11-16,4.8715,RON,RO,BNR,https://www.bnr.ro,https://ecifre.ro/indicatori/curs-eur-ron,2026-09-01
Curs EUR/RON,2020-11-17,4.8729,RON,RO,BNR,https://www.bnr.ro,https://ecifre.ro/indicatori/curs-eur-ron,2026-09-01
Curs EUR/RON,2020-11-18,4.8725,RON,RO,BNR,https://www.bnr.ro,https://ecifre.ro/indicatori/curs-eur-ron,2026-09-01
Curs EUR/RON,2020-11-19,4.8729,RON,RO,BNR,https://www.bnr.ro,https://ecifre.ro/indicatori/curs-eur-ron,2026-09-01
Curs EUR/RON,2020-11-20,4.8730,RON,RO,BNR,https://www.bnr.ro,https://ecifre.ro/indicatori/curs-eur-ron,2026-09-01
Curs EUR/RON,2020-11-23,4.8732,RON,RO,BNR,https://www.bnr.ro,https://ecifre.ro/indicatori/curs-eur-ron,2026-09-01
Curs EUR/RON,2020-11-24,4.8703,RON,RO,BNR,https://www.bnr.ro,https://ecifre.ro/indicatori/curs-eur-ron,2026-09-01
Curs EUR/RON,2020-11-25,4.8730,RON,RO,BNR,https://www.bnr.ro,https://ecifre.ro/indicatori/curs-eur-ron,2026-09-01
Curs EUR/RON,2020-11-26,4.8738,RON,RO,BNR,https://www.bnr.ro,https://ecifre.ro/indicatori/curs-eur-ron,2026-09-01
Curs EUR/RON,2020-11-27,4.8735,RON,RO,BNR,https://www.bnr.ro,https://ecifre.ro/indicatori/curs-eur-ron,2026-09-01
Curs EUR/RON,2020-12-02,4.8721,RON,RO,BNR,https://www.bnr.ro,https://ecifre.ro/indicatori/curs-eur-ron,2026-09-01
Curs EUR/RON,2020-12-03,4.8736,RON,RO,BNR,https://www.bnr.ro,https://ecifre.ro/indicatori/curs-eur-ron,2026-09-01
Curs EUR/RON,2020-12-04,4.8725,RON,RO,BNR,https://www.bnr.ro,https://ecifre.ro/indicatori/curs-eur-ron,2026-09-01
Curs EUR/RON,2020-12-07,4.8733,RON,RO,BNR,https://www.bnr.ro,https://ecifre.ro/indicatori/curs-eur-ron,2026-09-01
Curs EUR/RON,2020-12-08,4.8735,RON,RO,BNR,https://www.bnr.ro,https://ecifre.ro/indicatori/curs-eur-ron,2026-09-01
Curs EUR/RON,2020-12-09,4.8680,RON,RO,BNR,https://www.bnr.ro,https://ecifre.ro/indicatori/curs-eur-ron,2026-09-01
Curs EUR/RON,2020-12-10,4.8692,RON,RO,BNR,https://www.bnr.ro,https://ecifre.ro/indicatori/curs-eur-ron,2026-09-01
Curs EUR/RON,2020-12-11,4.8693,RON,RO,BNR,https://www.bnr.ro,https://ecifre.ro/indicatori/curs-eur-ron,2026-09-01
Curs EUR/RON,2020-12-14,4.8730,RON,RO,BNR,https://www.bnr.ro,https://ecifre.ro/indicatori/curs-eur-ron,2026-09-01
Curs EUR/RON,2020-12-15,4.8686,RON,RO,BNR,https://www.bnr.ro,https://ecifre.ro/indicatori/curs-eur-ron,2026-09-01
Curs EUR/RON,2020-12-16,4.8684,RON,RO,BNR,https://www.bnr.ro,https://ecifre.ro/indicatori/curs-eur-ron,2026-09-01
Curs EUR/RON,2020-12-17,4.8697,RON,RO,BNR,https://www.bnr.ro,https://ecifre.ro/indicatori/curs-eur-ron,2026-09-01
Curs EUR/RON,2020-12-18,4.8677,RON,RO,BNR,https://www.bnr.ro,https://ecifre.ro/indicatori/curs-eur-ron,2026-09-01
Curs EUR/RON,2020-12-21,4.8663,RON,RO,BNR,https://www.bnr.ro,https://ecifre.ro/indicatori/curs-eur-ron,2026-09-01
Curs EUR/RON,2020-12-22,4.8649,RON,RO,BNR,https://www.bnr.ro,https://ecifre.ro/indicatori/curs-eur-ron,2026-09-01
Curs EUR/RON,2020-12-23,4.8705,RON,RO,BNR,https://www.bnr.ro,https://ecifre.ro/indicatori/curs-eur-ron,2026-09-01
Curs EUR/RON,2020-12-24,4.8720,RON,RO,BNR,https://www.bnr.ro,https://ecifre.ro/indicatori/curs-eur-ron,2026-09-01
Curs EUR/RON,2020-12-28,4.8735,RON,RO,BNR,https://www.bnr.ro,https://ecifre.ro/indicatori/curs-eur-ron,2026-09-01
Curs EUR/RON,2020-12-29,4.8743,RON,RO,BNR,https://www.bnr.ro,https://ecifre.ro/indicatori/curs-eur-ron,2026-09-01
Curs EUR/RON,2020-12-30,4.8744,RON,RO,BNR,https://www.bnr.ro,https://ecifre.ro/indicatori/curs-eur-ron,2026-09-01
Curs EUR/RON,2020-12-31,4.8694,RON,RO,BNR,https://www.bnr.ro,https://ecifre.ro/indicatori/curs-eur-ron,2026-09-01
Curs EUR/RON,2021-01-04,4.8691,RON,RO,BNR,https://www.bnr.ro,https://ecifre.ro/indicatori/curs-eur-ron,2026-09-01
Curs EUR/RON,2021-01-05,4.8710,RON,RO,BNR,https://www.bnr.ro,https://ecifre.ro/indicatori/curs-eur-ron,2026-09-01
Curs EUR/RON,2021-01-06,4.8700,RON,RO,BNR,https://www.bnr.ro,https://ecifre.ro/indicatori/curs-eur-ron,2026-09-01
Curs EUR/RON,2021-01-07,4.8701,RON,RO,BNR,https://www.bnr.ro,https://ecifre.ro/indicatori/curs-eur-ron,2026-09-01
Curs EUR/RON,2021-01-08,4.8704,RON,RO,BNR,https://www.bnr.ro,https://ecifre.ro/indicatori/curs-eur-ron,2026-09-01
Curs EUR/RON,2021-01-11,4.8709,RON,RO,BNR,https://www.bnr.ro,https://ecifre.ro/indicatori/curs-eur-ron,2026-09-01
Curs EUR/RON,2021-01-12,4.8715,RON,RO,BNR,https://www.bnr.ro,https://ecifre.ro/indicatori/curs-eur-ron,2026-09-01
Curs EUR/RON,2021-01-13,4.8738,RON,RO,BNR,https://www.bnr.ro,https://ecifre.ro/indicatori/curs-eur-ron,2026-09-01
Curs EUR/RON,2021-01-14,4.8728,RON,RO,BNR,https://www.bnr.ro,https://ecifre.ro/indicatori/curs-eur-ron,2026-09-01
Curs EUR/RON,2021-01-15,4.8737,RON,RO,BNR,https://www.bnr.ro,https://ecifre.ro/indicatori/curs-eur-ron,2026-09-01
Curs EUR/RON,2021-01-18,4.8740,RON,RO,BNR,https://www.bnr.ro,https://ecifre.ro/indicatori/curs-eur-ron,2026-09-01
Curs EUR/RON,2021-01-19,4.8742,RON,RO,BNR,https://www.bnr.ro,https://ecifre.ro/indicatori/curs-eur-ron,2026-09-01
Curs EUR/RON,2021-01-20,4.8741,RON,RO,BNR,https://www.bnr.ro,https://ecifre.ro/indicatori/curs-eur-ron,2026-09-01
Curs EUR/RON,2021-01-21,4.8738,RON,RO,BNR,https://www.bnr.ro,https://ecifre.ro/indicatori/curs-eur-ron,2026-09-01
Curs EUR/RON,2021-01-22,4.8740,RON,RO,BNR,https://www.bnr.ro,https://ecifre.ro/indicatori/curs-eur-ron,2026-09-01
Curs EUR/RON,2021-01-25,4.8744,RON,RO,BNR,https://www.bnr.ro,https://ecifre.ro/indicatori/curs-eur-ron,2026-09-01
Curs EUR/RON,2021-01-26,4.8746,RON,RO,BNR,https://www.bnr.ro,https://ecifre.ro/indicatori/curs-eur-ron,2026-09-01
Curs EUR/RON,2021-01-27,4.8745,RON,RO,BNR,https://www.bnr.ro,https://ecifre.ro/indicatori/curs-eur-ron,2026-09-01
Curs EUR/RON,2021-01-28,4.8742,RON,RO,BNR,https://www.bnr.ro,https://ecifre.ro/indicatori/curs-eur-ron,2026-09-01
Curs EUR/RON,2021-01-29,4.8743,RON,RO,BNR,https://www.bnr.ro,https://ecifre.ro/indicatori/curs-eur-ron,2026-09-01
Curs EUR/RON,2021-02-01,4.8728,RON,RO,BNR,https://www.bnr.ro,https://ecifre.ro/indicatori/curs-eur-ron,2026-09-01
Curs EUR/RON,2021-02-02,4.8739,RON,RO,BNR,https://www.bnr.ro,https://ecifre.ro/indicatori/curs-eur-ron,2026-09-01
Curs EUR/RON,2021-02-03,4.8713,RON,RO,BNR,https://www.bnr.ro,https://ecifre.ro/indicatori/curs-eur-ron,2026-09-01
Curs EUR/RON,2021-02-04,4.8742,RON,RO,BNR,https://www.bnr.ro,https://ecifre.ro/indicatori/curs-eur-ron,2026-09-01
Curs EUR/RON,2021-02-05,4.8744,RON,RO,BNR,https://www.bnr.ro,https://ecifre.ro/indicatori/curs-eur-ron,2026-09-01
Curs EUR/RON,2021-02-08,4.8740,RON,RO,BNR,https://www.bnr.ro,https://ecifre.ro/indicatori/curs-eur-ron,2026-09-01
Curs EUR/RON,2021-02-09,4.8745,RON,RO,BNR,https://www.bnr.ro,https://ecifre.ro/indicatori/curs-eur-ron,2026-09-01
Curs EUR/RON,2021-02-10,4.8744,RON,RO,BNR,https://www.bnr.ro,https://ecifre.ro/indicatori/curs-eur-ron,2026-09-01
Curs EUR/RON,2021-02-11,4.8741,RON,RO,BNR,https://www.bnr.ro,https://ecifre.ro/indicatori/curs-eur-ron,2026-09-01
Curs EUR/RON,2021-02-12,4.8743,RON,RO,BNR,https://www.bnr.ro,https://ecifre.ro/indicatori/curs-eur-ron,2026-09-01
Curs EUR/RON,2021-02-15,4.8745,RON,RO,BNR,https://www.bnr.ro,https://ecifre.ro/indicatori/curs-eur-ron,2026-09-01
Curs EUR/RON,2021-02-16,4.8747,RON,RO,BNR,https://www.bnr.ro,https://ecifre.ro/indicatori/curs-eur-ron,2026-09-01
Curs EUR/RON,2021-02-17,4.8746,RON,RO,BNR,https://www.bnr.ro,https://ecifre.ro/indicatori/curs-eur-ron,2026-09-01
Curs EUR/RON,2021-02-18,4.8748,RON,RO,BNR,https://www.bnr.ro,https://ecifre.ro/indicatori/curs-eur-ron,2026-09-01
Curs EUR/RON,2021-02-19,4.8747,RON,RO,BNR,https://www.bnr.ro,https://ecifre.ro/indicatori/curs-eur-ron,2026-09-01
Curs EUR/RON,2021-02-22,4.8746,RON,RO,BNR,https://www.bnr.ro,https://ecifre.ro/indicatori/curs-eur-ron,2026-09-01
Curs EUR/RON,2021-02-23,4.8745,RON,RO,BNR,https://www.bnr.ro,https://ecifre.ro/indicatori/curs-eur-ron,2026-09-01
Curs EUR/RON,2021-02-24,4.8743,RON,RO,BNR,https://www.bnr.ro,https://ecifre.ro/indicatori/curs-eur-ron,2026-09-01
Curs EUR/RON,2021-02-25,4.8725,RON,RO,BNR,https://www.bnr.ro,https://ecifre.ro/indicatori/curs-eur-ron,2026-09-01
Curs EUR/RON,2021-02-26,4.8745,RON,RO,BNR,https://www.bnr.ro,https://ecifre.ro/indicatori/curs-eur-ron,2026-09-01
Curs EUR/RON,2021-03-01,4.8744,RON,RO,BNR,https://www.bnr.ro,https://ecifre.ro/indicatori/curs-eur-ron,2026-09-01
Curs EUR/RON,2021-03-02,4.8747,RON,RO,BNR,https://www.bnr.ro,https://ecifre.ro/indicatori/curs-eur-ron,2026-09-01
Curs EUR/RON,2021-03-03,4.8768,RON,RO,BNR,https://www.bnr.ro,https://ecifre.ro/indicatori/curs-eur-ron,2026-09-01
Curs EUR/RON,2021-03-04,4.8784,RON,RO,BNR,https://www.bnr.ro,https://ecifre.ro/indicatori/curs-eur-ron,2026-09-01
Curs EUR/RON,2021-03-05,4.8831,RON,RO,BNR,https://www.bnr.ro,https://ecifre.ro/indicatori/curs-eur-ron,2026-09-01
Curs EUR/RON,2021-03-08,4.8838,RON,RO,BNR,https://www.bnr.ro,https://ecifre.ro/indicatori/curs-eur-ron,2026-09-01
Curs EUR/RON,2021-03-09,4.8849,RON,RO,BNR,https://www.bnr.ro,https://ecifre.ro/indicatori/curs-eur-ron,2026-09-01
Curs EUR/RON,2021-03-10,4.8863,RON,RO,BNR,https://www.bnr.ro,https://ecifre.ro/indicatori/curs-eur-ron,2026-09-01
Curs EUR/RON,2021-03-11,4.8854,RON,RO,BNR,https://www.bnr.ro,https://ecifre.ro/indicatori/curs-eur-ron,2026-09-01
Curs EUR/RON,2021-03-12,4.8854,RON,RO,BNR,https://www.bnr.ro,https://ecifre.ro/indicatori/curs-eur-ron,2026-09-01
Curs EUR/RON,2021-03-15,4.8846,RON,RO,BNR,https://www.bnr.ro,https://ecifre.ro/indicatori/curs-eur-ron,2026-09-01
Curs EUR/RON,2021-03-16,4.8861,RON,RO,BNR,https://www.bnr.ro,https://ecifre.ro/indicatori/curs-eur-ron,2026-09-01
Curs EUR/RON,2021-03-17,4.8879,RON,RO,BNR,https://www.bnr.ro,https://ecifre.ro/indicatori/curs-eur-ron,2026-09-01
Curs EUR/RON,2021-03-18,4.8876,RON,RO,BNR,https://www.bnr.ro,https://ecifre.ro/indicatori/curs-eur-ron,2026-09-01
Curs EUR/RON,2021-03-19,4.8858,RON,RO,BNR,https://www.bnr.ro,https://ecifre.ro/indicatori/curs-eur-ron,2026-09-01
Curs EUR/RON,2021-03-22,4.8850,RON,RO,BNR,https://www.bnr.ro,https://ecifre.ro/indicatori/curs-eur-ron,2026-09-01
Curs EUR/RON,2021-03-23,4.8888,RON,RO,BNR,https://www.bnr.ro,https://ecifre.ro/indicatori/curs-eur-ron,2026-09-01
Curs EUR/RON,2021-03-24,4.8886,RON,RO,BNR,https://www.bnr.ro,https://ecifre.ro/indicatori/curs-eur-ron,2026-09-01
Curs EUR/RON,2021-03-25,4.8864,RON,RO,BNR,https://www.bnr.ro,https://ecifre.ro/indicatori/curs-eur-ron,2026-09-01
Curs EUR/RON,2021-03-26,4.8869,RON,RO,BNR,https://www.bnr.ro,https://ecifre.ro/indicatori/curs-eur-ron,2026-09-01
Curs EUR/RON,2021-03-29,4.8972,RON,RO,BNR,https://www.bnr.ro,https://ecifre.ro/indicatori/curs-eur-ron,2026-09-01
Curs EUR/RON,2021-03-30,4.9156,RON,RO,BNR,https://www.bnr.ro,https://ecifre.ro/indicatori/curs-eur-ron,2026-09-01
Curs EUR/RON,2021-03-31,4.9251,RON,RO,BNR,https://www.bnr.ro,https://ecifre.ro/indicatori/curs-eur-ron,2026-09-01
Curs EUR/RON,2021-04-01,4.9117,RON,RO,BNR,https://www.bnr.ro,https://ecifre.ro/indicatori/curs-eur-ron,2026-09-01
Curs EUR/RON,2021-04-02,4.9106,RON,RO,BNR,https://www.bnr.ro,https://ecifre.ro/indicatori/curs-eur-ron,2026-09-01
Curs EUR/RON,2021-04-05,4.9161,RON,RO,BNR,https://www.bnr.ro,https://ecifre.ro/indicatori/curs-eur-ron,2026-09-01
Curs EUR/RON,2021-04-06,4.9170,RON,RO,BNR,https://www.bnr.ro,https://ecifre.ro/indicatori/curs-eur-ron,2026-09-01
Curs EUR/RON,2021-04-07,4.9168,RON,RO,BNR,https://www.bnr.ro,https://ecifre.ro/indicatori/curs-eur-ron,2026-09-01
Curs EUR/RON,2021-04-08,4.9228,RON,RO,BNR,https://www.bnr.ro,https://ecifre.ro/indicatori/curs-eur-ron,2026-09-01
Curs EUR/RON,2021-04-09,4.9212,RON,RO,BNR,https://www.bnr.ro,https://ecifre.ro/indicatori/curs-eur-ron,2026-09-01
Curs EUR/RON,2021-04-12,4.9205,RON,RO,BNR,https://www.bnr.ro,https://ecifre.ro/indicatori/curs-eur-ron,2026-09-01
Curs EUR/RON,2021-04-13,4.9225,RON,RO,BNR,https://www.bnr.ro,https://ecifre.ro/indicatori/curs-eur-ron,2026-09-01
Curs EUR/RON,2021-04-14,4.9226,RON,RO,BNR,https://www.bnr.ro,https://ecifre.ro/indicatori/curs-eur-ron,2026-09-01
Curs EUR/RON,2021-04-15,4.9245,RON,RO,BNR,https://www.bnr.ro,https://ecifre.ro/indicatori/curs-eur-ron,2026-09-01
Curs EUR/RON,2021-04-16,4.9243,RON,RO,BNR,https://www.bnr.ro,https://ecifre.ro/indicatori/curs-eur-ron,2026-09-01
Curs EUR/RON,2021-04-19,4.9261,RON,RO,BNR,https://www.bnr.ro,https://ecifre.ro/indicatori/curs-eur-ron,2026-09-01
Curs EUR/RON,2021-04-20,4.9279,RON,RO,BNR,https://www.bnr.ro,https://ecifre.ro/indicatori/curs-eur-ron,2026-09-01
Curs EUR/RON,2021-04-21,4.9260,RON,RO,BNR,https://www.bnr.ro,https://ecifre.ro/indicatori/curs-eur-ron,2026-09-01
Curs EUR/RON,2021-04-22,4.9255,RON,RO,BNR,https://www.bnr.ro,https://ecifre.ro/indicatori/curs-eur-ron,2026-09-01
Curs EUR/RON,2021-04-23,4.9257,RON,RO,BNR,https://www.bnr.ro,https://ecifre.ro/indicatori/curs-eur-ron,2026-09-01
Curs EUR/RON,2021-04-26,4.9238,RON,RO,BNR,https://www.bnr.ro,https://ecifre.ro/indicatori/curs-eur-ron,2026-09-01
Curs EUR/RON,2021-04-27,4.9260,RON,RO,BNR,https://www.bnr.ro,https://ecifre.ro/indicatori/curs-eur-ron,2026-09-01
Curs EUR/RON,2021-04-28,4.9270,RON,RO,BNR,https://www.bnr.ro,https://ecifre.ro/indicatori/curs-eur-ron,2026-09-01
Curs EUR/RON,2021-04-29,4.9247,RON,RO,BNR,https://www.bnr.ro,https://ecifre.ro/indicatori/curs-eur-ron,2026-09-01
Curs EUR/RON,2021-05-04,4.9256,RON,RO,BNR,https://www.bnr.ro,https://ecifre.ro/indicatori/curs-eur-ron,2026-09-01
Curs EUR/RON,2021-05-05,4.9254,RON,RO,BNR,https://www.bnr.ro,https://ecifre.ro/indicatori/curs-eur-ron,2026-09-01
Curs EUR/RON,2021-05-06,4.9266,RON,RO,BNR,https://www.bnr.ro,https://ecifre.ro/indicatori/curs-eur-ron,2026-09-01
Curs EUR/RON,2021-05-07,4.9262,RON,RO,BNR,https://www.bnr.ro,https://ecifre.ro/indicatori/curs-eur-ron,2026-09-01
Curs EUR/RON,2021-05-10,4.9259,RON,RO,BNR,https://www.bnr.ro,https://ecifre.ro/indicatori/curs-eur-ron,2026-09-01
Curs EUR/RON,2021-05-11,4.9265,RON,RO,BNR,https://www.bnr.ro,https://ecifre.ro/indicatori/curs-eur-ron,2026-09-01
Curs EUR/RON,2021-05-12,4.9263,RON,RO,BNR,https://www.bnr.ro,https://ecifre.ro/indicatori/curs-eur-ron,2026-09-01
Curs EUR/RON,2021-05-13,4.9265,RON,RO,BNR,https://www.bnr.ro,https://ecifre.ro/indicatori/curs-eur-ron,2026-09-01
Curs EUR/RON,2021-05-14,4.9253,RON,RO,BNR,https://www.bnr.ro,https://ecifre.ro/indicatori/curs-eur-ron,2026-09-01
Curs EUR/RON,2021-05-17,4.9256,RON,RO,BNR,https://www.bnr.ro,https://ecifre.ro/indicatori/curs-eur-ron,2026-09-01
Curs EUR/RON,2021-05-18,4.9268,RON,RO,BNR,https://www.bnr.ro,https://ecifre.ro/indicatori/curs-eur-ron,2026-09-01
Curs EUR/RON,2021-05-19,4.9267,RON,RO,BNR,https://www.bnr.ro,https://ecifre.ro/indicatori/curs-eur-ron,2026-09-01
Curs EUR/RON,2021-05-20,4.9265,RON,RO,BNR,https://www.bnr.ro,https://ecifre.ro/indicatori/curs-eur-ron,2026-09-01
Curs EUR/RON,2021-05-21,4.9268,RON,RO,BNR,https://www.bnr.ro,https://ecifre.ro/indicatori/curs-eur-ron,2026-09-01
Curs EUR/RON,2021-05-24,4.9261,RON,RO,BNR,https://www.bnr.ro,https://ecifre.ro/indicatori/curs-eur-ron,2026-09-01
Curs EUR/RON,2021-05-25,4.9246,RON,RO,BNR,https://www.bnr.ro,https://ecifre.ro/indicatori/curs-eur-ron,2026-09-01
Curs EUR/RON,2021-05-26,4.9225,RON,RO,BNR,https://www.bnr.ro,https://ecifre.ro/indicatori/curs-eur-ron,2026-09-01
Curs EUR/RON,2021-05-27,4.9160,RON,RO,BNR,https://www.bnr.ro,https://ecifre.ro/indicatori/curs-eur-ron,2026-09-01
Curs EUR/RON,2021-05-28,4.9190,RON,RO,BNR,https://www.bnr.ro,https://ecifre.ro/indicatori/curs-eur-ron,2026-09-01
Curs EUR/RON,2021-05-31,4.9198,RON,RO,BNR,https://www.bnr.ro,https://ecifre.ro/indicatori/curs-eur-ron,2026-09-01
Curs EUR/RON,2021-06-02,4.9197,RON,RO,BNR,https://www.bnr.ro,https://ecifre.ro/indicatori/curs-eur-ron,2026-09-01
Curs EUR/RON,2021-06-03,4.9227,RON,RO,BNR,https://www.bnr.ro,https://ecifre.ro/indicatori/curs-eur-ron,2026-09-01
Curs EUR/RON,2021-06-04,4.9228,RON,RO,BNR,https://www.bnr.ro,https://ecifre.ro/indicatori/curs-eur-ron,2026-09-01
Curs EUR/RON,2021-06-07,4.9230,RON,RO,BNR,https://www.bnr.ro,https://ecifre.ro/indicatori/curs-eur-ron,2026-09-01
Curs EUR/RON,2021-06-08,4.9229,RON,RO,BNR,https://www.bnr.ro,https://ecifre.ro/indicatori/curs-eur-ron,2026-09-01
Curs EUR/RON,2021-06-09,4.9232,RON,RO,BNR,https://www.bnr.ro,https://ecifre.ro/indicatori/curs-eur-ron,2026-09-01
Curs EUR/RON,2021-06-10,4.9218,RON,RO,BNR,https://www.bnr.ro,https://ecifre.ro/indicatori/curs-eur-ron,2026-09-01
Curs EUR/RON,2021-06-11,4.9202,RON,RO,BNR,https://www.bnr.ro,https://ecifre.ro/indicatori/curs-eur-ron,2026-09-01
Curs EUR/RON,2021-06-14,4.9188,RON,RO,BNR,https://www.bnr.ro,https://ecifre.ro/indicatori/curs-eur-ron,2026-09-01
Curs EUR/RON,2021-06-15,4.9243,RON,RO,BNR,https://www.bnr.ro,https://ecifre.ro/indicatori/curs-eur-ron,2026-09-01
Curs EUR/RON,2021-06-16,4.9241,RON,RO,BNR,https://www.bnr.ro,https://ecifre.ro/indicatori/curs-eur-ron,2026-09-01
Curs EUR/RON,2021-06-17,4.9242,RON,RO,BNR,https://www.bnr.ro,https://ecifre.ro/indicatori/curs-eur-ron,2026-09-01
Curs EUR/RON,2021-06-18,4.9250,RON,RO,BNR,https://www.bnr.ro,https://ecifre.ro/indicatori/curs-eur-ron,2026-09-01
Curs EUR/RON,2021-06-22,4.9253,RON,RO,BNR,https://www.bnr.ro,https://ecifre.ro/indicatori/curs-eur-ron,2026-09-01
Curs EUR/RON,2021-06-23,4.9259,RON,RO,BNR,https://www.bnr.ro,https://ecifre.ro/indicatori/curs-eur-ron,2026-09-01
Curs EUR/RON,2021-06-24,4.9242,RON,RO,BNR,https://www.bnr.ro,https://ecifre.ro/indicatori/curs-eur-ron,2026-09-01
Curs EUR/RON,2021-06-25,4.9254,RON,RO,BNR,https://www.bnr.ro,https://ecifre.ro/indicatori/curs-eur-ron,2026-09-01
Curs EUR/RON,2021-06-28,4.9260,RON,RO,BNR,https://www.bnr.ro,https://ecifre.ro/indicatori/curs-eur-ron,2026-09-01
Curs EUR/RON,2021-06-29,4.9262,RON,RO,BNR,https://www.bnr.ro,https://ecifre.ro/indicatori/curs-eur-ron,2026-09-01
Curs EUR/RON,2021-06-30,4.9267,RON,RO,BNR,https://www.bnr.ro,https://ecifre.ro/indicatori/curs-eur-ron,2026-09-01
Curs EUR/RON,2021-07-01,4.9261,RON,RO,BNR,https://www.bnr.ro,https://ecifre.ro/indicatori/curs-eur-ron,2026-09-01
Curs EUR/RON,2021-07-02,4.9269,RON,RO,BNR,https://www.bnr.ro,https://ecifre.ro/indicatori/curs-eur-ron,2026-09-01
Curs EUR/RON,2021-07-05,4.9266,RON,RO,BNR,https://www.bnr.ro,https://ecifre.ro/indicatori/curs-eur-ron,2026-09-01
Curs EUR/RON,2021-07-06,4.9265,RON,RO,BNR,https://www.bnr.ro,https://ecifre.ro/indicatori/curs-eur-ron,2026-09-01
Curs EUR/RON,2021-07-07,4.9270,RON,RO,BNR,https://www.bnr.ro,https://ecifre.ro/indicatori/curs-eur-ron,2026-09-01
Curs EUR/RON,2021-07-08,4.9268,RON,RO,BNR,https://www.bnr.ro,https://ecifre.ro/indicatori/curs-eur-ron,2026-09-01
Curs EUR/RON,2021-07-09,4.9281,RON,RO,BNR,https://www.bnr.ro,https://ecifre.ro/indicatori/curs-eur-ron,2026-09-01
Curs EUR/RON,2021-07-12,4.9275,RON,RO,BNR,https://www.bnr.ro,https://ecifre.ro/indicatori/curs-eur-ron,2026-09-01
Curs EUR/RON,2021-07-13,4.9278,RON,RO,BNR,https://www.bnr.ro,https://ecifre.ro/indicatori/curs-eur-ron,2026-09-01
Curs EUR/RON,2021-07-14,4.9283,RON,RO,BNR,https://www.bnr.ro,https://ecifre.ro/indicatori/curs-eur-ron,2026-09-01
Curs EUR/RON,2021-07-15,4.9277,RON,RO,BNR,https://www.bnr.ro,https://ecifre.ro/indicatori/curs-eur-ron,2026-09-01
Curs EUR/RON,2021-07-16,4.9274,RON,RO,BNR,https://www.bnr.ro,https://ecifre.ro/indicatori/curs-eur-ron,2026-09-01
Curs EUR/RON,2021-07-19,4.9262,RON,RO,BNR,https://www.bnr.ro,https://ecifre.ro/indicatori/curs-eur-ron,2026-09-01
Curs EUR/RON,2021-07-20,4.9253,RON,RO,BNR,https://www.bnr.ro,https://ecifre.ro/indicatori/curs-eur-ron,2026-09-01
Curs EUR/RON,2021-07-21,4.9247,RON,RO,BNR,https://www.bnr.ro,https://ecifre.ro/indicatori/curs-eur-ron,2026-09-01
Curs EUR/RON,2021-07-22,4.9241,RON,RO,BNR,https://www.bnr.ro,https://ecifre.ro/indicatori/curs-eur-ron,2026-09-01
Curs EUR/RON,2021-07-23,4.9219,RON,RO,BNR,https://www.bnr.ro,https://ecifre.ro/indicatori/curs-eur-ron,2026-09-01
Curs EUR/RON,2021-07-26,4.9208,RON,RO,BNR,https://www.bnr.ro,https://ecifre.ro/indicatori/curs-eur-ron,2026-09-01
Curs EUR/RON,2021-07-27,4.9194,RON,RO,BNR,https://www.bnr.ro,https://ecifre.ro/indicatori/curs-eur-ron,2026-09-01
Curs EUR/RON,2021-07-28,4.9197,RON,RO,BNR,https://www.bnr.ro,https://ecifre.ro/indicatori/curs-eur-ron,2026-09-01
Curs EUR/RON,2021-07-29,4.9209,RON,RO,BNR,https://www.bnr.ro,https://ecifre.ro/indicatori/curs-eur-ron,2026-09-01
Curs EUR/RON,2021-07-30,4.9198,RON,RO,BNR,https://www.bnr.ro,https://ecifre.ro/indicatori/curs-eur-ron,2026-09-01
Curs EUR/RON,2021-08-02,4.9171,RON,RO,BNR,https://www.bnr.ro,https://ecifre.ro/indicatori/curs-eur-ron,2026-09-01
Curs EUR/RON,2021-08-03,4.9183,RON,RO,BNR,https://www.bnr.ro,https://ecifre.ro/indicatori/curs-eur-ron,2026-09-01
Curs EUR/RON,2021-08-04,4.9184,RON,RO,BNR,https://www.bnr.ro,https://ecifre.ro/indicatori/curs-eur-ron,2026-09-01
Curs EUR/RON,2021-08-05,4.9176,RON,RO,BNR,https://www.bnr.ro,https://ecifre.ro/indicatori/curs-eur-ron,2026-09-01
Curs EUR/RON,2021-08-06,4.9145,RON,RO,BNR,https://www.bnr.ro,https://ecifre.ro/indicatori/curs-eur-ron,2026-09-01
Curs EUR/RON,2021-08-09,4.9131,RON,RO,BNR,https://www.bnr.ro,https://ecifre.ro/indicatori/curs-eur-ron,2026-09-01
Curs EUR/RON,2021-08-10,4.9161,RON,RO,BNR,https://www.bnr.ro,https://ecifre.ro/indicatori/curs-eur-ron,2026-09-01
Curs EUR/RON,2021-08-11,4.9158,RON,RO,BNR,https://www.bnr.ro,https://ecifre.ro/indicatori/curs-eur-ron,2026-09-01
Curs EUR/RON,2021-08-12,4.9148,RON,RO,BNR,https://www.bnr.ro,https://ecifre.ro/indicatori/curs-eur-ron,2026-09-01
Curs EUR/RON,2021-08-13,4.9118,RON,RO,BNR,https://www.bnr.ro,https://ecifre.ro/indicatori/curs-eur-ron,2026-09-01
Curs EUR/RON,2021-08-16,4.9120,RON,RO,BNR,https://www.bnr.ro,https://ecifre.ro/indicatori/curs-eur-ron,2026-09-01
Curs EUR/RON,2021-08-17,4.9232,RON,RO,BNR,https://www.bnr.ro,https://ecifre.ro/indicatori/curs-eur-ron,2026-09-01
Curs EUR/RON,2021-08-18,4.9259,RON,RO,BNR,https://www.bnr.ro,https://ecifre.ro/indicatori/curs-eur-ron,2026-09-01
Curs EUR/RON,2021-08-19,4.9278,RON,RO,BNR,https://www.bnr.ro,https://ecifre.ro/indicatori/curs-eur-ron,2026-09-01
Curs EUR/RON,2021-08-20,4.9338,RON,RO,BNR,https://www.bnr.ro,https://ecifre.ro/indicatori/curs-eur-ron,2026-09-01
Curs EUR/RON,2021-08-23,4.9335,RON,RO,BNR,https://www.bnr.ro,https://ecifre.ro/indicatori/curs-eur-ron,2026-09-01
Curs EUR/RON,2021-08-24,4.9286,RON,RO,BNR,https://www.bnr.ro,https://ecifre.ro/indicatori/curs-eur-ron,2026-09-01
Curs EUR/RON,2021-08-25,4.9284,RON,RO,BNR,https://www.bnr.ro,https://ecifre.ro/indicatori/curs-eur-ron,2026-09-01
Curs EUR/RON,2021-08-26,4.9306,RON,RO,BNR,https://www.bnr.ro,https://ecifre.ro/indicatori/curs-eur-ron,2026-09-01
Curs EUR/RON,2021-08-27,4.9334,RON,RO,BNR,https://www.bnr.ro,https://ecifre.ro/indicatori/curs-eur-ron,2026-09-01
Curs EUR/RON,2021-08-30,4.9349,RON,RO,BNR,https://www.bnr.ro,https://ecifre.ro/indicatori/curs-eur-ron,2026-09-01
Curs EUR/RON,2021-08-31,4.9348,RON,RO,BNR,https://www.bnr.ro,https://ecifre.ro/indicatori/curs-eur-ron,2026-09-01
Curs EUR/RON,2021-09-01,4.9345,RON,RO,BNR,https://www.bnr.ro,https://ecifre.ro/indicatori/curs-eur-ron,2026-09-01
Curs EUR/RON,2021-09-02,4.9386,RON,RO,BNR,https://www.bnr.ro,https://ecifre.ro/indicatori/curs-eur-ron,2026-09-01
Curs EUR/RON,2021-09-03,4.9416,RON,RO,BNR,https://www.bnr.ro,https://ecifre.ro/indicatori/curs-eur-ron,2026-09-01
Curs EUR/RON,2021-09-06,4.9475,RON,RO,BNR,https://www.bnr.ro,https://ecifre.ro/indicatori/curs-eur-ron,2026-09-01
Curs EUR/RON,2021-09-07,4.9488,RON,RO,BNR,https://www.bnr.ro,https://ecifre.ro/indicatori/curs-eur-ron,2026-09-01
Curs EUR/RON,2021-09-08,4.9479,RON,RO,BNR,https://www.bnr.ro,https://ecifre.ro/indicatori/curs-eur-ron,2026-09-01
Curs EUR/RON,2021-09-09,4.9482,RON,RO,BNR,https://www.bnr.ro,https://ecifre.ro/indicatori/curs-eur-ron,2026-09-01
Curs EUR/RON,2021-09-10,4.9432,RON,RO,BNR,https://www.bnr.ro,https://ecifre.ro/indicatori/curs-eur-ron,2026-09-01
Curs EUR/RON,2021-09-13,4.9444,RON,RO,BNR,https://www.bnr.ro,https://ecifre.ro/indicatori/curs-eur-ron,2026-09-01
Curs EUR/RON,2021-09-14,4.9475,RON,RO,BNR,https://www.bnr.ro,https://ecifre.ro/indicatori/curs-eur-ron,2026-09-01
Curs EUR/RON,2021-09-15,4.9481,RON,RO,BNR,https://www.bnr.ro,https://ecifre.ro/indicatori/curs-eur-ron,2026-09-01
Curs EUR/RON,2021-09-16,4.9482,RON,RO,BNR,https://www.bnr.ro,https://ecifre.ro/indicatori/curs-eur-ron,2026-09-01
Curs EUR/RON,2021-09-17,4.9473,RON,RO,BNR,https://www.bnr.ro,https://ecifre.ro/indicatori/curs-eur-ron,2026-09-01
Curs EUR/RON,2021-09-20,4.9481,RON,RO,BNR,https://www.bnr.ro,https://ecifre.ro/indicatori/curs-eur-ron,2026-09-01
Curs EUR/RON,2021-09-21,4.9485,RON,RO,BNR,https://www.bnr.ro,https://ecifre.ro/indicatori/curs-eur-ron,2026-09-01
Curs EUR/RON,2021-09-22,4.9495,RON,RO,BNR,https://www.bnr.ro,https://ecifre.ro/indicatori/curs-eur-ron,2026-09-01
Curs EUR/RON,2021-09-23,4.9490,RON,RO,BNR,https://www.bnr.ro,https://ecifre.ro/indicatori/curs-eur-ron,2026-09-01
Curs EUR/RON,2021-09-24,4.9491,RON,RO,BNR,https://www.bnr.ro,https://ecifre.ro/indicatori/curs-eur-ron,2026-09-01
Curs EUR/RON,2021-09-27,4.9488,RON,RO,BNR,https://www.bnr.ro,https://ecifre.ro/indicatori/curs-eur-ron,2026-09-01
Curs EUR/RON,2021-09-28,4.9481,RON,RO,BNR,https://www.bnr.ro,https://ecifre.ro/indicatori/curs-eur-ron,2026-09-01
Curs EUR/RON,2021-09-29,4.9480,RON,RO,BNR,https://www.bnr.ro,https://ecifre.ro/indicatori/curs-eur-ron,2026-09-01
Curs EUR/RON,2021-09-30,4.9471,RON,RO,BNR,https://www.bnr.ro,https://ecifre.ro/indicatori/curs-eur-ron,2026-09-01
Curs EUR/RON,2021-10-01,4.9479,RON,RO,BNR,https://www.bnr.ro,https://ecifre.ro/indicatori/curs-eur-ron,2026-09-01
Curs EUR/RON,2021-10-04,4.9469,RON,RO,BNR,https://www.bnr.ro,https://ecifre.ro/indicatori/curs-eur-ron,2026-09-01
Curs EUR/RON,2021-10-05,4.9485,RON,RO,BNR,https://www.bnr.ro,https://ecifre.ro/indicatori/curs-eur-ron,2026-09-01
Curs EUR/RON,2021-10-06,4.9483,RON,RO,BNR,https://www.bnr.ro,https://ecifre.ro/indicatori/curs-eur-ron,2026-09-01
Curs EUR/RON,2021-10-07,4.9475,RON,RO,BNR,https://www.bnr.ro,https://ecifre.ro/indicatori/curs-eur-ron,2026-09-01
Curs EUR/RON,2021-10-08,4.9470,RON,RO,BNR,https://www.bnr.ro,https://ecifre.ro/indicatori/curs-eur-ron,2026-09-01
Curs EUR/RON,2021-10-11,4.9486,RON,RO,BNR,https://www.bnr.ro,https://ecifre.ro/indicatori/curs-eur-ron,2026-09-01
Curs EUR/RON,2021-10-12,4.9485,RON,RO,BNR,https://www.bnr.ro,https://ecifre.ro/indicatori/curs-eur-ron,2026-09-01
Curs EUR/RON,2021-10-13,4.9490,RON,RO,BNR,https://www.bnr.ro,https://ecifre.ro/indicatori/curs-eur-ron,2026-09-01
Curs EUR/RON,2021-10-14,4.9488,RON,RO,BNR,https://www.bnr.ro,https://ecifre.ro/indicatori/curs-eur-ron,2026-09-01
Curs EUR/RON,2021-10-15,4.9484,RON,RO,BNR,https://www.bnr.ro,https://ecifre.ro/indicatori/curs-eur-ron,2026-09-01
Curs EUR/RON,2021-10-18,4.9481,RON,RO,BNR,https://www.bnr.ro,https://ecifre.ro/indicatori/curs-eur-ron,2026-09-01
Curs EUR/RON,2021-10-19,4.9490,RON,RO,BNR,https://www.bnr.ro,https://ecifre.ro/indicatori/curs-eur-ron,2026-09-01
Curs EUR/RON,2021-10-20,4.9488,RON,RO,BNR,https://www.bnr.ro,https://ecifre.ro/indicatori/curs-eur-ron,2026-09-01
Curs EUR/RON,2021-10-21,4.9470,RON,RO,BNR,https://www.bnr.ro,https://ecifre.ro/indicatori/curs-eur-ron,2026-09-01
Curs EUR/RON,2021-10-22,4.9467,RON,RO,BNR,https://www.bnr.ro,https://ecifre.ro/indicatori/curs-eur-ron,2026-09-01
Curs EUR/RON,2021-10-25,4.9472,RON,RO,BNR,https://www.bnr.ro,https://ecifre.ro/indicatori/curs-eur-ron,2026-09-01
Curs EUR/RON,2021-10-26,4.9476,RON,RO,BNR,https://www.bnr.ro,https://ecifre.ro/indicatori/curs-eur-ron,2026-09-01
Curs EUR/RON,2021-10-27,4.9486,RON,RO,BNR,https://www.bnr.ro,https://ecifre.ro/indicatori/curs-eur-ron,2026-09-01
Curs EUR/RON,2021-10-28,4.9490,RON,RO,BNR,https://www.bnr.ro,https://ecifre.ro/indicatori/curs-eur-ron,2026-09-01
Curs EUR/RON,2021-10-29,4.9489,RON,RO,BNR,https://www.bnr.ro,https://ecifre.ro/indicatori/curs-eur-ron,2026-09-01
Curs EUR/RON,2021-11-01,4.9488,RON,RO,BNR,https://www.bnr.ro,https://ecifre.ro/indicatori/curs-eur-ron,2026-09-01
Curs EUR/RON,2021-11-02,4.9487,RON,RO,BNR,https://www.bnr.ro,https://ecifre.ro/indicatori/curs-eur-ron,2026-09-01
Curs EUR/RON,2021-11-03,4.9490,RON,RO,BNR,https://www.bnr.ro,https://ecifre.ro/indicatori/curs-eur-ron,2026-09-01
Curs EUR/RON,2021-11-04,4.9486,RON,RO,BNR,https://www.bnr.ro,https://ecifre.ro/indicatori/curs-eur-ron,2026-09-01
Curs EUR/RON,2021-11-05,4.9485,RON,RO,BNR,https://www.bnr.ro,https://ecifre.ro/indicatori/curs-eur-ron,2026-09-01
Curs EUR/RON,2021-11-08,4.9489,RON,RO,BNR,https://www.bnr.ro,https://ecifre.ro/indicatori/curs-eur-ron,2026-09-01
Curs EUR/RON,2021-11-09,4.9482,RON,RO,BNR,https://www.bnr.ro,https://ecifre.ro/indicatori/curs-eur-ron,2026-09-01
Curs EUR/RON,2021-11-10,4.9490,RON,RO,BNR,https://www.bnr.ro,https://ecifre.ro/indicatori/curs-eur-ron,2026-09-01
Curs EUR/RON,2021-11-11,4.9489,RON,RO,BNR,https://www.bnr.ro,https://ecifre.ro/indicatori/curs-eur-ron,2026-09-01
Curs EUR/RON,2021-11-12,4.9476,RON,RO,BNR,https://www.bnr.ro,https://ecifre.ro/indicatori/curs-eur-ron,2026-09-01
Curs EUR/RON,2021-11-15,4.9489,RON,RO,BNR,https://www.bnr.ro,https://ecifre.ro/indicatori/curs-eur-ron,2026-09-01
Curs EUR/RON,2021-11-16,4.9487,RON,RO,BNR,https://www.bnr.ro,https://ecifre.ro/indicatori/curs-eur-ron,2026-09-01
Curs EUR/RON,2021-11-17,4.9491,RON,RO,BNR,https://www.bnr.ro,https://ecifre.ro/indicatori/curs-eur-ron,2026-09-01
Curs EUR/RON,2021-11-18,4.9488,RON,RO,BNR,https://www.bnr.ro,https://ecifre.ro/indicatori/curs-eur-ron,2026-09-01
Curs EUR/RON,2021-11-19,4.9490,RON,RO,BNR,https://www.bnr.ro,https://ecifre.ro/indicatori/curs-eur-ron,2026-09-01
Curs EUR/RON,2021-11-22,4.9491,RON,RO,BNR,https://www.bnr.ro,https://ecifre.ro/indicatori/curs-eur-ron,2026-09-01
Curs EUR/RON,2021-11-23,4.9487,RON,RO,BNR,https://www.bnr.ro,https://ecifre.ro/indicatori/curs-eur-ron,2026-09-01
Curs EUR/RON,2021-11-24,4.9491,RON,RO,BNR,https://www.bnr.ro,https://ecifre.ro/indicatori/curs-eur-ron,2026-09-01
Curs EUR/RON,2021-11-25,4.9490,RON,RO,BNR,https://www.bnr.ro,https://ecifre.ro/indicatori/curs-eur-ron,2026-09-01
Curs EUR/RON,2021-11-26,4.9491,RON,RO,BNR,https://www.bnr.ro,https://ecifre.ro/indicatori/curs-eur-ron,2026-09-01
Curs EUR/RON,2021-11-29,4.9490,RON,RO,BNR,https://www.bnr.ro,https://ecifre.ro/indicatori/curs-eur-ron,2026-09-01
Curs EUR/RON,2021-12-02,4.9490,RON,RO,BNR,https://www.bnr.ro,https://ecifre.ro/indicatori/curs-eur-ron,2026-09-01
Curs EUR/RON,2021-12-03,4.9487,RON,RO,BNR,https://www.bnr.ro,https://ecifre.ro/indicatori/curs-eur-ron,2026-09-01
Curs EUR/RON,2021-12-06,4.9483,RON,RO,BNR,https://www.bnr.ro,https://ecifre.ro/indicatori/curs-eur-ron,2026-09-01
Curs EUR/RON,2021-12-07,4.9485,RON,RO,BNR,https://www.bnr.ro,https://ecifre.ro/indicatori/curs-eur-ron,2026-09-01
Curs EUR/RON,2021-12-08,4.9488,RON,RO,BNR,https://www.bnr.ro,https://ecifre.ro/indicatori/curs-eur-ron,2026-09-01
Curs EUR/RON,2021-12-09,4.9491,RON,RO,BNR,https://www.bnr.ro,https://ecifre.ro/indicatori/curs-eur-ron,2026-09-01
Curs EUR/RON,2021-12-10,4.9490,RON,RO,BNR,https://www.bnr.ro,https://ecifre.ro/indicatori/curs-eur-ron,2026-09-01
Curs EUR/RON,2021-12-13,4.9491,RON,RO,BNR,https://www.bnr.ro,https://ecifre.ro/indicatori/curs-eur-ron,2026-09-01
Curs EUR/RON,2021-12-14,4.9492,RON,RO,BNR,https://www.bnr.ro,https://ecifre.ro/indicatori/curs-eur-ron,2026-09-01
Curs EUR/RON,2021-12-15,4.9489,RON,RO,BNR,https://www.bnr.ro,https://ecifre.ro/indicatori/curs-eur-ron,2026-09-01
Curs EUR/RON,2021-12-16,4.9491,RON,RO,BNR,https://www.bnr.ro,https://ecifre.ro/indicatori/curs-eur-ron,2026-09-01
Curs EUR/RON,2021-12-17,4.9492,RON,RO,BNR,https://www.bnr.ro,https://ecifre.ro/indicatori/curs-eur-ron,2026-09-01
Curs EUR/RON,2021-12-20,4.9488,RON,RO,BNR,https://www.bnr.ro,https://ecifre.ro/indicatori/curs-eur-ron,2026-09-01
Curs EUR/RON,2021-12-21,4.9491,RON,RO,BNR,https://www.bnr.ro,https://ecifre.ro/indicatori/curs-eur-ron,2026-09-01
Curs EUR/RON,2021-12-22,4.9489,RON,RO,BNR,https://www.bnr.ro,https://ecifre.ro/indicatori/curs-eur-ron,2026-09-01
Curs EUR/RON,2021-12-23,4.9488,RON,RO,BNR,https://www.bnr.ro,https://ecifre.ro/indicatori/curs-eur-ron,2026-09-01
Curs EUR/RON,2021-12-24,4.9490,RON,RO,BNR,https://www.bnr.ro,https://ecifre.ro/indicatori/curs-eur-ron,2026-09-01
Curs EUR/RON,2021-12-27,4.9492,RON,RO,BNR,https://www.bnr.ro,https://ecifre.ro/indicatori/curs-eur-ron,2026-09-01
Curs EUR/RON,2021-12-28,4.9491,RON,RO,BNR,https://www.bnr.ro,https://ecifre.ro/indicatori/curs-eur-ron,2026-09-01
Curs EUR/RON,2021-12-29,4.9490,RON,RO,BNR,https://www.bnr.ro,https://ecifre.ro/indicatori/curs-eur-ron,2026-09-01
Curs EUR/RON,2021-12-30,4.9486,RON,RO,BNR,https://www.bnr.ro,https://ecifre.ro/indicatori/curs-eur-ron,2026-09-01
Curs EUR/RON,2021-12-31,4.9481,RON,RO,BNR,https://www.bnr.ro,https://ecifre.ro/indicatori/curs-eur-ron,2026-09-01
Curs EUR/RON,2022-01-03,4.9474,RON,RO,BNR,https://www.bnr.ro,https://ecifre.ro/indicatori/curs-eur-ron,2026-09-01
Curs EUR/RON,2022-01-04,4.9464,RON,RO,BNR,https://www.bnr.ro,https://ecifre.ro/indicatori/curs-eur-ron,2026-09-01
Curs EUR/RON,2022-01-05,4.9460,RON,RO,BNR,https://www.bnr.ro,https://ecifre.ro/indicatori/curs-eur-ron,2026-09-01
Curs EUR/RON,2022-01-06,4.9431,RON,RO,BNR,https://www.bnr.ro,https://ecifre.ro/indicatori/curs-eur-ron,2026-09-01
Curs EUR/RON,2022-01-07,4.9436,RON,RO,BNR,https://www.bnr.ro,https://ecifre.ro/indicatori/curs-eur-ron,2026-09-01
Curs EUR/RON,2022-01-10,4.9439,RON,RO,BNR,https://www.bnr.ro,https://ecifre.ro/indicatori/curs-eur-ron,2026-09-01
Curs EUR/RON,2022-01-11,4.9452,RON,RO,BNR,https://www.bnr.ro,https://ecifre.ro/indicatori/curs-eur-ron,2026-09-01
Curs EUR/RON,2022-01-12,4.9445,RON,RO,BNR,https://www.bnr.ro,https://ecifre.ro/indicatori/curs-eur-ron,2026-09-01
Curs EUR/RON,2022-01-13,4.9435,RON,RO,BNR,https://www.bnr.ro,https://ecifre.ro/indicatori/curs-eur-ron,2026-09-01
Curs EUR/RON,2022-01-14,4.9432,RON,RO,BNR,https://www.bnr.ro,https://ecifre.ro/indicatori/curs-eur-ron,2026-09-01
Curs EUR/RON,2022-01-17,4.9440,RON,RO,BNR,https://www.bnr.ro,https://ecifre.ro/indicatori/curs-eur-ron,2026-09-01
Curs EUR/RON,2022-01-18,4.9445,RON,RO,BNR,https://www.bnr.ro,https://ecifre.ro/indicatori/curs-eur-ron,2026-09-01
Curs EUR/RON,2022-01-19,4.9447,RON,RO,BNR,https://www.bnr.ro,https://ecifre.ro/indicatori/curs-eur-ron,2026-09-01
Curs EUR/RON,2022-01-20,4.9452,RON,RO,BNR,https://www.bnr.ro,https://ecifre.ro/indicatori/curs-eur-ron,2026-09-01
Curs EUR/RON,2022-01-21,4.9449,RON,RO,BNR,https://www.bnr.ro,https://ecifre.ro/indicatori/curs-eur-ron,2026-09-01
Curs EUR/RON,2022-01-25,4.9440,RON,RO,BNR,https://www.bnr.ro,https://ecifre.ro/indicatori/curs-eur-ron,2026-09-01
Curs EUR/RON,2022-01-26,4.9443,RON,RO,BNR,https://www.bnr.ro,https://ecifre.ro/indicatori/curs-eur-ron,2026-09-01
Curs EUR/RON,2022-01-27,4.9453,RON,RO,BNR,https://www.bnr.ro,https://ecifre.ro/indicatori/curs-eur-ron,2026-09-01
Curs EUR/RON,2022-01-28,4.9459,RON,RO,BNR,https://www.bnr.ro,https://ecifre.ro/indicatori/curs-eur-ron,2026-09-01
Curs EUR/RON,2022-01-31,4.9468,RON,RO,BNR,https://www.bnr.ro,https://ecifre.ro/indicatori/curs-eur-ron,2026-09-01
Curs EUR/RON,2022-02-01,4.9464,RON,RO,BNR,https://www.bnr.ro,https://ecifre.ro/indicatori/curs-eur-ron,2026-09-01
Curs EUR/RON,2022-02-02,4.9462,RON,RO,BNR,https://www.bnr.ro,https://ecifre.ro/indicatori/curs-eur-ron,2026-09-01
Curs EUR/RON,2022-02-03,4.9457,RON,RO,BNR,https://www.bnr.ro,https://ecifre.ro/indicatori/curs-eur-ron,2026-09-01
Curs EUR/RON,2022-02-04,4.9462,RON,RO,BNR,https://www.bnr.ro,https://ecifre.ro/indicatori/curs-eur-ron,2026-09-01
Curs EUR/RON,2022-02-07,4.9460,RON,RO,BNR,https://www.bnr.ro,https://ecifre.ro/indicatori/curs-eur-ron,2026-09-01
Curs EUR/RON,2022-02-08,4.9458,RON,RO,BNR,https://www.bnr.ro,https://ecifre.ro/indicatori/curs-eur-ron,2026-09-01
Curs EUR/RON,2022-02-09,4.9459,RON,RO,BNR,https://www.bnr.ro,https://ecifre.ro/indicatori/curs-eur-ron,2026-09-01
Curs EUR/RON,2022-02-10,4.9450,RON,RO,BNR,https://www.bnr.ro,https://ecifre.ro/indicatori/curs-eur-ron,2026-09-01
Curs EUR/RON,2022-02-11,4.9447,RON,RO,BNR,https://www.bnr.ro,https://ecifre.ro/indicatori/curs-eur-ron,2026-09-01
Curs EUR/RON,2022-02-14,4.9455,RON,RO,BNR,https://www.bnr.ro,https://ecifre.ro/indicatori/curs-eur-ron,2026-09-01
Curs EUR/RON,2022-02-15,4.9434,RON,RO,BNR,https://www.bnr.ro,https://ecifre.ro/indicatori/curs-eur-ron,2026-09-01
Curs EUR/RON,2022-02-16,4.9405,RON,RO,BNR,https://www.bnr.ro,https://ecifre.ro/indicatori/curs-eur-ron,2026-09-01
Curs EUR/RON,2022-02-17,4.9439,RON,RO,BNR,https://www.bnr.ro,https://ecifre.ro/indicatori/curs-eur-ron,2026-09-01
Curs EUR/RON,2022-02-18,4.9445,RON,RO,BNR,https://www.bnr.ro,https://ecifre.ro/indicatori/curs-eur-ron,2026-09-01
Curs EUR/RON,2022-02-21,4.9447,RON,RO,BNR,https://www.bnr.ro,https://ecifre.ro/indicatori/curs-eur-ron,2026-09-01
Curs EUR/RON,2022-02-22,4.9458,RON,RO,BNR,https://www.bnr.ro,https://ecifre.ro/indicatori/curs-eur-ron,2026-09-01
Curs EUR/RON,2022-02-23,4.9463,RON,RO,BNR,https://www.bnr.ro,https://ecifre.ro/indicatori/curs-eur-ron,2026-09-01
Curs EUR/RON,2022-02-24,4.9489,RON,RO,BNR,https://www.bnr.ro,https://ecifre.ro/indicatori/curs-eur-ron,2026-09-01
Curs EUR/RON,2022-02-25,4.9479,RON,RO,BNR,https://www.bnr.ro,https://ecifre.ro/indicatori/curs-eur-ron,2026-09-01
Curs EUR/RON,2022-02-28,4.9480,RON,RO,BNR,https://www.bnr.ro,https://ecifre.ro/indicatori/curs-eur-ron,2026-09-01
Curs EUR/RON,2022-03-01,4.9487,RON,RO,BNR,https://www.bnr.ro,https://ecifre.ro/indicatori/curs-eur-ron,2026-09-01
Curs EUR/RON,2022-03-02,4.9490,RON,RO,BNR,https://www.bnr.ro,https://ecifre.ro/indicatori/curs-eur-ron,2026-09-01
Curs EUR/RON,2022-03-03,4.9489,RON,RO,BNR,https://www.bnr.ro,https://ecifre.ro/indicatori/curs-eur-ron,2026-09-01
Curs EUR/RON,2022-03-04,4.9491,RON,RO,BNR,https://www.bnr.ro,https://ecifre.ro/indicatori/curs-eur-ron,2026-09-01
Curs EUR/RON,2022-03-07,4.9490,RON,RO,BNR,https://www.bnr.ro,https://ecifre.ro/indicatori/curs-eur-ron,2026-09-01
Curs EUR/RON,2022-03-08,4.9492,RON,RO,BNR,https://www.bnr.ro,https://ecifre.ro/indicatori/curs-eur-ron,2026-09-01
Curs EUR/RON,2022-03-09,4.9490,RON,RO,BNR,https://www.bnr.ro,https://ecifre.ro/indicatori/curs-eur-ron,2026-09-01
Curs EUR/RON,2022-03-10,4.9488,RON,RO,BNR,https://www.bnr.ro,https://ecifre.ro/indicatori/curs-eur-ron,2026-09-01
Curs EUR/RON,2022-03-11,4.9489,RON,RO,BNR,https://www.bnr.ro,https://ecifre.ro/indicatori/curs-eur-ron,2026-09-01
Curs EUR/RON,2022-03-14,4.9490,RON,RO,BNR,https://www.bnr.ro,https://ecifre.ro/indicatori/curs-eur-ron,2026-09-01
Curs EUR/RON,2022-03-15,4.9487,RON,RO,BNR,https://www.bnr.ro,https://ecifre.ro/indicatori/curs-eur-ron,2026-09-01
Curs EUR/RON,2022-03-16,4.9476,RON,RO,BNR,https://www.bnr.ro,https://ecifre.ro/indicatori/curs-eur-ron,2026-09-01
Curs EUR/RON,2022-03-17,4.9461,RON,RO,BNR,https://www.bnr.ro,https://ecifre.ro/indicatori/curs-eur-ron,2026-09-01
Curs EUR/RON,2022-03-18,4.9481,RON,RO,BNR,https://www.bnr.ro,https://ecifre.ro/indicatori/curs-eur-ron,2026-09-01
Curs EUR/RON,2022-03-21,4.9474,RON,RO,BNR,https://www.bnr.ro,https://ecifre.ro/indicatori/curs-eur-ron,2026-09-01
Curs EUR/RON,2022-03-22,4.9452,RON,RO,BNR,https://www.bnr.ro,https://ecifre.ro/indicatori/curs-eur-ron,2026-09-01
Curs EUR/RON,2022-03-23,4.9459,RON,RO,BNR,https://www.bnr.ro,https://ecifre.ro/indicatori/curs-eur-ron,2026-09-01
Curs EUR/RON,2022-03-24,4.9490,RON,RO,BNR,https://www.bnr.ro,https://ecifre.ro/indicatori/curs-eur-ron,2026-09-01
Curs EUR/RON,2022-03-25,4.9489,RON,RO,BNR,https://www.bnr.ro,https://ecifre.ro/indicatori/curs-eur-ron,2026-09-01
Curs EUR/RON,2022-03-28,4.9483,RON,RO,BNR,https://www.bnr.ro,https://ecifre.ro/indicatori/curs-eur-ron,2026-09-01
Curs EUR/RON,2022-03-29,4.9475,RON,RO,BNR,https://www.bnr.ro,https://ecifre.ro/indicatori/curs-eur-ron,2026-09-01
Curs EUR/RON,2022-03-30,4.9470,RON,RO,BNR,https://www.bnr.ro,https://ecifre.ro/indicatori/curs-eur-ron,2026-09-01
Curs EUR/RON,2022-03-31,4.9466,RON,RO,BNR,https://www.bnr.ro,https://ecifre.ro/indicatori/curs-eur-ron,2026-09-01
Curs EUR/RON,2022-04-01,4.9454,RON,RO,BNR,https://www.bnr.ro,https://ecifre.ro/indicatori/curs-eur-ron,2026-09-01
Curs EUR/RON,2022-04-04,4.9437,RON,RO,BNR,https://www.bnr.ro,https://ecifre.ro/indicatori/curs-eur-ron,2026-09-01
Curs EUR/RON,2022-04-05,4.9431,RON,RO,BNR,https://www.bnr.ro,https://ecifre.ro/indicatori/curs-eur-ron,2026-09-01
Curs EUR/RON,2022-04-06,4.9447,RON,RO,BNR,https://www.bnr.ro,https://ecifre.ro/indicatori/curs-eur-ron,2026-09-01
Curs EUR/RON,2022-04-07,4.9426,RON,RO,BNR,https://www.bnr.ro,https://ecifre.ro/indicatori/curs-eur-ron,2026-09-01
Curs EUR/RON,2022-04-08,4.9419,RON,RO,BNR,https://www.bnr.ro,https://ecifre.ro/indicatori/curs-eur-ron,2026-09-01
Curs EUR/RON,2022-04-11,4.9409,RON,RO,BNR,https://www.bnr.ro,https://ecifre.ro/indicatori/curs-eur-ron,2026-09-01
Curs EUR/RON,2022-04-12,4.9412,RON,RO,BNR,https://www.bnr.ro,https://ecifre.ro/indicatori/curs-eur-ron,2026-09-01
Curs EUR/RON,2022-04-13,4.9413,RON,RO,BNR,https://www.bnr.ro,https://ecifre.ro/indicatori/curs-eur-ron,2026-09-01
Curs EUR/RON,2022-04-14,4.9443,RON,RO,BNR,https://www.bnr.ro,https://ecifre.ro/indicatori/curs-eur-ron,2026-09-01
Curs EUR/RON,2022-04-15,4.9432,RON,RO,BNR,https://www.bnr.ro,https://ecifre.ro/indicatori/curs-eur-ron,2026-09-01
Curs EUR/RON,2022-04-18,4.9416,RON,RO,BNR,https://www.bnr.ro,https://ecifre.ro/indicatori/curs-eur-ron,2026-09-01
Curs EUR/RON,2022-04-19,4.9415,RON,RO,BNR,https://www.bnr.ro,https://ecifre.ro/indicatori/curs-eur-ron,2026-09-01
Curs EUR/RON,2022-04-20,4.9422,RON,RO,BNR,https://www.bnr.ro,https://ecifre.ro/indicatori/curs-eur-ron,2026-09-01
Curs EUR/RON,2022-04-21,4.9441,RON,RO,BNR,https://www.bnr.ro,https://ecifre.ro/indicatori/curs-eur-ron,2026-09-01
Curs EUR/RON,2022-04-26,4.9457,RON,RO,BNR,https://www.bnr.ro,https://ecifre.ro/indicatori/curs-eur-ron,2026-09-01
Curs EUR/RON,2022-04-27,4.9474,RON,RO,BNR,https://www.bnr.ro,https://ecifre.ro/indicatori/curs-eur-ron,2026-09-01
Curs EUR/RON,2022-04-28,4.9475,RON,RO,BNR,https://www.bnr.ro,https://ecifre.ro/indicatori/curs-eur-ron,2026-09-01
Curs EUR/RON,2022-04-29,4.9480,RON,RO,BNR,https://www.bnr.ro,https://ecifre.ro/indicatori/curs-eur-ron,2026-09-01
Curs EUR/RON,2022-05-02,4.9476,RON,RO,BNR,https://www.bnr.ro,https://ecifre.ro/indicatori/curs-eur-ron,2026-09-01
Curs EUR/RON,2022-05-03,4.9469,RON,RO,BNR,https://www.bnr.ro,https://ecifre.ro/indicatori/curs-eur-ron,2026-09-01
Curs EUR/RON,2022-05-04,4.9471,RON,RO,BNR,https://www.bnr.ro,https://ecifre.ro/indicatori/curs-eur-ron,2026-09-01
Curs EUR/RON,2022-05-05,4.9486,RON,RO,BNR,https://www.bnr.ro,https://ecifre.ro/indicatori/curs-eur-ron,2026-09-01
Curs EUR/RON,2022-05-06,4.9490,RON,RO,BNR,https://www.bnr.ro,https://ecifre.ro/indicatori/curs-eur-ron,2026-09-01
Curs EUR/RON,2022-05-09,4.9469,RON,RO,BNR,https://www.bnr.ro,https://ecifre.ro/indicatori/curs-eur-ron,2026-09-01
Curs EUR/RON,2022-05-10,4.9457,RON,RO,BNR,https://www.bnr.ro,https://ecifre.ro/indicatori/curs-eur-ron,2026-09-01
Curs EUR/RON,2022-05-11,4.9479,RON,RO,BNR,https://www.bnr.ro,https://ecifre.ro/indicatori/curs-eur-ron,2026-09-01
Curs EUR/RON,2022-05-12,4.9480,RON,RO,BNR,https://www.bnr.ro,https://ecifre.ro/indicatori/curs-eur-ron,2026-09-01
Curs EUR/RON,2022-05-13,4.9458,RON,RO,BNR,https://www.bnr.ro,https://ecifre.ro/indicatori/curs-eur-ron,2026-09-01
Curs EUR/RON,2022-05-16,4.9469,RON,RO,BNR,https://www.bnr.ro,https://ecifre.ro/indicatori/curs-eur-ron,2026-09-01
Curs EUR/RON,2022-05-17,4.9477,RON,RO,BNR,https://www.bnr.ro,https://ecifre.ro/indicatori/curs-eur-ron,2026-09-01
Curs EUR/RON,2022-05-18,4.9472,RON,RO,BNR,https://www.bnr.ro,https://ecifre.ro/indicatori/curs-eur-ron,2026-09-01
Curs EUR/RON,2022-05-19,4.9474,RON,RO,BNR,https://www.bnr.ro,https://ecifre.ro/indicatori/curs-eur-ron,2026-09-01
Curs EUR/RON,2022-05-20,4.9477,RON,RO,BNR,https://www.bnr.ro,https://ecifre.ro/indicatori/curs-eur-ron,2026-09-01
Curs EUR/RON,2022-05-23,4.9472,RON,RO,BNR,https://www.bnr.ro,https://ecifre.ro/indicatori/curs-eur-ron,2026-09-01
Curs EUR/RON,2022-05-24,4.9457,RON,RO,BNR,https://www.bnr.ro,https://ecifre.ro/indicatori/curs-eur-ron,2026-09-01
Curs EUR/RON,2022-05-25,4.9417,RON,RO,BNR,https://www.bnr.ro,https://ecifre.ro/indicatori/curs-eur-ron,2026-09-01
Curs EUR/RON,2022-05-26,4.9423,RON,RO,BNR,https://www.bnr.ro,https://ecifre.ro/indicatori/curs-eur-ron,2026-09-01
Curs EUR/RON,2022-05-27,4.9429,RON,RO,BNR,https://www.bnr.ro,https://ecifre.ro/indicatori/curs-eur-ron,2026-09-01
Curs EUR/RON,2022-05-30,4.9438,RON,RO,BNR,https://www.bnr.ro,https://ecifre.ro/indicatori/curs-eur-ron,2026-09-01
Curs EUR/RON,2022-05-31,4.9430,RON,RO,BNR,https://www.bnr.ro,https://ecifre.ro/indicatori/curs-eur-ron,2026-09-01
Curs EUR/RON,2022-06-02,4.9411,RON,RO,BNR,https://www.bnr.ro,https://ecifre.ro/indicatori/curs-eur-ron,2026-09-01
Curs EUR/RON,2022-06-03,4.9427,RON,RO,BNR,https://www.bnr.ro,https://ecifre.ro/indicatori/curs-eur-ron,2026-09-01
Curs EUR/RON,2022-06-06,4.9419,RON,RO,BNR,https://www.bnr.ro,https://ecifre.ro/indicatori/curs-eur-ron,2026-09-01
Curs EUR/RON,2022-06-07,4.9426,RON,RO,BNR,https://www.bnr.ro,https://ecifre.ro/indicatori/curs-eur-ron,2026-09-01
Curs EUR/RON,2022-06-08,4.9456,RON,RO,BNR,https://www.bnr.ro,https://ecifre.ro/indicatori/curs-eur-ron,2026-09-01
Curs EUR/RON,2022-06-09,4.9454,RON,RO,BNR,https://www.bnr.ro,https://ecifre.ro/indicatori/curs-eur-ron,2026-09-01
Curs EUR/RON,2022-06-10,4.9432,RON,RO,BNR,https://www.bnr.ro,https://ecifre.ro/indicatori/curs-eur-ron,2026-09-01
Curs EUR/RON,2022-06-14,4.9439,RON,RO,BNR,https://www.bnr.ro,https://ecifre.ro/indicatori/curs-eur-ron,2026-09-01
Curs EUR/RON,2022-06-15,4.9449,RON,RO,BNR,https://www.bnr.ro,https://ecifre.ro/indicatori/curs-eur-ron,2026-09-01
Curs EUR/RON,2022-06-16,4.9443,RON,RO,BNR,https://www.bnr.ro,https://ecifre.ro/indicatori/curs-eur-ron,2026-09-01
Curs EUR/RON,2022-06-17,4.9472,RON,RO,BNR,https://www.bnr.ro,https://ecifre.ro/indicatori/curs-eur-ron,2026-09-01
Curs EUR/RON,2022-06-20,4.9448,RON,RO,BNR,https://www.bnr.ro,https://ecifre.ro/indicatori/curs-eur-ron,2026-09-01
Curs EUR/RON,2022-06-21,4.9475,RON,RO,BNR,https://www.bnr.ro,https://ecifre.ro/indicatori/curs-eur-ron,2026-09-01
Curs EUR/RON,2022-06-22,4.9469,RON,RO,BNR,https://www.bnr.ro,https://ecifre.ro/indicatori/curs-eur-ron,2026-09-01
Curs EUR/RON,2022-06-23,4.9464,RON,RO,BNR,https://www.bnr.ro,https://ecifre.ro/indicatori/curs-eur-ron,2026-09-01
Curs EUR/RON,2022-06-24,4.9471,RON,RO,BNR,https://www.bnr.ro,https://ecifre.ro/indicatori/curs-eur-ron,2026-09-01
Curs EUR/RON,2022-06-27,4.9459,RON,RO,BNR,https://www.bnr.ro,https://ecifre.ro/indicatori/curs-eur-ron,2026-09-01
Curs EUR/RON,2022-06-28,4.9457,RON,RO,BNR,https://www.bnr.ro,https://ecifre.ro/indicatori/curs-eur-ron,2026-09-01
Curs EUR/RON,2022-06-29,4.9430,RON,RO,BNR,https://www.bnr.ro,https://ecifre.ro/indicatori/curs-eur-ron,2026-09-01
Curs EUR/RON,2022-06-30,4.9454,RON,RO,BNR,https://www.bnr.ro,https://ecifre.ro/indicatori/curs-eur-ron,2026-09-01
Curs EUR/RON,2022-07-01,4.9461,RON,RO,BNR,https://www.bnr.ro,https://ecifre.ro/indicatori/curs-eur-ron,2026-09-01
Curs EUR/RON,2022-07-04,4.9448,RON,RO,BNR,https://www.bnr.ro,https://ecifre.ro/indicatori/curs-eur-ron,2026-09-01
Curs EUR/RON,2022-07-05,4.9449,RON,RO,BNR,https://www.bnr.ro,https://ecifre.ro/indicatori/curs-eur-ron,2026-09-01
Curs EUR/RON,2022-07-06,4.9454,RON,RO,BNR,https://www.bnr.ro,https://ecifre.ro/indicatori/curs-eur-ron,2026-09-01
Curs EUR/RON,2022-07-07,4.9451,RON,RO,BNR,https://www.bnr.ro,https://ecifre.ro/indicatori/curs-eur-ron,2026-09-01
Curs EUR/RON,2022-07-08,4.9439,RON,RO,BNR,https://www.bnr.ro,https://ecifre.ro/indicatori/curs-eur-ron,2026-09-01
Curs EUR/RON,2022-07-11,4.9430,RON,RO,BNR,https://www.bnr.ro,https://ecifre.ro/indicatori/curs-eur-ron,2026-09-01
Curs EUR/RON,2022-07-12,4.9411,RON,RO,BNR,https://www.bnr.ro,https://ecifre.ro/indicatori/curs-eur-ron,2026-09-01
Curs EUR/RON,2022-07-13,4.9414,RON,RO,BNR,https://www.bnr.ro,https://ecifre.ro/indicatori/curs-eur-ron,2026-09-01
Curs EUR/RON,2022-07-14,4.9418,RON,RO,BNR,https://www.bnr.ro,https://ecifre.ro/indicatori/curs-eur-ron,2026-09-01
Curs EUR/RON,2022-07-15,4.9408,RON,RO,BNR,https://www.bnr.ro,https://ecifre.ro/indicatori/curs-eur-ron,2026-09-01
Curs EUR/RON,2022-07-18,4.9390,RON,RO,BNR,https://www.bnr.ro,https://ecifre.ro/indicatori/curs-eur-ron,2026-09-01
Curs EUR/RON,2022-07-19,4.9395,RON,RO,BNR,https://www.bnr.ro,https://ecifre.ro/indicatori/curs-eur-ron,2026-09-01
Curs EUR/RON,2022-07-20,4.9399,RON,RO,BNR,https://www.bnr.ro,https://ecifre.ro/indicatori/curs-eur-ron,2026-09-01
Curs EUR/RON,2022-07-21,4.9391,RON,RO,BNR,https://www.bnr.ro,https://ecifre.ro/indicatori/curs-eur-ron,2026-09-01
Curs EUR/RON,2022-07-22,4.9324,RON,RO,BNR,https://www.bnr.ro,https://ecifre.ro/indicatori/curs-eur-ron,2026-09-01
Curs EUR/RON,2022-07-25,4.9310,RON,RO,BNR,https://www.bnr.ro,https://ecifre.ro/indicatori/curs-eur-ron,2026-09-01
Curs EUR/RON,2022-07-26,4.9328,RON,RO,BNR,https://www.bnr.ro,https://ecifre.ro/indicatori/curs-eur-ron,2026-09-01
Curs EUR/RON,2022-07-27,4.9337,RON,RO,BNR,https://www.bnr.ro,https://ecifre.ro/indicatori/curs-eur-ron,2026-09-01
Curs EUR/RON,2022-07-28,4.9353,RON,RO,BNR,https://www.bnr.ro,https://ecifre.ro/indicatori/curs-eur-ron,2026-09-01
Curs EUR/RON,2022-07-29,4.9351,RON,RO,BNR,https://www.bnr.ro,https://ecifre.ro/indicatori/curs-eur-ron,2026-09-01
Curs EUR/RON,2022-08-01,4.9287,RON,RO,BNR,https://www.bnr.ro,https://ecifre.ro/indicatori/curs-eur-ron,2026-09-01
Curs EUR/RON,2022-08-02,4.9262,RON,RO,BNR,https://www.bnr.ro,https://ecifre.ro/indicatori/curs-eur-ron,2026-09-01
Curs EUR/RON,2022-08-03,4.9252,RON,RO,BNR,https://www.bnr.ro,https://ecifre.ro/indicatori/curs-eur-ron,2026-09-01
Curs EUR/RON,2022-08-04,4.9263,RON,RO,BNR,https://www.bnr.ro,https://ecifre.ro/indicatori/curs-eur-ron,2026-09-01
Curs EUR/RON,2022-08-05,4.9264,RON,RO,BNR,https://www.bnr.ro,https://ecifre.ro/indicatori/curs-eur-ron,2026-09-01
Curs EUR/RON,2022-08-08,4.9210,RON,RO,BNR,https://www.bnr.ro,https://ecifre.ro/indicatori/curs-eur-ron,2026-09-01
Curs EUR/RON,2022-08-09,4.9050,RON,RO,BNR,https://www.bnr.ro,https://ecifre.ro/indicatori/curs-eur-ron,2026-09-01
Curs EUR/RON,2022-08-10,4.9132,RON,RO,BNR,https://www.bnr.ro,https://ecifre.ro/indicatori/curs-eur-ron,2026-09-01
Curs EUR/RON,2022-08-11,4.9090,RON,RO,BNR,https://www.bnr.ro,https://ecifre.ro/indicatori/curs-eur-ron,2026-09-01
Curs EUR/RON,2022-08-12,4.8909,RON,RO,BNR,https://www.bnr.ro,https://ecifre.ro/indicatori/curs-eur-ron,2026-09-01
Curs EUR/RON,2022-08-16,4.8831,RON,RO,BNR,https://www.bnr.ro,https://ecifre.ro/indicatori/curs-eur-ron,2026-09-01
Curs EUR/RON,2022-08-17,4.8849,RON,RO,BNR,https://www.bnr.ro,https://ecifre.ro/indicatori/curs-eur-ron,2026-09-01
Curs EUR/RON,2022-08-18,4.8793,RON,RO,BNR,https://www.bnr.ro,https://ecifre.ro/indicatori/curs-eur-ron,2026-09-01
Curs EUR/RON,2022-08-19,4.8806,RON,RO,BNR,https://www.bnr.ro,https://ecifre.ro/indicatori/curs-eur-ron,2026-09-01
Curs EUR/RON,2022-08-22,4.8853,RON,RO,BNR,https://www.bnr.ro,https://ecifre.ro/indicatori/curs-eur-ron,2026-09-01
Curs EUR/RON,2022-08-23,4.8851,RON,RO,BNR,https://www.bnr.ro,https://ecifre.ro/indicatori/curs-eur-ron,2026-09-01
Curs EUR/RON,2022-08-24,4.8818,RON,RO,BNR,https://www.bnr.ro,https://ecifre.ro/indicatori/curs-eur-ron,2026-09-01
Curs EUR/RON,2022-08-25,4.8756,RON,RO,BNR,https://www.bnr.ro,https://ecifre.ro/indicatori/curs-eur-ron,2026-09-01
Curs EUR/RON,2022-08-26,4.8734,RON,RO,BNR,https://www.bnr.ro,https://ecifre.ro/indicatori/curs-eur-ron,2026-09-01
Curs EUR/RON,2022-08-29,4.8707,RON,RO,BNR,https://www.bnr.ro,https://ecifre.ro/indicatori/curs-eur-ron,2026-09-01
Curs EUR/RON,2022-08-30,4.8652,RON,RO,BNR,https://www.bnr.ro,https://ecifre.ro/indicatori/curs-eur-ron,2026-09-01
Curs EUR/RON,2022-08-31,4.8605,RON,RO,BNR,https://www.bnr.ro,https://ecifre.ro/indicatori/curs-eur-ron,2026-09-01
Curs EUR/RON,2022-09-01,4.8525,RON,RO,BNR,https://www.bnr.ro,https://ecifre.ro/indicatori/curs-eur-ron,2026-09-01
Curs EUR/RON,2022-09-02,4.8344,RON,RO,BNR,https://www.bnr.ro,https://ecifre.ro/indicatori/curs-eur-ron,2026-09-01
Curs EUR/RON,2022-09-05,4.8215,RON,RO,BNR,https://www.bnr.ro,https://ecifre.ro/indicatori/curs-eur-ron,2026-09-01
Curs EUR/RON,2022-09-06,4.8287,RON,RO,BNR,https://www.bnr.ro,https://ecifre.ro/indicatori/curs-eur-ron,2026-09-01
Curs EUR/RON,2022-09-07,4.8580,RON,RO,BNR,https://www.bnr.ro,https://ecifre.ro/indicatori/curs-eur-ron,2026-09-01
Curs EUR/RON,2022-09-08,4.8707,RON,RO,BNR,https://www.bnr.ro,https://ecifre.ro/indicatori/curs-eur-ron,2026-09-01
Curs EUR/RON,2022-09-09,4.8936,RON,RO,BNR,https://www.bnr.ro,https://ecifre.ro/indicatori/curs-eur-ron,2026-09-01
Curs EUR/RON,2022-09-12,4.9047,RON,RO,BNR,https://www.bnr.ro,https://ecifre.ro/indicatori/curs-eur-ron,2026-09-01
Curs EUR/RON,2022-09-13,4.9216,RON,RO,BNR,https://www.bnr.ro,https://ecifre.ro/indicatori/curs-eur-ron,2026-09-01
Curs EUR/RON,2022-09-14,4.9247,RON,RO,BNR,https://www.bnr.ro,https://ecifre.ro/indicatori/curs-eur-ron,2026-09-01
Curs EUR/RON,2022-09-15,4.9259,RON,RO,BNR,https://www.bnr.ro,https://ecifre.ro/indicatori/curs-eur-ron,2026-09-01
Curs EUR/RON,2022-09-16,4.9253,RON,RO,BNR,https://www.bnr.ro,https://ecifre.ro/indicatori/curs-eur-ron,2026-09-01
Curs EUR/RON,2022-09-19,4.9226,RON,RO,BNR,https://www.bnr.ro,https://ecifre.ro/indicatori/curs-eur-ron,2026-09-01
Curs EUR/RON,2022-09-20,4.9313,RON,RO,BNR,https://www.bnr.ro,https://ecifre.ro/indicatori/curs-eur-ron,2026-09-01
Curs EUR/RON,2022-09-21,4.9436,RON,RO,BNR,https://www.bnr.ro,https://ecifre.ro/indicatori/curs-eur-ron,2026-09-01
Curs EUR/RON,2022-09-22,4.9412,RON,RO,BNR,https://www.bnr.ro,https://ecifre.ro/indicatori/curs-eur-ron,2026-09-01
Curs EUR/RON,2022-09-23,4.9437,RON,RO,BNR,https://www.bnr.ro,https://ecifre.ro/indicatori/curs-eur-ron,2026-09-01
Curs EUR/RON,2022-09-26,4.9427,RON,RO,BNR,https://www.bnr.ro,https://ecifre.ro/indicatori/curs-eur-ron,2026-09-01
Curs EUR/RON,2022-09-27,4.9437,RON,RO,BNR,https://www.bnr.ro,https://ecifre.ro/indicatori/curs-eur-ron,2026-09-01
Curs EUR/RON,2022-09-28,4.9479,RON,RO,BNR,https://www.bnr.ro,https://ecifre.ro/indicatori/curs-eur-ron,2026-09-01
Curs EUR/RON,2022-09-29,4.9486,RON,RO,BNR,https://www.bnr.ro,https://ecifre.ro/indicatori/curs-eur-ron,2026-09-01
Curs EUR/RON,2022-09-30,4.9490,RON,RO,BNR,https://www.bnr.ro,https://ecifre.ro/indicatori/curs-eur-ron,2026-09-01
Curs EUR/RON,2022-10-03,4.9480,RON,RO,BNR,https://www.bnr.ro,https://ecifre.ro/indicatori/curs-eur-ron,2026-09-01
Curs EUR/RON,2022-10-04,4.9471,RON,RO,BNR,https://www.bnr.ro,https://ecifre.ro/indicatori/curs-eur-ron,2026-09-01
Curs EUR/RON,2022-10-05,4.9419,RON,RO,BNR,https://www.bnr.ro,https://ecifre.ro/indicatori/curs-eur-ron,2026-09-01
Curs EUR/RON,2022-10-06,4.9366,RON,RO,BNR,https://www.bnr.ro,https://ecifre.ro/indicatori/curs-eur-ron,2026-09-01
Curs EUR/RON,2022-10-07,4.9410,RON,RO,BNR,https://www.bnr.ro,https://ecifre.ro/indicatori/curs-eur-ron,2026-09-01
Curs EUR/RON,2022-10-10,4.9395,RON,RO,BNR,https://www.bnr.ro,https://ecifre.ro/indicatori/curs-eur-ron,2026-09-01
Curs EUR/RON,2022-10-11,4.9367,RON,RO,BNR,https://www.bnr.ro,https://ecifre.ro/indicatori/curs-eur-ron,2026-09-01
Curs EUR/RON,2022-10-12,4.9397,RON,RO,BNR,https://www.bnr.ro,https://ecifre.ro/indicatori/curs-eur-ron,2026-09-01
Curs EUR/RON,2022-10-13,4.9416,RON,RO,BNR,https://www.bnr.ro,https://ecifre.ro/indicatori/curs-eur-ron,2026-09-01
Curs EUR/RON,2022-10-14,4.9350,RON,RO,BNR,https://www.bnr.ro,https://ecifre.ro/indicatori/curs-eur-ron,2026-09-01
Curs EUR/RON,2022-10-17,4.9360,RON,RO,BNR,https://www.bnr.ro,https://ecifre.ro/indicatori/curs-eur-ron,2026-09-01
Curs EUR/RON,2022-10-18,4.9357,RON,RO,BNR,https://www.bnr.ro,https://ecifre.ro/indicatori/curs-eur-ron,2026-09-01
Curs EUR/RON,2022-10-19,4.9290,RON,RO,BNR,https://www.bnr.ro,https://ecifre.ro/indicatori/curs-eur-ron,2026-09-01
Curs EUR/RON,2022-10-20,4.9246,RON,RO,BNR,https://www.bnr.ro,https://ecifre.ro/indicatori/curs-eur-ron,2026-09-01
Curs EUR/RON,2022-10-21,4.9130,RON,RO,BNR,https://www.bnr.ro,https://ecifre.ro/indicatori/curs-eur-ron,2026-09-01
Curs EUR/RON,2022-10-24,4.9139,RON,RO,BNR,https://www.bnr.ro,https://ecifre.ro/indicatori/curs-eur-ron,2026-09-01
Curs EUR/RON,2022-10-25,4.9038,RON,RO,BNR,https://www.bnr.ro,https://ecifre.ro/indicatori/curs-eur-ron,2026-09-01
Curs EUR/RON,2022-10-26,4.8793,RON,RO,BNR,https://www.bnr.ro,https://ecifre.ro/indicatori/curs-eur-ron,2026-09-01
Curs EUR/RON,2022-10-27,4.8890,RON,RO,BNR,https://www.bnr.ro,https://ecifre.ro/indicatori/curs-eur-ron,2026-09-01
Curs EUR/RON,2022-10-28,4.9128,RON,RO,BNR,https://www.bnr.ro,https://ecifre.ro/indicatori/curs-eur-ron,2026-09-01
Curs EUR/RON,2022-10-31,4.9141,RON,RO,BNR,https://www.bnr.ro,https://ecifre.ro/indicatori/curs-eur-ron,2026-09-01
Curs EUR/RON,2022-11-01,4.9134,RON,RO,BNR,https://www.bnr.ro,https://ecifre.ro/indicatori/curs-eur-ron,2026-09-01
Curs EUR/RON,2022-11-02,4.9113,RON,RO,BNR,https://www.bnr.ro,https://ecifre.ro/indicatori/curs-eur-ron,2026-09-01
Curs EUR/RON,2022-11-03,4.9010,RON,RO,BNR,https://www.bnr.ro,https://ecifre.ro/indicatori/curs-eur-ron,2026-09-01
Curs EUR/RON,2022-11-04,4.8876,RON,RO,BNR,https://www.bnr.ro,https://ecifre.ro/indicatori/curs-eur-ron,2026-09-01
Curs EUR/RON,2022-11-07,4.8871,RON,RO,BNR,https://www.bnr.ro,https://ecifre.ro/indicatori/curs-eur-ron,2026-09-01
Curs EUR/RON,2022-11-08,4.8912,RON,RO,BNR,https://www.bnr.ro,https://ecifre.ro/indicatori/curs-eur-ron,2026-09-01
Curs EUR/RON,2022-11-09,4.9052,RON,RO,BNR,https://www.bnr.ro,https://ecifre.ro/indicatori/curs-eur-ron,2026-09-01
Curs EUR/RON,2022-11-10,4.8919,RON,RO,BNR,https://www.bnr.ro,https://ecifre.ro/indicatori/curs-eur-ron,2026-09-01
Curs EUR/RON,2022-11-11,4.8902,RON,RO,BNR,https://www.bnr.ro,https://ecifre.ro/indicatori/curs-eur-ron,2026-09-01
Curs EUR/RON,2022-11-14,4.8982,RON,RO,BNR,https://www.bnr.ro,https://ecifre.ro/indicatori/curs-eur-ron,2026-09-01
Curs EUR/RON,2022-11-15,4.9032,RON,RO,BNR,https://www.bnr.ro,https://ecifre.ro/indicatori/curs-eur-ron,2026-09-01
Curs EUR/RON,2022-11-16,4.9209,RON,RO,BNR,https://www.bnr.ro,https://ecifre.ro/indicatori/curs-eur-ron,2026-09-01
Curs EUR/RON,2022-11-17,4.9267,RON,RO,BNR,https://www.bnr.ro,https://ecifre.ro/indicatori/curs-eur-ron,2026-09-01
Curs EUR/RON,2022-11-18,4.9418,RON,RO,BNR,https://www.bnr.ro,https://ecifre.ro/indicatori/curs-eur-ron,2026-09-01
Curs EUR/RON,2022-11-21,4.9417,RON,RO,BNR,https://www.bnr.ro,https://ecifre.ro/indicatori/curs-eur-ron,2026-09-01
Curs EUR/RON,2022-11-22,4.9253,RON,RO,BNR,https://www.bnr.ro,https://ecifre.ro/indicatori/curs-eur-ron,2026-09-01
Curs EUR/RON,2022-11-23,4.9385,RON,RO,BNR,https://www.bnr.ro,https://ecifre.ro/indicatori/curs-eur-ron,2026-09-01
Curs EUR/RON,2022-11-24,4.9309,RON,RO,BNR,https://www.bnr.ro,https://ecifre.ro/indicatori/curs-eur-ron,2026-09-01
Curs EUR/RON,2022-11-25,4.9250,RON,RO,BNR,https://www.bnr.ro,https://ecifre.ro/indicatori/curs-eur-ron,2026-09-01
Curs EUR/RON,2022-11-28,4.9266,RON,RO,BNR,https://www.bnr.ro,https://ecifre.ro/indicatori/curs-eur-ron,2026-09-01
Curs EUR/RON,2022-11-29,4.9184,RON,RO,BNR,https://www.bnr.ro,https://ecifre.ro/indicatori/curs-eur-ron,2026-09-01
Curs EUR/RON,2022-12-02,4.9297,RON,RO,BNR,https://www.bnr.ro,https://ecifre.ro/indicatori/curs-eur-ron,2026-09-01
Curs EUR/RON,2022-12-05,4.9207,RON,RO,BNR,https://www.bnr.ro,https://ecifre.ro/indicatori/curs-eur-ron,2026-09-01
Curs EUR/RON,2022-12-06,4.9126,RON,RO,BNR,https://www.bnr.ro,https://ecifre.ro/indicatori/curs-eur-ron,2026-09-01
Curs EUR/RON,2022-12-07,4.9186,RON,RO,BNR,https://www.bnr.ro,https://ecifre.ro/indicatori/curs-eur-ron,2026-09-01
Curs EUR/RON,2022-12-08,4.9192,RON,RO,BNR,https://www.bnr.ro,https://ecifre.ro/indicatori/curs-eur-ron,2026-09-01
Curs EUR/RON,2022-12-09,4.9211,RON,RO,BNR,https://www.bnr.ro,https://ecifre.ro/indicatori/curs-eur-ron,2026-09-01
Curs EUR/RON,2022-12-12,4.9286,RON,RO,BNR,https://www.bnr.ro,https://ecifre.ro/indicatori/curs-eur-ron,2026-09-01
Curs EUR/RON,2022-12-13,4.9314,RON,RO,BNR,https://www.bnr.ro,https://ecifre.ro/indicatori/curs-eur-ron,2026-09-01
Curs EUR/RON,2022-12-14,4.9248,RON,RO,BNR,https://www.bnr.ro,https://ecifre.ro/indicatori/curs-eur-ron,2026-09-01
Curs EUR/RON,2022-12-15,4.9206,RON,RO,BNR,https://www.bnr.ro,https://ecifre.ro/indicatori/curs-eur-ron,2026-09-01
Curs EUR/RON,2022-12-16,4.9199,RON,RO,BNR,https://www.bnr.ro,https://ecifre.ro/indicatori/curs-eur-ron,2026-09-01
Curs EUR/RON,2022-12-19,4.9176,RON,RO,BNR,https://www.bnr.ro,https://ecifre.ro/indicatori/curs-eur-ron,2026-09-01
Curs EUR/RON,2022-12-20,4.9140,RON,RO,BNR,https://www.bnr.ro,https://ecifre.ro/indicatori/curs-eur-ron,2026-09-01
Curs EUR/RON,2022-12-21,4.9023,RON,RO,BNR,https://www.bnr.ro,https://ecifre.ro/indicatori/curs-eur-ron,2026-09-01
Curs EUR/RON,2022-12-22,4.8981,RON,RO,BNR,https://www.bnr.ro,https://ecifre.ro/indicatori/curs-eur-ron,2026-09-01
Curs EUR/RON,2022-12-23,4.9020,RON,RO,BNR,https://www.bnr.ro,https://ecifre.ro/indicatori/curs-eur-ron,2026-09-01
Curs EUR/RON,2022-12-27,4.9278,RON,RO,BNR,https://www.bnr.ro,https://ecifre.ro/indicatori/curs-eur-ron,2026-09-01
Curs EUR/RON,2022-12-28,4.9463,RON,RO,BNR,https://www.bnr.ro,https://ecifre.ro/indicatori/curs-eur-ron,2026-09-01
Curs EUR/RON,2022-12-29,4.9458,RON,RO,BNR,https://www.bnr.ro,https://ecifre.ro/indicatori/curs-eur-ron,2026-09-01
Curs EUR/RON,2022-12-30,4.9474,RON,RO,BNR,https://www.bnr.ro,https://ecifre.ro/indicatori/curs-eur-ron,2026-09-01
Curs EUR/RON,2023-01-03,4.9273,RON,RO,BNR,https://www.bnr.ro,https://ecifre.ro/indicatori/curs-eur-ron,2026-09-01
Curs EUR/RON,2023-01-04,4.9264,RON,RO,BNR,https://www.bnr.ro,https://ecifre.ro/indicatori/curs-eur-ron,2026-09-01
Curs EUR/RON,2023-01-05,4.9243,RON,RO,BNR,https://www.bnr.ro,https://ecifre.ro/indicatori/curs-eur-ron,2026-09-01
Curs EUR/RON,2023-01-06,4.9293,RON,RO,BNR,https://www.bnr.ro,https://ecifre.ro/indicatori/curs-eur-ron,2026-09-01
Curs EUR/RON,2023-01-09,4.9252,RON,RO,BNR,https://www.bnr.ro,https://ecifre.ro/indicatori/curs-eur-ron,2026-09-01
Curs EUR/RON,2023-01-10,4.9253,RON,RO,BNR,https://www.bnr.ro,https://ecifre.ro/indicatori/curs-eur-ron,2026-09-01
Curs EUR/RON,2023-01-11,4.9328,RON,RO,BNR,https://www.bnr.ro,https://ecifre.ro/indicatori/curs-eur-ron,2026-09-01
Curs EUR/RON,2023-01-12,4.9359,RON,RO,BNR,https://www.bnr.ro,https://ecifre.ro/indicatori/curs-eur-ron,2026-09-01
Curs EUR/RON,2023-01-13,4.9413,RON,RO,BNR,https://www.bnr.ro,https://ecifre.ro/indicatori/curs-eur-ron,2026-09-01
Curs EUR/RON,2023-01-16,4.9405,RON,RO,BNR,https://www.bnr.ro,https://ecifre.ro/indicatori/curs-eur-ron,2026-09-01
Curs EUR/RON,2023-01-17,4.9314,RON,RO,BNR,https://www.bnr.ro,https://ecifre.ro/indicatori/curs-eur-ron,2026-09-01
Curs EUR/RON,2023-01-18,4.9355,RON,RO,BNR,https://www.bnr.ro,https://ecifre.ro/indicatori/curs-eur-ron,2026-09-01
Curs EUR/RON,2023-01-19,4.9293,RON,RO,BNR,https://www.bnr.ro,https://ecifre.ro/indicatori/curs-eur-ron,2026-09-01
Curs EUR/RON,2023-01-20,4.9255,RON,RO,BNR,https://www.bnr.ro,https://ecifre.ro/indicatori/curs-eur-ron,2026-09-01
Curs EUR/RON,2023-01-23,4.9198,RON,RO,BNR,https://www.bnr.ro,https://ecifre.ro/indicatori/curs-eur-ron,2026-09-01
Curs EUR/RON,2023-01-25,4.9016,RON,RO,BNR,https://www.bnr.ro,https://ecifre.ro/indicatori/curs-eur-ron,2026-09-01
Curs EUR/RON,2023-01-26,4.8858,RON,RO,BNR,https://www.bnr.ro,https://ecifre.ro/indicatori/curs-eur-ron,2026-09-01
Curs EUR/RON,2023-01-27,4.8922,RON,RO,BNR,https://www.bnr.ro,https://ecifre.ro/indicatori/curs-eur-ron,2026-09-01
Curs EUR/RON,2023-01-30,4.9030,RON,RO,BNR,https://www.bnr.ro,https://ecifre.ro/indicatori/curs-eur-ron,2026-09-01
Curs EUR/RON,2023-01-31,4.9221,RON,RO,BNR,https://www.bnr.ro,https://ecifre.ro/indicatori/curs-eur-ron,2026-09-01
Curs EUR/RON,2023-02-01,4.9148,RON,RO,BNR,https://www.bnr.ro,https://ecifre.ro/indicatori/curs-eur-ron,2026-09-01
Curs EUR/RON,2023-02-02,4.9024,RON,RO,BNR,https://www.bnr.ro,https://ecifre.ro/indicatori/curs-eur-ron,2026-09-01
Curs EUR/RON,2023-02-03,4.9005,RON,RO,BNR,https://www.bnr.ro,https://ecifre.ro/indicatori/curs-eur-ron,2026-09-01
Curs EUR/RON,2023-02-06,4.9036,RON,RO,BNR,https://www.bnr.ro,https://ecifre.ro/indicatori/curs-eur-ron,2026-09-01
Curs EUR/RON,2023-02-07,4.9022,RON,RO,BNR,https://www.bnr.ro,https://ecifre.ro/indicatori/curs-eur-ron,2026-09-01
Curs EUR/RON,2023-02-08,4.8962,RON,RO,BNR,https://www.bnr.ro,https://ecifre.ro/indicatori/curs-eur-ron,2026-09-01
Curs EUR/RON,2023-02-09,4.8900,RON,RO,BNR,https://www.bnr.ro,https://ecifre.ro/indicatori/curs-eur-ron,2026-09-01
Curs EUR/RON,2023-02-10,4.9045,RON,RO,BNR,https://www.bnr.ro,https://ecifre.ro/indicatori/curs-eur-ron,2026-09-01
Curs EUR/RON,2023-02-13,4.9037,RON,RO,BNR,https://www.bnr.ro,https://ecifre.ro/indicatori/curs-eur-ron,2026-09-01
Curs EUR/RON,2023-02-14,4.9012,RON,RO,BNR,https://www.bnr.ro,https://ecifre.ro/indicatori/curs-eur-ron,2026-09-01
Curs EUR/RON,2023-02-15,4.8993,RON,RO,BNR,https://www.bnr.ro,https://ecifre.ro/indicatori/curs-eur-ron,2026-09-01
Curs EUR/RON,2023-02-16,4.9007,RON,RO,BNR,https://www.bnr.ro,https://ecifre.ro/indicatori/curs-eur-ron,2026-09-01
Curs EUR/RON,2023-02-17,4.9040,RON,RO,BNR,https://www.bnr.ro,https://ecifre.ro/indicatori/curs-eur-ron,2026-09-01
Curs EUR/RON,2023-02-20,4.9196,RON,RO,BNR,https://www.bnr.ro,https://ecifre.ro/indicatori/curs-eur-ron,2026-09-01
Curs EUR/RON,2023-02-21,4.9193,RON,RO,BNR,https://www.bnr.ro,https://ecifre.ro/indicatori/curs-eur-ron,2026-09-01
Curs EUR/RON,2023-02-22,4.9248,RON,RO,BNR,https://www.bnr.ro,https://ecifre.ro/indicatori/curs-eur-ron,2026-09-01
Curs EUR/RON,2023-02-23,4.9115,RON,RO,BNR,https://www.bnr.ro,https://ecifre.ro/indicatori/curs-eur-ron,2026-09-01
Curs EUR/RON,2023-02-24,4.9170,RON,RO,BNR,https://www.bnr.ro,https://ecifre.ro/indicatori/curs-eur-ron,2026-09-01
Curs EUR/RON,2023-02-27,4.9185,RON,RO,BNR,https://www.bnr.ro,https://ecifre.ro/indicatori/curs-eur-ron,2026-09-01
Curs EUR/RON,2023-02-28,4.9200,RON,RO,BNR,https://www.bnr.ro,https://ecifre.ro/indicatori/curs-eur-ron,2026-09-01
Curs EUR/RON,2023-03-01,4.9267,RON,RO,BNR,https://www.bnr.ro,https://ecifre.ro/indicatori/curs-eur-ron,2026-09-01
Curs EUR/RON,2023-03-02,4.9218,RON,RO,BNR,https://www.bnr.ro,https://ecifre.ro/indicatori/curs-eur-ron,2026-09-01
Curs EUR/RON,2023-03-03,4.9213,RON,RO,BNR,https://www.bnr.ro,https://ecifre.ro/indicatori/curs-eur-ron,2026-09-01
Curs EUR/RON,2023-03-06,4.9209,RON,RO,BNR,https://www.bnr.ro,https://ecifre.ro/indicatori/curs-eur-ron,2026-09-01
Curs EUR/RON,2023-03-07,4.9209,RON,RO,BNR,https://www.bnr.ro,https://ecifre.ro/indicatori/curs-eur-ron,2026-09-01
Curs EUR/RON,2023-03-08,4.9157,RON,RO,BNR,https://www.bnr.ro,https://ecifre.ro/indicatori/curs-eur-ron,2026-09-01
Curs EUR/RON,2023-03-09,4.9156,RON,RO,BNR,https://www.bnr.ro,https://ecifre.ro/indicatori/curs-eur-ron,2026-09-01
Curs EUR/RON,2023-03-10,4.9136,RON,RO,BNR,https://www.bnr.ro,https://ecifre.ro/indicatori/curs-eur-ron,2026-09-01
Curs EUR/RON,2023-03-13,4.9155,RON,RO,BNR,https://www.bnr.ro,https://ecifre.ro/indicatori/curs-eur-ron,2026-09-01
Curs EUR/RON,2023-03-14,4.9253,RON,RO,BNR,https://www.bnr.ro,https://ecifre.ro/indicatori/curs-eur-ron,2026-09-01
Curs EUR/RON,2023-03-15,4.9207,RON,RO,BNR,https://www.bnr.ro,https://ecifre.ro/indicatori/curs-eur-ron,2026-09-01
Curs EUR/RON,2023-03-16,4.9190,RON,RO,BNR,https://www.bnr.ro,https://ecifre.ro/indicatori/curs-eur-ron,2026-09-01
Curs EUR/RON,2023-03-17,4.9200,RON,RO,BNR,https://www.bnr.ro,https://ecifre.ro/indicatori/curs-eur-ron,2026-09-01
Curs EUR/RON,2023-03-20,4.9219,RON,RO,BNR,https://www.bnr.ro,https://ecifre.ro/indicatori/curs-eur-ron,2026-09-01
Curs EUR/RON,2023-03-21,4.9209,RON,RO,BNR,https://www.bnr.ro,https://ecifre.ro/indicatori/curs-eur-ron,2026-09-01
Curs EUR/RON,2023-03-22,4.9232,RON,RO,BNR,https://www.bnr.ro,https://ecifre.ro/indicatori/curs-eur-ron,2026-09-01
Curs EUR/RON,2023-03-23,4.9214,RON,RO,BNR,https://www.bnr.ro,https://ecifre.ro/indicatori/curs-eur-ron,2026-09-01
Curs EUR/RON,2023-03-24,4.9255,RON,RO,BNR,https://www.bnr.ro,https://ecifre.ro/indicatori/curs-eur-ron,2026-09-01
Curs EUR/RON,2023-03-27,4.9405,RON,RO,BNR,https://www.bnr.ro,https://ecifre.ro/indicatori/curs-eur-ron,2026-09-01
Curs EUR/RON,2023-03-28,4.9481,RON,RO,BNR,https://www.bnr.ro,https://ecifre.ro/indicatori/curs-eur-ron,2026-09-01
Curs EUR/RON,2023-03-29,4.9479,RON,RO,BNR,https://www.bnr.ro,https://ecifre.ro/indicatori/curs-eur-ron,2026-09-01
Curs EUR/RON,2023-03-30,4.9485,RON,RO,BNR,https://www.bnr.ro,https://ecifre.ro/indicatori/curs-eur-ron,2026-09-01
Curs EUR/RON,2023-03-31,4.9491,RON,RO,BNR,https://www.bnr.ro,https://ecifre.ro/indicatori/curs-eur-ron,2026-09-01
Curs EUR/RON,2023-04-03,4.9419,RON,RO,BNR,https://www.bnr.ro,https://ecifre.ro/indicatori/curs-eur-ron,2026-09-01
Curs EUR/RON,2023-04-04,4.9380,RON,RO,BNR,https://www.bnr.ro,https://ecifre.ro/indicatori/curs-eur-ron,2026-09-01
Curs EUR/RON,2023-04-05,4.9316,RON,RO,BNR,https://www.bnr.ro,https://ecifre.ro/indicatori/curs-eur-ron,2026-09-01
Curs EUR/RON,2023-04-06,4.9370,RON,RO,BNR,https://www.bnr.ro,https://ecifre.ro/indicatori/curs-eur-ron,2026-09-01
Curs EUR/RON,2023-04-07,4.9367,RON,RO,BNR,https://www.bnr.ro,https://ecifre.ro/indicatori/curs-eur-ron,2026-09-01
Curs EUR/RON,2023-04-10,4.9315,RON,RO,BNR,https://www.bnr.ro,https://ecifre.ro/indicatori/curs-eur-ron,2026-09-01
Curs EUR/RON,2023-04-11,4.9338,RON,RO,BNR,https://www.bnr.ro,https://ecifre.ro/indicatori/curs-eur-ron,2026-09-01
Curs EUR/RON,2023-04-12,4.9381,RON,RO,BNR,https://www.bnr.ro,https://ecifre.ro/indicatori/curs-eur-ron,2026-09-01
Curs EUR/RON,2023-04-13,4.9432,RON,RO,BNR,https://www.bnr.ro,https://ecifre.ro/indicatori/curs-eur-ron,2026-09-01
Curs EUR/RON,2023-04-18,4.9372,RON,RO,BNR,https://www.bnr.ro,https://ecifre.ro/indicatori/curs-eur-ron,2026-09-01
Curs EUR/RON,2023-04-19,4.9330,RON,RO,BNR,https://www.bnr.ro,https://ecifre.ro/indicatori/curs-eur-ron,2026-09-01
Curs EUR/RON,2023-04-20,4.9305,RON,RO,BNR,https://www.bnr.ro,https://ecifre.ro/indicatori/curs-eur-ron,2026-09-01
Curs EUR/RON,2023-04-21,4.9401,RON,RO,BNR,https://www.bnr.ro,https://ecifre.ro/indicatori/curs-eur-ron,2026-09-01
Curs EUR/RON,2023-04-24,4.9293,RON,RO,BNR,https://www.bnr.ro,https://ecifre.ro/indicatori/curs-eur-ron,2026-09-01
Curs EUR/RON,2023-04-25,4.9340,RON,RO,BNR,https://www.bnr.ro,https://ecifre.ro/indicatori/curs-eur-ron,2026-09-01
Curs EUR/RON,2023-04-26,4.9401,RON,RO,BNR,https://www.bnr.ro,https://ecifre.ro/indicatori/curs-eur-ron,2026-09-01
Curs EUR/RON,2023-04-27,4.9439,RON,RO,BNR,https://www.bnr.ro,https://ecifre.ro/indicatori/curs-eur-ron,2026-09-01
Curs EUR/RON,2023-04-28,4.9353,RON,RO,BNR,https://www.bnr.ro,https://ecifre.ro/indicatori/curs-eur-ron,2026-09-01
Curs EUR/RON,2023-05-02,4.9290,RON,RO,BNR,https://www.bnr.ro,https://ecifre.ro/indicatori/curs-eur-ron,2026-09-01
Curs EUR/RON,2023-05-03,4.9298,RON,RO,BNR,https://www.bnr.ro,https://ecifre.ro/indicatori/curs-eur-ron,2026-09-01
Curs EUR/RON,2023-05-04,4.9295,RON,RO,BNR,https://www.bnr.ro,https://ecifre.ro/indicatori/curs-eur-ron,2026-09-01
Curs EUR/RON,2023-05-05,4.9273,RON,RO,BNR,https://www.bnr.ro,https://ecifre.ro/indicatori/curs-eur-ron,2026-09-01
Curs EUR/RON,2023-05-08,4.9256,RON,RO,BNR,https://www.bnr.ro,https://ecifre.ro/indicatori/curs-eur-ron,2026-09-01
Curs EUR/RON,2023-05-09,4.9202,RON,RO,BNR,https://www.bnr.ro,https://ecifre.ro/indicatori/curs-eur-ron,2026-09-01
Curs EUR/RON,2023-05-10,4.9221,RON,RO,BNR,https://www.bnr.ro,https://ecifre.ro/indicatori/curs-eur-ron,2026-09-01
Curs EUR/RON,2023-05-11,4.9294,RON,RO,BNR,https://www.bnr.ro,https://ecifre.ro/indicatori/curs-eur-ron,2026-09-01
Curs EUR/RON,2023-05-12,4.9324,RON,RO,BNR,https://www.bnr.ro,https://ecifre.ro/indicatori/curs-eur-ron,2026-09-01
Curs EUR/RON,2023-05-15,4.9365,RON,RO,BNR,https://www.bnr.ro,https://ecifre.ro/indicatori/curs-eur-ron,2026-09-01
Curs EUR/RON,2023-05-16,4.9462,RON,RO,BNR,https://www.bnr.ro,https://ecifre.ro/indicatori/curs-eur-ron,2026-09-01
Curs EUR/RON,2023-05-17,4.9610,RON,RO,BNR,https://www.bnr.ro,https://ecifre.ro/indicatori/curs-eur-ron,2026-09-01
Curs EUR/RON,2023-05-18,4.9731,RON,RO,BNR,https://www.bnr.ro,https://ecifre.ro/indicatori/curs-eur-ron,2026-09-01
Curs EUR/RON,2023-05-19,4.9783,RON,RO,BNR,https://www.bnr.ro,https://ecifre.ro/indicatori/curs-eur-ron,2026-09-01
Curs EUR/RON,2023-05-22,4.9780,RON,RO,BNR,https://www.bnr.ro,https://ecifre.ro/indicatori/curs-eur-ron,2026-09-01
Curs EUR/RON,2023-05-23,4.9710,RON,RO,BNR,https://www.bnr.ro,https://ecifre.ro/indicatori/curs-eur-ron,2026-09-01
Curs EUR/RON,2023-05-24,4.9624,RON,RO,BNR,https://www.bnr.ro,https://ecifre.ro/indicatori/curs-eur-ron,2026-09-01
Curs EUR/RON,2023-05-25,4.9578,RON,RO,BNR,https://www.bnr.ro,https://ecifre.ro/indicatori/curs-eur-ron,2026-09-01
Curs EUR/RON,2023-05-26,4.9575,RON,RO,BNR,https://www.bnr.ro,https://ecifre.ro/indicatori/curs-eur-ron,2026-09-01
Curs EUR/RON,2023-05-29,4.9580,RON,RO,BNR,https://www.bnr.ro,https://ecifre.ro/indicatori/curs-eur-ron,2026-09-01
Curs EUR/RON,2023-05-30,4.9640,RON,RO,BNR,https://www.bnr.ro,https://ecifre.ro/indicatori/curs-eur-ron,2026-09-01
Curs EUR/RON,2023-05-31,4.9696,RON,RO,BNR,https://www.bnr.ro,https://ecifre.ro/indicatori/curs-eur-ron,2026-09-01
Curs EUR/RON,2023-06-02,4.9633,RON,RO,BNR,https://www.bnr.ro,https://ecifre.ro/indicatori/curs-eur-ron,2026-09-01
Curs EUR/RON,2023-06-06,4.9615,RON,RO,BNR,https://www.bnr.ro,https://ecifre.ro/indicatori/curs-eur-ron,2026-09-01
Curs EUR/RON,2023-06-07,4.9578,RON,RO,BNR,https://www.bnr.ro,https://ecifre.ro/indicatori/curs-eur-ron,2026-09-01
Curs EUR/RON,2023-06-08,4.9543,RON,RO,BNR,https://www.bnr.ro,https://ecifre.ro/indicatori/curs-eur-ron,2026-09-01
Curs EUR/RON,2023-06-09,4.9560,RON,RO,BNR,https://www.bnr.ro,https://ecifre.ro/indicatori/curs-eur-ron,2026-09-01
Curs EUR/RON,2023-06-12,4.9568,RON,RO,BNR,https://www.bnr.ro,https://ecifre.ro/indicatori/curs-eur-ron,2026-09-01
Curs EUR/RON,2023-06-13,4.9609,RON,RO,BNR,https://www.bnr.ro,https://ecifre.ro/indicatori/curs-eur-ron,2026-09-01
Curs EUR/RON,2023-06-14,4.9559,RON,RO,BNR,https://www.bnr.ro,https://ecifre.ro/indicatori/curs-eur-ron,2026-09-01
Curs EUR/RON,2023-06-15,4.9586,RON,RO,BNR,https://www.bnr.ro,https://ecifre.ro/indicatori/curs-eur-ron,2026-09-01
Curs EUR/RON,2023-06-16,4.9604,RON,RO,BNR,https://www.bnr.ro,https://ecifre.ro/indicatori/curs-eur-ron,2026-09-01
Curs EUR/RON,2023-06-19,4.9596,RON,RO,BNR,https://www.bnr.ro,https://ecifre.ro/indicatori/curs-eur-ron,2026-09-01
Curs EUR/RON,2023-06-20,4.9631,RON,RO,BNR,https://www.bnr.ro,https://ecifre.ro/indicatori/curs-eur-ron,2026-09-01
Curs EUR/RON,2023-06-21,4.9627,RON,RO,BNR,https://www.bnr.ro,https://ecifre.ro/indicatori/curs-eur-ron,2026-09-01
Curs EUR/RON,2023-06-22,4.9636,RON,RO,BNR,https://www.bnr.ro,https://ecifre.ro/indicatori/curs-eur-ron,2026-09-01
Curs EUR/RON,2023-06-23,4.9561,RON,RO,BNR,https://www.bnr.ro,https://ecifre.ro/indicatori/curs-eur-ron,2026-09-01
Curs EUR/RON,2023-06-26,4.9556,RON,RO,BNR,https://www.bnr.ro,https://ecifre.ro/indicatori/curs-eur-ron,2026-09-01
Curs EUR/RON,2023-06-27,4.9630,RON,RO,BNR,https://www.bnr.ro,https://ecifre.ro/indicatori/curs-eur-ron,2026-09-01
Curs EUR/RON,2023-06-28,4.9583,RON,RO,BNR,https://www.bnr.ro,https://ecifre.ro/indicatori/curs-eur-ron,2026-09-01
Curs EUR/RON,2023-06-29,4.9644,RON,RO,BNR,https://www.bnr.ro,https://ecifre.ro/indicatori/curs-eur-ron,2026-09-01
Curs EUR/RON,2023-06-30,4.9634,RON,RO,BNR,https://www.bnr.ro,https://ecifre.ro/indicatori/curs-eur-ron,2026-09-01
Curs EUR/RON,2023-07-03,4.9517,RON,RO,BNR,https://www.bnr.ro,https://ecifre.ro/indicatori/curs-eur-ron,2026-09-01
Curs EUR/RON,2023-07-04,4.9503,RON,RO,BNR,https://www.bnr.ro,https://ecifre.ro/indicatori/curs-eur-ron,2026-09-01
Curs EUR/RON,2023-07-05,4.9473,RON,RO,BNR,https://www.bnr.ro,https://ecifre.ro/indicatori/curs-eur-ron,2026-09-01
Curs EUR/RON,2023-07-06,4.9507,RON,RO,BNR,https://www.bnr.ro,https://ecifre.ro/indicatori/curs-eur-ron,2026-09-01
Curs EUR/RON,2023-07-07,4.9540,RON,RO,BNR,https://www.bnr.ro,https://ecifre.ro/indicatori/curs-eur-ron,2026-09-01
Curs EUR/RON,2023-07-10,4.9514,RON,RO,BNR,https://www.bnr.ro,https://ecifre.ro/indicatori/curs-eur-ron,2026-09-01
Curs EUR/RON,2023-07-11,4.9501,RON,RO,BNR,https://www.bnr.ro,https://ecifre.ro/indicatori/curs-eur-ron,2026-09-01
Curs EUR/RON,2023-07-12,4.9510,RON,RO,BNR,https://www.bnr.ro,https://ecifre.ro/indicatori/curs-eur-ron,2026-09-01
Curs EUR/RON,2023-07-13,4.9437,RON,RO,BNR,https://www.bnr.ro,https://ecifre.ro/indicatori/curs-eur-ron,2026-09-01
Curs EUR/RON,2023-07-14,4.9426,RON,RO,BNR,https://www.bnr.ro,https://ecifre.ro/indicatori/curs-eur-ron,2026-09-01
Curs EUR/RON,2023-07-17,4.9406,RON,RO,BNR,https://www.bnr.ro,https://ecifre.ro/indicatori/curs-eur-ron,2026-09-01
Curs EUR/RON,2023-07-18,4.9385,RON,RO,BNR,https://www.bnr.ro,https://ecifre.ro/indicatori/curs-eur-ron,2026-09-01
Curs EUR/RON,2023-07-19,4.9465,RON,RO,BNR,https://www.bnr.ro,https://ecifre.ro/indicatori/curs-eur-ron,2026-09-01
Curs EUR/RON,2023-07-20,4.9403,RON,RO,BNR,https://www.bnr.ro,https://ecifre.ro/indicatori/curs-eur-ron,2026-09-01
Curs EUR/RON,2023-07-21,4.9377,RON,RO,BNR,https://www.bnr.ro,https://ecifre.ro/indicatori/curs-eur-ron,2026-09-01
Curs EUR/RON,2023-07-24,4.9245,RON,RO,BNR,https://www.bnr.ro,https://ecifre.ro/indicatori/curs-eur-ron,2026-09-01
Curs EUR/RON,2023-07-25,4.9198,RON,RO,BNR,https://www.bnr.ro,https://ecifre.ro/indicatori/curs-eur-ron,2026-09-01
Curs EUR/RON,2023-07-26,4.9292,RON,RO,BNR,https://www.bnr.ro,https://ecifre.ro/indicatori/curs-eur-ron,2026-09-01
Curs EUR/RON,2023-07-27,4.9285,RON,RO,BNR,https://www.bnr.ro,https://ecifre.ro/indicatori/curs-eur-ron,2026-09-01
Curs EUR/RON,2023-07-28,4.9322,RON,RO,BNR,https://www.bnr.ro,https://ecifre.ro/indicatori/curs-eur-ron,2026-09-01
Curs EUR/RON,2023-07-31,4.9346,RON,RO,BNR,https://www.bnr.ro,https://ecifre.ro/indicatori/curs-eur-ron,2026-09-01
Curs EUR/RON,2023-08-01,4.9334,RON,RO,BNR,https://www.bnr.ro,https://ecifre.ro/indicatori/curs-eur-ron,2026-09-01
Curs EUR/RON,2023-08-02,4.9339,RON,RO,BNR,https://www.bnr.ro,https://ecifre.ro/indicatori/curs-eur-ron,2026-09-01
Curs EUR/RON,2023-08-03,4.9382,RON,RO,BNR,https://www.bnr.ro,https://ecifre.ro/indicatori/curs-eur-ron,2026-09-01
Curs EUR/RON,2023-08-04,4.9521,RON,RO,BNR,https://www.bnr.ro,https://ecifre.ro/indicatori/curs-eur-ron,2026-09-01
Curs EUR/RON,2023-08-07,4.9490,RON,RO,BNR,https://www.bnr.ro,https://ecifre.ro/indicatori/curs-eur-ron,2026-09-01
Curs EUR/RON,2023-08-08,4.9497,RON,RO,BNR,https://www.bnr.ro,https://ecifre.ro/indicatori/curs-eur-ron,2026-09-01
Curs EUR/RON,2023-08-09,4.9477,RON,RO,BNR,https://www.bnr.ro,https://ecifre.ro/indicatori/curs-eur-ron,2026-09-01
Curs EUR/RON,2023-08-10,4.9433,RON,RO,BNR,https://www.bnr.ro,https://ecifre.ro/indicatori/curs-eur-ron,2026-09-01
Curs EUR/RON,2023-08-11,4.9418,RON,RO,BNR,https://www.bnr.ro,https://ecifre.ro/indicatori/curs-eur-ron,2026-09-01
Curs EUR/RON,2023-08-14,4.9422,RON,RO,BNR,https://www.bnr.ro,https://ecifre.ro/indicatori/curs-eur-ron,2026-09-01
Curs EUR/RON,2023-08-16,4.9354,RON,RO,BNR,https://www.bnr.ro,https://ecifre.ro/indicatori/curs-eur-ron,2026-09-01
Curs EUR/RON,2023-08-17,4.9345,RON,RO,BNR,https://www.bnr.ro,https://ecifre.ro/indicatori/curs-eur-ron,2026-09-01
Curs EUR/RON,2023-08-18,4.9442,RON,RO,BNR,https://www.bnr.ro,https://ecifre.ro/indicatori/curs-eur-ron,2026-09-01
Curs EUR/RON,2023-08-21,4.9416,RON,RO,BNR,https://www.bnr.ro,https://ecifre.ro/indicatori/curs-eur-ron,2026-09-01
Curs EUR/RON,2023-08-22,4.9373,RON,RO,BNR,https://www.bnr.ro,https://ecifre.ro/indicatori/curs-eur-ron,2026-09-01
Curs EUR/RON,2023-08-23,4.9405,RON,RO,BNR,https://www.bnr.ro,https://ecifre.ro/indicatori/curs-eur-ron,2026-09-01
Curs EUR/RON,2023-08-24,4.9345,RON,RO,BNR,https://www.bnr.ro,https://ecifre.ro/indicatori/curs-eur-ron,2026-09-01
Curs EUR/RON,2023-08-25,4.9388,RON,RO,BNR,https://www.bnr.ro,https://ecifre.ro/indicatori/curs-eur-ron,2026-09-01
Curs EUR/RON,2023-08-28,4.9358,RON,RO,BNR,https://www.bnr.ro,https://ecifre.ro/indicatori/curs-eur-ron,2026-09-01
Curs EUR/RON,2023-08-29,4.9418,RON,RO,BNR,https://www.bnr.ro,https://ecifre.ro/indicatori/curs-eur-ron,2026-09-01
Curs EUR/RON,2023-08-30,4.9424,RON,RO,BNR,https://www.bnr.ro,https://ecifre.ro/indicatori/curs-eur-ron,2026-09-01
Curs EUR/RON,2023-08-31,4.9412,RON,RO,BNR,https://www.bnr.ro,https://ecifre.ro/indicatori/curs-eur-ron,2026-09-01
Curs EUR/RON,2023-09-01,4.9440,RON,RO,BNR,https://www.bnr.ro,https://ecifre.ro/indicatori/curs-eur-ron,2026-09-01
Curs EUR/RON,2023-09-04,4.9465,RON,RO,BNR,https://www.bnr.ro,https://ecifre.ro/indicatori/curs-eur-ron,2026-09-01
Curs EUR/RON,2023-09-05,4.9491,RON,RO,BNR,https://www.bnr.ro,https://ecifre.ro/indicatori/curs-eur-ron,2026-09-01
Curs EUR/RON,2023-09-06,4.9615,RON,RO,BNR,https://www.bnr.ro,https://ecifre.ro/indicatori/curs-eur-ron,2026-09-01
Curs EUR/RON,2023-09-07,4.9632,RON,RO,BNR,https://www.bnr.ro,https://ecifre.ro/indicatori/curs-eur-ron,2026-09-01
Curs EUR/RON,2023-09-08,4.9643,RON,RO,BNR,https://www.bnr.ro,https://ecifre.ro/indicatori/curs-eur-ron,2026-09-01
Curs EUR/RON,2023-09-11,4.9660,RON,RO,BNR,https://www.bnr.ro,https://ecifre.ro/indicatori/curs-eur-ron,2026-09-01
Curs EUR/RON,2023-09-12,4.9690,RON,RO,BNR,https://www.bnr.ro,https://ecifre.ro/indicatori/curs-eur-ron,2026-09-01
Curs EUR/RON,2023-09-13,4.9697,RON,RO,BNR,https://www.bnr.ro,https://ecifre.ro/indicatori/curs-eur-ron,2026-09-01
Curs EUR/RON,2023-09-14,4.9695,RON,RO,BNR,https://www.bnr.ro,https://ecifre.ro/indicatori/curs-eur-ron,2026-09-01
Curs EUR/RON,2023-09-15,4.9690,RON,RO,BNR,https://www.bnr.ro,https://ecifre.ro/indicatori/curs-eur-ron,2026-09-01
Curs EUR/RON,2023-09-18,4.9679,RON,RO,BNR,https://www.bnr.ro,https://ecifre.ro/indicatori/curs-eur-ron,2026-09-01
Curs EUR/RON,2023-09-19,4.9691,RON,RO,BNR,https://www.bnr.ro,https://ecifre.ro/indicatori/curs-eur-ron,2026-09-01
Curs EUR/RON,2023-09-20,4.9711,RON,RO,BNR,https://www.bnr.ro,https://ecifre.ro/indicatori/curs-eur-ron,2026-09-01
Curs EUR/RON,2023-09-21,4.9707,RON,RO,BNR,https://www.bnr.ro,https://ecifre.ro/indicatori/curs-eur-ron,2026-09-01
Curs EUR/RON,2023-09-22,4.9675,RON,RO,BNR,https://www.bnr.ro,https://ecifre.ro/indicatori/curs-eur-ron,2026-09-01
Curs EUR/RON,2023-09-25,4.9677,RON,RO,BNR,https://www.bnr.ro,https://ecifre.ro/indicatori/curs-eur-ron,2026-09-01
Curs EUR/RON,2023-09-26,4.9696,RON,RO,BNR,https://www.bnr.ro,https://ecifre.ro/indicatori/curs-eur-ron,2026-09-01
Curs EUR/RON,2023-09-27,4.9743,RON,RO,BNR,https://www.bnr.ro,https://ecifre.ro/indicatori/curs-eur-ron,2026-09-01
Curs EUR/RON,2023-09-28,4.9749,RON,RO,BNR,https://www.bnr.ro,https://ecifre.ro/indicatori/curs-eur-ron,2026-09-01
Curs EUR/RON,2023-09-29,4.9746,RON,RO,BNR,https://www.bnr.ro,https://ecifre.ro/indicatori/curs-eur-ron,2026-09-01
Curs EUR/RON,2023-10-02,4.9744,RON,RO,BNR,https://www.bnr.ro,https://ecifre.ro/indicatori/curs-eur-ron,2026-09-01
Curs EUR/RON,2023-10-03,4.9745,RON,RO,BNR,https://www.bnr.ro,https://ecifre.ro/indicatori/curs-eur-ron,2026-09-01
Curs EUR/RON,2023-10-04,4.9752,RON,RO,BNR,https://www.bnr.ro,https://ecifre.ro/indicatori/curs-eur-ron,2026-09-01
Curs EUR/RON,2023-10-05,4.9700,RON,RO,BNR,https://www.bnr.ro,https://ecifre.ro/indicatori/curs-eur-ron,2026-09-01
Curs EUR/RON,2023-10-06,4.9631,RON,RO,BNR,https://www.bnr.ro,https://ecifre.ro/indicatori/curs-eur-ron,2026-09-01
Curs EUR/RON,2023-10-09,4.9682,RON,RO,BNR,https://www.bnr.ro,https://ecifre.ro/indicatori/curs-eur-ron,2026-09-01
Curs EUR/RON,2023-10-10,4.9656,RON,RO,BNR,https://www.bnr.ro,https://ecifre.ro/indicatori/curs-eur-ron,2026-09-01
Curs EUR/RON,2023-10-11,4.9658,RON,RO,BNR,https://www.bnr.ro,https://ecifre.ro/indicatori/curs-eur-ron,2026-09-01
Curs EUR/RON,2023-10-12,4.9627,RON,RO,BNR,https://www.bnr.ro,https://ecifre.ro/indicatori/curs-eur-ron,2026-09-01
Curs EUR/RON,2023-10-13,4.9645,RON,RO,BNR,https://www.bnr.ro,https://ecifre.ro/indicatori/curs-eur-ron,2026-09-01
Curs EUR/RON,2023-10-16,4.9654,RON,RO,BNR,https://www.bnr.ro,https://ecifre.ro/indicatori/curs-eur-ron,2026-09-01
Curs EUR/RON,2023-10-17,4.9676,RON,RO,BNR,https://www.bnr.ro,https://ecifre.ro/indicatori/curs-eur-ron,2026-09-01
Curs EUR/RON,2023-10-18,4.9705,RON,RO,BNR,https://www.bnr.ro,https://ecifre.ro/indicatori/curs-eur-ron,2026-09-01
Curs EUR/RON,2023-10-19,4.9720,RON,RO,BNR,https://www.bnr.ro,https://ecifre.ro/indicatori/curs-eur-ron,2026-09-01
Curs EUR/RON,2023-10-20,4.9734,RON,RO,BNR,https://www.bnr.ro,https://ecifre.ro/indicatori/curs-eur-ron,2026-09-01
Curs EUR/RON,2023-10-23,4.9724,RON,RO,BNR,https://www.bnr.ro,https://ecifre.ro/indicatori/curs-eur-ron,2026-09-01
Curs EUR/RON,2023-10-24,4.9678,RON,RO,BNR,https://www.bnr.ro,https://ecifre.ro/indicatori/curs-eur-ron,2026-09-01
Curs EUR/RON,2023-10-25,4.9628,RON,RO,BNR,https://www.bnr.ro,https://ecifre.ro/indicatori/curs-eur-ron,2026-09-01
Curs EUR/RON,2023-10-26,4.9643,RON,RO,BNR,https://www.bnr.ro,https://ecifre.ro/indicatori/curs-eur-ron,2026-09-01
Curs EUR/RON,2023-10-27,4.9681,RON,RO,BNR,https://www.bnr.ro,https://ecifre.ro/indicatori/curs-eur-ron,2026-09-01
Curs EUR/RON,2023-10-30,4.9647,RON,RO,BNR,https://www.bnr.ro,https://ecifre.ro/indicatori/curs-eur-ron,2026-09-01
Curs EUR/RON,2023-10-31,4.9669,RON,RO,BNR,https://www.bnr.ro,https://ecifre.ro/indicatori/curs-eur-ron,2026-09-01
Curs EUR/RON,2023-11-01,4.9685,RON,RO,BNR,https://www.bnr.ro,https://ecifre.ro/indicatori/curs-eur-ron,2026-09-01
Curs EUR/RON,2023-11-02,4.9693,RON,RO,BNR,https://www.bnr.ro,https://ecifre.ro/indicatori/curs-eur-ron,2026-09-01
Curs EUR/RON,2023-11-03,4.9701,RON,RO,BNR,https://www.bnr.ro,https://ecifre.ro/indicatori/curs-eur-ron,2026-09-01
Curs EUR/RON,2023-11-06,4.9695,RON,RO,BNR,https://www.bnr.ro,https://ecifre.ro/indicatori/curs-eur-ron,2026-09-01
Curs EUR/RON,2023-11-07,4.9696,RON,RO,BNR,https://www.bnr.ro,https://ecifre.ro/indicatori/curs-eur-ron,2026-09-01
Curs EUR/RON,2023-11-08,4.9674,RON,RO,BNR,https://www.bnr.ro,https://ecifre.ro/indicatori/curs-eur-ron,2026-09-01
Curs EUR/RON,2023-11-09,4.9673,RON,RO,BNR,https://www.bnr.ro,https://ecifre.ro/indicatori/curs-eur-ron,2026-09-01
Curs EUR/RON,2023-11-10,4.9692,RON,RO,BNR,https://www.bnr.ro,https://ecifre.ro/indicatori/curs-eur-ron,2026-09-01
Curs EUR/RON,2023-11-13,4.9703,RON,RO,BNR,https://www.bnr.ro,https://ecifre.ro/indicatori/curs-eur-ron,2026-09-01
Curs EUR/RON,2023-11-14,4.9723,RON,RO,BNR,https://www.bnr.ro,https://ecifre.ro/indicatori/curs-eur-ron,2026-09-01
Curs EUR/RON,2023-11-15,4.9701,RON,RO,BNR,https://www.bnr.ro,https://ecifre.ro/indicatori/curs-eur-ron,2026-09-01
Curs EUR/RON,2023-11-16,4.9704,RON,RO,BNR,https://www.bnr.ro,https://ecifre.ro/indicatori/curs-eur-ron,2026-09-01
Curs EUR/RON,2023-11-17,4.9711,RON,RO,BNR,https://www.bnr.ro,https://ecifre.ro/indicatori/curs-eur-ron,2026-09-01
Curs EUR/RON,2023-11-20,4.9709,RON,RO,BNR,https://www.bnr.ro,https://ecifre.ro/indicatori/curs-eur-ron,2026-09-01
Curs EUR/RON,2023-11-21,4.9706,RON,RO,BNR,https://www.bnr.ro,https://ecifre.ro/indicatori/curs-eur-ron,2026-09-01
Curs EUR/RON,2023-11-22,4.9707,RON,RO,BNR,https://www.bnr.ro,https://ecifre.ro/indicatori/curs-eur-ron,2026-09-01
Curs EUR/RON,2023-11-23,4.9710,RON,RO,BNR,https://www.bnr.ro,https://ecifre.ro/indicatori/curs-eur-ron,2026-09-01
Curs EUR/RON,2023-11-24,4.9703,RON,RO,BNR,https://www.bnr.ro,https://ecifre.ro/indicatori/curs-eur-ron,2026-09-01
Curs EUR/RON,2023-11-27,4.9702,RON,RO,BNR,https://www.bnr.ro,https://ecifre.ro/indicatori/curs-eur-ron,2026-09-01
Curs EUR/RON,2023-11-28,4.9725,RON,RO,BNR,https://www.bnr.ro,https://ecifre.ro/indicatori/curs-eur-ron,2026-09-01
Curs EUR/RON,2023-11-29,4.9726,RON,RO,BNR,https://www.bnr.ro,https://ecifre.ro/indicatori/curs-eur-ron,2026-09-01
Curs EUR/RON,2023-12-04,4.9678,RON,RO,BNR,https://www.bnr.ro,https://ecifre.ro/indicatori/curs-eur-ron,2026-09-01
Curs EUR/RON,2023-12-05,4.9672,RON,RO,BNR,https://www.bnr.ro,https://ecifre.ro/indicatori/curs-eur-ron,2026-09-01
Curs EUR/RON,2023-12-06,4.9681,RON,RO,BNR,https://www.bnr.ro,https://ecifre.ro/indicatori/curs-eur-ron,2026-09-01
Curs EUR/RON,2023-12-07,4.9679,RON,RO,BNR,https://www.bnr.ro,https://ecifre.ro/indicatori/curs-eur-ron,2026-09-01
Curs EUR/RON,2023-12-08,4.9677,RON,RO,BNR,https://www.bnr.ro,https://ecifre.ro/indicatori/curs-eur-ron,2026-09-01
Curs EUR/RON,2023-12-11,4.9708,RON,RO,BNR,https://www.bnr.ro,https://ecifre.ro/indicatori/curs-eur-ron,2026-09-01
Curs EUR/RON,2023-12-12,4.9724,RON,RO,BNR,https://www.bnr.ro,https://ecifre.ro/indicatori/curs-eur-ron,2026-09-01
Curs EUR/RON,2023-12-13,4.9740,RON,RO,BNR,https://www.bnr.ro,https://ecifre.ro/indicatori/curs-eur-ron,2026-09-01
Curs EUR/RON,2023-12-14,4.9720,RON,RO,BNR,https://www.bnr.ro,https://ecifre.ro/indicatori/curs-eur-ron,2026-09-01
Curs EUR/RON,2023-12-15,4.9709,RON,RO,BNR,https://www.bnr.ro,https://ecifre.ro/indicatori/curs-eur-ron,2026-09-01
Curs EUR/RON,2023-12-18,4.9676,RON,RO,BNR,https://www.bnr.ro,https://ecifre.ro/indicatori/curs-eur-ron,2026-09-01
Curs EUR/RON,2023-12-19,4.9704,RON,RO,BNR,https://www.bnr.ro,https://ecifre.ro/indicatori/curs-eur-ron,2026-09-01
Curs EUR/RON,2023-12-20,4.9702,RON,RO,BNR,https://www.bnr.ro,https://ecifre.ro/indicatori/curs-eur-ron,2026-09-01
Curs EUR/RON,2023-12-21,4.9692,RON,RO,BNR,https://www.bnr.ro,https://ecifre.ro/indicatori/curs-eur-ron,2026-09-01
Curs EUR/RON,2023-12-22,4.9695,RON,RO,BNR,https://www.bnr.ro,https://ecifre.ro/indicatori/curs-eur-ron,2026-09-01
Curs EUR/RON,2023-12-27,4.9720,RON,RO,BNR,https://www.bnr.ro,https://ecifre.ro/indicatori/curs-eur-ron,2026-09-01
Curs EUR/RON,2023-12-28,4.9753,RON,RO,BNR,https://www.bnr.ro,https://ecifre.ro/indicatori/curs-eur-ron,2026-09-01
Curs EUR/RON,2023-12-29,4.9746,RON,RO,BNR,https://www.bnr.ro,https://ecifre.ro/indicatori/curs-eur-ron,2026-09-01
Curs EUR/RON,2024-01-03,4.9731,RON,RO,BNR,https://www.bnr.ro,https://ecifre.ro/indicatori/curs-eur-ron,2026-09-01
Curs EUR/RON,2024-01-04,4.9730,RON,RO,BNR,https://www.bnr.ro,https://ecifre.ro/indicatori/curs-eur-ron,2026-09-01
Curs EUR/RON,2024-01-05,4.9744,RON,RO,BNR,https://www.bnr.ro,https://ecifre.ro/indicatori/curs-eur-ron,2026-09-01
Curs EUR/RON,2024-01-08,4.9720,RON,RO,BNR,https://www.bnr.ro,https://ecifre.ro/indicatori/curs-eur-ron,2026-09-01
Curs EUR/RON,2024-01-09,4.9715,RON,RO,BNR,https://www.bnr.ro,https://ecifre.ro/indicatori/curs-eur-ron,2026-09-01
Curs EUR/RON,2024-01-10,4.9724,RON,RO,BNR,https://www.bnr.ro,https://ecifre.ro/indicatori/curs-eur-ron,2026-09-01
Curs EUR/RON,2024-01-11,4.9723,RON,RO,BNR,https://www.bnr.ro,https://ecifre.ro/indicatori/curs-eur-ron,2026-09-01
Curs EUR/RON,2024-01-12,4.9731,RON,RO,BNR,https://www.bnr.ro,https://ecifre.ro/indicatori/curs-eur-ron,2026-09-01
Curs EUR/RON,2024-01-15,4.9736,RON,RO,BNR,https://www.bnr.ro,https://ecifre.ro/indicatori/curs-eur-ron,2026-09-01
Curs EUR/RON,2024-01-16,4.9761,RON,RO,BNR,https://www.bnr.ro,https://ecifre.ro/indicatori/curs-eur-ron,2026-09-01
Curs EUR/RON,2024-01-17,4.9752,RON,RO,BNR,https://www.bnr.ro,https://ecifre.ro/indicatori/curs-eur-ron,2026-09-01
Curs EUR/RON,2024-01-18,4.9765,RON,RO,BNR,https://www.bnr.ro,https://ecifre.ro/indicatori/curs-eur-ron,2026-09-01
Curs EUR/RON,2024-01-19,4.9769,RON,RO,BNR,https://www.bnr.ro,https://ecifre.ro/indicatori/curs-eur-ron,2026-09-01
Curs EUR/RON,2024-01-22,4.9768,RON,RO,BNR,https://www.bnr.ro,https://ecifre.ro/indicatori/curs-eur-ron,2026-09-01
Curs EUR/RON,2024-01-23,4.9767,RON,RO,BNR,https://www.bnr.ro,https://ecifre.ro/indicatori/curs-eur-ron,2026-09-01
Curs EUR/RON,2024-01-25,4.9765,RON,RO,BNR,https://www.bnr.ro,https://ecifre.ro/indicatori/curs-eur-ron,2026-09-01
Curs EUR/RON,2024-01-26,4.9763,RON,RO,BNR,https://www.bnr.ro,https://ecifre.ro/indicatori/curs-eur-ron,2026-09-01
Curs EUR/RON,2024-01-29,4.9770,RON,RO,BNR,https://www.bnr.ro,https://ecifre.ro/indicatori/curs-eur-ron,2026-09-01
Curs EUR/RON,2024-01-30,4.9769,RON,RO,BNR,https://www.bnr.ro,https://ecifre.ro/indicatori/curs-eur-ron,2026-09-01
Curs EUR/RON,2024-01-31,4.9759,RON,RO,BNR,https://www.bnr.ro,https://ecifre.ro/indicatori/curs-eur-ron,2026-09-01
Curs EUR/RON,2024-02-01,4.9747,RON,RO,BNR,https://www.bnr.ro,https://ecifre.ro/indicatori/curs-eur-ron,2026-09-01
Curs EUR/RON,2024-02-02,4.9728,RON,RO,BNR,https://www.bnr.ro,https://ecifre.ro/indicatori/curs-eur-ron,2026-09-01
Curs EUR/RON,2024-02-05,4.9736,RON,RO,BNR,https://www.bnr.ro,https://ecifre.ro/indicatori/curs-eur-ron,2026-09-01
Curs EUR/RON,2024-02-06,4.9760,RON,RO,BNR,https://www.bnr.ro,https://ecifre.ro/indicatori/curs-eur-ron,2026-09-01
Curs EUR/RON,2024-02-07,4.9769,RON,RO,BNR,https://www.bnr.ro,https://ecifre.ro/indicatori/curs-eur-ron,2026-09-01
Curs EUR/RON,2024-02-08,4.9764,RON,RO,BNR,https://www.bnr.ro,https://ecifre.ro/indicatori/curs-eur-ron,2026-09-01
Curs EUR/RON,2024-02-09,4.9770,RON,RO,BNR,https://www.bnr.ro,https://ecifre.ro/indicatori/curs-eur-ron,2026-09-01
Curs EUR/RON,2024-02-12,4.9753,RON,RO,BNR,https://www.bnr.ro,https://ecifre.ro/indicatori/curs-eur-ron,2026-09-01
Curs EUR/RON,2024-02-13,4.9761,RON,RO,BNR,https://www.bnr.ro,https://ecifre.ro/indicatori/curs-eur-ron,2026-09-01
Curs EUR/RON,2024-02-14,4.9760,RON,RO,BNR,https://www.bnr.ro,https://ecifre.ro/indicatori/curs-eur-ron,2026-09-01
Curs EUR/RON,2024-02-15,4.9767,RON,RO,BNR,https://www.bnr.ro,https://ecifre.ro/indicatori/curs-eur-ron,2026-09-01
Curs EUR/RON,2024-02-16,4.9770,RON,RO,BNR,https://www.bnr.ro,https://ecifre.ro/indicatori/curs-eur-ron,2026-09-01
Curs EUR/RON,2024-02-19,4.9773,RON,RO,BNR,https://www.bnr.ro,https://ecifre.ro/indicatori/curs-eur-ron,2026-09-01
Curs EUR/RON,2024-02-20,4.9771,RON,RO,BNR,https://www.bnr.ro,https://ecifre.ro/indicatori/curs-eur-ron,2026-09-01
Curs EUR/RON,2024-02-21,4.9759,RON,RO,BNR,https://www.bnr.ro,https://ecifre.ro/indicatori/curs-eur-ron,2026-09-01
Curs EUR/RON,2024-02-22,4.9769,RON,RO,BNR,https://www.bnr.ro,https://ecifre.ro/indicatori/curs-eur-ron,2026-09-01
Curs EUR/RON,2024-02-23,4.9753,RON,RO,BNR,https://www.bnr.ro,https://ecifre.ro/indicatori/curs-eur-ron,2026-09-01
Curs EUR/RON,2024-02-26,4.9731,RON,RO,BNR,https://www.bnr.ro,https://ecifre.ro/indicatori/curs-eur-ron,2026-09-01
Curs EUR/RON,2024-02-27,4.9686,RON,RO,BNR,https://www.bnr.ro,https://ecifre.ro/indicatori/curs-eur-ron,2026-09-01
Curs EUR/RON,2024-02-28,4.9700,RON,RO,BNR,https://www.bnr.ro,https://ecifre.ro/indicatori/curs-eur-ron,2026-09-01
Curs EUR/RON,2024-02-29,4.9690,RON,RO,BNR,https://www.bnr.ro,https://ecifre.ro/indicatori/curs-eur-ron,2026-09-01
Curs EUR/RON,2024-03-01,4.9699,RON,RO,BNR,https://www.bnr.ro,https://ecifre.ro/indicatori/curs-eur-ron,2026-09-01
Curs EUR/RON,2024-03-04,4.9698,RON,RO,BNR,https://www.bnr.ro,https://ecifre.ro/indicatori/curs-eur-ron,2026-09-01
Curs EUR/RON,2024-03-05,4.9719,RON,RO,BNR,https://www.bnr.ro,https://ecifre.ro/indicatori/curs-eur-ron,2026-09-01
Curs EUR/RON,2024-03-06,4.9718,RON,RO,BNR,https://www.bnr.ro,https://ecifre.ro/indicatori/curs-eur-ron,2026-09-01
Curs EUR/RON,2024-03-07,4.9707,RON,RO,BNR,https://www.bnr.ro,https://ecifre.ro/indicatori/curs-eur-ron,2026-09-01
Curs EUR/RON,2024-03-08,4.9691,RON,RO,BNR,https://www.bnr.ro,https://ecifre.ro/indicatori/curs-eur-ron,2026-09-01
Curs EUR/RON,2024-03-11,4.9671,RON,RO,BNR,https://www.bnr.ro,https://ecifre.ro/indicatori/curs-eur-ron,2026-09-01
Curs EUR/RON,2024-03-12,4.9665,RON,RO,BNR,https://www.bnr.ro,https://ecifre.ro/indicatori/curs-eur-ron,2026-09-01
Curs EUR/RON,2024-03-13,4.9675,RON,RO,BNR,https://www.bnr.ro,https://ecifre.ro/indicatori/curs-eur-ron,2026-09-01
Curs EUR/RON,2024-03-14,4.9712,RON,RO,BNR,https://www.bnr.ro,https://ecifre.ro/indicatori/curs-eur-ron,2026-09-01
Curs EUR/RON,2024-03-15,4.9707,RON,RO,BNR,https://www.bnr.ro,https://ecifre.ro/indicatori/curs-eur-ron,2026-09-01
Curs EUR/RON,2024-03-18,4.9715,RON,RO,BNR,https://www.bnr.ro,https://ecifre.ro/indicatori/curs-eur-ron,2026-09-01
Curs EUR/RON,2024-03-19,4.9741,RON,RO,BNR,https://www.bnr.ro,https://ecifre.ro/indicatori/curs-eur-ron,2026-09-01
Curs EUR/RON,2024-03-20,4.9739,RON,RO,BNR,https://www.bnr.ro,https://ecifre.ro/indicatori/curs-eur-ron,2026-09-01
Curs EUR/RON,2024-03-21,4.9740,RON,RO,BNR,https://www.bnr.ro,https://ecifre.ro/indicatori/curs-eur-ron,2026-09-01
Curs EUR/RON,2024-03-22,4.9727,RON,RO,BNR,https://www.bnr.ro,https://ecifre.ro/indicatori/curs-eur-ron,2026-09-01
Curs EUR/RON,2024-03-25,4.9711,RON,RO,BNR,https://www.bnr.ro,https://ecifre.ro/indicatori/curs-eur-ron,2026-09-01
Curs EUR/RON,2024-03-26,4.9712,RON,RO,BNR,https://www.bnr.ro,https://ecifre.ro/indicatori/curs-eur-ron,2026-09-01
Curs EUR/RON,2024-03-27,4.9710,RON,RO,BNR,https://www.bnr.ro,https://ecifre.ro/indicatori/curs-eur-ron,2026-09-01
Curs EUR/RON,2024-03-28,4.9730,RON,RO,BNR,https://www.bnr.ro,https://ecifre.ro/indicatori/curs-eur-ron,2026-09-01
Curs EUR/RON,2024-03-29,4.9695,RON,RO,BNR,https://www.bnr.ro,https://ecifre.ro/indicatori/curs-eur-ron,2026-09-01
Curs EUR/RON,2024-04-01,4.9700,RON,RO,BNR,https://www.bnr.ro,https://ecifre.ro/indicatori/curs-eur-ron,2026-09-01
Curs EUR/RON,2024-04-02,4.9705,RON,RO,BNR,https://www.bnr.ro,https://ecifre.ro/indicatori/curs-eur-ron,2026-09-01
Curs EUR/RON,2024-04-03,4.9689,RON,RO,BNR,https://www.bnr.ro,https://ecifre.ro/indicatori/curs-eur-ron,2026-09-01
Curs EUR/RON,2024-04-04,4.9708,RON,RO,BNR,https://www.bnr.ro,https://ecifre.ro/indicatori/curs-eur-ron,2026-09-01
Curs EUR/RON,2024-04-05,4.9681,RON,RO,BNR,https://www.bnr.ro,https://ecifre.ro/indicatori/curs-eur-ron,2026-09-01
Curs EUR/RON,2024-04-08,4.9678,RON,RO,BNR,https://www.bnr.ro,https://ecifre.ro/indicatori/curs-eur-ron,2026-09-01
Curs EUR/RON,2024-04-09,4.9682,RON,RO,BNR,https://www.bnr.ro,https://ecifre.ro/indicatori/curs-eur-ron,2026-09-01
Curs EUR/RON,2024-04-10,4.9692,RON,RO,BNR,https://www.bnr.ro,https://ecifre.ro/indicatori/curs-eur-ron,2026-09-01
Curs EUR/RON,2024-04-11,4.9703,RON,RO,BNR,https://www.bnr.ro,https://ecifre.ro/indicatori/curs-eur-ron,2026-09-01
Curs EUR/RON,2024-04-12,4.9714,RON,RO,BNR,https://www.bnr.ro,https://ecifre.ro/indicatori/curs-eur-ron,2026-09-01
Curs EUR/RON,2024-04-15,4.9737,RON,RO,BNR,https://www.bnr.ro,https://ecifre.ro/indicatori/curs-eur-ron,2026-09-01
Curs EUR/RON,2024-04-16,4.9763,RON,RO,BNR,https://www.bnr.ro,https://ecifre.ro/indicatori/curs-eur-ron,2026-09-01
Curs EUR/RON,2024-04-17,4.9754,RON,RO,BNR,https://www.bnr.ro,https://ecifre.ro/indicatori/curs-eur-ron,2026-09-01
Curs EUR/RON,2024-04-18,4.9763,RON,RO,BNR,https://www.bnr.ro,https://ecifre.ro/indicatori/curs-eur-ron,2026-09-01
Curs EUR/RON,2024-04-19,4.9764,RON,RO,BNR,https://www.bnr.ro,https://ecifre.ro/indicatori/curs-eur-ron,2026-09-01
Curs EUR/RON,2024-04-22,4.9758,RON,RO,BNR,https://www.bnr.ro,https://ecifre.ro/indicatori/curs-eur-ron,2026-09-01
Curs EUR/RON,2024-04-23,4.9762,RON,RO,BNR,https://www.bnr.ro,https://ecifre.ro/indicatori/curs-eur-ron,2026-09-01
Curs EUR/RON,2024-04-24,4.9761,RON,RO,BNR,https://www.bnr.ro,https://ecifre.ro/indicatori/curs-eur-ron,2026-09-01
Curs EUR/RON,2024-04-25,4.9763,RON,RO,BNR,https://www.bnr.ro,https://ecifre.ro/indicatori/curs-eur-ron,2026-09-01
Curs EUR/RON,2024-04-26,4.9765,RON,RO,BNR,https://www.bnr.ro,https://ecifre.ro/indicatori/curs-eur-ron,2026-09-01
Curs EUR/RON,2024-04-29,4.9758,RON,RO,BNR,https://www.bnr.ro,https://ecifre.ro/indicatori/curs-eur-ron,2026-09-01
Curs EUR/RON,2024-04-30,4.9759,RON,RO,BNR,https://www.bnr.ro,https://ecifre.ro/indicatori/curs-eur-ron,2026-09-01
Curs EUR/RON,2024-05-02,4.9764,RON,RO,BNR,https://www.bnr.ro,https://ecifre.ro/indicatori/curs-eur-ron,2026-09-01
Curs EUR/RON,2024-05-07,4.9757,RON,RO,BNR,https://www.bnr.ro,https://ecifre.ro/indicatori/curs-eur-ron,2026-09-01
Curs EUR/RON,2024-05-08,4.9761,RON,RO,BNR,https://www.bnr.ro,https://ecifre.ro/indicatori/curs-eur-ron,2026-09-01
Curs EUR/RON,2024-05-09,4.9753,RON,RO,BNR,https://www.bnr.ro,https://ecifre.ro/indicatori/curs-eur-ron,2026-09-01
Curs EUR/RON,2024-05-10,4.9756,RON,RO,BNR,https://www.bnr.ro,https://ecifre.ro/indicatori/curs-eur-ron,2026-09-01
Curs EUR/RON,2024-05-13,4.9765,RON,RO,BNR,https://www.bnr.ro,https://ecifre.ro/indicatori/curs-eur-ron,2026-09-01
Curs EUR/RON,2024-05-14,4.9763,RON,RO,BNR,https://www.bnr.ro,https://ecifre.ro/indicatori/curs-eur-ron,2026-09-01
Curs EUR/RON,2024-05-15,4.9765,RON,RO,BNR,https://www.bnr.ro,https://ecifre.ro/indicatori/curs-eur-ron,2026-09-01
Curs EUR/RON,2024-05-16,4.9756,RON,RO,BNR,https://www.bnr.ro,https://ecifre.ro/indicatori/curs-eur-ron,2026-09-01
Curs EUR/RON,2024-05-17,4.9751,RON,RO,BNR,https://www.bnr.ro,https://ecifre.ro/indicatori/curs-eur-ron,2026-09-01
Curs EUR/RON,2024-05-20,4.9748,RON,RO,BNR,https://www.bnr.ro,https://ecifre.ro/indicatori/curs-eur-ron,2026-09-01
Curs EUR/RON,2024-05-21,4.9746,RON,RO,BNR,https://www.bnr.ro,https://ecifre.ro/indicatori/curs-eur-ron,2026-09-01
Curs EUR/RON,2024-05-22,4.9745,RON,RO,BNR,https://www.bnr.ro,https://ecifre.ro/indicatori/curs-eur-ron,2026-09-01
Curs EUR/RON,2024-05-23,4.9757,RON,RO,BNR,https://www.bnr.ro,https://ecifre.ro/indicatori/curs-eur-ron,2026-09-01
Curs EUR/RON,2024-05-24,4.9744,RON,RO,BNR,https://www.bnr.ro,https://ecifre.ro/indicatori/curs-eur-ron,2026-09-01
Curs EUR/RON,2024-05-27,4.9767,RON,RO,BNR,https://www.bnr.ro,https://ecifre.ro/indicatori/curs-eur-ron,2026-09-01
Curs EUR/RON,2024-05-28,4.9759,RON,RO,BNR,https://www.bnr.ro,https://ecifre.ro/indicatori/curs-eur-ron,2026-09-01
Curs EUR/RON,2024-05-29,4.9762,RON,RO,BNR,https://www.bnr.ro,https://ecifre.ro/indicatori/curs-eur-ron,2026-09-01
Curs EUR/RON,2024-05-30,4.9766,RON,RO,BNR,https://www.bnr.ro,https://ecifre.ro/indicatori/curs-eur-ron,2026-09-01
Curs EUR/RON,2024-05-31,4.9767,RON,RO,BNR,https://www.bnr.ro,https://ecifre.ro/indicatori/curs-eur-ron,2026-09-01
Curs EUR/RON,2024-06-03,4.9761,RON,RO,BNR,https://www.bnr.ro,https://ecifre.ro/indicatori/curs-eur-ron,2026-09-01
Curs EUR/RON,2024-06-04,4.9752,RON,RO,BNR,https://www.bnr.ro,https://ecifre.ro/indicatori/curs-eur-ron,2026-09-01
Curs EUR/RON,2024-06-05,4.9758,RON,RO,BNR,https://www.bnr.ro,https://ecifre.ro/indicatori/curs-eur-ron,2026-09-01
Curs EUR/RON,2024-06-06,4.9763,RON,RO,BNR,https://www.bnr.ro,https://ecifre.ro/indicatori/curs-eur-ron,2026-09-01
Curs EUR/RON,2024-06-07,4.9760,RON,RO,BNR,https://www.bnr.ro,https://ecifre.ro/indicatori/curs-eur-ron,2026-09-01
Curs EUR/RON,2024-06-10,4.9765,RON,RO,BNR,https://www.bnr.ro,https://ecifre.ro/indicatori/curs-eur-ron,2026-09-01
Curs EUR/RON,2024-06-11,4.9767,RON,RO,BNR,https://www.bnr.ro,https://ecifre.ro/indicatori/curs-eur-ron,2026-09-01
Curs EUR/RON,2024-06-12,4.9766,RON,RO,BNR,https://www.bnr.ro,https://ecifre.ro/indicatori/curs-eur-ron,2026-09-01
Curs EUR/RON,2024-06-13,4.9772,RON,RO,BNR,https://www.bnr.ro,https://ecifre.ro/indicatori/curs-eur-ron,2026-09-01
Curs EUR/RON,2024-06-14,4.9771,RON,RO,BNR,https://www.bnr.ro,https://ecifre.ro/indicatori/curs-eur-ron,2026-09-01
Curs EUR/RON,2024-06-17,4.9768,RON,RO,BNR,https://www.bnr.ro,https://ecifre.ro/indicatori/curs-eur-ron,2026-09-01
Curs EUR/RON,2024-06-18,4.9766,RON,RO,BNR,https://www.bnr.ro,https://ecifre.ro/indicatori/curs-eur-ron,2026-09-01
Curs EUR/RON,2024-06-19,4.9763,RON,RO,BNR,https://www.bnr.ro,https://ecifre.ro/indicatori/curs-eur-ron,2026-09-01
Curs EUR/RON,2024-06-20,4.9770,RON,RO,BNR,https://www.bnr.ro,https://ecifre.ro/indicatori/curs-eur-ron,2026-09-01
Curs EUR/RON,2024-06-21,4.9771,RON,RO,BNR,https://www.bnr.ro,https://ecifre.ro/indicatori/curs-eur-ron,2026-09-01
Curs EUR/RON,2024-06-25,4.9768,RON,RO,BNR,https://www.bnr.ro,https://ecifre.ro/indicatori/curs-eur-ron,2026-09-01
Curs EUR/RON,2024-06-26,4.9769,RON,RO,BNR,https://www.bnr.ro,https://ecifre.ro/indicatori/curs-eur-ron,2026-09-01
Curs EUR/RON,2024-06-27,4.9768,RON,RO,BNR,https://www.bnr.ro,https://ecifre.ro/indicatori/curs-eur-ron,2026-09-01
Curs EUR/RON,2024-06-28,4.9771,RON,RO,BNR,https://www.bnr.ro,https://ecifre.ro/indicatori/curs-eur-ron,2026-09-01
Curs EUR/RON,2024-07-01,4.9770,RON,RO,BNR,https://www.bnr.ro,https://ecifre.ro/indicatori/curs-eur-ron,2026-09-01
Curs EUR/RON,2024-07-02,4.9770,RON,RO,BNR,https://www.bnr.ro,https://ecifre.ro/indicatori/curs-eur-ron,2026-09-01
Curs EUR/RON,2024-07-03,4.9771,RON,RO,BNR,https://www.bnr.ro,https://ecifre.ro/indicatori/curs-eur-ron,2026-09-01
Curs EUR/RON,2024-07-04,4.9772,RON,RO,BNR,https://www.bnr.ro,https://ecifre.ro/indicatori/curs-eur-ron,2026-09-01
Curs EUR/RON,2024-07-05,4.9773,RON,RO,BNR,https://www.bnr.ro,https://ecifre.ro/indicatori/curs-eur-ron,2026-09-01
Curs EUR/RON,2024-07-08,4.9755,RON,RO,BNR,https://www.bnr.ro,https://ecifre.ro/indicatori/curs-eur-ron,2026-09-01
Curs EUR/RON,2024-07-09,4.9735,RON,RO,BNR,https://www.bnr.ro,https://ecifre.ro/indicatori/curs-eur-ron,2026-09-01
Curs EUR/RON,2024-07-10,4.9736,RON,RO,BNR,https://www.bnr.ro,https://ecifre.ro/indicatori/curs-eur-ron,2026-09-01
Curs EUR/RON,2024-07-11,4.9749,RON,RO,BNR,https://www.bnr.ro,https://ecifre.ro/indicatori/curs-eur-ron,2026-09-01
Curs EUR/RON,2024-07-12,4.9737,RON,RO,BNR,https://www.bnr.ro,https://ecifre.ro/indicatori/curs-eur-ron,2026-09-01
Curs EUR/RON,2024-07-15,4.9700,RON,RO,BNR,https://www.bnr.ro,https://ecifre.ro/indicatori/curs-eur-ron,2026-09-01
Curs EUR/RON,2024-07-16,4.9655,RON,RO,BNR,https://www.bnr.ro,https://ecifre.ro/indicatori/curs-eur-ron,2026-09-01
Curs EUR/RON,2024-07-17,4.9681,RON,RO,BNR,https://www.bnr.ro,https://ecifre.ro/indicatori/curs-eur-ron,2026-09-01
Curs EUR/RON,2024-07-18,4.9692,RON,RO,BNR,https://www.bnr.ro,https://ecifre.ro/indicatori/curs-eur-ron,2026-09-01
Curs EUR/RON,2024-07-19,4.9709,RON,RO,BNR,https://www.bnr.ro,https://ecifre.ro/indicatori/curs-eur-ron,2026-09-01
Curs EUR/RON,2024-07-22,4.9716,RON,RO,BNR,https://www.bnr.ro,https://ecifre.ro/indicatori/curs-eur-ron,2026-09-01
Curs EUR/RON,2024-07-23,4.9729,RON,RO,BNR,https://www.bnr.ro,https://ecifre.ro/indicatori/curs-eur-ron,2026-09-01
Curs EUR/RON,2024-07-24,4.9704,RON,RO,BNR,https://www.bnr.ro,https://ecifre.ro/indicatori/curs-eur-ron,2026-09-01
Curs EUR/RON,2024-07-25,4.9690,RON,RO,BNR,https://www.bnr.ro,https://ecifre.ro/indicatori/curs-eur-ron,2026-09-01
Curs EUR/RON,2024-07-26,4.9700,RON,RO,BNR,https://www.bnr.ro,https://ecifre.ro/indicatori/curs-eur-ron,2026-09-01
Curs EUR/RON,2024-07-29,4.9720,RON,RO,BNR,https://www.bnr.ro,https://ecifre.ro/indicatori/curs-eur-ron,2026-09-01
Curs EUR/RON,2024-07-30,4.9753,RON,RO,BNR,https://www.bnr.ro,https://ecifre.ro/indicatori/curs-eur-ron,2026-09-01
Curs EUR/RON,2024-07-31,4.9752,RON,RO,BNR,https://www.bnr.ro,https://ecifre.ro/indicatori/curs-eur-ron,2026-09-01
Curs EUR/RON,2024-08-01,4.9760,RON,RO,BNR,https://www.bnr.ro,https://ecifre.ro/indicatori/curs-eur-ron,2026-09-01
Curs EUR/RON,2024-08-02,4.9753,RON,RO,BNR,https://www.bnr.ro,https://ecifre.ro/indicatori/curs-eur-ron,2026-09-01
Curs EUR/RON,2024-08-05,4.9769,RON,RO,BNR,https://www.bnr.ro,https://ecifre.ro/indicatori/curs-eur-ron,2026-09-01
Curs EUR/RON,2024-08-06,4.9768,RON,RO,BNR,https://www.bnr.ro,https://ecifre.ro/indicatori/curs-eur-ron,2026-09-01
Curs EUR/RON,2024-08-07,4.9766,RON,RO,BNR,https://www.bnr.ro,https://ecifre.ro/indicatori/curs-eur-ron,2026-09-01
Curs EUR/RON,2024-08-08,4.9767,RON,RO,BNR,https://www.bnr.ro,https://ecifre.ro/indicatori/curs-eur-ron,2026-09-01
Curs EUR/RON,2024-08-09,4.9769,RON,RO,BNR,https://www.bnr.ro,https://ecifre.ro/indicatori/curs-eur-ron,2026-09-01
Curs EUR/RON,2024-08-12,4.9765,RON,RO,BNR,https://www.bnr.ro,https://ecifre.ro/indicatori/curs-eur-ron,2026-09-01
Curs EUR/RON,2024-08-13,4.9764,RON,RO,BNR,https://www.bnr.ro,https://ecifre.ro/indicatori/curs-eur-ron,2026-09-01
Curs EUR/RON,2024-08-14,4.9761,RON,RO,BNR,https://www.bnr.ro,https://ecifre.ro/indicatori/curs-eur-ron,2026-09-01
Curs EUR/RON,2024-08-16,4.9754,RON,RO,BNR,https://www.bnr.ro,https://ecifre.ro/indicatori/curs-eur-ron,2026-09-01
Curs EUR/RON,2024-08-19,4.9773,RON,RO,BNR,https://www.bnr.ro,https://ecifre.ro/indicatori/curs-eur-ron,2026-09-01
Curs EUR/RON,2024-08-20,4.9769,RON,RO,BNR,https://www.bnr.ro,https://ecifre.ro/indicatori/curs-eur-ron,2026-09-01
Curs EUR/RON,2024-08-21,4.9772,RON,RO,BNR,https://www.bnr.ro,https://ecifre.ro/indicatori/curs-eur-ron,2026-09-01
Curs EUR/RON,2024-08-22,4.9765,RON,RO,BNR,https://www.bnr.ro,https://ecifre.ro/indicatori/curs-eur-ron,2026-09-01
Curs EUR/RON,2024-08-23,4.9767,RON,RO,BNR,https://www.bnr.ro,https://ecifre.ro/indicatori/curs-eur-ron,2026-09-01
Curs EUR/RON,2024-08-26,4.9753,RON,RO,BNR,https://www.bnr.ro,https://ecifre.ro/indicatori/curs-eur-ron,2026-09-01
Curs EUR/RON,2024-08-27,4.9765,RON,RO,BNR,https://www.bnr.ro,https://ecifre.ro/indicatori/curs-eur-ron,2026-09-01
Curs EUR/RON,2024-08-28,4.9771,RON,RO,BNR,https://www.bnr.ro,https://ecifre.ro/indicatori/curs-eur-ron,2026-09-01
Curs EUR/RON,2024-08-29,4.9772,RON,RO,BNR,https://www.bnr.ro,https://ecifre.ro/indicatori/curs-eur-ron,2026-09-01
Curs EUR/RON,2024-08-30,4.9769,RON,RO,BNR,https://www.bnr.ro,https://ecifre.ro/indicatori/curs-eur-ron,2026-09-01
Curs EUR/RON,2024-09-02,4.9755,RON,RO,BNR,https://www.bnr.ro,https://ecifre.ro/indicatori/curs-eur-ron,2026-09-01
Curs EUR/RON,2024-09-03,4.9738,RON,RO,BNR,https://www.bnr.ro,https://ecifre.ro/indicatori/curs-eur-ron,2026-09-01
Curs EUR/RON,2024-09-04,4.9729,RON,RO,BNR,https://www.bnr.ro,https://ecifre.ro/indicatori/curs-eur-ron,2026-09-01
Curs EUR/RON,2024-09-05,4.9711,RON,RO,BNR,https://www.bnr.ro,https://ecifre.ro/indicatori/curs-eur-ron,2026-09-01
Curs EUR/RON,2024-09-06,4.9728,RON,RO,BNR,https://www.bnr.ro,https://ecifre.ro/indicatori/curs-eur-ron,2026-09-01
Curs EUR/RON,2024-09-09,4.9741,RON,RO,BNR,https://www.bnr.ro,https://ecifre.ro/indicatori/curs-eur-ron,2026-09-01
Curs EUR/RON,2024-09-10,4.9742,RON,RO,BNR,https://www.bnr.ro,https://ecifre.ro/indicatori/curs-eur-ron,2026-09-01
Curs EUR/RON,2024-09-11,4.9740,RON,RO,BNR,https://www.bnr.ro,https://ecifre.ro/indicatori/curs-eur-ron,2026-09-01
Curs EUR/RON,2024-09-12,4.9742,RON,RO,BNR,https://www.bnr.ro,https://ecifre.ro/indicatori/curs-eur-ron,2026-09-01
Curs EUR/RON,2024-09-13,4.9737,RON,RO,BNR,https://www.bnr.ro,https://ecifre.ro/indicatori/curs-eur-ron,2026-09-01
Curs EUR/RON,2024-09-16,4.9743,RON,RO,BNR,https://www.bnr.ro,https://ecifre.ro/indicatori/curs-eur-ron,2026-09-01
Curs EUR/RON,2024-09-17,4.9738,RON,RO,BNR,https://www.bnr.ro,https://ecifre.ro/indicatori/curs-eur-ron,2026-09-01
Curs EUR/RON,2024-09-18,4.9746,RON,RO,BNR,https://www.bnr.ro,https://ecifre.ro/indicatori/curs-eur-ron,2026-09-01
Curs EUR/RON,2024-09-19,4.9744,RON,RO,BNR,https://www.bnr.ro,https://ecifre.ro/indicatori/curs-eur-ron,2026-09-01
Curs EUR/RON,2024-09-20,4.9745,RON,RO,BNR,https://www.bnr.ro,https://ecifre.ro/indicatori/curs-eur-ron,2026-09-01
Curs EUR/RON,2024-09-23,4.9741,RON,RO,BNR,https://www.bnr.ro,https://ecifre.ro/indicatori/curs-eur-ron,2026-09-01
Curs EUR/RON,2024-09-24,4.9757,RON,RO,BNR,https://www.bnr.ro,https://ecifre.ro/indicatori/curs-eur-ron,2026-09-01
Curs EUR/RON,2024-09-25,4.9758,RON,RO,BNR,https://www.bnr.ro,https://ecifre.ro/indicatori/curs-eur-ron,2026-09-01
Curs EUR/RON,2024-09-26,4.9759,RON,RO,BNR,https://www.bnr.ro,https://ecifre.ro/indicatori/curs-eur-ron,2026-09-01
Curs EUR/RON,2024-09-27,4.9760,RON,RO,BNR,https://www.bnr.ro,https://ecifre.ro/indicatori/curs-eur-ron,2026-09-01
Curs EUR/RON,2024-09-30,4.9756,RON,RO,BNR,https://www.bnr.ro,https://ecifre.ro/indicatori/curs-eur-ron,2026-09-01
Curs EUR/RON,2024-10-01,4.9758,RON,RO,BNR,https://www.bnr.ro,https://ecifre.ro/indicatori/curs-eur-ron,2026-09-01
Curs EUR/RON,2024-10-02,4.9764,RON,RO,BNR,https://www.bnr.ro,https://ecifre.ro/indicatori/curs-eur-ron,2026-09-01
Curs EUR/RON,2024-10-03,4.9763,RON,RO,BNR,https://www.bnr.ro,https://ecifre.ro/indicatori/curs-eur-ron,2026-09-01
Curs EUR/RON,2024-10-04,4.9766,RON,RO,BNR,https://www.bnr.ro,https://ecifre.ro/indicatori/curs-eur-ron,2026-09-01
Curs EUR/RON,2024-10-07,4.9770,RON,RO,BNR,https://www.bnr.ro,https://ecifre.ro/indicatori/curs-eur-ron,2026-09-01
Curs EUR/RON,2024-10-08,4.9771,RON,RO,BNR,https://www.bnr.ro,https://ecifre.ro/indicatori/curs-eur-ron,2026-09-01
Curs EUR/RON,2024-10-09,4.9763,RON,RO,BNR,https://www.bnr.ro,https://ecifre.ro/indicatori/curs-eur-ron,2026-09-01
Curs EUR/RON,2024-10-10,4.9759,RON,RO,BNR,https://www.bnr.ro,https://ecifre.ro/indicatori/curs-eur-ron,2026-09-01
Curs EUR/RON,2024-10-11,4.9752,RON,RO,BNR,https://www.bnr.ro,https://ecifre.ro/indicatori/curs-eur-ron,2026-09-01
Curs EUR/RON,2024-10-14,4.9744,RON,RO,BNR,https://www.bnr.ro,https://ecifre.ro/indicatori/curs-eur-ron,2026-09-01
Curs EUR/RON,2024-10-15,4.9755,RON,RO,BNR,https://www.bnr.ro,https://ecifre.ro/indicatori/curs-eur-ron,2026-09-01
Curs EUR/RON,2024-10-16,4.9758,RON,RO,BNR,https://www.bnr.ro,https://ecifre.ro/indicatori/curs-eur-ron,2026-09-01
Curs EUR/RON,2024-10-17,4.9720,RON,RO,BNR,https://www.bnr.ro,https://ecifre.ro/indicatori/curs-eur-ron,2026-09-01
Curs EUR/RON,2024-10-18,4.9724,RON,RO,BNR,https://www.bnr.ro,https://ecifre.ro/indicatori/curs-eur-ron,2026-09-01
Curs EUR/RON,2024-10-21,4.9722,RON,RO,BNR,https://www.bnr.ro,https://ecifre.ro/indicatori/curs-eur-ron,2026-09-01
Curs EUR/RON,2024-10-22,4.9731,RON,RO,BNR,https://www.bnr.ro,https://ecifre.ro/indicatori/curs-eur-ron,2026-09-01
Curs EUR/RON,2024-10-23,4.9735,RON,RO,BNR,https://www.bnr.ro,https://ecifre.ro/indicatori/curs-eur-ron,2026-09-01
Curs EUR/RON,2024-10-24,4.9733,RON,RO,BNR,https://www.bnr.ro,https://ecifre.ro/indicatori/curs-eur-ron,2026-09-01
Curs EUR/RON,2024-10-25,4.9732,RON,RO,BNR,https://www.bnr.ro,https://ecifre.ro/indicatori/curs-eur-ron,2026-09-01
Curs EUR/RON,2024-10-28,4.9735,RON,RO,BNR,https://www.bnr.ro,https://ecifre.ro/indicatori/curs-eur-ron,2026-09-01
Curs EUR/RON,2024-10-29,4.9747,RON,RO,BNR,https://www.bnr.ro,https://ecifre.ro/indicatori/curs-eur-ron,2026-09-01
Curs EUR/RON,2024-10-30,4.9746,RON,RO,BNR,https://www.bnr.ro,https://ecifre.ro/indicatori/curs-eur-ron,2026-09-01
Curs EUR/RON,2024-10-31,4.9745,RON,RO,BNR,https://www.bnr.ro,https://ecifre.ro/indicatori/curs-eur-ron,2026-09-01
Curs EUR/RON,2024-11-01,4.9747,RON,RO,BNR,https://www.bnr.ro,https://ecifre.ro/indicatori/curs-eur-ron,2026-09-01
Curs EUR/RON,2024-11-04,4.9748,RON,RO,BNR,https://www.bnr.ro,https://ecifre.ro/indicatori/curs-eur-ron,2026-09-01
Curs EUR/RON,2024-11-05,4.9750,RON,RO,BNR,https://www.bnr.ro,https://ecifre.ro/indicatori/curs-eur-ron,2026-09-01
Curs EUR/RON,2024-11-06,4.9755,RON,RO,BNR,https://www.bnr.ro,https://ecifre.ro/indicatori/curs-eur-ron,2026-09-01
Curs EUR/RON,2024-11-07,4.9757,RON,RO,BNR,https://www.bnr.ro,https://ecifre.ro/indicatori/curs-eur-ron,2026-09-01
Curs EUR/RON,2024-11-08,4.9750,RON,RO,BNR,https://www.bnr.ro,https://ecifre.ro/indicatori/curs-eur-ron,2026-09-01
Curs EUR/RON,2024-11-11,4.9749,RON,RO,BNR,https://www.bnr.ro,https://ecifre.ro/indicatori/curs-eur-ron,2026-09-01
Curs EUR/RON,2024-11-12,4.9761,RON,RO,BNR,https://www.bnr.ro,https://ecifre.ro/indicatori/curs-eur-ron,2026-09-01
Curs EUR/RON,2024-11-13,4.9764,RON,RO,BNR,https://www.bnr.ro,https://ecifre.ro/indicatori/curs-eur-ron,2026-09-01
Curs EUR/RON,2024-11-14,4.9759,RON,RO,BNR,https://www.bnr.ro,https://ecifre.ro/indicatori/curs-eur-ron,2026-09-01
Curs EUR/RON,2024-11-15,4.9765,RON,RO,BNR,https://www.bnr.ro,https://ecifre.ro/indicatori/curs-eur-ron,2026-09-01
Curs EUR/RON,2024-11-18,4.9764,RON,RO,BNR,https://www.bnr.ro,https://ecifre.ro/indicatori/curs-eur-ron,2026-09-01
Curs EUR/RON,2024-11-19,4.9769,RON,RO,BNR,https://www.bnr.ro,https://ecifre.ro/indicatori/curs-eur-ron,2026-09-01
Curs EUR/RON,2024-11-20,4.9762,RON,RO,BNR,https://www.bnr.ro,https://ecifre.ro/indicatori/curs-eur-ron,2026-09-01
Curs EUR/RON,2024-11-21,4.9766,RON,RO,BNR,https://www.bnr.ro,https://ecifre.ro/indicatori/curs-eur-ron,2026-09-01
Curs EUR/RON,2024-11-22,4.9759,RON,RO,BNR,https://www.bnr.ro,https://ecifre.ro/indicatori/curs-eur-ron,2026-09-01
Curs EUR/RON,2024-11-25,4.9767,RON,RO,BNR,https://www.bnr.ro,https://ecifre.ro/indicatori/curs-eur-ron,2026-09-01
Curs EUR/RON,2024-11-26,4.9768,RON,RO,BNR,https://www.bnr.ro,https://ecifre.ro/indicatori/curs-eur-ron,2026-09-01
Curs EUR/RON,2024-11-27,4.9765,RON,RO,BNR,https://www.bnr.ro,https://ecifre.ro/indicatori/curs-eur-ron,2026-09-01
Curs EUR/RON,2024-11-28,4.9769,RON,RO,BNR,https://www.bnr.ro,https://ecifre.ro/indicatori/curs-eur-ron,2026-09-01
Curs EUR/RON,2024-11-29,4.9771,RON,RO,BNR,https://www.bnr.ro,https://ecifre.ro/indicatori/curs-eur-ron,2026-09-01
Curs EUR/RON,2024-12-02,4.9769,RON,RO,BNR,https://www.bnr.ro,https://ecifre.ro/indicatori/curs-eur-ron,2026-09-01
Curs EUR/RON,2024-12-03,4.9770,RON,RO,BNR,https://www.bnr.ro,https://ecifre.ro/indicatori/curs-eur-ron,2026-09-01
Curs EUR/RON,2024-12-04,4.9770,RON,RO,BNR,https://www.bnr.ro,https://ecifre.ro/indicatori/curs-eur-ron,2026-09-01
Curs EUR/RON,2024-12-05,4.9771,RON,RO,BNR,https://www.bnr.ro,https://ecifre.ro/indicatori/curs-eur-ron,2026-09-01
Curs EUR/RON,2024-12-06,4.9773,RON,RO,BNR,https://www.bnr.ro,https://ecifre.ro/indicatori/curs-eur-ron,2026-09-01
Curs EUR/RON,2024-12-09,4.9717,RON,RO,BNR,https://www.bnr.ro,https://ecifre.ro/indicatori/curs-eur-ron,2026-09-01
Curs EUR/RON,2024-12-10,4.9709,RON,RO,BNR,https://www.bnr.ro,https://ecifre.ro/indicatori/curs-eur-ron,2026-09-01
Curs EUR/RON,2024-12-11,4.9684,RON,RO,BNR,https://www.bnr.ro,https://ecifre.ro/indicatori/curs-eur-ron,2026-09-01
Curs EUR/RON,2024-12-12,4.9708,RON,RO,BNR,https://www.bnr.ro,https://ecifre.ro/indicatori/curs-eur-ron,2026-09-01
Curs EUR/RON,2024-12-13,4.9732,RON,RO,BNR,https://www.bnr.ro,https://ecifre.ro/indicatori/curs-eur-ron,2026-09-01
Curs EUR/RON,2024-12-16,4.9759,RON,RO,BNR,https://www.bnr.ro,https://ecifre.ro/indicatori/curs-eur-ron,2026-09-01
Curs EUR/RON,2024-12-17,4.9756,RON,RO,BNR,https://www.bnr.ro,https://ecifre.ro/indicatori/curs-eur-ron,2026-09-01
Curs EUR/RON,2024-12-18,4.9755,RON,RO,BNR,https://www.bnr.ro,https://ecifre.ro/indicatori/curs-eur-ron,2026-09-01
Curs EUR/RON,2024-12-19,4.9749,RON,RO,BNR,https://www.bnr.ro,https://ecifre.ro/indicatori/curs-eur-ron,2026-09-01
Curs EUR/RON,2024-12-20,4.9764,RON,RO,BNR,https://www.bnr.ro,https://ecifre.ro/indicatori/curs-eur-ron,2026-09-01
Curs EUR/RON,2024-12-23,4.9759,RON,RO,BNR,https://www.bnr.ro,https://ecifre.ro/indicatori/curs-eur-ron,2026-09-01
Curs EUR/RON,2024-12-24,4.9748,RON,RO,BNR,https://www.bnr.ro,https://ecifre.ro/indicatori/curs-eur-ron,2026-09-01
Curs EUR/RON,2024-12-27,4.9765,RON,RO,BNR,https://www.bnr.ro,https://ecifre.ro/indicatori/curs-eur-ron,2026-09-01
Curs EUR/RON,2024-12-30,4.9764,RON,RO,BNR,https://www.bnr.ro,https://ecifre.ro/indicatori/curs-eur-ron,2026-09-01
Curs EUR/RON,2024-12-31,4.9741,RON,RO,BNR,https://www.bnr.ro,https://ecifre.ro/indicatori/curs-eur-ron,2026-09-01
Curs EUR/RON,2025-01-03,4.9749,RON,RO,BNR,https://www.bnr.ro,https://ecifre.ro/indicatori/curs-eur-ron,2026-09-01
Curs EUR/RON,2025-01-08,4.9738,RON,RO,BNR,https://www.bnr.ro,https://ecifre.ro/indicatori/curs-eur-ron,2026-09-01
Curs EUR/RON,2025-01-09,4.9736,RON,RO,BNR,https://www.bnr.ro,https://ecifre.ro/indicatori/curs-eur-ron,2026-09-01
Curs EUR/RON,2025-01-10,4.9728,RON,RO,BNR,https://www.bnr.ro,https://ecifre.ro/indicatori/curs-eur-ron,2026-09-01
Curs EUR/RON,2025-01-13,4.9731,RON,RO,BNR,https://www.bnr.ro,https://ecifre.ro/indicatori/curs-eur-ron,2026-09-01
Curs EUR/RON,2025-01-14,4.9742,RON,RO,BNR,https://www.bnr.ro,https://ecifre.ro/indicatori/curs-eur-ron,2026-09-01
Curs EUR/RON,2025-01-15,4.9750,RON,RO,BNR,https://www.bnr.ro,https://ecifre.ro/indicatori/curs-eur-ron,2026-09-01
Curs EUR/RON,2025-01-16,4.9749,RON,RO,BNR,https://www.bnr.ro,https://ecifre.ro/indicatori/curs-eur-ron,2026-09-01
Curs EUR/RON,2025-01-17,4.9759,RON,RO,BNR,https://www.bnr.ro,https://ecifre.ro/indicatori/curs-eur-ron,2026-09-01
Curs EUR/RON,2025-01-20,4.9765,RON,RO,BNR,https://www.bnr.ro,https://ecifre.ro/indicatori/curs-eur-ron,2026-09-01
Curs EUR/RON,2025-01-21,4.9764,RON,RO,BNR,https://www.bnr.ro,https://ecifre.ro/indicatori/curs-eur-ron,2026-09-01
Curs EUR/RON,2025-01-22,4.9768,RON,RO,BNR,https://www.bnr.ro,https://ecifre.ro/indicatori/curs-eur-ron,2026-09-01
Curs EUR/RON,2025-01-23,4.9763,RON,RO,BNR,https://www.bnr.ro,https://ecifre.ro/indicatori/curs-eur-ron,2026-09-01
Curs EUR/RON,2025-01-27,4.9756,RON,RO,BNR,https://www.bnr.ro,https://ecifre.ro/indicatori/curs-eur-ron,2026-09-01
Curs EUR/RON,2025-01-28,4.9748,RON,RO,BNR,https://www.bnr.ro,https://ecifre.ro/indicatori/curs-eur-ron,2026-09-01
Curs EUR/RON,2025-01-29,4.9759,RON,RO,BNR,https://www.bnr.ro,https://ecifre.ro/indicatori/curs-eur-ron,2026-09-01
Curs EUR/RON,2025-01-30,4.9761,RON,RO,BNR,https://www.bnr.ro,https://ecifre.ro/indicatori/curs-eur-ron,2026-09-01
Curs EUR/RON,2025-01-31,4.9767,RON,RO,BNR,https://www.bnr.ro,https://ecifre.ro/indicatori/curs-eur-ron,2026-09-01
Curs EUR/RON,2025-02-03,4.9766,RON,RO,BNR,https://www.bnr.ro,https://ecifre.ro/indicatori/curs-eur-ron,2026-09-01
Curs EUR/RON,2025-02-04,4.9769,RON,RO,BNR,https://www.bnr.ro,https://ecifre.ro/indicatori/curs-eur-ron,2026-09-01
Curs EUR/RON,2025-02-05,4.9766,RON,RO,BNR,https://www.bnr.ro,https://ecifre.ro/indicatori/curs-eur-ron,2026-09-01
Curs EUR/RON,2025-02-06,4.9764,RON,RO,BNR,https://www.bnr.ro,https://ecifre.ro/indicatori/curs-eur-ron,2026-09-01
Curs EUR/RON,2025-02-07,4.9767,RON,RO,BNR,https://www.bnr.ro,https://ecifre.ro/indicatori/curs-eur-ron,2026-09-01
Curs EUR/RON,2025-02-10,4.9765,RON,RO,BNR,https://www.bnr.ro,https://ecifre.ro/indicatori/curs-eur-ron,2026-09-01
Curs EUR/RON,2025-02-11,4.9771,RON,RO,BNR,https://www.bnr.ro,https://ecifre.ro/indicatori/curs-eur-ron,2026-09-01
Curs EUR/RON,2025-02-12,4.9770,RON,RO,BNR,https://www.bnr.ro,https://ecifre.ro/indicatori/curs-eur-ron,2026-09-01
Curs EUR/RON,2025-02-13,4.9773,RON,RO,BNR,https://www.bnr.ro,https://ecifre.ro/indicatori/curs-eur-ron,2026-09-01
Curs EUR/RON,2025-02-14,4.9771,RON,RO,BNR,https://www.bnr.ro,https://ecifre.ro/indicatori/curs-eur-ron,2026-09-01
Curs EUR/RON,2025-02-17,4.9770,RON,RO,BNR,https://www.bnr.ro,https://ecifre.ro/indicatori/curs-eur-ron,2026-09-01
Curs EUR/RON,2025-02-18,4.9771,RON,RO,BNR,https://www.bnr.ro,https://ecifre.ro/indicatori/curs-eur-ron,2026-09-01
Curs EUR/RON,2025-02-19,4.9772,RON,RO,BNR,https://www.bnr.ro,https://ecifre.ro/indicatori/curs-eur-ron,2026-09-01
Curs EUR/RON,2025-02-20,4.9773,RON,RO,BNR,https://www.bnr.ro,https://ecifre.ro/indicatori/curs-eur-ron,2026-09-01
Curs EUR/RON,2025-02-21,4.9773,RON,RO,BNR,https://www.bnr.ro,https://ecifre.ro/indicatori/curs-eur-ron,2026-09-01
Curs EUR/RON,2025-02-24,4.9770,RON,RO,BNR,https://www.bnr.ro,https://ecifre.ro/indicatori/curs-eur-ron,2026-09-01
Curs EUR/RON,2025-02-25,4.9773,RON,RO,BNR,https://www.bnr.ro,https://ecifre.ro/indicatori/curs-eur-ron,2026-09-01
Curs EUR/RON,2025-02-26,4.9774,RON,RO,BNR,https://www.bnr.ro,https://ecifre.ro/indicatori/curs-eur-ron,2026-09-01
Curs EUR/RON,2025-02-27,4.9773,RON,RO,BNR,https://www.bnr.ro,https://ecifre.ro/indicatori/curs-eur-ron,2026-09-01
Curs EUR/RON,2025-02-28,4.9765,RON,RO,BNR,https://www.bnr.ro,https://ecifre.ro/indicatori/curs-eur-ron,2026-09-01
Curs EUR/RON,2025-03-03,4.9774,RON,RO,BNR,https://www.bnr.ro,https://ecifre.ro/indicatori/curs-eur-ron,2026-09-01
Curs EUR/RON,2025-03-04,4.9769,RON,RO,BNR,https://www.bnr.ro,https://ecifre.ro/indicatori/curs-eur-ron,2026-09-01
Curs EUR/RON,2025-03-05,4.9770,RON,RO,BNR,https://www.bnr.ro,https://ecifre.ro/indicatori/curs-eur-ron,2026-09-01
Curs EUR/RON,2025-03-06,4.9760,RON,RO,BNR,https://www.bnr.ro,https://ecifre.ro/indicatori/curs-eur-ron,2026-09-01
Curs EUR/RON,2025-03-07,4.9756,RON,RO,BNR,https://www.bnr.ro,https://ecifre.ro/indicatori/curs-eur-ron,2026-09-01
Curs EUR/RON,2025-03-10,4.9766,RON,RO,BNR,https://www.bnr.ro,https://ecifre.ro/indicatori/curs-eur-ron,2026-09-01
Curs EUR/RON,2025-03-11,4.9772,RON,RO,BNR,https://www.bnr.ro,https://ecifre.ro/indicatori/curs-eur-ron,2026-09-01
Curs EUR/RON,2025-03-12,4.9771,RON,RO,BNR,https://www.bnr.ro,https://ecifre.ro/indicatori/curs-eur-ron,2026-09-01
Curs EUR/RON,2025-03-13,4.9770,RON,RO,BNR,https://www.bnr.ro,https://ecifre.ro/indicatori/curs-eur-ron,2026-09-01
Curs EUR/RON,2025-03-14,4.9768,RON,RO,BNR,https://www.bnr.ro,https://ecifre.ro/indicatori/curs-eur-ron,2026-09-01
Curs EUR/RON,2025-03-17,4.9773,RON,RO,BNR,https://www.bnr.ro,https://ecifre.ro/indicatori/curs-eur-ron,2026-09-01
Curs EUR/RON,2025-03-18,4.9774,RON,RO,BNR,https://www.bnr.ro,https://ecifre.ro/indicatori/curs-eur-ron,2026-09-01
Curs EUR/RON,2025-03-19,4.9769,RON,RO,BNR,https://www.bnr.ro,https://ecifre.ro/indicatori/curs-eur-ron,2026-09-01
Curs EUR/RON,2025-03-20,4.9768,RON,RO,BNR,https://www.bnr.ro,https://ecifre.ro/indicatori/curs-eur-ron,2026-09-01
Curs EUR/RON,2025-03-21,4.9770,RON,RO,BNR,https://www.bnr.ro,https://ecifre.ro/indicatori/curs-eur-ron,2026-09-01
Curs EUR/RON,2025-03-24,4.9766,RON,RO,BNR,https://www.bnr.ro,https://ecifre.ro/indicatori/curs-eur-ron,2026-09-01
Curs EUR/RON,2025-03-25,4.9754,RON,RO,BNR,https://www.bnr.ro,https://ecifre.ro/indicatori/curs-eur-ron,2026-09-01
Curs EUR/RON,2025-03-26,4.9761,RON,RO,BNR,https://www.bnr.ro,https://ecifre.ro/indicatori/curs-eur-ron,2026-09-01
Curs EUR/RON,2025-03-27,4.9772,RON,RO,BNR,https://www.bnr.ro,https://ecifre.ro/indicatori/curs-eur-ron,2026-09-01
Curs EUR/RON,2025-03-28,4.9773,RON,RO,BNR,https://www.bnr.ro,https://ecifre.ro/indicatori/curs-eur-ron,2026-09-01
Curs EUR/RON,2025-03-31,4.9771,RON,RO,BNR,https://www.bnr.ro,https://ecifre.ro/indicatori/curs-eur-ron,2026-09-01
Curs EUR/RON,2025-04-01,4.9770,RON,RO,BNR,https://www.bnr.ro,https://ecifre.ro/indicatori/curs-eur-ron,2026-09-01
Curs EUR/RON,2025-04-02,4.9774,RON,RO,BNR,https://www.bnr.ro,https://ecifre.ro/indicatori/curs-eur-ron,2026-09-01
Curs EUR/RON,2025-04-03,4.9772,RON,RO,BNR,https://www.bnr.ro,https://ecifre.ro/indicatori/curs-eur-ron,2026-09-01
Curs EUR/RON,2025-04-04,4.9770,RON,RO,BNR,https://www.bnr.ro,https://ecifre.ro/indicatori/curs-eur-ron,2026-09-01
Curs EUR/RON,2025-04-07,4.9774,RON,RO,BNR,https://www.bnr.ro,https://ecifre.ro/indicatori/curs-eur-ron,2026-09-01
Curs EUR/RON,2025-04-08,4.9772,RON,RO,BNR,https://www.bnr.ro,https://ecifre.ro/indicatori/curs-eur-ron,2026-09-01
Curs EUR/RON,2025-04-09,4.9775,RON,RO,BNR,https://www.bnr.ro,https://ecifre.ro/indicatori/curs-eur-ron,2026-09-01
Curs EUR/RON,2025-04-10,4.9772,RON,RO,BNR,https://www.bnr.ro,https://ecifre.ro/indicatori/curs-eur-ron,2026-09-01
Curs EUR/RON,2025-04-11,4.9774,RON,RO,BNR,https://www.bnr.ro,https://ecifre.ro/indicatori/curs-eur-ron,2026-09-01
Curs EUR/RON,2025-04-14,4.9775,RON,RO,BNR,https://www.bnr.ro,https://ecifre.ro/indicatori/curs-eur-ron,2026-09-01
Curs EUR/RON,2025-04-15,4.9774,RON,RO,BNR,https://www.bnr.ro,https://ecifre.ro/indicatori/curs-eur-ron,2026-09-01
Curs EUR/RON,2025-04-16,4.9775,RON,RO,BNR,https://www.bnr.ro,https://ecifre.ro/indicatori/curs-eur-ron,2026-09-01
Curs EUR/RON,2025-04-17,4.9773,RON,RO,BNR,https://www.bnr.ro,https://ecifre.ro/indicatori/curs-eur-ron,2026-09-01
Curs EUR/RON,2025-04-22,4.9774,RON,RO,BNR,https://www.bnr.ro,https://ecifre.ro/indicatori/curs-eur-ron,2026-09-01
Curs EUR/RON,2025-04-23,4.9775,RON,RO,BNR,https://www.bnr.ro,https://ecifre.ro/indicatori/curs-eur-ron,2026-09-01
Curs EUR/RON,2025-04-24,4.9772,RON,RO,BNR,https://www.bnr.ro,https://ecifre.ro/indicatori/curs-eur-ron,2026-09-01
Curs EUR/RON,2025-04-25,4.9774,RON,RO,BNR,https://www.bnr.ro,https://ecifre.ro/indicatori/curs-eur-ron,2026-09-01
Curs EUR/RON,2025-04-28,4.9775,RON,RO,BNR,https://www.bnr.ro,https://ecifre.ro/indicatori/curs-eur-ron,2026-09-01
Curs EUR/RON,2025-04-29,4.9774,RON,RO,BNR,https://www.bnr.ro,https://ecifre.ro/indicatori/curs-eur-ron,2026-09-01
Curs EUR/RON,2025-04-30,4.9775,RON,RO,BNR,https://www.bnr.ro,https://ecifre.ro/indicatori/curs-eur-ron,2026-09-01
Curs EUR/RON,2025-05-02,4.9773,RON,RO,BNR,https://www.bnr.ro,https://ecifre.ro/indicatori/curs-eur-ron,2026-09-01
Curs EUR/RON,2025-05-05,4.9775,RON,RO,BNR,https://www.bnr.ro,https://ecifre.ro/indicatori/curs-eur-ron,2026-09-01
Curs EUR/RON,2025-05-06,5.0378,RON,RO,BNR,https://www.bnr.ro,https://ecifre.ro/indicatori/curs-eur-ron,2026-09-01
Curs EUR/RON,2025-05-07,5.0991,RON,RO,BNR,https://www.bnr.ro,https://ecifre.ro/indicatori/curs-eur-ron,2026-09-01
Curs EUR/RON,2025-05-08,5.1222,RON,RO,BNR,https://www.bnr.ro,https://ecifre.ro/indicatori/curs-eur-ron,2026-09-01
Curs EUR/RON,2025-05-09,5.1165,RON,RO,BNR,https://www.bnr.ro,https://ecifre.ro/indicatori/curs-eur-ron,2026-09-01
Curs EUR/RON,2025-05-12,5.0993,RON,RO,BNR,https://www.bnr.ro,https://ecifre.ro/indicatori/curs-eur-ron,2026-09-01
Curs EUR/RON,2025-05-13,5.0991,RON,RO,BNR,https://www.bnr.ro,https://ecifre.ro/indicatori/curs-eur-ron,2026-09-01
Curs EUR/RON,2025-05-14,5.1036,RON,RO,BNR,https://www.bnr.ro,https://ecifre.ro/indicatori/curs-eur-ron,2026-09-01
Curs EUR/RON,2025-05-15,5.1032,RON,RO,BNR,https://www.bnr.ro,https://ecifre.ro/indicatori/curs-eur-ron,2026-09-01
Curs EUR/RON,2025-05-16,5.1033,RON,RO,BNR,https://www.bnr.ro,https://ecifre.ro/indicatori/curs-eur-ron,2026-09-01
Curs EUR/RON,2025-05-19,5.0315,RON,RO,BNR,https://www.bnr.ro,https://ecifre.ro/indicatori/curs-eur-ron,2026-09-01
Curs EUR/RON,2025-05-20,5.0848,RON,RO,BNR,https://www.bnr.ro,https://ecifre.ro/indicatori/curs-eur-ron,2026-09-01
Curs EUR/RON,2025-05-21,5.0730,RON,RO,BNR,https://www.bnr.ro,https://ecifre.ro/indicatori/curs-eur-ron,2026-09-01
Curs EUR/RON,2025-05-22,5.0564,RON,RO,BNR,https://www.bnr.ro,https://ecifre.ro/indicatori/curs-eur-ron,2026-09-01
Curs EUR/RON,2025-05-23,5.0550,RON,RO,BNR,https://www.bnr.ro,https://ecifre.ro/indicatori/curs-eur-ron,2026-09-01
Curs EUR/RON,2025-05-26,5.0612,RON,RO,BNR,https://www.bnr.ro,https://ecifre.ro/indicatori/curs-eur-ron,2026-09-01
Curs EUR/RON,2025-05-27,5.0625,RON,RO,BNR,https://www.bnr.ro,https://ecifre.ro/indicatori/curs-eur-ron,2026-09-01
Curs EUR/RON,2025-05-28,5.0553,RON,RO,BNR,https://www.bnr.ro,https://ecifre.ro/indicatori/curs-eur-ron,2026-09-01
Curs EUR/RON,2025-05-29,5.0667,RON,RO,BNR,https://www.bnr.ro,https://ecifre.ro/indicatori/curs-eur-ron,2026-09-01
Curs EUR/RON,2025-05-30,5.0639,RON,RO,BNR,https://www.bnr.ro,https://ecifre.ro/indicatori/curs-eur-ron,2026-09-01
Curs EUR/RON,2025-06-02,5.0572,RON,RO,BNR,https://www.bnr.ro,https://ecifre.ro/indicatori/curs-eur-ron,2026-09-01
Curs EUR/RON,2025-06-03,5.0587,RON,RO,BNR,https://www.bnr.ro,https://ecifre.ro/indicatori/curs-eur-ron,2026-09-01
Curs EUR/RON,2025-06-04,5.0558,RON,RO,BNR,https://www.bnr.ro,https://ecifre.ro/indicatori/curs-eur-ron,2026-09-01
Curs EUR/RON,2025-06-05,5.0537,RON,RO,BNR,https://www.bnr.ro,https://ecifre.ro/indicatori/curs-eur-ron,2026-09-01
Curs EUR/RON,2025-06-06,5.0422,RON,RO,BNR,https://www.bnr.ro,https://ecifre.ro/indicatori/curs-eur-ron,2026-09-01
Curs EUR/RON,2025-06-10,5.0366,RON,RO,BNR,https://www.bnr.ro,https://ecifre.ro/indicatori/curs-eur-ron,2026-09-01
Curs EUR/RON,2025-06-11,5.0251,RON,RO,BNR,https://www.bnr.ro,https://ecifre.ro/indicatori/curs-eur-ron,2026-09-01
Curs EUR/RON,2025-06-12,5.0291,RON,RO,BNR,https://www.bnr.ro,https://ecifre.ro/indicatori/curs-eur-ron,2026-09-01
Curs EUR/RON,2025-06-13,5.0320,RON,RO,BNR,https://www.bnr.ro,https://ecifre.ro/indicatori/curs-eur-ron,2026-09-01
Curs EUR/RON,2025-06-16,5.0290,RON,RO,BNR,https://www.bnr.ro,https://ecifre.ro/indicatori/curs-eur-ron,2026-09-01
Curs EUR/RON,2025-06-17,5.0263,RON,RO,BNR,https://www.bnr.ro,https://ecifre.ro/indicatori/curs-eur-ron,2026-09-01
Curs EUR/RON,2025-06-18,5.0325,RON,RO,BNR,https://www.bnr.ro,https://ecifre.ro/indicatori/curs-eur-ron,2026-09-01
Curs EUR/RON,2025-06-19,5.0317,RON,RO,BNR,https://www.bnr.ro,https://ecifre.ro/indicatori/curs-eur-ron,2026-09-01
Curs EUR/RON,2025-06-20,5.0472,RON,RO,BNR,https://www.bnr.ro,https://ecifre.ro/indicatori/curs-eur-ron,2026-09-01
Curs EUR/RON,2025-06-23,5.0453,RON,RO,BNR,https://www.bnr.ro,https://ecifre.ro/indicatori/curs-eur-ron,2026-09-01
Curs EUR/RON,2025-06-24,5.0522,RON,RO,BNR,https://www.bnr.ro,https://ecifre.ro/indicatori/curs-eur-ron,2026-09-01
Curs EUR/RON,2025-06-25,5.0538,RON,RO,BNR,https://www.bnr.ro,https://ecifre.ro/indicatori/curs-eur-ron,2026-09-01
Curs EUR/RON,2025-06-26,5.0717,RON,RO,BNR,https://www.bnr.ro,https://ecifre.ro/indicatori/curs-eur-ron,2026-09-01
Curs EUR/RON,2025-06-27,5.0780,RON,RO,BNR,https://www.bnr.ro,https://ecifre.ro/indicatori/curs-eur-ron,2026-09-01
Curs EUR/RON,2025-06-30,5.0777,RON,RO,BNR,https://www.bnr.ro,https://ecifre.ro/indicatori/curs-eur-ron,2026-09-01
Curs EUR/RON,2025-07-01,5.0772,RON,RO,BNR,https://www.bnr.ro,https://ecifre.ro/indicatori/curs-eur-ron,2026-09-01
Curs EUR/RON,2025-07-02,5.0665,RON,RO,BNR,https://www.bnr.ro,https://ecifre.ro/indicatori/curs-eur-ron,2026-09-01
Curs EUR/RON,2025-07-03,5.0603,RON,RO,BNR,https://www.bnr.ro,https://ecifre.ro/indicatori/curs-eur-ron,2026-09-01
Curs EUR/RON,2025-07-04,5.0600,RON,RO,BNR,https://www.bnr.ro,https://ecifre.ro/indicatori/curs-eur-ron,2026-09-01
Curs EUR/RON,2025-07-07,5.0645,RON,RO,BNR,https://www.bnr.ro,https://ecifre.ro/indicatori/curs-eur-ron,2026-09-01
Curs EUR/RON,2025-07-08,5.0677,RON,RO,BNR,https://www.bnr.ro,https://ecifre.ro/indicatori/curs-eur-ron,2026-09-01
Curs EUR/RON,2025-07-09,5.0759,RON,RO,BNR,https://www.bnr.ro,https://ecifre.ro/indicatori/curs-eur-ron,2026-09-01
Curs EUR/RON,2025-07-10,5.0774,RON,RO,BNR,https://www.bnr.ro,https://ecifre.ro/indicatori/curs-eur-ron,2026-09-01
Curs EUR/RON,2025-07-11,5.0810,RON,RO,BNR,https://www.bnr.ro,https://ecifre.ro/indicatori/curs-eur-ron,2026-09-01
Curs EUR/RON,2025-07-14,5.0795,RON,RO,BNR,https://www.bnr.ro,https://ecifre.ro/indicatori/curs-eur-ron,2026-09-01
Curs EUR/RON,2025-07-15,5.0798,RON,RO,BNR,https://www.bnr.ro,https://ecifre.ro/indicatori/curs-eur-ron,2026-09-01
Curs EUR/RON,2025-07-16,5.0722,RON,RO,BNR,https://www.bnr.ro,https://ecifre.ro/indicatori/curs-eur-ron,2026-09-01
Curs EUR/RON,2025-07-17,5.0724,RON,RO,BNR,https://www.bnr.ro,https://ecifre.ro/indicatori/curs-eur-ron,2026-09-01
Curs EUR/RON,2025-07-18,5.0736,RON,RO,BNR,https://www.bnr.ro,https://ecifre.ro/indicatori/curs-eur-ron,2026-09-01
Curs EUR/RON,2025-07-21,5.0703,RON,RO,BNR,https://www.bnr.ro,https://ecifre.ro/indicatori/curs-eur-ron,2026-09-01
Curs EUR/RON,2025-07-22,5.0705,RON,RO,BNR,https://www.bnr.ro,https://ecifre.ro/indicatori/curs-eur-ron,2026-09-01
Curs EUR/RON,2025-07-23,5.0693,RON,RO,BNR,https://www.bnr.ro,https://ecifre.ro/indicatori/curs-eur-ron,2026-09-01
Curs EUR/RON,2025-07-24,5.0692,RON,RO,BNR,https://www.bnr.ro,https://ecifre.ro/indicatori/curs-eur-ron,2026-09-01
Curs EUR/RON,2025-07-25,5.0708,RON,RO,BNR,https://www.bnr.ro,https://ecifre.ro/indicatori/curs-eur-ron,2026-09-01
Curs EUR/RON,2025-07-28,5.0704,RON,RO,BNR,https://www.bnr.ro,https://ecifre.ro/indicatori/curs-eur-ron,2026-09-01
Curs EUR/RON,2025-07-29,5.0751,RON,RO,BNR,https://www.bnr.ro,https://ecifre.ro/indicatori/curs-eur-ron,2026-09-01
Curs EUR/RON,2025-07-30,5.0770,RON,RO,BNR,https://www.bnr.ro,https://ecifre.ro/indicatori/curs-eur-ron,2026-09-01
Curs EUR/RON,2025-07-31,5.0764,RON,RO,BNR,https://www.bnr.ro,https://ecifre.ro/indicatori/curs-eur-ron,2026-09-01
Curs EUR/RON,2025-08-01,5.0770,RON,RO,BNR,https://www.bnr.ro,https://ecifre.ro/indicatori/curs-eur-ron,2026-09-01
Curs EUR/RON,2025-08-04,5.0742,RON,RO,BNR,https://www.bnr.ro,https://ecifre.ro/indicatori/curs-eur-ron,2026-09-01
Curs EUR/RON,2025-08-05,5.0749,RON,RO,BNR,https://www.bnr.ro,https://ecifre.ro/indicatori/curs-eur-ron,2026-09-01
Curs EUR/RON,2025-08-06,5.0747,RON,RO,BNR,https://www.bnr.ro,https://ecifre.ro/indicatori/curs-eur-ron,2026-09-01
Curs EUR/RON,2025-08-07,5.0736,RON,RO,BNR,https://www.bnr.ro,https://ecifre.ro/indicatori/curs-eur-ron,2026-09-01
Curs EUR/RON,2025-08-08,5.0711,RON,RO,BNR,https://www.bnr.ro,https://ecifre.ro/indicatori/curs-eur-ron,2026-09-01
Curs EUR/RON,2025-08-11,5.0676,RON,RO,BNR,https://www.bnr.ro,https://ecifre.ro/indicatori/curs-eur-ron,2026-09-01
Curs EUR/RON,2025-08-12,5.0683,RON,RO,BNR,https://www.bnr.ro,https://ecifre.ro/indicatori/curs-eur-ron,2026-09-01
Curs EUR/RON,2025-08-13,5.0633,RON,RO,BNR,https://www.bnr.ro,https://ecifre.ro/indicatori/curs-eur-ron,2026-09-01
Curs EUR/RON,2025-08-14,5.0628,RON,RO,BNR,https://www.bnr.ro,https://ecifre.ro/indicatori/curs-eur-ron,2026-09-01
Curs EUR/RON,2025-08-18,5.0588,RON,RO,BNR,https://www.bnr.ro,https://ecifre.ro/indicatori/curs-eur-ron,2026-09-01
Curs EUR/RON,2025-08-19,5.0573,RON,RO,BNR,https://www.bnr.ro,https://ecifre.ro/indicatori/curs-eur-ron,2026-09-01
Curs EUR/RON,2025-08-20,5.0611,RON,RO,BNR,https://www.bnr.ro,https://ecifre.ro/indicatori/curs-eur-ron,2026-09-01
Curs EUR/RON,2025-08-21,5.0578,RON,RO,BNR,https://www.bnr.ro,https://ecifre.ro/indicatori/curs-eur-ron,2026-09-01
Curs EUR/RON,2025-08-22,5.0545,RON,RO,BNR,https://www.bnr.ro,https://ecifre.ro/indicatori/curs-eur-ron,2026-09-01
Curs EUR/RON,2025-08-25,5.0539,RON,RO,BNR,https://www.bnr.ro,https://ecifre.ro/indicatori/curs-eur-ron,2026-09-01
Curs EUR/RON,2025-08-26,5.0552,RON,RO,BNR,https://www.bnr.ro,https://ecifre.ro/indicatori/curs-eur-ron,2026-09-01
Curs EUR/RON,2025-08-27,5.0629,RON,RO,BNR,https://www.bnr.ro,https://ecifre.ro/indicatori/curs-eur-ron,2026-09-01
Curs EUR/RON,2025-08-28,5.0672,RON,RO,BNR,https://www.bnr.ro,https://ecifre.ro/indicatori/curs-eur-ron,2026-09-01
Curs EUR/RON,2025-08-29,5.0722,RON,RO,BNR,https://www.bnr.ro,https://ecifre.ro/indicatori/curs-eur-ron,2026-09-01
Curs EUR/RON,2025-09-01,5.0725,RON,RO,BNR,https://www.bnr.ro,https://ecifre.ro/indicatori/curs-eur-ron,2026-09-01
Curs EUR/RON,2025-09-02,5.0781,RON,RO,BNR,https://www.bnr.ro,https://ecifre.ro/indicatori/curs-eur-ron,2026-09-01
Curs EUR/RON,2025-09-03,5.0779,RON,RO,BNR,https://www.bnr.ro,https://ecifre.ro/indicatori/curs-eur-ron,2026-09-01
Curs EUR/RON,2025-09-04,5.0772,RON,RO,BNR,https://www.bnr.ro,https://ecifre.ro/indicatori/curs-eur-ron,2026-09-01
Curs EUR/RON,2025-09-05,5.0787,RON,RO,BNR,https://www.bnr.ro,https://ecifre.ro/indicatori/curs-eur-ron,2026-09-01
Curs EUR/RON,2025-09-08,5.0716,RON,RO,BNR,https://www.bnr.ro,https://ecifre.ro/indicatori/curs-eur-ron,2026-09-01
Curs EUR/RON,2025-09-09,5.0737,RON,RO,BNR,https://www.bnr.ro,https://ecifre.ro/indicatori/curs-eur-ron,2026-09-01
Curs EUR/RON,2025-09-10,5.0733,RON,RO,BNR,https://www.bnr.ro,https://ecifre.ro/indicatori/curs-eur-ron,2026-09-01
Curs EUR/RON,2025-09-11,5.0707,RON,RO,BNR,https://www.bnr.ro,https://ecifre.ro/indicatori/curs-eur-ron,2026-09-01
Curs EUR/RON,2025-09-12,5.0694,RON,RO,BNR,https://www.bnr.ro,https://ecifre.ro/indicatori/curs-eur-ron,2026-09-01
Curs EUR/RON,2025-09-15,5.0632,RON,RO,BNR,https://www.bnr.ro,https://ecifre.ro/indicatori/curs-eur-ron,2026-09-01
Curs EUR/RON,2025-09-16,5.0634,RON,RO,BNR,https://www.bnr.ro,https://ecifre.ro/indicatori/curs-eur-ron,2026-09-01
Curs EUR/RON,2025-09-17,5.0670,RON,RO,BNR,https://www.bnr.ro,https://ecifre.ro/indicatori/curs-eur-ron,2026-09-01
Curs EUR/RON,2025-09-18,5.0695,RON,RO,BNR,https://www.bnr.ro,https://ecifre.ro/indicatori/curs-eur-ron,2026-09-01
Curs EUR/RON,2025-09-19,5.0719,RON,RO,BNR,https://www.bnr.ro,https://ecifre.ro/indicatori/curs-eur-ron,2026-09-01
Curs EUR/RON,2025-09-22,5.0753,RON,RO,BNR,https://www.bnr.ro,https://ecifre.ro/indicatori/curs-eur-ron,2026-09-01
Curs EUR/RON,2025-09-23,5.0774,RON,RO,BNR,https://www.bnr.ro,https://ecifre.ro/indicatori/curs-eur-ron,2026-09-01
Curs EUR/RON,2025-09-24,5.0784,RON,RO,BNR,https://www.bnr.ro,https://ecifre.ro/indicatori/curs-eur-ron,2026-09-01
Curs EUR/RON,2025-09-25,5.0754,RON,RO,BNR,https://www.bnr.ro,https://ecifre.ro/indicatori/curs-eur-ron,2026-09-01
Curs EUR/RON,2025-09-26,5.0772,RON,RO,BNR,https://www.bnr.ro,https://ecifre.ro/indicatori/curs-eur-ron,2026-09-01
Curs EUR/RON,2025-09-29,5.0783,RON,RO,BNR,https://www.bnr.ro,https://ecifre.ro/indicatori/curs-eur-ron,2026-09-01
Curs EUR/RON,2025-09-30,5.0811,RON,RO,BNR,https://www.bnr.ro,https://ecifre.ro/indicatori/curs-eur-ron,2026-09-01
Curs EUR/RON,2025-10-01,5.0820,RON,RO,BNR,https://www.bnr.ro,https://ecifre.ro/indicatori/curs-eur-ron,2026-09-01
Curs EUR/RON,2025-10-02,5.0837,RON,RO,BNR,https://www.bnr.ro,https://ecifre.ro/indicatori/curs-eur-ron,2026-09-01
Curs EUR/RON,2025-10-03,5.0889,RON,RO,BNR,https://www.bnr.ro,https://ecifre.ro/indicatori/curs-eur-ron,2026-09-01
Curs EUR/RON,2025-10-06,5.0886,RON,RO,BNR,https://www.bnr.ro,https://ecifre.ro/indicatori/curs-eur-ron,2026-09-01
Curs EUR/RON,2025-10-07,5.0916,RON,RO,BNR,https://www.bnr.ro,https://ecifre.ro/indicatori/curs-eur-ron,2026-09-01
Curs EUR/RON,2025-10-08,5.0963,RON,RO,BNR,https://www.bnr.ro,https://ecifre.ro/indicatori/curs-eur-ron,2026-09-01
Curs EUR/RON,2025-10-09,5.0953,RON,RO,BNR,https://www.bnr.ro,https://ecifre.ro/indicatori/curs-eur-ron,2026-09-01
Curs EUR/RON,2025-10-10,5.0927,RON,RO,BNR,https://www.bnr.ro,https://ecifre.ro/indicatori/curs-eur-ron,2026-09-01
Curs EUR/RON,2025-10-13,5.0903,RON,RO,BNR,https://www.bnr.ro,https://ecifre.ro/indicatori/curs-eur-ron,2026-09-01
Curs EUR/RON,2025-10-14,5.0879,RON,RO,BNR,https://www.bnr.ro,https://ecifre.ro/indicatori/curs-eur-ron,2026-09-01
Curs EUR/RON,2025-10-15,5.0885,RON,RO,BNR,https://www.bnr.ro,https://ecifre.ro/indicatori/curs-eur-ron,2026-09-01
Curs EUR/RON,2025-10-16,5.0884,RON,RO,BNR,https://www.bnr.ro,https://ecifre.ro/indicatori/curs-eur-ron,2026-09-01
Curs EUR/RON,2025-10-17,5.0889,RON,RO,BNR,https://www.bnr.ro,https://ecifre.ro/indicatori/curs-eur-ron,2026-09-01
Curs EUR/RON,2025-10-20,5.0890,RON,RO,BNR,https://www.bnr.ro,https://ecifre.ro/indicatori/curs-eur-ron,2026-09-01
Curs EUR/RON,2025-10-21,5.0832,RON,RO,BNR,https://www.bnr.ro,https://ecifre.ro/indicatori/curs-eur-ron,2026-09-01
Curs EUR/RON,2025-10-22,5.0831,RON,RO,BNR,https://www.bnr.ro,https://ecifre.ro/indicatori/curs-eur-ron,2026-09-01
Curs EUR/RON,2025-10-23,5.0823,RON,RO,BNR,https://www.bnr.ro,https://ecifre.ro/indicatori/curs-eur-ron,2026-09-01
Curs EUR/RON,2025-10-24,5.0835,RON,RO,BNR,https://www.bnr.ro,https://ecifre.ro/indicatori/curs-eur-ron,2026-09-01
Curs EUR/RON,2025-10-27,5.0848,RON,RO,BNR,https://www.bnr.ro,https://ecifre.ro/indicatori/curs-eur-ron,2026-09-01
Curs EUR/RON,2025-10-28,5.0844,RON,RO,BNR,https://www.bnr.ro,https://ecifre.ro/indicatori/curs-eur-ron,2026-09-01
Curs EUR/RON,2025-10-29,5.0829,RON,RO,BNR,https://www.bnr.ro,https://ecifre.ro/indicatori/curs-eur-ron,2026-09-01
Curs EUR/RON,2025-10-30,5.0856,RON,RO,BNR,https://www.bnr.ro,https://ecifre.ro/indicatori/curs-eur-ron,2026-09-01
Curs EUR/RON,2025-10-31,5.0851,RON,RO,BNR,https://www.bnr.ro,https://ecifre.ro/indicatori/curs-eur-ron,2026-09-01
Curs EUR/RON,2025-11-03,5.0861,RON,RO,BNR,https://www.bnr.ro,https://ecifre.ro/indicatori/curs-eur-ron,2026-09-01
Curs EUR/RON,2025-11-04,5.0865,RON,RO,BNR,https://www.bnr.ro,https://ecifre.ro/indicatori/curs-eur-ron,2026-09-01
Curs EUR/RON,2025-11-05,5.0851,RON,RO,BNR,https://www.bnr.ro,https://ecifre.ro/indicatori/curs-eur-ron,2026-09-01
Curs EUR/RON,2025-11-06,5.0845,RON,RO,BNR,https://www.bnr.ro,https://ecifre.ro/indicatori/curs-eur-ron,2026-09-01
Curs EUR/RON,2025-11-07,5.0860,RON,RO,BNR,https://www.bnr.ro,https://ecifre.ro/indicatori/curs-eur-ron,2026-09-01
Curs EUR/RON,2025-11-10,5.0854,RON,RO,BNR,https://www.bnr.ro,https://ecifre.ro/indicatori/curs-eur-ron,2026-09-01
Curs EUR/RON,2025-11-11,5.0845,RON,RO,BNR,https://www.bnr.ro,https://ecifre.ro/indicatori/curs-eur-ron,2026-09-01
Curs EUR/RON,2025-11-12,5.0846,RON,RO,BNR,https://www.bnr.ro,https://ecifre.ro/indicatori/curs-eur-ron,2026-09-01
Curs EUR/RON,2025-11-13,5.0839,RON,RO,BNR,https://www.bnr.ro,https://ecifre.ro/indicatori/curs-eur-ron,2026-09-01
Curs EUR/RON,2025-11-14,5.0847,RON,RO,BNR,https://www.bnr.ro,https://ecifre.ro/indicatori/curs-eur-ron,2026-09-01
Curs EUR/RON,2025-11-17,5.0844,RON,RO,BNR,https://www.bnr.ro,https://ecifre.ro/indicatori/curs-eur-ron,2026-09-01
Curs EUR/RON,2025-11-18,5.0859,RON,RO,BNR,https://www.bnr.ro,https://ecifre.ro/indicatori/curs-eur-ron,2026-09-01
Curs EUR/RON,2025-11-19,5.0889,RON,RO,BNR,https://www.bnr.ro,https://ecifre.ro/indicatori/curs-eur-ron,2026-09-01
Curs EUR/RON,2025-11-20,5.0889,RON,RO,BNR,https://www.bnr.ro,https://ecifre.ro/indicatori/curs-eur-ron,2026-09-01
Curs EUR/RON,2025-11-21,5.0891,RON,RO,BNR,https://www.bnr.ro,https://ecifre.ro/indicatori/curs-eur-ron,2026-09-01
Curs EUR/RON,2025-11-24,5.0871,RON,RO,BNR,https://www.bnr.ro,https://ecifre.ro/indicatori/curs-eur-ron,2026-09-01
Curs EUR/RON,2025-11-25,5.0890,RON,RO,BNR,https://www.bnr.ro,https://ecifre.ro/indicatori/curs-eur-ron,2026-09-01
Curs EUR/RON,2025-11-26,5.0903,RON,RO,BNR,https://www.bnr.ro,https://ecifre.ro/indicatori/curs-eur-ron,2026-09-01
Curs EUR/RON,2025-11-27,5.0901,RON,RO,BNR,https://www.bnr.ro,https://ecifre.ro/indicatori/curs-eur-ron,2026-09-01
Curs EUR/RON,2025-11-28,5.0906,RON,RO,BNR,https://www.bnr.ro,https://ecifre.ro/indicatori/curs-eur-ron,2026-09-01
Curs EUR/RON,2025-12-02,5.0893,RON,RO,BNR,https://www.bnr.ro,https://ecifre.ro/indicatori/curs-eur-ron,2026-09-01
Curs EUR/RON,2025-12-03,5.0910,RON,RO,BNR,https://www.bnr.ro,https://ecifre.ro/indicatori/curs-eur-ron,2026-09-01
Curs EUR/RON,2025-12-04,5.0920,RON,RO,BNR,https://www.bnr.ro,https://ecifre.ro/indicatori/curs-eur-ron,2026-09-01
Curs EUR/RON,2025-12-05,5.0919,RON,RO,BNR,https://www.bnr.ro,https://ecifre.ro/indicatori/curs-eur-ron,2026-09-01
Curs EUR/RON,2025-12-08,5.0899,RON,RO,BNR,https://www.bnr.ro,https://ecifre.ro/indicatori/curs-eur-ron,2026-09-01
Curs EUR/RON,2025-12-09,5.0897,RON,RO,BNR,https://www.bnr.ro,https://ecifre.ro/indicatori/curs-eur-ron,2026-09-01
Curs EUR/RON,2025-12-10,5.0894,RON,RO,BNR,https://www.bnr.ro,https://ecifre.ro/indicatori/curs-eur-ron,2026-09-01
Curs EUR/RON,2025-12-11,5.0898,RON,RO,BNR,https://www.bnr.ro,https://ecifre.ro/indicatori/curs-eur-ron,2026-09-01
Curs EUR/RON,2025-12-12,5.0904,RON,RO,BNR,https://www.bnr.ro,https://ecifre.ro/indicatori/curs-eur-ron,2026-09-01
Curs EUR/RON,2025-12-15,5.0914,RON,RO,BNR,https://www.bnr.ro,https://ecifre.ro/indicatori/curs-eur-ron,2026-09-01
Curs EUR/RON,2025-12-16,5.0920,RON,RO,BNR,https://www.bnr.ro,https://ecifre.ro/indicatori/curs-eur-ron,2026-09-01
Curs EUR/RON,2025-12-17,5.0923,RON,RO,BNR,https://www.bnr.ro,https://ecifre.ro/indicatori/curs-eur-ron,2026-09-01
Curs EUR/RON,2025-12-18,5.0911,RON,RO,BNR,https://www.bnr.ro,https://ecifre.ro/indicatori/curs-eur-ron,2026-09-01
Curs EUR/RON,2025-12-19,5.0896,RON,RO,BNR,https://www.bnr.ro,https://ecifre.ro/indicatori/curs-eur-ron,2026-09-01
Curs EUR/RON,2025-12-22,5.0881,RON,RO,BNR,https://www.bnr.ro,https://ecifre.ro/indicatori/curs-eur-ron,2026-09-01
Curs EUR/RON,2025-12-23,5.0908,RON,RO,BNR,https://www.bnr.ro,https://ecifre.ro/indicatori/curs-eur-ron,2026-09-01
Curs EUR/RON,2025-12-24,5.0890,RON,RO,BNR,https://www.bnr.ro,https://ecifre.ro/indicatori/curs-eur-ron,2026-09-01
Curs EUR/RON,2025-12-29,5.0920,RON,RO,BNR,https://www.bnr.ro,https://ecifre.ro/indicatori/curs-eur-ron,2026-09-01
Curs EUR/RON,2025-12-30,5.0963,RON,RO,BNR,https://www.bnr.ro,https://ecifre.ro/indicatori/curs-eur-ron,2026-09-01
Curs EUR/RON,2025-12-31,5.0985,RON,RO,BNR,https://www.bnr.ro,https://ecifre.ro/indicatori/curs-eur-ron,2026-09-01
Curs EUR/RON,2026-01-05,5.0905,RON,RO,BNR,https://www.bnr.ro,https://ecifre.ro/indicatori/curs-eur-ron,2026-09-01
Curs EUR/RON,2026-01-08,5.0871,RON,RO,BNR,https://www.bnr.ro,https://ecifre.ro/indicatori/curs-eur-ron,2026-09-01
Curs EUR/RON,2026-01-09,5.0887,RON,RO,BNR,https://www.bnr.ro,https://ecifre.ro/indicatori/curs-eur-ron,2026-09-01
Curs EUR/RON,2026-01-12,5.0896,RON,RO,BNR,https://www.bnr.ro,https://ecifre.ro/indicatori/curs-eur-ron,2026-09-01
Curs EUR/RON,2026-01-13,5.0896,RON,RO,BNR,https://www.bnr.ro,https://ecifre.ro/indicatori/curs-eur-ron,2026-09-01
Curs EUR/RON,2026-01-14,5.0897,RON,RO,BNR,https://www.bnr.ro,https://ecifre.ro/indicatori/curs-eur-ron,2026-09-01
Curs EUR/RON,2026-01-15,5.0891,RON,RO,BNR,https://www.bnr.ro,https://ecifre.ro/indicatori/curs-eur-ron,2026-09-01
Curs EUR/RON,2026-01-16,5.0894,RON,RO,BNR,https://www.bnr.ro,https://ecifre.ro/indicatori/curs-eur-ron,2026-09-01
Curs EUR/RON,2026-01-19,5.0921,RON,RO,BNR,https://www.bnr.ro,https://ecifre.ro/indicatori/curs-eur-ron,2026-09-01
Curs EUR/RON,2026-01-20,5.0929,RON,RO,BNR,https://www.bnr.ro,https://ecifre.ro/indicatori/curs-eur-ron,2026-09-01
Curs EUR/RON,2026-01-21,5.0961,RON,RO,BNR,https://www.bnr.ro,https://ecifre.ro/indicatori/curs-eur-ron,2026-09-01
Curs EUR/RON,2026-01-22,5.0936,RON,RO,BNR,https://www.bnr.ro,https://ecifre.ro/indicatori/curs-eur-ron,2026-09-01
Curs EUR/RON,2026-01-23,5.0943,RON,RO,BNR,https://www.bnr.ro,https://ecifre.ro/indicatori/curs-eur-ron,2026-09-01
Curs EUR/RON,2026-01-26,5.0960,RON,RO,BNR,https://www.bnr.ro,https://ecifre.ro/indicatori/curs-eur-ron,2026-09-01
Curs EUR/RON,2026-01-27,5.0959,RON,RO,BNR,https://www.bnr.ro,https://ecifre.ro/indicatori/curs-eur-ron,2026-09-01
Curs EUR/RON,2026-01-28,5.0960,RON,RO,BNR,https://www.bnr.ro,https://ecifre.ro/indicatori/curs-eur-ron,2026-09-01
Curs EUR/RON,2026-01-29,5.0957,RON,RO,BNR,https://www.bnr.ro,https://ecifre.ro/indicatori/curs-eur-ron,2026-09-01
Curs EUR/RON,2026-01-30,5.0961,RON,RO,BNR,https://www.bnr.ro,https://ecifre.ro/indicatori/curs-eur-ron,2026-09-01
Curs EUR/RON,2026-02-02,5.0959,RON,RO,BNR,https://www.bnr.ro,https://ecifre.ro/indicatori/curs-eur-ron,2026-09-01
Curs EUR/RON,2026-02-03,5.0950,RON,RO,BNR,https://www.bnr.ro,https://ecifre.ro/indicatori/curs-eur-ron,2026-09-01
Curs EUR/RON,2026-02-04,5.0943,RON,RO,BNR,https://www.bnr.ro,https://ecifre.ro/indicatori/curs-eur-ron,2026-09-01
Curs EUR/RON,2026-02-05,5.0945,RON,RO,BNR,https://www.bnr.ro,https://ecifre.ro/indicatori/curs-eur-ron,2026-09-01
Curs EUR/RON,2026-02-06,5.0923,RON,RO,BNR,https://www.bnr.ro,https://ecifre.ro/indicatori/curs-eur-ron,2026-09-01
Curs EUR/RON,2026-02-09,5.0934,RON,RO,BNR,https://www.bnr.ro,https://ecifre.ro/indicatori/curs-eur-ron,2026-09-01
Curs EUR/RON,2026-02-10,5.0910,RON,RO,BNR,https://www.bnr.ro,https://ecifre.ro/indicatori/curs-eur-ron,2026-09-01
Curs EUR/RON,2026-02-11,5.0914,RON,RO,BNR,https://www.bnr.ro,https://ecifre.ro/indicatori/curs-eur-ron,2026-09-01
Curs EUR/RON,2026-02-12,5.0934,RON,RO,BNR,https://www.bnr.ro,https://ecifre.ro/indicatori/curs-eur-ron,2026-09-01
Curs EUR/RON,2026-02-13,5.0943,RON,RO,BNR,https://www.bnr.ro,https://ecifre.ro/indicatori/curs-eur-ron,2026-09-01
Curs EUR/RON,2026-02-16,5.0953,RON,RO,BNR,https://www.bnr.ro,https://ecifre.ro/indicatori/curs-eur-ron,2026-09-01
Curs EUR/RON,2026-02-17,5.0965,RON,RO,BNR,https://www.bnr.ro,https://ecifre.ro/indicatori/curs-eur-ron,2026-09-01
Curs EUR/RON,2026-02-18,5.0941,RON,RO,BNR,https://www.bnr.ro,https://ecifre.ro/indicatori/curs-eur-ron,2026-09-01
Curs EUR/RON,2026-02-19,5.0956,RON,RO,BNR,https://www.bnr.ro,https://ecifre.ro/indicatori/curs-eur-ron,2026-09-01
Curs EUR/RON,2026-02-20,5.0974,RON,RO,BNR,https://www.bnr.ro,https://ecifre.ro/indicatori/curs-eur-ron,2026-09-01
Curs EUR/RON,2026-02-23,5.0968,RON,RO,BNR,https://www.bnr.ro,https://ecifre.ro/indicatori/curs-eur-ron,2026-09-01
Curs EUR/RON,2026-02-24,5.0954,RON,RO,BNR,https://www.bnr.ro,https://ecifre.ro/indicatori/curs-eur-ron,2026-09-01
Curs EUR/RON,2026-02-25,5.0953,RON,RO,BNR,https://www.bnr.ro,https://ecifre.ro/indicatori/curs-eur-ron,2026-09-01
Curs EUR/RON,2026-02-26,5.0955,RON,RO,BNR,https://www.bnr.ro,https://ecifre.ro/indicatori/curs-eur-ron,2026-09-01
Curs EUR/RON,2026-02-27,5.0953,RON,RO,BNR,https://www.bnr.ro,https://ecifre.ro/indicatori/curs-eur-ron,2026-09-01
Curs EUR/RON,2026-03-02,5.0972,RON,RO,BNR,https://www.bnr.ro,https://ecifre.ro/indicatori/curs-eur-ron,2026-09-01
Curs EUR/RON,2026-03-03,5.0981,RON,RO,BNR,https://www.bnr.ro,https://ecifre.ro/indicatori/curs-eur-ron,2026-09-01
Curs EUR/RON,2026-03-04,5.0959,RON,RO,BNR,https://www.bnr.ro,https://ecifre.ro/indicatori/curs-eur-ron,2026-09-01
Curs EUR/RON,2026-03-05,5.0937,RON,RO,BNR,https://www.bnr.ro,https://ecifre.ro/indicatori/curs-eur-ron,2026-09-01
Curs EUR/RON,2026-03-06,5.0941,RON,RO,BNR,https://www.bnr.ro,https://ecifre.ro/indicatori/curs-eur-ron,2026-09-01
Curs EUR/RON,2026-03-09,5.0979,RON,RO,BNR,https://www.bnr.ro,https://ecifre.ro/indicatori/curs-eur-ron,2026-09-01
Curs EUR/RON,2026-03-10,5.0955,RON,RO,BNR,https://www.bnr.ro,https://ecifre.ro/indicatori/curs-eur-ron,2026-09-01
Curs EUR/RON,2026-03-11,5.0937,RON,RO,BNR,https://www.bnr.ro,https://ecifre.ro/indicatori/curs-eur-ron,2026-09-01
Curs EUR/RON,2026-03-12,5.0938,RON,RO,BNR,https://www.bnr.ro,https://ecifre.ro/indicatori/curs-eur-ron,2026-09-01
Curs EUR/RON,2026-03-13,5.0947,RON,RO,BNR,https://www.bnr.ro,https://ecifre.ro/indicatori/curs-eur-ron,2026-09-01
Curs EUR/RON,2026-03-16,5.0949,RON,RO,BNR,https://www.bnr.ro,https://ecifre.ro/indicatori/curs-eur-ron,2026-09-01
Curs EUR/RON,2026-03-17,5.0937,RON,RO,BNR,https://www.bnr.ro,https://ecifre.ro/indicatori/curs-eur-ron,2026-09-01
Curs EUR/RON,2026-03-18,5.0940,RON,RO,BNR,https://www.bnr.ro,https://ecifre.ro/indicatori/curs-eur-ron,2026-09-01
Curs EUR/RON,2026-03-19,5.0959,RON,RO,BNR,https://www.bnr.ro,https://ecifre.ro/indicatori/curs-eur-ron,2026-09-01
Curs EUR/RON,2026-03-20,5.0951,RON,RO,BNR,https://www.bnr.ro,https://ecifre.ro/indicatori/curs-eur-ron,2026-09-01
Curs EUR/RON,2026-03-23,5.0989,RON,RO,BNR,https://www.bnr.ro,https://ecifre.ro/indicatori/curs-eur-ron,2026-09-01
Curs EUR/RON,2026-03-24,5.0962,RON,RO,BNR,https://www.bnr.ro,https://ecifre.ro/indicatori/curs-eur-ron,2026-09-01
Curs EUR/RON,2026-03-25,5.0952,RON,RO,BNR,https://www.bnr.ro,https://ecifre.ro/indicatori/curs-eur-ron,2026-09-01
Curs EUR/RON,2026-03-26,5.0953,RON,RO,BNR,https://www.bnr.ro,https://ecifre.ro/indicatori/curs-eur-ron,2026-09-01
Curs EUR/RON,2026-03-27,5.0991,RON,RO,BNR,https://www.bnr.ro,https://ecifre.ro/indicatori/curs-eur-ron,2026-09-01
Curs EUR/RON,2026-03-30,5.0989,RON,RO,BNR,https://www.bnr.ro,https://ecifre.ro/indicatori/curs-eur-ron,2026-09-01
Curs EUR/RON,2026-03-31,5.0988,RON,RO,BNR,https://www.bnr.ro,https://ecifre.ro/indicatori/curs-eur-ron,2026-09-01
Curs EUR/RON,2026-04-01,5.0985,RON,RO,BNR,https://www.bnr.ro,https://ecifre.ro/indicatori/curs-eur-ron,2026-09-01
Curs EUR/RON,2026-04-02,5.0986,RON,RO,BNR,https://www.bnr.ro,https://ecifre.ro/indicatori/curs-eur-ron,2026-09-01
Curs EUR/RON,2026-04-03,5.0978,RON,RO,BNR,https://www.bnr.ro,https://ecifre.ro/indicatori/curs-eur-ron,2026-09-01
Curs EUR/RON,2026-04-06,5.0961,RON,RO,BNR,https://www.bnr.ro,https://ecifre.ro/indicatori/curs-eur-ron,2026-09-01
Curs EUR/RON,2026-04-07,5.0963,RON,RO,BNR,https://www.bnr.ro,https://ecifre.ro/indicatori/curs-eur-ron,2026-09-01
Curs EUR/RON,2026-04-08,5.0949,RON,RO,BNR,https://www.bnr.ro,https://ecifre.ro/indicatori/curs-eur-ron,2026-09-01
Curs EUR/RON,2026-04-09,5.0937,RON,RO,BNR,https://www.bnr.ro,https://ecifre.ro/indicatori/curs-eur-ron,2026-09-01
Curs EUR/RON,2026-04-14,5.0920,RON,RO,BNR,https://www.bnr.ro,https://ecifre.ro/indicatori/curs-eur-ron,2026-09-01
Curs EUR/RON,2026-04-15,5.0914,RON,RO,BNR,https://www.bnr.ro,https://ecifre.ro/indicatori/curs-eur-ron,2026-09-01
Curs EUR/RON,2026-04-16,5.0918,RON,RO,BNR,https://www.bnr.ro,https://ecifre.ro/indicatori/curs-eur-ron,2026-09-01
Curs EUR/RON,2026-04-17,5.0987,RON,RO,BNR,https://www.bnr.ro,https://ecifre.ro/indicatori/curs-eur-ron,2026-09-01
Curs EUR/RON,2026-04-20,5.0989,RON,RO,BNR,https://www.bnr.ro,https://ecifre.ro/indicatori/curs-eur-ron,2026-09-01
Curs EUR/RON,2026-04-21,5.0988,RON,RO,BNR,https://www.bnr.ro,https://ecifre.ro/indicatori/curs-eur-ron,2026-09-01
Curs EUR/RON,2026-04-22,5.0951,RON,RO,BNR,https://www.bnr.ro,https://ecifre.ro/indicatori/curs-eur-ron,2026-09-01
Curs EUR/RON,2026-04-23,5.0924,RON,RO,BNR,https://www.bnr.ro,https://ecifre.ro/indicatori/curs-eur-ron,2026-09-01
Curs EUR/RON,2026-04-24,5.0928,RON,RO,BNR,https://www.bnr.ro,https://ecifre.ro/indicatori/curs-eur-ron,2026-09-01
Curs EUR/RON,2026-04-27,5.0927,RON,RO,BNR,https://www.bnr.ro,https://ecifre.ro/indicatori/curs-eur-ron,2026-09-01
Curs EUR/RON,2026-04-28,5.0937,RON,RO,BNR,https://www.bnr.ro,https://ecifre.ro/indicatori/curs-eur-ron,2026-09-01
Curs EUR/RON,2026-04-29,5.1004,RON,RO,BNR,https://www.bnr.ro,https://ecifre.ro/indicatori/curs-eur-ron,2026-09-01
Curs EUR/RON,2026-04-30,5.1417,RON,RO,BNR,https://www.bnr.ro,https://ecifre.ro/indicatori/curs-eur-ron,2026-09-01
Curs EUR/RON,2026-05-04,5.1998,RON,RO,BNR,https://www.bnr.ro,https://ecifre.ro/indicatori/curs-eur-ron,2026-09-01
Curs EUR/RON,2026-05-05,5.2180,RON,RO,BNR,https://www.bnr.ro,https://ecifre.ro/indicatori/curs-eur-ron,2026-09-01
Curs EUR/RON,2026-05-06,5.2688,RON,RO,BNR,https://www.bnr.ro,https://ecifre.ro/indicatori/curs-eur-ron,2026-09-01
Curs EUR/RON,2026-05-07,5.2661,RON,RO,BNR,https://www.bnr.ro,https://ecifre.ro/indicatori/curs-eur-ron,2026-09-01
Curs EUR/RON,2026-05-08,5.2364,RON,RO,BNR,https://www.bnr.ro,https://ecifre.ro/indicatori/curs-eur-ron,2026-09-01
Curs EUR/RON,2026-05-11,5.2222,RON,RO,BNR,https://www.bnr.ro,https://ecifre.ro/indicatori/curs-eur-ron,2026-09-01
Curs EUR/RON,2026-05-12,5.2103,RON,RO,BNR,https://www.bnr.ro,https://ecifre.ro/indicatori/curs-eur-ron,2026-09-01
Curs EUR/RON,2026-05-13,5.2056,RON,RO,BNR,https://www.bnr.ro,https://ecifre.ro/indicatori/curs-eur-ron,2026-09-01
Curs EUR/RON,2026-05-14,5.2052,RON,RO,BNR,https://www.bnr.ro,https://ecifre.ro/indicatori/curs-eur-ron,2026-09-01
Curs EUR/RON,2026-05-15,5.2088,RON,RO,BNR,https://www.bnr.ro,https://ecifre.ro/indicatori/curs-eur-ron,2026-09-01
Curs EUR/RON,2026-05-18,5.2105,RON,RO,BNR,https://www.bnr.ro,https://ecifre.ro/indicatori/curs-eur-ron,2026-09-01
Curs EUR/RON,2026-05-19,5.2270,RON,RO,BNR,https://www.bnr.ro,https://ecifre.ro/indicatori/curs-eur-ron,2026-09-01
Curs EUR/RON,2026-05-20,5.2358,RON,RO,BNR,https://www.bnr.ro,https://ecifre.ro/indicatori/curs-eur-ron,2026-09-01
Curs EUR/RON,2026-05-21,5.2432,RON,RO,BNR,https://www.bnr.ro,https://ecifre.ro/indicatori/curs-eur-ron,2026-09-01
Curs EUR/RON,2026-05-22,5.2488,RON,RO,BNR,https://www.bnr.ro,https://ecifre.ro/indicatori/curs-eur-ron,2026-09-01
Curs EUR/RON,2026-05-25,5.2467,RON,RO,BNR,https://www.bnr.ro,https://ecifre.ro/indicatori/curs-eur-ron,2026-09-01
Curs EUR/RON,2026-05-26,5.2359,RON,RO,BNR,https://www.bnr.ro,https://ecifre.ro/indicatori/curs-eur-ron,2026-09-01
Curs EUR/RON,2026-05-27,5.2393,RON,RO,BNR,https://www.bnr.ro,https://ecifre.ro/indicatori/curs-eur-ron,2026-09-01
Curs EUR/RON,2026-05-28,5.2484,RON,RO,BNR,https://www.bnr.ro,https://ecifre.ro/indicatori/curs-eur-ron,2026-09-01
Curs EUR/RON,2026-05-29,5.2489,RON,RO,BNR,https://www.bnr.ro,https://ecifre.ro/indicatori/curs-eur-ron,2026-09-01
Curs EUR/RON,2026-06-02,5.2556,RON,RO,BNR,https://www.bnr.ro,https://ecifre.ro/indicatori/curs-eur-ron,2026-09-01
Curs EUR/RON,2026-06-03,5.2592,RON,RO,BNR,https://www.bnr.ro,https://ecifre.ro/indicatori/curs-eur-ron,2026-09-01
Curs EUR/RON,2026-06-04,5.2581,RON,RO,BNR,https://www.bnr.ro,https://ecifre.ro/indicatori/curs-eur-ron,2026-09-01
Curs EUR/RON,2026-06-05,5.2488,RON,RO,BNR,https://www.bnr.ro,https://ecifre.ro/indicatori/curs-eur-ron,2026-09-01
Curs EUR/RON,2026-06-08,5.2436,RON,RO,BNR,https://www.bnr.ro,https://ecifre.ro/indicatori/curs-eur-ron,2026-09-01
Curs EUR/RON,2026-06-09,5.2386,RON,RO,BNR,https://www.bnr.ro,https://ecifre.ro/indicatori/curs-eur-ron,2026-09-01
Curs EUR/RON,2026-06-10,5.2344,RON,RO,BNR,https://www.bnr.ro,https://ecifre.ro/indicatori/curs-eur-ron,2026-09-01
Curs EUR/RON,2026-06-11,5.2390,RON,RO,BNR,https://www.bnr.ro,https://ecifre.ro/indicatori/curs-eur-ron,2026-09-01
Curs EUR/RON,2026-06-12,5.2353,RON,RO,BNR,https://www.bnr.ro,https://ecifre.ro/indicatori/curs-eur-ron,2026-09-01
Curs EUR/RON,2026-06-15,5.2380,RON,RO,BNR,https://www.bnr.ro,https://ecifre.ro/indicatori/curs-eur-ron,2026-09-01
Curs EUR/RON,2026-06-16,5.2310,RON,RO,BNR,https://www.bnr.ro,https://ecifre.ro/indicatori/curs-eur-ron,2026-09-01
Curs EUR/RON,2026-06-17,5.2328,RON,RO,BNR,https://www.bnr.ro,https://ecifre.ro/indicatori/curs-eur-ron,2026-09-01
Curs EUR/RON,2026-06-18,5.2339,RON,RO,BNR,https://www.bnr.ro,https://ecifre.ro/indicatori/curs-eur-ron,2026-09-01
Curs EUR/RON,2026-06-19,5.2391,RON,RO,BNR,https://www.bnr.ro,https://ecifre.ro/indicatori/curs-eur-ron,2026-09-01
Curs EUR/RON,2026-06-22,5.2386,RON,RO,BNR,https://www.bnr.ro,https://ecifre.ro/indicatori/curs-eur-ron,2026-09-01
Curs EUR/RON,2026-06-23,5.2460,RON,RO,BNR,https://www.bnr.ro,https://ecifre.ro/indicatori/curs-eur-ron,2026-09-01
Curs EUR/RON,2026-06-24,5.2461,RON,RO,BNR,https://www.bnr.ro,https://ecifre.ro/indicatori/curs-eur-ron,2026-09-01
Curs EUR/RON,2026-06-25,5.2317,RON,RO,BNR,https://www.bnr.ro,https://ecifre.ro/indicatori/curs-eur-ron,2026-09-01
Curs EUR/RON,2026-06-26,5.2390,RON,RO,BNR,https://www.bnr.ro,https://ecifre.ro/indicatori/curs-eur-ron,2026-09-01
Curs EUR/RON,2026-06-29,5.2430,RON,RO,BNR,https://www.bnr.ro,https://ecifre.ro/indicatori/curs-eur-ron,2026-09-01
Curs EUR/RON,2026-06-30,5.2438,RON,RO,BNR,https://www.bnr.ro,https://ecifre.ro/indicatori/curs-eur-ron,2026-09-01
Curs EUR/RON,2026-07-01,5.2409,RON,RO,BNR,https://www.bnr.ro,https://ecifre.ro/indicatori/curs-eur-ron,2026-09-01
Curs EUR/RON,2026-07-02,5.2359,RON,RO,BNR,https://www.bnr.ro,https://ecifre.ro/indicatori/curs-eur-ron,2026-09-01
Curs EUR/RON,2026-07-03,5.2374,RON,RO,BNR,https://www.bnr.ro,https://ecifre.ro/indicatori/curs-eur-ron,2026-09-01
Curs EUR/RON,2026-07-06,5.2317,RON,RO,BNR,https://www.bnr.ro,https://ecifre.ro/indicatori/curs-eur-ron,2026-09-01
Curs EUR/RON,2026-07-07,5.2346,RON,RO,BNR,https://www.bnr.ro,https://ecifre.ro/indicatori/curs-eur-ron,2026-09-01
Curs EUR/RON,2026-07-08,5.2345,RON,RO,BNR,https://www.bnr.ro,https://ecifre.ro/indicatori/curs-eur-ron,2026-09-01
Curs EUR/RON,2026-07-09,5.2363,RON,RO,BNR,https://www.bnr.ro,https://ecifre.ro/indicatori/curs-eur-ron,2026-09-01
Curs EUR/RON,2026-07-10,5.2337,RON,RO,BNR,https://www.bnr.ro,https://ecifre.ro/indicatori/curs-eur-ron,2026-09-01
Curs EUR/RON,2026-07-13,5.2339,RON,RO,BNR,https://www.bnr.ro,https://ecifre.ro/indicatori/curs-eur-ron,2026-09-01
Curs EUR/RON,2026-07-14,5.2456,RON,RO,BNR,https://www.bnr.ro,https://ecifre.ro/indicatori/curs-eur-ron,2026-09-01
Curs EUR/RON,2026-07-15,5.2411,RON,RO,BNR,https://www.bnr.ro,https://ecifre.ro/indicatori/curs-eur-ron,2026-09-01
Curs EUR/RON,2026-07-16,5.2414,RON,RO,BNR,https://www.bnr.ro,https://ecifre.ro/indicatori/curs-eur-ron,2026-09-01
Curs EUR/RON,2026-07-17,5.2429,RON,RO,BNR,https://www.bnr.ro,https://ecifre.ro/indicatori/curs-eur-ron,2026-09-01
Curs EUR/RON,2026-07-20,5.2421,RON,RO,BNR,https://www.bnr.ro,https://ecifre.ro/indicatori/curs-eur-ron,2026-09-01
Curs EUR/RON,2026-07-21,5.2384,RON,RO,BNR,https://www.bnr.ro,https://ecifre.ro/indicatori/curs-eur-ron,2026-09-01
Curs EUR/RON,2026-07-22,5.2389,RON,RO,BNR,https://www.bnr.ro,https://ecifre.ro/indicatori/curs-eur-ron,2026-09-01
Curs EUR/RON,2026-07-23,5.2356,RON,RO,BNR,https://www.bnr.ro,https://ecifre.ro/indicatori/curs-eur-ron,2026-09-01
Curs EUR/RON,2026-07-24,5.2348,RON,RO,BNR,https://www.bnr.ro,https://ecifre.ro/indicatori/curs-eur-ron,2026-09-01
Curs EUR/RON,2026-07-27,5.2327,RON,RO,BNR,https://www.bnr.ro,https://ecifre.ro/indicatori/curs-eur-ron,2026-09-01
Curs EUR/RON,2026-07-28,5.2310,RON,RO,BNR,https://www.bnr.ro,https://ecifre.ro/indicatori/curs-eur-ron,2026-09-01
Curs EUR/RON,2026-07-29,5.2337,RON,RO,BNR,https://www.bnr.ro,https://ecifre.ro/indicatori/curs-eur-ron,2026-09-01
Curs EUR/RON,2026-07-30,5.2439,RON,RO,BNR,https://www.bnr.ro,https://ecifre.ro/indicatori/curs-eur-ron,2026-09-01
Curs EUR/RON,2026-07-31,5.2473,RON,RO,BNR,https://www.bnr.ro,https://ecifre.ro/indicatori/curs-eur-ron,2026-09-01
Curs EUR/RON,2026-08-03,5.2460,RON,RO,BNR,https://www.bnr.ro,https://ecifre.ro/indicatori/curs-eur-ron,2026-09-01
Curs EUR/RON,2026-08-04,5.2497,RON,RO,BNR,https://www.bnr.ro,https://ecifre.ro/indicatori/curs-eur-ron,2026-09-01
Curs EUR/RON,2026-08-05,5.2489,RON,RO,BNR,https://www.bnr.ro,https://ecifre.ro/indicatori/curs-eur-ron,2026-09-01
Curs EUR/RON,2026-08-06,5.2513,RON,RO,BNR,https://www.bnr.ro,https://ecifre.ro/indicatori/curs-eur-ron,2026-09-01
Curs EUR/RON,2026-08-07,5.2554,RON,RO,BNR,https://www.bnr.ro,https://ecifre.ro/indicatori/curs-eur-ron,2026-09-01
Curs EUR/RON,2026-08-10,5.2396,RON,RO,BNR,https://www.bnr.ro,https://ecifre.ro/indicatori/curs-eur-ron,2026-09-01
Curs EUR/RON,2026-08-11,5.2424,RON,RO,BNR,https://www.bnr.ro,https://ecifre.ro/indicatori/curs-eur-ron,2026-09-01
Curs EUR/RON,2026-08-12,5.2405,RON,RO,BNR,https://www.bnr.ro,https://ecifre.ro/indicatori/curs-eur-ron,2026-09-01
Curs EUR/RON,2026-08-13,5.2435,RON,RO,BNR,https://www.bnr.ro,https://ecifre.ro/indicatori/curs-eur-ron,2026-09-01
Curs EUR/RON,2026-08-14,5.2436,RON,RO,BNR,https://www.bnr.ro,https://ecifre.ro/indicatori/curs-eur-ron,2026-09-01
Curs EUR/RON,2026-08-17,5.2419,RON,RO,BNR,https://www.bnr.ro,https://ecifre.ro/indicatori/curs-eur-ron,2026-09-01
Curs EUR/RON,2026-08-18,5.2442,RON,RO,BNR,https://www.bnr.ro,https://ecifre.ro/indicatori/curs-eur-ron,2026-09-01
Curs EUR/RON,2026-08-19,5.2452,RON,RO,BNR,https://www.bnr.ro,https://ecifre.ro/indicatori/curs-eur-ron,2026-09-01
Curs EUR/RON,2026-08-20,5.2535,RON,RO,BNR,https://www.bnr.ro,https://ecifre.ro/indicatori/curs-eur-ron,2026-09-01
Curs EUR/RON,2026-08-21,5.2581,RON,RO,BNR,https://www.bnr.ro,https://ecifre.ro/indicatori/curs-eur-ron,2026-09-01
Curs EUR/RON,2026-08-26,5.2589,RON,RO,BNR,https://www.bnr.ro,https://ecifre.ro/indicatori/curs-eur-ron,2026-09-01
Curs EUR/RON,2026-08-28,5.2584,RON,RO,BNR,https://www.bnr.ro,https://ecifre.ro/indicatori/curs-eur-ron,2026-09-01
Curs EUR/RON,2026-08-31,5.2586,RON,RO,BNR,https://www.bnr.ro,https://ecifre.ro/indicatori/curs-eur-ron,2026-09-01
Curs EUR/RON,2026-09-01,5.2575,RON,RO,BNR,https://www.bnr.ro,https://ecifre.ro/indicatori/curs-eur-ron,2026-09-01
