indicator,date,value,unit,geography,source,source_url,ecifre_url,last_updated
"Preț day-ahead energie electrică (România, ENTSO-E)",2022-12-31,20.0200,EUR/MWh,RO,ENTSOE,https://web-api.tp.entsoe.eu/api,https://ecifre.ro/indicatori/entsoe-pret-day-ahead-ro,2026-08-30
"Preț day-ahead energie electrică (România, ENTSO-E)",2023-01-01,22.6438,EUR/MWh,RO,ENTSOE,https://web-api.tp.entsoe.eu/api,https://ecifre.ro/indicatori/entsoe-pret-day-ahead-ro,2026-08-30
"Preț day-ahead energie electrică (România, ENTSO-E)",2023-01-02,127.4579,EUR/MWh,RO,ENTSOE,https://web-api.tp.entsoe.eu/api,https://ecifre.ro/indicatori/entsoe-pret-day-ahead-ro,2026-08-30
"Preț day-ahead energie electrică (România, ENTSO-E)",2023-01-03,148.1738,EUR/MWh,RO,ENTSOE,https://web-api.tp.entsoe.eu/api,https://ecifre.ro/indicatori/entsoe-pret-day-ahead-ro,2026-08-30
"Preț day-ahead energie electrică (România, ENTSO-E)",2023-01-04,189.7558,EUR/MWh,RO,ENTSOE,https://web-api.tp.entsoe.eu/api,https://ecifre.ro/indicatori/entsoe-pret-day-ahead-ro,2026-08-30
"Preț day-ahead energie electrică (România, ENTSO-E)",2023-01-05,137.2271,EUR/MWh,RO,ENTSOE,https://web-api.tp.entsoe.eu/api,https://ecifre.ro/indicatori/entsoe-pret-day-ahead-ro,2026-08-30
"Preț day-ahead energie electrică (România, ENTSO-E)",2023-01-06,127.5192,EUR/MWh,RO,ENTSOE,https://web-api.tp.entsoe.eu/api,https://ecifre.ro/indicatori/entsoe-pret-day-ahead-ro,2026-08-30
"Preț day-ahead energie electrică (România, ENTSO-E)",2023-01-07,169.3404,EUR/MWh,RO,ENTSOE,https://web-api.tp.entsoe.eu/api,https://ecifre.ro/indicatori/entsoe-pret-day-ahead-ro,2026-08-30
"Preț day-ahead energie electrică (România, ENTSO-E)",2023-01-08,99.4817,EUR/MWh,RO,ENTSOE,https://web-api.tp.entsoe.eu/api,https://ecifre.ro/indicatori/entsoe-pret-day-ahead-ro,2026-08-30
"Preț day-ahead energie electrică (România, ENTSO-E)",2023-01-09,140.7354,EUR/MWh,RO,ENTSOE,https://web-api.tp.entsoe.eu/api,https://ecifre.ro/indicatori/entsoe-pret-day-ahead-ro,2026-08-30
"Preț day-ahead energie electrică (România, ENTSO-E)",2023-01-10,134.4504,EUR/MWh,RO,ENTSOE,https://web-api.tp.entsoe.eu/api,https://ecifre.ro/indicatori/entsoe-pret-day-ahead-ro,2026-08-30
"Preț day-ahead energie electrică (România, ENTSO-E)",2023-01-11,150.4767,EUR/MWh,RO,ENTSOE,https://web-api.tp.entsoe.eu/api,https://ecifre.ro/indicatori/entsoe-pret-day-ahead-ro,2026-08-30
"Preț day-ahead energie electrică (România, ENTSO-E)",2023-01-12,185.0367,EUR/MWh,RO,ENTSOE,https://web-api.tp.entsoe.eu/api,https://ecifre.ro/indicatori/entsoe-pret-day-ahead-ro,2026-08-30
"Preț day-ahead energie electrică (România, ENTSO-E)",2023-01-13,195.7891,EUR/MWh,RO,ENTSOE,https://web-api.tp.entsoe.eu/api,https://ecifre.ro/indicatori/entsoe-pret-day-ahead-ro,2026-08-30
"Preț day-ahead energie electrică (România, ENTSO-E)",2023-01-14,182.5963,EUR/MWh,RO,ENTSOE,https://web-api.tp.entsoe.eu/api,https://ecifre.ro/indicatori/entsoe-pret-day-ahead-ro,2026-08-30
"Preț day-ahead energie electrică (România, ENTSO-E)",2023-01-15,97.3942,EUR/MWh,RO,ENTSOE,https://web-api.tp.entsoe.eu/api,https://ecifre.ro/indicatori/entsoe-pret-day-ahead-ro,2026-08-30
"Preț day-ahead energie electrică (România, ENTSO-E)",2023-01-16,134.1778,EUR/MWh,RO,ENTSOE,https://web-api.tp.entsoe.eu/api,https://ecifre.ro/indicatori/entsoe-pret-day-ahead-ro,2026-08-30
"Preț day-ahead energie electrică (România, ENTSO-E)",2023-01-17,116.9858,EUR/MWh,RO,ENTSOE,https://web-api.tp.entsoe.eu/api,https://ecifre.ro/indicatori/entsoe-pret-day-ahead-ro,2026-08-30
"Preț day-ahead energie electrică (România, ENTSO-E)",2023-01-18,84.4239,EUR/MWh,RO,ENTSOE,https://web-api.tp.entsoe.eu/api,https://ecifre.ro/indicatori/entsoe-pret-day-ahead-ro,2026-08-30
"Preț day-ahead energie electrică (România, ENTSO-E)",2023-01-19,68.5306,EUR/MWh,RO,ENTSOE,https://web-api.tp.entsoe.eu/api,https://ecifre.ro/indicatori/entsoe-pret-day-ahead-ro,2026-08-30
"Preț day-ahead energie electrică (România, ENTSO-E)",2023-01-20,128.0812,EUR/MWh,RO,ENTSOE,https://web-api.tp.entsoe.eu/api,https://ecifre.ro/indicatori/entsoe-pret-day-ahead-ro,2026-08-30
"Preț day-ahead energie electrică (România, ENTSO-E)",2023-01-21,109.9342,EUR/MWh,RO,ENTSOE,https://web-api.tp.entsoe.eu/api,https://ecifre.ro/indicatori/entsoe-pret-day-ahead-ro,2026-08-30
"Preț day-ahead energie electrică (România, ENTSO-E)",2023-01-22,129.5608,EUR/MWh,RO,ENTSOE,https://web-api.tp.entsoe.eu/api,https://ecifre.ro/indicatori/entsoe-pret-day-ahead-ro,2026-08-30
"Preț day-ahead energie electrică (România, ENTSO-E)",2023-01-23,158.1783,EUR/MWh,RO,ENTSOE,https://web-api.tp.entsoe.eu/api,https://ecifre.ro/indicatori/entsoe-pret-day-ahead-ro,2026-08-30
"Preț day-ahead energie electrică (România, ENTSO-E)",2023-01-24,152.8470,EUR/MWh,RO,ENTSOE,https://web-api.tp.entsoe.eu/api,https://ecifre.ro/indicatori/entsoe-pret-day-ahead-ro,2026-08-30
"Preț day-ahead energie electrică (România, ENTSO-E)",2023-01-25,175.2309,EUR/MWh,RO,ENTSOE,https://web-api.tp.entsoe.eu/api,https://ecifre.ro/indicatori/entsoe-pret-day-ahead-ro,2026-08-30
"Preț day-ahead energie electrică (România, ENTSO-E)",2023-01-26,169.1788,EUR/MWh,RO,ENTSOE,https://web-api.tp.entsoe.eu/api,https://ecifre.ro/indicatori/entsoe-pret-day-ahead-ro,2026-08-30
"Preț day-ahead energie electrică (România, ENTSO-E)",2023-01-27,148.6650,EUR/MWh,RO,ENTSOE,https://web-api.tp.entsoe.eu/api,https://ecifre.ro/indicatori/entsoe-pret-day-ahead-ro,2026-08-30
"Preț day-ahead energie electrică (România, ENTSO-E)",2023-01-28,121.9495,EUR/MWh,RO,ENTSOE,https://web-api.tp.entsoe.eu/api,https://ecifre.ro/indicatori/entsoe-pret-day-ahead-ro,2026-08-30
"Preț day-ahead energie electrică (România, ENTSO-E)",2023-01-29,130.6300,EUR/MWh,RO,ENTSOE,https://web-api.tp.entsoe.eu/api,https://ecifre.ro/indicatori/entsoe-pret-day-ahead-ro,2026-08-30
"Preț day-ahead energie electrică (România, ENTSO-E)",2023-01-30,197.6050,EUR/MWh,RO,ENTSOE,https://web-api.tp.entsoe.eu/api,https://ecifre.ro/indicatori/entsoe-pret-day-ahead-ro,2026-08-30
"Preț day-ahead energie electrică (România, ENTSO-E)",2023-01-31,152.3575,EUR/MWh,RO,ENTSOE,https://web-api.tp.entsoe.eu/api,https://ecifre.ro/indicatori/entsoe-pret-day-ahead-ro,2026-08-30
"Preț day-ahead energie electrică (România, ENTSO-E)",2023-02-01,157.4635,EUR/MWh,RO,ENTSOE,https://web-api.tp.entsoe.eu/api,https://ecifre.ro/indicatori/entsoe-pret-day-ahead-ro,2026-08-30
"Preț day-ahead energie electrică (România, ENTSO-E)",2023-02-02,152.3375,EUR/MWh,RO,ENTSOE,https://web-api.tp.entsoe.eu/api,https://ecifre.ro/indicatori/entsoe-pret-day-ahead-ro,2026-08-30
"Preț day-ahead energie electrică (România, ENTSO-E)",2023-02-03,150.1313,EUR/MWh,RO,ENTSOE,https://web-api.tp.entsoe.eu/api,https://ecifre.ro/indicatori/entsoe-pret-day-ahead-ro,2026-08-30
"Preț day-ahead energie electrică (România, ENTSO-E)",2023-02-04,143.2161,EUR/MWh,RO,ENTSOE,https://web-api.tp.entsoe.eu/api,https://ecifre.ro/indicatori/entsoe-pret-day-ahead-ro,2026-08-30
"Preț day-ahead energie electrică (România, ENTSO-E)",2023-02-05,105.3309,EUR/MWh,RO,ENTSOE,https://web-api.tp.entsoe.eu/api,https://ecifre.ro/indicatori/entsoe-pret-day-ahead-ro,2026-08-30
"Preț day-ahead energie electrică (România, ENTSO-E)",2023-02-06,161.5096,EUR/MWh,RO,ENTSOE,https://web-api.tp.entsoe.eu/api,https://ecifre.ro/indicatori/entsoe-pret-day-ahead-ro,2026-08-30
"Preț day-ahead energie electrică (România, ENTSO-E)",2023-02-07,163.8743,EUR/MWh,RO,ENTSOE,https://web-api.tp.entsoe.eu/api,https://ecifre.ro/indicatori/entsoe-pret-day-ahead-ro,2026-08-30
"Preț day-ahead energie electrică (România, ENTSO-E)",2023-02-08,157.0430,EUR/MWh,RO,ENTSOE,https://web-api.tp.entsoe.eu/api,https://ecifre.ro/indicatori/entsoe-pret-day-ahead-ro,2026-08-30
"Preț day-ahead energie electrică (România, ENTSO-E)",2023-02-09,158.4346,EUR/MWh,RO,ENTSOE,https://web-api.tp.entsoe.eu/api,https://ecifre.ro/indicatori/entsoe-pret-day-ahead-ro,2026-08-30
"Preț day-ahead energie electrică (România, ENTSO-E)",2023-02-10,163.7538,EUR/MWh,RO,ENTSOE,https://web-api.tp.entsoe.eu/api,https://ecifre.ro/indicatori/entsoe-pret-day-ahead-ro,2026-08-30
"Preț day-ahead energie electrică (România, ENTSO-E)",2023-02-11,143.4327,EUR/MWh,RO,ENTSOE,https://web-api.tp.entsoe.eu/api,https://ecifre.ro/indicatori/entsoe-pret-day-ahead-ro,2026-08-30
"Preț day-ahead energie electrică (România, ENTSO-E)",2023-02-12,141.0443,EUR/MWh,RO,ENTSOE,https://web-api.tp.entsoe.eu/api,https://ecifre.ro/indicatori/entsoe-pret-day-ahead-ro,2026-08-30
"Preț day-ahead energie electrică (România, ENTSO-E)",2023-02-13,171.2217,EUR/MWh,RO,ENTSOE,https://web-api.tp.entsoe.eu/api,https://ecifre.ro/indicatori/entsoe-pret-day-ahead-ro,2026-08-30
"Preț day-ahead energie electrică (România, ENTSO-E)",2023-02-14,160.0892,EUR/MWh,RO,ENTSOE,https://web-api.tp.entsoe.eu/api,https://ecifre.ro/indicatori/entsoe-pret-day-ahead-ro,2026-08-30
"Preț day-ahead energie electrică (România, ENTSO-E)",2023-02-15,166.8671,EUR/MWh,RO,ENTSOE,https://web-api.tp.entsoe.eu/api,https://ecifre.ro/indicatori/entsoe-pret-day-ahead-ro,2026-08-30
"Preț day-ahead energie electrică (România, ENTSO-E)",2023-02-16,171.8904,EUR/MWh,RO,ENTSOE,https://web-api.tp.entsoe.eu/api,https://ecifre.ro/indicatori/entsoe-pret-day-ahead-ro,2026-08-30
"Preț day-ahead energie electrică (România, ENTSO-E)",2023-02-17,170.3433,EUR/MWh,RO,ENTSOE,https://web-api.tp.entsoe.eu/api,https://ecifre.ro/indicatori/entsoe-pret-day-ahead-ro,2026-08-30
"Preț day-ahead energie electrică (România, ENTSO-E)",2023-02-18,108.5517,EUR/MWh,RO,ENTSOE,https://web-api.tp.entsoe.eu/api,https://ecifre.ro/indicatori/entsoe-pret-day-ahead-ro,2026-08-30
"Preț day-ahead energie electrică (România, ENTSO-E)",2023-02-19,107.4017,EUR/MWh,RO,ENTSOE,https://web-api.tp.entsoe.eu/api,https://ecifre.ro/indicatori/entsoe-pret-day-ahead-ro,2026-08-30
"Preț day-ahead energie electrică (România, ENTSO-E)",2023-02-20,122.2279,EUR/MWh,RO,ENTSOE,https://web-api.tp.entsoe.eu/api,https://ecifre.ro/indicatori/entsoe-pret-day-ahead-ro,2026-08-30
"Preț day-ahead energie electrică (România, ENTSO-E)",2023-02-21,118.8963,EUR/MWh,RO,ENTSOE,https://web-api.tp.entsoe.eu/api,https://ecifre.ro/indicatori/entsoe-pret-day-ahead-ro,2026-08-30
"Preț day-ahead energie electrică (România, ENTSO-E)",2023-02-22,150.3483,EUR/MWh,RO,ENTSOE,https://web-api.tp.entsoe.eu/api,https://ecifre.ro/indicatori/entsoe-pret-day-ahead-ro,2026-08-30
"Preț day-ahead energie electrică (România, ENTSO-E)",2023-02-23,148.9258,EUR/MWh,RO,ENTSOE,https://web-api.tp.entsoe.eu/api,https://ecifre.ro/indicatori/entsoe-pret-day-ahead-ro,2026-08-30
"Preț day-ahead energie electrică (România, ENTSO-E)",2023-02-24,134.2092,EUR/MWh,RO,ENTSOE,https://web-api.tp.entsoe.eu/api,https://ecifre.ro/indicatori/entsoe-pret-day-ahead-ro,2026-08-30
"Preț day-ahead energie electrică (România, ENTSO-E)",2023-02-25,87.6271,EUR/MWh,RO,ENTSOE,https://web-api.tp.entsoe.eu/api,https://ecifre.ro/indicatori/entsoe-pret-day-ahead-ro,2026-08-30
"Preț day-ahead energie electrică (România, ENTSO-E)",2023-02-26,82.3095,EUR/MWh,RO,ENTSOE,https://web-api.tp.entsoe.eu/api,https://ecifre.ro/indicatori/entsoe-pret-day-ahead-ro,2026-08-30
"Preț day-ahead energie electrică (România, ENTSO-E)",2023-02-27,148.0333,EUR/MWh,RO,ENTSOE,https://web-api.tp.entsoe.eu/api,https://ecifre.ro/indicatori/entsoe-pret-day-ahead-ro,2026-08-30
"Preț day-ahead energie electrică (România, ENTSO-E)",2023-02-28,152.4333,EUR/MWh,RO,ENTSOE,https://web-api.tp.entsoe.eu/api,https://ecifre.ro/indicatori/entsoe-pret-day-ahead-ro,2026-08-30
"Preț day-ahead energie electrică (România, ENTSO-E)",2023-03-01,153.6438,EUR/MWh,RO,ENTSOE,https://web-api.tp.entsoe.eu/api,https://ecifre.ro/indicatori/entsoe-pret-day-ahead-ro,2026-08-30
"Preț day-ahead energie electrică (România, ENTSO-E)",2023-03-02,158.2842,EUR/MWh,RO,ENTSOE,https://web-api.tp.entsoe.eu/api,https://ecifre.ro/indicatori/entsoe-pret-day-ahead-ro,2026-08-30
"Preț day-ahead energie electrică (România, ENTSO-E)",2023-03-03,147.6708,EUR/MWh,RO,ENTSOE,https://web-api.tp.entsoe.eu/api,https://ecifre.ro/indicatori/entsoe-pret-day-ahead-ro,2026-08-30
"Preț day-ahead energie electrică (România, ENTSO-E)",2023-03-04,119.6504,EUR/MWh,RO,ENTSOE,https://web-api.tp.entsoe.eu/api,https://ecifre.ro/indicatori/entsoe-pret-day-ahead-ro,2026-08-30
"Preț day-ahead energie electrică (România, ENTSO-E)",2023-03-05,120.4400,EUR/MWh,RO,ENTSOE,https://web-api.tp.entsoe.eu/api,https://ecifre.ro/indicatori/entsoe-pret-day-ahead-ro,2026-08-30
"Preț day-ahead energie electrică (România, ENTSO-E)",2023-03-06,141.7038,EUR/MWh,RO,ENTSOE,https://web-api.tp.entsoe.eu/api,https://ecifre.ro/indicatori/entsoe-pret-day-ahead-ro,2026-08-30
"Preț day-ahead energie electrică (România, ENTSO-E)",2023-03-07,132.0888,EUR/MWh,RO,ENTSOE,https://web-api.tp.entsoe.eu/api,https://ecifre.ro/indicatori/entsoe-pret-day-ahead-ro,2026-08-30
"Preț day-ahead energie electrică (România, ENTSO-E)",2023-03-08,126.7765,EUR/MWh,RO,ENTSOE,https://web-api.tp.entsoe.eu/api,https://ecifre.ro/indicatori/entsoe-pret-day-ahead-ro,2026-08-30
"Preț day-ahead energie electrică (România, ENTSO-E)",2023-03-09,113.5914,EUR/MWh,RO,ENTSOE,https://web-api.tp.entsoe.eu/api,https://ecifre.ro/indicatori/entsoe-pret-day-ahead-ro,2026-08-30
"Preț day-ahead energie electrică (România, ENTSO-E)",2023-03-10,102.1243,EUR/MWh,RO,ENTSOE,https://web-api.tp.entsoe.eu/api,https://ecifre.ro/indicatori/entsoe-pret-day-ahead-ro,2026-08-30
"Preț day-ahead energie electrică (România, ENTSO-E)",2023-03-11,99.0971,EUR/MWh,RO,ENTSOE,https://web-api.tp.entsoe.eu/api,https://ecifre.ro/indicatori/entsoe-pret-day-ahead-ro,2026-08-30
"Preț day-ahead energie electrică (România, ENTSO-E)",2023-03-12,95.2267,EUR/MWh,RO,ENTSOE,https://web-api.tp.entsoe.eu/api,https://ecifre.ro/indicatori/entsoe-pret-day-ahead-ro,2026-08-30
"Preț day-ahead energie electrică (România, ENTSO-E)",2023-03-13,81.0379,EUR/MWh,RO,ENTSOE,https://web-api.tp.entsoe.eu/api,https://ecifre.ro/indicatori/entsoe-pret-day-ahead-ro,2026-08-30
"Preț day-ahead energie electrică (România, ENTSO-E)",2023-03-14,89.3165,EUR/MWh,RO,ENTSOE,https://web-api.tp.entsoe.eu/api,https://ecifre.ro/indicatori/entsoe-pret-day-ahead-ro,2026-08-30
"Preț day-ahead energie electrică (România, ENTSO-E)",2023-03-15,126.6404,EUR/MWh,RO,ENTSOE,https://web-api.tp.entsoe.eu/api,https://ecifre.ro/indicatori/entsoe-pret-day-ahead-ro,2026-08-30
"Preț day-ahead energie electrică (România, ENTSO-E)",2023-03-16,109.9496,EUR/MWh,RO,ENTSOE,https://web-api.tp.entsoe.eu/api,https://ecifre.ro/indicatori/entsoe-pret-day-ahead-ro,2026-08-30
"Preț day-ahead energie electrică (România, ENTSO-E)",2023-03-17,93.2175,EUR/MWh,RO,ENTSOE,https://web-api.tp.entsoe.eu/api,https://ecifre.ro/indicatori/entsoe-pret-day-ahead-ro,2026-08-30
"Preț day-ahead energie electrică (România, ENTSO-E)",2023-03-18,109.3592,EUR/MWh,RO,ENTSOE,https://web-api.tp.entsoe.eu/api,https://ecifre.ro/indicatori/entsoe-pret-day-ahead-ro,2026-08-30
"Preț day-ahead energie electrică (România, ENTSO-E)",2023-03-19,112.3671,EUR/MWh,RO,ENTSOE,https://web-api.tp.entsoe.eu/api,https://ecifre.ro/indicatori/entsoe-pret-day-ahead-ro,2026-08-30
"Preț day-ahead energie electrică (România, ENTSO-E)",2023-03-20,126.0067,EUR/MWh,RO,ENTSOE,https://web-api.tp.entsoe.eu/api,https://ecifre.ro/indicatori/entsoe-pret-day-ahead-ro,2026-08-30
"Preț day-ahead energie electrică (România, ENTSO-E)",2023-03-21,122.7904,EUR/MWh,RO,ENTSOE,https://web-api.tp.entsoe.eu/api,https://ecifre.ro/indicatori/entsoe-pret-day-ahead-ro,2026-08-30
"Preț day-ahead energie electrică (România, ENTSO-E)",2023-03-22,124.7588,EUR/MWh,RO,ENTSOE,https://web-api.tp.entsoe.eu/api,https://ecifre.ro/indicatori/entsoe-pret-day-ahead-ro,2026-08-30
"Preț day-ahead energie electrică (România, ENTSO-E)",2023-03-23,114.1013,EUR/MWh,RO,ENTSOE,https://web-api.tp.entsoe.eu/api,https://ecifre.ro/indicatori/entsoe-pret-day-ahead-ro,2026-08-30
"Preț day-ahead energie electrică (România, ENTSO-E)",2023-03-24,90.1042,EUR/MWh,RO,ENTSOE,https://web-api.tp.entsoe.eu/api,https://ecifre.ro/indicatori/entsoe-pret-day-ahead-ro,2026-08-30
"Preț day-ahead energie electrică (România, ENTSO-E)",2023-03-25,28.7864,EUR/MWh,RO,ENTSOE,https://web-api.tp.entsoe.eu/api,https://ecifre.ro/indicatori/entsoe-pret-day-ahead-ro,2026-08-30
"Preț day-ahead energie electrică (România, ENTSO-E)",2023-03-26,54.6970,EUR/MWh,RO,ENTSOE,https://web-api.tp.entsoe.eu/api,https://ecifre.ro/indicatori/entsoe-pret-day-ahead-ro,2026-08-30
"Preț day-ahead energie electrică (România, ENTSO-E)",2023-03-27,96.0733,EUR/MWh,RO,ENTSOE,https://web-api.tp.entsoe.eu/api,https://ecifre.ro/indicatori/entsoe-pret-day-ahead-ro,2026-08-30
"Preț day-ahead energie electrică (România, ENTSO-E)",2023-03-28,95.8790,EUR/MWh,RO,ENTSOE,https://web-api.tp.entsoe.eu/api,https://ecifre.ro/indicatori/entsoe-pret-day-ahead-ro,2026-08-30
"Preț day-ahead energie electrică (România, ENTSO-E)",2023-03-29,115.2700,EUR/MWh,RO,ENTSOE,https://web-api.tp.entsoe.eu/api,https://ecifre.ro/indicatori/entsoe-pret-day-ahead-ro,2026-08-30
"Preț day-ahead energie electrică (România, ENTSO-E)",2023-03-30,107.1013,EUR/MWh,RO,ENTSOE,https://web-api.tp.entsoe.eu/api,https://ecifre.ro/indicatori/entsoe-pret-day-ahead-ro,2026-08-30
"Preț day-ahead energie electrică (România, ENTSO-E)",2023-03-31,100.7663,EUR/MWh,RO,ENTSOE,https://web-api.tp.entsoe.eu/api,https://ecifre.ro/indicatori/entsoe-pret-day-ahead-ro,2026-08-30
"Preț day-ahead energie electrică (România, ENTSO-E)",2023-04-01,60.5042,EUR/MWh,RO,ENTSOE,https://web-api.tp.entsoe.eu/api,https://ecifre.ro/indicatori/entsoe-pret-day-ahead-ro,2026-08-30
"Preț day-ahead energie electrică (România, ENTSO-E)",2023-04-02,70.5958,EUR/MWh,RO,ENTSOE,https://web-api.tp.entsoe.eu/api,https://ecifre.ro/indicatori/entsoe-pret-day-ahead-ro,2026-08-30
"Preț day-ahead energie electrică (România, ENTSO-E)",2023-04-03,114.9142,EUR/MWh,RO,ENTSOE,https://web-api.tp.entsoe.eu/api,https://ecifre.ro/indicatori/entsoe-pret-day-ahead-ro,2026-08-30
"Preț day-ahead energie electrică (România, ENTSO-E)",2023-04-04,114.5821,EUR/MWh,RO,ENTSOE,https://web-api.tp.entsoe.eu/api,https://ecifre.ro/indicatori/entsoe-pret-day-ahead-ro,2026-08-30
"Preț day-ahead energie electrică (România, ENTSO-E)",2023-04-05,120.0913,EUR/MWh,RO,ENTSOE,https://web-api.tp.entsoe.eu/api,https://ecifre.ro/indicatori/entsoe-pret-day-ahead-ro,2026-08-30
"Preț day-ahead energie electrică (România, ENTSO-E)",2023-04-06,124.2550,EUR/MWh,RO,ENTSOE,https://web-api.tp.entsoe.eu/api,https://ecifre.ro/indicatori/entsoe-pret-day-ahead-ro,2026-08-30
"Preț day-ahead energie electrică (România, ENTSO-E)",2023-04-07,121.3296,EUR/MWh,RO,ENTSOE,https://web-api.tp.entsoe.eu/api,https://ecifre.ro/indicatori/entsoe-pret-day-ahead-ro,2026-08-30
"Preț day-ahead energie electrică (România, ENTSO-E)",2023-04-08,119.1383,EUR/MWh,RO,ENTSOE,https://web-api.tp.entsoe.eu/api,https://ecifre.ro/indicatori/entsoe-pret-day-ahead-ro,2026-08-30
"Preț day-ahead energie electrică (România, ENTSO-E)",2023-04-09,102.3063,EUR/MWh,RO,ENTSOE,https://web-api.tp.entsoe.eu/api,https://ecifre.ro/indicatori/entsoe-pret-day-ahead-ro,2026-08-30
"Preț day-ahead energie electrică (România, ENTSO-E)",2023-04-10,70.6896,EUR/MWh,RO,ENTSOE,https://web-api.tp.entsoe.eu/api,https://ecifre.ro/indicatori/entsoe-pret-day-ahead-ro,2026-08-30
"Preț day-ahead energie electrică (România, ENTSO-E)",2023-04-11,101.2346,EUR/MWh,RO,ENTSOE,https://web-api.tp.entsoe.eu/api,https://ecifre.ro/indicatori/entsoe-pret-day-ahead-ro,2026-08-30
"Preț day-ahead energie electrică (România, ENTSO-E)",2023-04-12,112.2783,EUR/MWh,RO,ENTSOE,https://web-api.tp.entsoe.eu/api,https://ecifre.ro/indicatori/entsoe-pret-day-ahead-ro,2026-08-30
"Preț day-ahead energie electrică (România, ENTSO-E)",2023-04-13,125.8221,EUR/MWh,RO,ENTSOE,https://web-api.tp.entsoe.eu/api,https://ecifre.ro/indicatori/entsoe-pret-day-ahead-ro,2026-08-30
"Preț day-ahead energie electrică (România, ENTSO-E)",2023-04-14,117.2905,EUR/MWh,RO,ENTSOE,https://web-api.tp.entsoe.eu/api,https://ecifre.ro/indicatori/entsoe-pret-day-ahead-ro,2026-08-30
"Preț day-ahead energie electrică (România, ENTSO-E)",2023-04-15,105.3404,EUR/MWh,RO,ENTSOE,https://web-api.tp.entsoe.eu/api,https://ecifre.ro/indicatori/entsoe-pret-day-ahead-ro,2026-08-30
"Preț day-ahead energie electrică (România, ENTSO-E)",2023-04-16,91.9532,EUR/MWh,RO,ENTSOE,https://web-api.tp.entsoe.eu/api,https://ecifre.ro/indicatori/entsoe-pret-day-ahead-ro,2026-08-30
"Preț day-ahead energie electrică (România, ENTSO-E)",2023-04-17,92.1420,EUR/MWh,RO,ENTSOE,https://web-api.tp.entsoe.eu/api,https://ecifre.ro/indicatori/entsoe-pret-day-ahead-ro,2026-08-30
"Preț day-ahead energie electrică (România, ENTSO-E)",2023-04-18,114.4046,EUR/MWh,RO,ENTSOE,https://web-api.tp.entsoe.eu/api,https://ecifre.ro/indicatori/entsoe-pret-day-ahead-ro,2026-08-30
"Preț day-ahead energie electrică (România, ENTSO-E)",2023-04-19,122.8813,EUR/MWh,RO,ENTSOE,https://web-api.tp.entsoe.eu/api,https://ecifre.ro/indicatori/entsoe-pret-day-ahead-ro,2026-08-30
"Preț day-ahead energie electrică (România, ENTSO-E)",2023-04-20,114.1558,EUR/MWh,RO,ENTSOE,https://web-api.tp.entsoe.eu/api,https://ecifre.ro/indicatori/entsoe-pret-day-ahead-ro,2026-08-30
"Preț day-ahead energie electrică (România, ENTSO-E)",2023-04-21,105.9554,EUR/MWh,RO,ENTSOE,https://web-api.tp.entsoe.eu/api,https://ecifre.ro/indicatori/entsoe-pret-day-ahead-ro,2026-08-30
"Preț day-ahead energie electrică (România, ENTSO-E)",2023-04-22,86.6463,EUR/MWh,RO,ENTSOE,https://web-api.tp.entsoe.eu/api,https://ecifre.ro/indicatori/entsoe-pret-day-ahead-ro,2026-08-30
"Preț day-ahead energie electrică (România, ENTSO-E)",2023-04-23,49.9964,EUR/MWh,RO,ENTSOE,https://web-api.tp.entsoe.eu/api,https://ecifre.ro/indicatori/entsoe-pret-day-ahead-ro,2026-08-30
"Preț day-ahead energie electrică (România, ENTSO-E)",2023-04-24,94.1904,EUR/MWh,RO,ENTSOE,https://web-api.tp.entsoe.eu/api,https://ecifre.ro/indicatori/entsoe-pret-day-ahead-ro,2026-08-30
"Preț day-ahead energie electrică (România, ENTSO-E)",2023-04-25,96.7417,EUR/MWh,RO,ENTSOE,https://web-api.tp.entsoe.eu/api,https://ecifre.ro/indicatori/entsoe-pret-day-ahead-ro,2026-08-30
"Preț day-ahead energie electrică (România, ENTSO-E)",2023-04-26,104.4592,EUR/MWh,RO,ENTSOE,https://web-api.tp.entsoe.eu/api,https://ecifre.ro/indicatori/entsoe-pret-day-ahead-ro,2026-08-30
"Preț day-ahead energie electrică (România, ENTSO-E)",2023-04-27,73.5925,EUR/MWh,RO,ENTSOE,https://web-api.tp.entsoe.eu/api,https://ecifre.ro/indicatori/entsoe-pret-day-ahead-ro,2026-08-30
"Preț day-ahead energie electrică (România, ENTSO-E)",2023-04-28,92.2621,EUR/MWh,RO,ENTSOE,https://web-api.tp.entsoe.eu/api,https://ecifre.ro/indicatori/entsoe-pret-day-ahead-ro,2026-08-30
"Preț day-ahead energie electrică (România, ENTSO-E)",2023-04-29,98.9621,EUR/MWh,RO,ENTSOE,https://web-api.tp.entsoe.eu/api,https://ecifre.ro/indicatori/entsoe-pret-day-ahead-ro,2026-08-30
"Preț day-ahead energie electrică (România, ENTSO-E)",2023-04-30,69.4392,EUR/MWh,RO,ENTSOE,https://web-api.tp.entsoe.eu/api,https://ecifre.ro/indicatori/entsoe-pret-day-ahead-ro,2026-08-30
"Preț day-ahead energie electrică (România, ENTSO-E)",2023-05-01,71.9983,EUR/MWh,RO,ENTSOE,https://web-api.tp.entsoe.eu/api,https://ecifre.ro/indicatori/entsoe-pret-day-ahead-ro,2026-08-30
"Preț day-ahead energie electrică (România, ENTSO-E)",2023-05-02,107.3538,EUR/MWh,RO,ENTSOE,https://web-api.tp.entsoe.eu/api,https://ecifre.ro/indicatori/entsoe-pret-day-ahead-ro,2026-08-30
"Preț day-ahead energie electrică (România, ENTSO-E)",2023-05-03,104.8829,EUR/MWh,RO,ENTSOE,https://web-api.tp.entsoe.eu/api,https://ecifre.ro/indicatori/entsoe-pret-day-ahead-ro,2026-08-30
"Preț day-ahead energie electrică (România, ENTSO-E)",2023-05-04,104.0121,EUR/MWh,RO,ENTSOE,https://web-api.tp.entsoe.eu/api,https://ecifre.ro/indicatori/entsoe-pret-day-ahead-ro,2026-08-30
"Preț day-ahead energie electrică (România, ENTSO-E)",2023-05-05,97.5296,EUR/MWh,RO,ENTSOE,https://web-api.tp.entsoe.eu/api,https://ecifre.ro/indicatori/entsoe-pret-day-ahead-ro,2026-08-30
"Preț day-ahead energie electrică (România, ENTSO-E)",2023-05-06,88.6158,EUR/MWh,RO,ENTSOE,https://web-api.tp.entsoe.eu/api,https://ecifre.ro/indicatori/entsoe-pret-day-ahead-ro,2026-08-30
"Preț day-ahead energie electrică (România, ENTSO-E)",2023-05-07,69.0738,EUR/MWh,RO,ENTSOE,https://web-api.tp.entsoe.eu/api,https://ecifre.ro/indicatori/entsoe-pret-day-ahead-ro,2026-08-30
"Preț day-ahead energie electrică (România, ENTSO-E)",2023-05-08,99.0192,EUR/MWh,RO,ENTSOE,https://web-api.tp.entsoe.eu/api,https://ecifre.ro/indicatori/entsoe-pret-day-ahead-ro,2026-08-30
"Preț day-ahead energie electrică (România, ENTSO-E)",2023-05-09,100.8092,EUR/MWh,RO,ENTSOE,https://web-api.tp.entsoe.eu/api,https://ecifre.ro/indicatori/entsoe-pret-day-ahead-ro,2026-08-30
"Preț day-ahead energie electrică (România, ENTSO-E)",2023-05-10,118.7483,EUR/MWh,RO,ENTSOE,https://web-api.tp.entsoe.eu/api,https://ecifre.ro/indicatori/entsoe-pret-day-ahead-ro,2026-08-30
"Preț day-ahead energie electrică (România, ENTSO-E)",2023-05-11,123.9567,EUR/MWh,RO,ENTSOE,https://web-api.tp.entsoe.eu/api,https://ecifre.ro/indicatori/entsoe-pret-day-ahead-ro,2026-08-30
"Preț day-ahead energie electrică (România, ENTSO-E)",2023-05-12,106.6871,EUR/MWh,RO,ENTSOE,https://web-api.tp.entsoe.eu/api,https://ecifre.ro/indicatori/entsoe-pret-day-ahead-ro,2026-08-30
"Preț day-ahead energie electrică (România, ENTSO-E)",2023-05-13,79.3863,EUR/MWh,RO,ENTSOE,https://web-api.tp.entsoe.eu/api,https://ecifre.ro/indicatori/entsoe-pret-day-ahead-ro,2026-08-30
"Preț day-ahead energie electrică (România, ENTSO-E)",2023-05-14,71.8279,EUR/MWh,RO,ENTSOE,https://web-api.tp.entsoe.eu/api,https://ecifre.ro/indicatori/entsoe-pret-day-ahead-ro,2026-08-30
"Preț day-ahead energie electrică (România, ENTSO-E)",2023-05-15,116.5779,EUR/MWh,RO,ENTSOE,https://web-api.tp.entsoe.eu/api,https://ecifre.ro/indicatori/entsoe-pret-day-ahead-ro,2026-08-30
"Preț day-ahead energie electrică (România, ENTSO-E)",2023-05-16,98.6817,EUR/MWh,RO,ENTSOE,https://web-api.tp.entsoe.eu/api,https://ecifre.ro/indicatori/entsoe-pret-day-ahead-ro,2026-08-30
"Preț day-ahead energie electrică (România, ENTSO-E)",2023-05-17,96.1775,EUR/MWh,RO,ENTSOE,https://web-api.tp.entsoe.eu/api,https://ecifre.ro/indicatori/entsoe-pret-day-ahead-ro,2026-08-30
"Preț day-ahead energie electrică (România, ENTSO-E)",2023-05-18,102.6352,EUR/MWh,RO,ENTSOE,https://web-api.tp.entsoe.eu/api,https://ecifre.ro/indicatori/entsoe-pret-day-ahead-ro,2026-08-30
"Preț day-ahead energie electrică (România, ENTSO-E)",2023-05-19,76.6952,EUR/MWh,RO,ENTSOE,https://web-api.tp.entsoe.eu/api,https://ecifre.ro/indicatori/entsoe-pret-day-ahead-ro,2026-08-30
"Preț day-ahead energie electrică (România, ENTSO-E)",2023-05-20,47.3236,EUR/MWh,RO,ENTSOE,https://web-api.tp.entsoe.eu/api,https://ecifre.ro/indicatori/entsoe-pret-day-ahead-ro,2026-08-30
"Preț day-ahead energie electrică (România, ENTSO-E)",2023-05-21,32.3078,EUR/MWh,RO,ENTSOE,https://web-api.tp.entsoe.eu/api,https://ecifre.ro/indicatori/entsoe-pret-day-ahead-ro,2026-08-30
"Preț day-ahead energie electrică (România, ENTSO-E)",2023-05-22,97.1396,EUR/MWh,RO,ENTSOE,https://web-api.tp.entsoe.eu/api,https://ecifre.ro/indicatori/entsoe-pret-day-ahead-ro,2026-08-30
"Preț day-ahead energie electrică (România, ENTSO-E)",2023-05-23,93.9067,EUR/MWh,RO,ENTSOE,https://web-api.tp.entsoe.eu/api,https://ecifre.ro/indicatori/entsoe-pret-day-ahead-ro,2026-08-30
"Preț day-ahead energie electrică (România, ENTSO-E)",2023-05-24,102.9979,EUR/MWh,RO,ENTSOE,https://web-api.tp.entsoe.eu/api,https://ecifre.ro/indicatori/entsoe-pret-day-ahead-ro,2026-08-30
"Preț day-ahead energie electrică (România, ENTSO-E)",2023-05-25,85.4921,EUR/MWh,RO,ENTSOE,https://web-api.tp.entsoe.eu/api,https://ecifre.ro/indicatori/entsoe-pret-day-ahead-ro,2026-08-30
"Preț day-ahead energie electrică (România, ENTSO-E)",2023-05-26,74.0050,EUR/MWh,RO,ENTSOE,https://web-api.tp.entsoe.eu/api,https://ecifre.ro/indicatori/entsoe-pret-day-ahead-ro,2026-08-30
"Preț day-ahead energie electrică (România, ENTSO-E)",2023-05-27,62.8796,EUR/MWh,RO,ENTSOE,https://web-api.tp.entsoe.eu/api,https://ecifre.ro/indicatori/entsoe-pret-day-ahead-ro,2026-08-30
"Preț day-ahead energie electrică (România, ENTSO-E)",2023-05-28,39.2639,EUR/MWh,RO,ENTSOE,https://web-api.tp.entsoe.eu/api,https://ecifre.ro/indicatori/entsoe-pret-day-ahead-ro,2026-08-30
"Preț day-ahead energie electrică (România, ENTSO-E)",2023-05-29,68.4342,EUR/MWh,RO,ENTSOE,https://web-api.tp.entsoe.eu/api,https://ecifre.ro/indicatori/entsoe-pret-day-ahead-ro,2026-08-30
"Preț day-ahead energie electrică (România, ENTSO-E)",2023-05-30,93.1979,EUR/MWh,RO,ENTSOE,https://web-api.tp.entsoe.eu/api,https://ecifre.ro/indicatori/entsoe-pret-day-ahead-ro,2026-08-30
"Preț day-ahead energie electrică (România, ENTSO-E)",2023-05-31,89.2533,EUR/MWh,RO,ENTSOE,https://web-api.tp.entsoe.eu/api,https://ecifre.ro/indicatori/entsoe-pret-day-ahead-ro,2026-08-30
"Preț day-ahead energie electrică (România, ENTSO-E)",2023-06-01,76.6175,EUR/MWh,RO,ENTSOE,https://web-api.tp.entsoe.eu/api,https://ecifre.ro/indicatori/entsoe-pret-day-ahead-ro,2026-08-30
"Preț day-ahead energie electrică (România, ENTSO-E)",2023-06-02,79.7879,EUR/MWh,RO,ENTSOE,https://web-api.tp.entsoe.eu/api,https://ecifre.ro/indicatori/entsoe-pret-day-ahead-ro,2026-08-30
"Preț day-ahead energie electrică (România, ENTSO-E)",2023-06-03,56.2150,EUR/MWh,RO,ENTSOE,https://web-api.tp.entsoe.eu/api,https://ecifre.ro/indicatori/entsoe-pret-day-ahead-ro,2026-08-30
"Preț day-ahead energie electrică (România, ENTSO-E)",2023-06-04,51.8342,EUR/MWh,RO,ENTSOE,https://web-api.tp.entsoe.eu/api,https://ecifre.ro/indicatori/entsoe-pret-day-ahead-ro,2026-08-30
"Preț day-ahead energie electrică (România, ENTSO-E)",2023-06-05,89.4583,EUR/MWh,RO,ENTSOE,https://web-api.tp.entsoe.eu/api,https://ecifre.ro/indicatori/entsoe-pret-day-ahead-ro,2026-08-30
"Preț day-ahead energie electrică (România, ENTSO-E)",2023-06-06,86.8104,EUR/MWh,RO,ENTSOE,https://web-api.tp.entsoe.eu/api,https://ecifre.ro/indicatori/entsoe-pret-day-ahead-ro,2026-08-30
"Preț day-ahead energie electrică (România, ENTSO-E)",2023-06-07,93.7604,EUR/MWh,RO,ENTSOE,https://web-api.tp.entsoe.eu/api,https://ecifre.ro/indicatori/entsoe-pret-day-ahead-ro,2026-08-30
"Preț day-ahead energie electrică (România, ENTSO-E)",2023-06-08,83.8638,EUR/MWh,RO,ENTSOE,https://web-api.tp.entsoe.eu/api,https://ecifre.ro/indicatori/entsoe-pret-day-ahead-ro,2026-08-30
"Preț day-ahead energie electrică (România, ENTSO-E)",2023-06-09,86.0571,EUR/MWh,RO,ENTSOE,https://web-api.tp.entsoe.eu/api,https://ecifre.ro/indicatori/entsoe-pret-day-ahead-ro,2026-08-30
"Preț day-ahead energie electrică (România, ENTSO-E)",2023-06-10,57.7192,EUR/MWh,RO,ENTSOE,https://web-api.tp.entsoe.eu/api,https://ecifre.ro/indicatori/entsoe-pret-day-ahead-ro,2026-08-30
"Preț day-ahead energie electrică (România, ENTSO-E)",2023-06-11,53.1495,EUR/MWh,RO,ENTSOE,https://web-api.tp.entsoe.eu/api,https://ecifre.ro/indicatori/entsoe-pret-day-ahead-ro,2026-08-30
"Preț day-ahead energie electrică (România, ENTSO-E)",2023-06-12,90.3992,EUR/MWh,RO,ENTSOE,https://web-api.tp.entsoe.eu/api,https://ecifre.ro/indicatori/entsoe-pret-day-ahead-ro,2026-08-30
"Preț day-ahead energie electrică (România, ENTSO-E)",2023-06-13,95.8942,EUR/MWh,RO,ENTSOE,https://web-api.tp.entsoe.eu/api,https://ecifre.ro/indicatori/entsoe-pret-day-ahead-ro,2026-08-30
"Preț day-ahead energie electrică (România, ENTSO-E)",2023-06-14,105.3850,EUR/MWh,RO,ENTSOE,https://web-api.tp.entsoe.eu/api,https://ecifre.ro/indicatori/entsoe-pret-day-ahead-ro,2026-08-30
"Preț day-ahead energie electrică (România, ENTSO-E)",2023-06-15,110.3717,EUR/MWh,RO,ENTSOE,https://web-api.tp.entsoe.eu/api,https://ecifre.ro/indicatori/entsoe-pret-day-ahead-ro,2026-08-30
"Preț day-ahead energie electrică (România, ENTSO-E)",2023-06-16,112.6679,EUR/MWh,RO,ENTSOE,https://web-api.tp.entsoe.eu/api,https://ecifre.ro/indicatori/entsoe-pret-day-ahead-ro,2026-08-30
"Preț day-ahead energie electrică (România, ENTSO-E)",2023-06-17,100.3179,EUR/MWh,RO,ENTSOE,https://web-api.tp.entsoe.eu/api,https://ecifre.ro/indicatori/entsoe-pret-day-ahead-ro,2026-08-30
"Preț day-ahead energie electrică (România, ENTSO-E)",2023-06-18,63.1809,EUR/MWh,RO,ENTSOE,https://web-api.tp.entsoe.eu/api,https://ecifre.ro/indicatori/entsoe-pret-day-ahead-ro,2026-08-30
"Preț day-ahead energie electrică (România, ENTSO-E)",2023-06-19,74.6706,EUR/MWh,RO,ENTSOE,https://web-api.tp.entsoe.eu/api,https://ecifre.ro/indicatori/entsoe-pret-day-ahead-ro,2026-08-30
"Preț day-ahead energie electrică (România, ENTSO-E)",2023-06-20,89.5193,EUR/MWh,RO,ENTSOE,https://web-api.tp.entsoe.eu/api,https://ecifre.ro/indicatori/entsoe-pret-day-ahead-ro,2026-08-30
"Preț day-ahead energie electrică (România, ENTSO-E)",2023-06-21,103.5608,EUR/MWh,RO,ENTSOE,https://web-api.tp.entsoe.eu/api,https://ecifre.ro/indicatori/entsoe-pret-day-ahead-ro,2026-08-30
"Preț day-ahead energie electrică (România, ENTSO-E)",2023-06-22,83.2978,EUR/MWh,RO,ENTSOE,https://web-api.tp.entsoe.eu/api,https://ecifre.ro/indicatori/entsoe-pret-day-ahead-ro,2026-08-30
"Preț day-ahead energie electrică (România, ENTSO-E)",2023-06-23,100.2221,EUR/MWh,RO,ENTSOE,https://web-api.tp.entsoe.eu/api,https://ecifre.ro/indicatori/entsoe-pret-day-ahead-ro,2026-08-30
"Preț day-ahead energie electrică (România, ENTSO-E)",2023-06-24,79.9904,EUR/MWh,RO,ENTSOE,https://web-api.tp.entsoe.eu/api,https://ecifre.ro/indicatori/entsoe-pret-day-ahead-ro,2026-08-30
"Preț day-ahead energie electrică (România, ENTSO-E)",2023-06-25,75.5887,EUR/MWh,RO,ENTSOE,https://web-api.tp.entsoe.eu/api,https://ecifre.ro/indicatori/entsoe-pret-day-ahead-ro,2026-08-30
"Preț day-ahead energie electrică (România, ENTSO-E)",2023-06-26,95.7050,EUR/MWh,RO,ENTSOE,https://web-api.tp.entsoe.eu/api,https://ecifre.ro/indicatori/entsoe-pret-day-ahead-ro,2026-08-30
"Preț day-ahead energie electrică (România, ENTSO-E)",2023-06-27,87.9313,EUR/MWh,RO,ENTSOE,https://web-api.tp.entsoe.eu/api,https://ecifre.ro/indicatori/entsoe-pret-day-ahead-ro,2026-08-30
"Preț day-ahead energie electrică (România, ENTSO-E)",2023-06-28,107.1946,EUR/MWh,RO,ENTSOE,https://web-api.tp.entsoe.eu/api,https://ecifre.ro/indicatori/entsoe-pret-day-ahead-ro,2026-08-30
"Preț day-ahead energie electrică (România, ENTSO-E)",2023-06-29,117.3125,EUR/MWh,RO,ENTSOE,https://web-api.tp.entsoe.eu/api,https://ecifre.ro/indicatori/entsoe-pret-day-ahead-ro,2026-08-30
"Preț day-ahead energie electrică (România, ENTSO-E)",2023-06-30,112.7604,EUR/MWh,RO,ENTSOE,https://web-api.tp.entsoe.eu/api,https://ecifre.ro/indicatori/entsoe-pret-day-ahead-ro,2026-08-30
"Preț day-ahead energie electrică (România, ENTSO-E)",2023-07-01,64.8188,EUR/MWh,RO,ENTSOE,https://web-api.tp.entsoe.eu/api,https://ecifre.ro/indicatori/entsoe-pret-day-ahead-ro,2026-08-30
"Preț day-ahead energie electrică (România, ENTSO-E)",2023-07-02,32.2130,EUR/MWh,RO,ENTSOE,https://web-api.tp.entsoe.eu/api,https://ecifre.ro/indicatori/entsoe-pret-day-ahead-ro,2026-08-30
"Preț day-ahead energie electrică (România, ENTSO-E)",2023-07-03,102.7892,EUR/MWh,RO,ENTSOE,https://web-api.tp.entsoe.eu/api,https://ecifre.ro/indicatori/entsoe-pret-day-ahead-ro,2026-08-30
"Preț day-ahead energie electrică (România, ENTSO-E)",2023-07-04,114.9696,EUR/MWh,RO,ENTSOE,https://web-api.tp.entsoe.eu/api,https://ecifre.ro/indicatori/entsoe-pret-day-ahead-ro,2026-08-30
"Preț day-ahead energie electrică (România, ENTSO-E)",2023-07-05,107.0942,EUR/MWh,RO,ENTSOE,https://web-api.tp.entsoe.eu/api,https://ecifre.ro/indicatori/entsoe-pret-day-ahead-ro,2026-08-30
"Preț day-ahead energie electrică (România, ENTSO-E)",2023-07-06,109.9942,EUR/MWh,RO,ENTSOE,https://web-api.tp.entsoe.eu/api,https://ecifre.ro/indicatori/entsoe-pret-day-ahead-ro,2026-08-30
"Preț day-ahead energie electrică (România, ENTSO-E)",2023-07-07,99.6992,EUR/MWh,RO,ENTSOE,https://web-api.tp.entsoe.eu/api,https://ecifre.ro/indicatori/entsoe-pret-day-ahead-ro,2026-08-30
"Preț day-ahead energie electrică (România, ENTSO-E)",2023-07-08,76.2117,EUR/MWh,RO,ENTSOE,https://web-api.tp.entsoe.eu/api,https://ecifre.ro/indicatori/entsoe-pret-day-ahead-ro,2026-08-30
"Preț day-ahead energie electrică (România, ENTSO-E)",2023-07-09,80.3112,EUR/MWh,RO,ENTSOE,https://web-api.tp.entsoe.eu/api,https://ecifre.ro/indicatori/entsoe-pret-day-ahead-ro,2026-08-30
"Preț day-ahead energie electrică (România, ENTSO-E)",2023-07-10,121.6421,EUR/MWh,RO,ENTSOE,https://web-api.tp.entsoe.eu/api,https://ecifre.ro/indicatori/entsoe-pret-day-ahead-ro,2026-08-30
"Preț day-ahead energie electrică (România, ENTSO-E)",2023-07-11,119.2329,EUR/MWh,RO,ENTSOE,https://web-api.tp.entsoe.eu/api,https://ecifre.ro/indicatori/entsoe-pret-day-ahead-ro,2026-08-30
"Preț day-ahead energie electrică (România, ENTSO-E)",2023-07-12,118.9208,EUR/MWh,RO,ENTSOE,https://web-api.tp.entsoe.eu/api,https://ecifre.ro/indicatori/entsoe-pret-day-ahead-ro,2026-08-30
"Preț day-ahead energie electrică (România, ENTSO-E)",2023-07-13,112.9129,EUR/MWh,RO,ENTSOE,https://web-api.tp.entsoe.eu/api,https://ecifre.ro/indicatori/entsoe-pret-day-ahead-ro,2026-08-30
"Preț day-ahead energie electrică (România, ENTSO-E)",2023-07-14,95.9471,EUR/MWh,RO,ENTSOE,https://web-api.tp.entsoe.eu/api,https://ecifre.ro/indicatori/entsoe-pret-day-ahead-ro,2026-08-30
"Preț day-ahead energie electrică (România, ENTSO-E)",2023-07-15,44.8850,EUR/MWh,RO,ENTSOE,https://web-api.tp.entsoe.eu/api,https://ecifre.ro/indicatori/entsoe-pret-day-ahead-ro,2026-08-30
"Preț day-ahead energie electrică (România, ENTSO-E)",2023-07-16,65.5435,EUR/MWh,RO,ENTSOE,https://web-api.tp.entsoe.eu/api,https://ecifre.ro/indicatori/entsoe-pret-day-ahead-ro,2026-08-30
"Preț day-ahead energie electrică (România, ENTSO-E)",2023-07-17,116.5771,EUR/MWh,RO,ENTSOE,https://web-api.tp.entsoe.eu/api,https://ecifre.ro/indicatori/entsoe-pret-day-ahead-ro,2026-08-30
"Preț day-ahead energie electrică (România, ENTSO-E)",2023-07-18,118.4858,EUR/MWh,RO,ENTSOE,https://web-api.tp.entsoe.eu/api,https://ecifre.ro/indicatori/entsoe-pret-day-ahead-ro,2026-08-30
"Preț day-ahead energie electrică (România, ENTSO-E)",2023-07-19,127.9713,EUR/MWh,RO,ENTSOE,https://web-api.tp.entsoe.eu/api,https://ecifre.ro/indicatori/entsoe-pret-day-ahead-ro,2026-08-30
"Preț day-ahead energie electrică (România, ENTSO-E)",2023-07-20,135.4371,EUR/MWh,RO,ENTSOE,https://web-api.tp.entsoe.eu/api,https://ecifre.ro/indicatori/entsoe-pret-day-ahead-ro,2026-08-30
"Preț day-ahead energie electrică (România, ENTSO-E)",2023-07-21,136.8661,EUR/MWh,RO,ENTSOE,https://web-api.tp.entsoe.eu/api,https://ecifre.ro/indicatori/entsoe-pret-day-ahead-ro,2026-08-30
"Preț day-ahead energie electrică (România, ENTSO-E)",2023-07-22,103.8000,EUR/MWh,RO,ENTSOE,https://web-api.tp.entsoe.eu/api,https://ecifre.ro/indicatori/entsoe-pret-day-ahead-ro,2026-08-30
"Preț day-ahead energie electrică (România, ENTSO-E)",2023-07-23,65.2663,EUR/MWh,RO,ENTSOE,https://web-api.tp.entsoe.eu/api,https://ecifre.ro/indicatori/entsoe-pret-day-ahead-ro,2026-08-30
"Preț day-ahead energie electrică (România, ENTSO-E)",2023-07-24,113.0779,EUR/MWh,RO,ENTSOE,https://web-api.tp.entsoe.eu/api,https://ecifre.ro/indicatori/entsoe-pret-day-ahead-ro,2026-08-30
"Preț day-ahead energie electrică (România, ENTSO-E)",2023-07-25,106.8535,EUR/MWh,RO,ENTSOE,https://web-api.tp.entsoe.eu/api,https://ecifre.ro/indicatori/entsoe-pret-day-ahead-ro,2026-08-30
"Preț day-ahead energie electrică (România, ENTSO-E)",2023-07-26,111.3183,EUR/MWh,RO,ENTSOE,https://web-api.tp.entsoe.eu/api,https://ecifre.ro/indicatori/entsoe-pret-day-ahead-ro,2026-08-30
"Preț day-ahead energie electrică (România, ENTSO-E)",2023-07-27,96.6479,EUR/MWh,RO,ENTSOE,https://web-api.tp.entsoe.eu/api,https://ecifre.ro/indicatori/entsoe-pret-day-ahead-ro,2026-08-30
"Preț day-ahead energie electrică (România, ENTSO-E)",2023-07-28,106.0779,EUR/MWh,RO,ENTSOE,https://web-api.tp.entsoe.eu/api,https://ecifre.ro/indicatori/entsoe-pret-day-ahead-ro,2026-08-30
"Preț day-ahead energie electrică (România, ENTSO-E)",2023-07-29,81.8171,EUR/MWh,RO,ENTSOE,https://web-api.tp.entsoe.eu/api,https://ecifre.ro/indicatori/entsoe-pret-day-ahead-ro,2026-08-30
"Preț day-ahead energie electrică (România, ENTSO-E)",2023-07-30,51.2642,EUR/MWh,RO,ENTSOE,https://web-api.tp.entsoe.eu/api,https://ecifre.ro/indicatori/entsoe-pret-day-ahead-ro,2026-08-30
"Preț day-ahead energie electrică (România, ENTSO-E)",2023-07-31,98.3643,EUR/MWh,RO,ENTSOE,https://web-api.tp.entsoe.eu/api,https://ecifre.ro/indicatori/entsoe-pret-day-ahead-ro,2026-08-30
"Preț day-ahead energie electrică (România, ENTSO-E)",2023-08-01,95.5017,EUR/MWh,RO,ENTSOE,https://web-api.tp.entsoe.eu/api,https://ecifre.ro/indicatori/entsoe-pret-day-ahead-ro,2026-08-30
"Preț day-ahead energie electrică (România, ENTSO-E)",2023-08-02,73.9992,EUR/MWh,RO,ENTSOE,https://web-api.tp.entsoe.eu/api,https://ecifre.ro/indicatori/entsoe-pret-day-ahead-ro,2026-08-30
"Preț day-ahead energie electrică (România, ENTSO-E)",2023-08-03,97.3057,EUR/MWh,RO,ENTSOE,https://web-api.tp.entsoe.eu/api,https://ecifre.ro/indicatori/entsoe-pret-day-ahead-ro,2026-08-30
"Preț day-ahead energie electrică (România, ENTSO-E)",2023-08-04,112.3054,EUR/MWh,RO,ENTSOE,https://web-api.tp.entsoe.eu/api,https://ecifre.ro/indicatori/entsoe-pret-day-ahead-ro,2026-08-30
"Preț day-ahead energie electrică (România, ENTSO-E)",2023-08-05,89.1658,EUR/MWh,RO,ENTSOE,https://web-api.tp.entsoe.eu/api,https://ecifre.ro/indicatori/entsoe-pret-day-ahead-ro,2026-08-30
"Preț day-ahead energie electrică (România, ENTSO-E)",2023-08-06,47.8550,EUR/MWh,RO,ENTSOE,https://web-api.tp.entsoe.eu/api,https://ecifre.ro/indicatori/entsoe-pret-day-ahead-ro,2026-08-30
"Preț day-ahead energie electrică (România, ENTSO-E)",2023-08-07,66.7346,EUR/MWh,RO,ENTSOE,https://web-api.tp.entsoe.eu/api,https://ecifre.ro/indicatori/entsoe-pret-day-ahead-ro,2026-08-30
"Preț day-ahead energie electrică (România, ENTSO-E)",2023-08-08,48.8290,EUR/MWh,RO,ENTSOE,https://web-api.tp.entsoe.eu/api,https://ecifre.ro/indicatori/entsoe-pret-day-ahead-ro,2026-08-30
"Preț day-ahead energie electrică (România, ENTSO-E)",2023-08-09,90.9300,EUR/MWh,RO,ENTSOE,https://web-api.tp.entsoe.eu/api,https://ecifre.ro/indicatori/entsoe-pret-day-ahead-ro,2026-08-30
"Preț day-ahead energie electrică (România, ENTSO-E)",2023-08-10,92.1292,EUR/MWh,RO,ENTSOE,https://web-api.tp.entsoe.eu/api,https://ecifre.ro/indicatori/entsoe-pret-day-ahead-ro,2026-08-30
"Preț day-ahead energie electrică (România, ENTSO-E)",2023-08-11,80.0188,EUR/MWh,RO,ENTSOE,https://web-api.tp.entsoe.eu/api,https://ecifre.ro/indicatori/entsoe-pret-day-ahead-ro,2026-08-30
"Preț day-ahead energie electrică (România, ENTSO-E)",2023-08-12,58.8325,EUR/MWh,RO,ENTSOE,https://web-api.tp.entsoe.eu/api,https://ecifre.ro/indicatori/entsoe-pret-day-ahead-ro,2026-08-30
"Preț day-ahead energie electrică (România, ENTSO-E)",2023-08-13,61.4833,EUR/MWh,RO,ENTSOE,https://web-api.tp.entsoe.eu/api,https://ecifre.ro/indicatori/entsoe-pret-day-ahead-ro,2026-08-30
"Preț day-ahead energie electrică (România, ENTSO-E)",2023-08-14,88.8392,EUR/MWh,RO,ENTSOE,https://web-api.tp.entsoe.eu/api,https://ecifre.ro/indicatori/entsoe-pret-day-ahead-ro,2026-08-30
"Preț day-ahead energie electrică (România, ENTSO-E)",2023-08-15,79.6078,EUR/MWh,RO,ENTSOE,https://web-api.tp.entsoe.eu/api,https://ecifre.ro/indicatori/entsoe-pret-day-ahead-ro,2026-08-30
"Preț day-ahead energie electrică (România, ENTSO-E)",2023-08-16,93.7330,EUR/MWh,RO,ENTSOE,https://web-api.tp.entsoe.eu/api,https://ecifre.ro/indicatori/entsoe-pret-day-ahead-ro,2026-08-30
"Preț day-ahead energie electrică (România, ENTSO-E)",2023-08-17,103.2835,EUR/MWh,RO,ENTSOE,https://web-api.tp.entsoe.eu/api,https://ecifre.ro/indicatori/entsoe-pret-day-ahead-ro,2026-08-30
"Preț day-ahead energie electrică (România, ENTSO-E)",2023-08-18,106.5325,EUR/MWh,RO,ENTSOE,https://web-api.tp.entsoe.eu/api,https://ecifre.ro/indicatori/entsoe-pret-day-ahead-ro,2026-08-30
"Preț day-ahead energie electrică (România, ENTSO-E)",2023-08-19,86.4346,EUR/MWh,RO,ENTSOE,https://web-api.tp.entsoe.eu/api,https://ecifre.ro/indicatori/entsoe-pret-day-ahead-ro,2026-08-30
"Preț day-ahead energie electrică (România, ENTSO-E)",2023-08-20,86.1483,EUR/MWh,RO,ENTSOE,https://web-api.tp.entsoe.eu/api,https://ecifre.ro/indicatori/entsoe-pret-day-ahead-ro,2026-08-30
"Preț day-ahead energie electrică (România, ENTSO-E)",2023-08-21,111.6454,EUR/MWh,RO,ENTSOE,https://web-api.tp.entsoe.eu/api,https://ecifre.ro/indicatori/entsoe-pret-day-ahead-ro,2026-08-30
"Preț day-ahead energie electrică (România, ENTSO-E)",2023-08-22,131.7554,EUR/MWh,RO,ENTSOE,https://web-api.tp.entsoe.eu/api,https://ecifre.ro/indicatori/entsoe-pret-day-ahead-ro,2026-08-30
"Preț day-ahead energie electrică (România, ENTSO-E)",2023-08-23,155.6200,EUR/MWh,RO,ENTSOE,https://web-api.tp.entsoe.eu/api,https://ecifre.ro/indicatori/entsoe-pret-day-ahead-ro,2026-08-30
"Preț day-ahead energie electrică (România, ENTSO-E)",2023-08-24,164.2342,EUR/MWh,RO,ENTSOE,https://web-api.tp.entsoe.eu/api,https://ecifre.ro/indicatori/entsoe-pret-day-ahead-ro,2026-08-30
"Preț day-ahead energie electrică (România, ENTSO-E)",2023-08-25,167.9900,EUR/MWh,RO,ENTSOE,https://web-api.tp.entsoe.eu/api,https://ecifre.ro/indicatori/entsoe-pret-day-ahead-ro,2026-08-30
"Preț day-ahead energie electrică (România, ENTSO-E)",2023-08-26,120.1367,EUR/MWh,RO,ENTSOE,https://web-api.tp.entsoe.eu/api,https://ecifre.ro/indicatori/entsoe-pret-day-ahead-ro,2026-08-30
"Preț day-ahead energie electrică (România, ENTSO-E)",2023-08-27,106.8054,EUR/MWh,RO,ENTSOE,https://web-api.tp.entsoe.eu/api,https://ecifre.ro/indicatori/entsoe-pret-day-ahead-ro,2026-08-30
"Preț day-ahead energie electrică (România, ENTSO-E)",2023-08-28,151.6225,EUR/MWh,RO,ENTSOE,https://web-api.tp.entsoe.eu/api,https://ecifre.ro/indicatori/entsoe-pret-day-ahead-ro,2026-08-30
"Preț day-ahead energie electrică (România, ENTSO-E)",2023-08-29,145.3392,EUR/MWh,RO,ENTSOE,https://web-api.tp.entsoe.eu/api,https://ecifre.ro/indicatori/entsoe-pret-day-ahead-ro,2026-08-30
"Preț day-ahead energie electrică (România, ENTSO-E)",2023-08-30,127.3971,EUR/MWh,RO,ENTSOE,https://web-api.tp.entsoe.eu/api,https://ecifre.ro/indicatori/entsoe-pret-day-ahead-ro,2026-08-30
"Preț day-ahead energie electrică (România, ENTSO-E)",2023-08-31,126.8821,EUR/MWh,RO,ENTSOE,https://web-api.tp.entsoe.eu/api,https://ecifre.ro/indicatori/entsoe-pret-day-ahead-ro,2026-08-30
"Preț day-ahead energie electrică (România, ENTSO-E)",2023-09-01,127.8604,EUR/MWh,RO,ENTSOE,https://web-api.tp.entsoe.eu/api,https://ecifre.ro/indicatori/entsoe-pret-day-ahead-ro,2026-08-30
"Preț day-ahead energie electrică (România, ENTSO-E)",2023-09-02,96.4904,EUR/MWh,RO,ENTSOE,https://web-api.tp.entsoe.eu/api,https://ecifre.ro/indicatori/entsoe-pret-day-ahead-ro,2026-08-30
"Preț day-ahead energie electrică (România, ENTSO-E)",2023-09-03,80.6467,EUR/MWh,RO,ENTSOE,https://web-api.tp.entsoe.eu/api,https://ecifre.ro/indicatori/entsoe-pret-day-ahead-ro,2026-08-30
"Preț day-ahead energie electrică (România, ENTSO-E)",2023-09-04,102.8983,EUR/MWh,RO,ENTSOE,https://web-api.tp.entsoe.eu/api,https://ecifre.ro/indicatori/entsoe-pret-day-ahead-ro,2026-08-30
"Preț day-ahead energie electrică (România, ENTSO-E)",2023-09-05,100.5154,EUR/MWh,RO,ENTSOE,https://web-api.tp.entsoe.eu/api,https://ecifre.ro/indicatori/entsoe-pret-day-ahead-ro,2026-08-30
"Preț day-ahead energie electrică (România, ENTSO-E)",2023-09-06,103.3500,EUR/MWh,RO,ENTSOE,https://web-api.tp.entsoe.eu/api,https://ecifre.ro/indicatori/entsoe-pret-day-ahead-ro,2026-08-30
"Preț day-ahead energie electrică (România, ENTSO-E)",2023-09-07,97.5950,EUR/MWh,RO,ENTSOE,https://web-api.tp.entsoe.eu/api,https://ecifre.ro/indicatori/entsoe-pret-day-ahead-ro,2026-08-30
"Preț day-ahead energie electrică (România, ENTSO-E)",2023-09-08,103.4396,EUR/MWh,RO,ENTSOE,https://web-api.tp.entsoe.eu/api,https://ecifre.ro/indicatori/entsoe-pret-day-ahead-ro,2026-08-30
"Preț day-ahead energie electrică (România, ENTSO-E)",2023-09-09,91.2233,EUR/MWh,RO,ENTSOE,https://web-api.tp.entsoe.eu/api,https://ecifre.ro/indicatori/entsoe-pret-day-ahead-ro,2026-08-30
"Preț day-ahead energie electrică (România, ENTSO-E)",2023-09-10,80.2692,EUR/MWh,RO,ENTSOE,https://web-api.tp.entsoe.eu/api,https://ecifre.ro/indicatori/entsoe-pret-day-ahead-ro,2026-08-30
"Preț day-ahead energie electrică (România, ENTSO-E)",2023-09-11,145.6758,EUR/MWh,RO,ENTSOE,https://web-api.tp.entsoe.eu/api,https://ecifre.ro/indicatori/entsoe-pret-day-ahead-ro,2026-08-30
"Preț day-ahead energie electrică (România, ENTSO-E)",2023-09-12,128.4396,EUR/MWh,RO,ENTSOE,https://web-api.tp.entsoe.eu/api,https://ecifre.ro/indicatori/entsoe-pret-day-ahead-ro,2026-08-30
"Preț day-ahead energie electrică (România, ENTSO-E)",2023-09-13,113.5283,EUR/MWh,RO,ENTSOE,https://web-api.tp.entsoe.eu/api,https://ecifre.ro/indicatori/entsoe-pret-day-ahead-ro,2026-08-30
"Preț day-ahead energie electrică (România, ENTSO-E)",2023-09-14,117.0252,EUR/MWh,RO,ENTSOE,https://web-api.tp.entsoe.eu/api,https://ecifre.ro/indicatori/entsoe-pret-day-ahead-ro,2026-08-30
"Preț day-ahead energie electrică (România, ENTSO-E)",2023-09-15,115.3604,EUR/MWh,RO,ENTSOE,https://web-api.tp.entsoe.eu/api,https://ecifre.ro/indicatori/entsoe-pret-day-ahead-ro,2026-08-30
"Preț day-ahead energie electrică (România, ENTSO-E)",2023-09-16,94.6383,EUR/MWh,RO,ENTSOE,https://web-api.tp.entsoe.eu/api,https://ecifre.ro/indicatori/entsoe-pret-day-ahead-ro,2026-08-30
"Preț day-ahead energie electrică (România, ENTSO-E)",2023-09-17,84.7329,EUR/MWh,RO,ENTSOE,https://web-api.tp.entsoe.eu/api,https://ecifre.ro/indicatori/entsoe-pret-day-ahead-ro,2026-08-30
"Preț day-ahead energie electrică (România, ENTSO-E)",2023-09-18,88.3863,EUR/MWh,RO,ENTSOE,https://web-api.tp.entsoe.eu/api,https://ecifre.ro/indicatori/entsoe-pret-day-ahead-ro,2026-08-30
"Preț day-ahead energie electrică (România, ENTSO-E)",2023-09-19,92.4733,EUR/MWh,RO,ENTSOE,https://web-api.tp.entsoe.eu/api,https://ecifre.ro/indicatori/entsoe-pret-day-ahead-ro,2026-08-30
"Preț day-ahead energie electrică (România, ENTSO-E)",2023-09-20,115.9667,EUR/MWh,RO,ENTSOE,https://web-api.tp.entsoe.eu/api,https://ecifre.ro/indicatori/entsoe-pret-day-ahead-ro,2026-08-30
"Preț day-ahead energie electrică (România, ENTSO-E)",2023-09-21,105.3333,EUR/MWh,RO,ENTSOE,https://web-api.tp.entsoe.eu/api,https://ecifre.ro/indicatori/entsoe-pret-day-ahead-ro,2026-08-30
"Preț day-ahead energie electrică (România, ENTSO-E)",2023-09-22,106.5613,EUR/MWh,RO,ENTSOE,https://web-api.tp.entsoe.eu/api,https://ecifre.ro/indicatori/entsoe-pret-day-ahead-ro,2026-08-30
"Preț day-ahead energie electrică (România, ENTSO-E)",2023-09-23,100.7675,EUR/MWh,RO,ENTSOE,https://web-api.tp.entsoe.eu/api,https://ecifre.ro/indicatori/entsoe-pret-day-ahead-ro,2026-08-30
"Preț day-ahead energie electrică (România, ENTSO-E)",2023-09-24,62.1925,EUR/MWh,RO,ENTSOE,https://web-api.tp.entsoe.eu/api,https://ecifre.ro/indicatori/entsoe-pret-day-ahead-ro,2026-08-30
"Preț day-ahead energie electrică (România, ENTSO-E)",2023-09-25,108.4829,EUR/MWh,RO,ENTSOE,https://web-api.tp.entsoe.eu/api,https://ecifre.ro/indicatori/entsoe-pret-day-ahead-ro,2026-08-30
"Preț day-ahead energie electrică (România, ENTSO-E)",2023-09-26,112.7925,EUR/MWh,RO,ENTSOE,https://web-api.tp.entsoe.eu/api,https://ecifre.ro/indicatori/entsoe-pret-day-ahead-ro,2026-08-30
"Preț day-ahead energie electrică (România, ENTSO-E)",2023-09-27,106.8167,EUR/MWh,RO,ENTSOE,https://web-api.tp.entsoe.eu/api,https://ecifre.ro/indicatori/entsoe-pret-day-ahead-ro,2026-08-30
"Preț day-ahead energie electrică (România, ENTSO-E)",2023-09-28,112.8383,EUR/MWh,RO,ENTSOE,https://web-api.tp.entsoe.eu/api,https://ecifre.ro/indicatori/entsoe-pret-day-ahead-ro,2026-08-30
"Preț day-ahead energie electrică (România, ENTSO-E)",2023-09-29,106.6296,EUR/MWh,RO,ENTSOE,https://web-api.tp.entsoe.eu/api,https://ecifre.ro/indicatori/entsoe-pret-day-ahead-ro,2026-08-30
"Preț day-ahead energie electrică (România, ENTSO-E)",2023-09-30,91.6838,EUR/MWh,RO,ENTSOE,https://web-api.tp.entsoe.eu/api,https://ecifre.ro/indicatori/entsoe-pret-day-ahead-ro,2026-08-30
"Preț day-ahead energie electrică (România, ENTSO-E)",2023-10-01,70.1673,EUR/MWh,RO,ENTSOE,https://web-api.tp.entsoe.eu/api,https://ecifre.ro/indicatori/entsoe-pret-day-ahead-ro,2026-08-30
"Preț day-ahead energie electrică (România, ENTSO-E)",2023-10-02,104.9425,EUR/MWh,RO,ENTSOE,https://web-api.tp.entsoe.eu/api,https://ecifre.ro/indicatori/entsoe-pret-day-ahead-ro,2026-08-30
"Preț day-ahead energie electrică (România, ENTSO-E)",2023-10-03,77.5871,EUR/MWh,RO,ENTSOE,https://web-api.tp.entsoe.eu/api,https://ecifre.ro/indicatori/entsoe-pret-day-ahead-ro,2026-08-30
"Preț day-ahead energie electrică (România, ENTSO-E)",2023-10-04,90.4500,EUR/MWh,RO,ENTSOE,https://web-api.tp.entsoe.eu/api,https://ecifre.ro/indicatori/entsoe-pret-day-ahead-ro,2026-08-30
"Preț day-ahead energie electrică (România, ENTSO-E)",2023-10-05,108.8208,EUR/MWh,RO,ENTSOE,https://web-api.tp.entsoe.eu/api,https://ecifre.ro/indicatori/entsoe-pret-day-ahead-ro,2026-08-30
"Preț day-ahead energie electrică (România, ENTSO-E)",2023-10-06,112.1988,EUR/MWh,RO,ENTSOE,https://web-api.tp.entsoe.eu/api,https://ecifre.ro/indicatori/entsoe-pret-day-ahead-ro,2026-08-30
"Preț day-ahead energie electrică (România, ENTSO-E)",2023-10-07,66.7138,EUR/MWh,RO,ENTSOE,https://web-api.tp.entsoe.eu/api,https://ecifre.ro/indicatori/entsoe-pret-day-ahead-ro,2026-08-30
"Preț day-ahead energie electrică (România, ENTSO-E)",2023-10-08,83.8733,EUR/MWh,RO,ENTSOE,https://web-api.tp.entsoe.eu/api,https://ecifre.ro/indicatori/entsoe-pret-day-ahead-ro,2026-08-30
"Preț day-ahead energie electrică (România, ENTSO-E)",2023-10-09,125.9242,EUR/MWh,RO,ENTSOE,https://web-api.tp.entsoe.eu/api,https://ecifre.ro/indicatori/entsoe-pret-day-ahead-ro,2026-08-30
"Preț day-ahead energie electrică (România, ENTSO-E)",2023-10-10,137.1433,EUR/MWh,RO,ENTSOE,https://web-api.tp.entsoe.eu/api,https://ecifre.ro/indicatori/entsoe-pret-day-ahead-ro,2026-08-30
"Preț day-ahead energie electrică (România, ENTSO-E)",2023-10-11,126.4650,EUR/MWh,RO,ENTSOE,https://web-api.tp.entsoe.eu/api,https://ecifre.ro/indicatori/entsoe-pret-day-ahead-ro,2026-08-30
"Preț day-ahead energie electrică (România, ENTSO-E)",2023-10-12,128.3858,EUR/MWh,RO,ENTSOE,https://web-api.tp.entsoe.eu/api,https://ecifre.ro/indicatori/entsoe-pret-day-ahead-ro,2026-08-30
"Preț day-ahead energie electrică (România, ENTSO-E)",2023-10-13,134.3329,EUR/MWh,RO,ENTSOE,https://web-api.tp.entsoe.eu/api,https://ecifre.ro/indicatori/entsoe-pret-day-ahead-ro,2026-08-30
"Preț day-ahead energie electrică (România, ENTSO-E)",2023-10-14,85.7625,EUR/MWh,RO,ENTSOE,https://web-api.tp.entsoe.eu/api,https://ecifre.ro/indicatori/entsoe-pret-day-ahead-ro,2026-08-30
"Preț day-ahead energie electrică (România, ENTSO-E)",2023-10-15,73.2500,EUR/MWh,RO,ENTSOE,https://web-api.tp.entsoe.eu/api,https://ecifre.ro/indicatori/entsoe-pret-day-ahead-ro,2026-08-30
"Preț day-ahead energie electrică (România, ENTSO-E)",2023-10-16,133.4871,EUR/MWh,RO,ENTSOE,https://web-api.tp.entsoe.eu/api,https://ecifre.ro/indicatori/entsoe-pret-day-ahead-ro,2026-08-30
"Preț day-ahead energie electrică (România, ENTSO-E)",2023-10-17,170.1375,EUR/MWh,RO,ENTSOE,https://web-api.tp.entsoe.eu/api,https://ecifre.ro/indicatori/entsoe-pret-day-ahead-ro,2026-08-30
"Preț day-ahead energie electrică (România, ENTSO-E)",2023-10-18,128.0546,EUR/MWh,RO,ENTSOE,https://web-api.tp.entsoe.eu/api,https://ecifre.ro/indicatori/entsoe-pret-day-ahead-ro,2026-08-30
"Preț day-ahead energie electrică (România, ENTSO-E)",2023-10-19,116.4604,EUR/MWh,RO,ENTSOE,https://web-api.tp.entsoe.eu/api,https://ecifre.ro/indicatori/entsoe-pret-day-ahead-ro,2026-08-30
"Preț day-ahead energie electrică (România, ENTSO-E)",2023-10-20,102.9350,EUR/MWh,RO,ENTSOE,https://web-api.tp.entsoe.eu/api,https://ecifre.ro/indicatori/entsoe-pret-day-ahead-ro,2026-08-30
"Preț day-ahead energie electrică (România, ENTSO-E)",2023-10-21,59.4742,EUR/MWh,RO,ENTSOE,https://web-api.tp.entsoe.eu/api,https://ecifre.ro/indicatori/entsoe-pret-day-ahead-ro,2026-08-30
"Preț day-ahead energie electrică (România, ENTSO-E)",2023-10-22,73.3817,EUR/MWh,RO,ENTSOE,https://web-api.tp.entsoe.eu/api,https://ecifre.ro/indicatori/entsoe-pret-day-ahead-ro,2026-08-30
"Preț day-ahead energie electrică (România, ENTSO-E)",2023-10-23,138.4754,EUR/MWh,RO,ENTSOE,https://web-api.tp.entsoe.eu/api,https://ecifre.ro/indicatori/entsoe-pret-day-ahead-ro,2026-08-30
"Preț day-ahead energie electrică (România, ENTSO-E)",2023-10-24,125.1267,EUR/MWh,RO,ENTSOE,https://web-api.tp.entsoe.eu/api,https://ecifre.ro/indicatori/entsoe-pret-day-ahead-ro,2026-08-30
"Preț day-ahead energie electrică (România, ENTSO-E)",2023-10-25,123.4867,EUR/MWh,RO,ENTSOE,https://web-api.tp.entsoe.eu/api,https://ecifre.ro/indicatori/entsoe-pret-day-ahead-ro,2026-08-30
"Preț day-ahead energie electrică (România, ENTSO-E)",2023-10-26,126.4613,EUR/MWh,RO,ENTSOE,https://web-api.tp.entsoe.eu/api,https://ecifre.ro/indicatori/entsoe-pret-day-ahead-ro,2026-08-30
"Preț day-ahead energie electrică (România, ENTSO-E)",2023-10-27,119.6388,EUR/MWh,RO,ENTSOE,https://web-api.tp.entsoe.eu/api,https://ecifre.ro/indicatori/entsoe-pret-day-ahead-ro,2026-08-30
"Preț day-ahead energie electrică (România, ENTSO-E)",2023-10-28,88.0117,EUR/MWh,RO,ENTSOE,https://web-api.tp.entsoe.eu/api,https://ecifre.ro/indicatori/entsoe-pret-day-ahead-ro,2026-08-30
"Preț day-ahead energie electrică (România, ENTSO-E)",2023-10-29,36.8959,EUR/MWh,RO,ENTSOE,https://web-api.tp.entsoe.eu/api,https://ecifre.ro/indicatori/entsoe-pret-day-ahead-ro,2026-08-30
"Preț day-ahead energie electrică (România, ENTSO-E)",2023-10-30,102.9775,EUR/MWh,RO,ENTSOE,https://web-api.tp.entsoe.eu/api,https://ecifre.ro/indicatori/entsoe-pret-day-ahead-ro,2026-08-30
"Preț day-ahead energie electrică (România, ENTSO-E)",2023-10-31,104.1554,EUR/MWh,RO,ENTSOE,https://web-api.tp.entsoe.eu/api,https://ecifre.ro/indicatori/entsoe-pret-day-ahead-ro,2026-08-30
"Preț day-ahead energie electrică (România, ENTSO-E)",2023-11-01,102.0270,EUR/MWh,RO,ENTSOE,https://web-api.tp.entsoe.eu/api,https://ecifre.ro/indicatori/entsoe-pret-day-ahead-ro,2026-08-30
"Preț day-ahead energie electrică (România, ENTSO-E)",2023-11-02,109.2074,EUR/MWh,RO,ENTSOE,https://web-api.tp.entsoe.eu/api,https://ecifre.ro/indicatori/entsoe-pret-day-ahead-ro,2026-08-30
"Preț day-ahead energie electrică (România, ENTSO-E)",2023-11-03,71.1896,EUR/MWh,RO,ENTSOE,https://web-api.tp.entsoe.eu/api,https://ecifre.ro/indicatori/entsoe-pret-day-ahead-ro,2026-08-30
"Preț day-ahead energie electrică (România, ENTSO-E)",2023-11-04,33.3342,EUR/MWh,RO,ENTSOE,https://web-api.tp.entsoe.eu/api,https://ecifre.ro/indicatori/entsoe-pret-day-ahead-ro,2026-08-30
"Preț day-ahead energie electrică (România, ENTSO-E)",2023-11-05,25.7235,EUR/MWh,RO,ENTSOE,https://web-api.tp.entsoe.eu/api,https://ecifre.ro/indicatori/entsoe-pret-day-ahead-ro,2026-08-30
"Preț day-ahead energie electrică (România, ENTSO-E)",2023-11-06,103.4292,EUR/MWh,RO,ENTSOE,https://web-api.tp.entsoe.eu/api,https://ecifre.ro/indicatori/entsoe-pret-day-ahead-ro,2026-08-30
"Preț day-ahead energie electrică (România, ENTSO-E)",2023-11-07,128.3933,EUR/MWh,RO,ENTSOE,https://web-api.tp.entsoe.eu/api,https://ecifre.ro/indicatori/entsoe-pret-day-ahead-ro,2026-08-30
"Preț day-ahead energie electrică (România, ENTSO-E)",2023-11-08,103.5413,EUR/MWh,RO,ENTSOE,https://web-api.tp.entsoe.eu/api,https://ecifre.ro/indicatori/entsoe-pret-day-ahead-ro,2026-08-30
"Preț day-ahead energie electrică (România, ENTSO-E)",2023-11-09,105.8588,EUR/MWh,RO,ENTSOE,https://web-api.tp.entsoe.eu/api,https://ecifre.ro/indicatori/entsoe-pret-day-ahead-ro,2026-08-30
"Preț day-ahead energie electrică (România, ENTSO-E)",2023-11-10,105.2171,EUR/MWh,RO,ENTSOE,https://web-api.tp.entsoe.eu/api,https://ecifre.ro/indicatori/entsoe-pret-day-ahead-ro,2026-08-30
"Preț day-ahead energie electrică (România, ENTSO-E)",2023-11-11,97.0963,EUR/MWh,RO,ENTSOE,https://web-api.tp.entsoe.eu/api,https://ecifre.ro/indicatori/entsoe-pret-day-ahead-ro,2026-08-30
"Preț day-ahead energie electrică (România, ENTSO-E)",2023-11-12,96.6304,EUR/MWh,RO,ENTSOE,https://web-api.tp.entsoe.eu/api,https://ecifre.ro/indicatori/entsoe-pret-day-ahead-ro,2026-08-30
"Preț day-ahead energie electrică (România, ENTSO-E)",2023-11-13,129.2754,EUR/MWh,RO,ENTSOE,https://web-api.tp.entsoe.eu/api,https://ecifre.ro/indicatori/entsoe-pret-day-ahead-ro,2026-08-30
"Preț day-ahead energie electrică (România, ENTSO-E)",2023-11-14,104.8742,EUR/MWh,RO,ENTSOE,https://web-api.tp.entsoe.eu/api,https://ecifre.ro/indicatori/entsoe-pret-day-ahead-ro,2026-08-30
"Preț day-ahead energie electrică (România, ENTSO-E)",2023-11-15,114.3604,EUR/MWh,RO,ENTSOE,https://web-api.tp.entsoe.eu/api,https://ecifre.ro/indicatori/entsoe-pret-day-ahead-ro,2026-08-30
"Preț day-ahead energie electrică (România, ENTSO-E)",2023-11-16,123.0904,EUR/MWh,RO,ENTSOE,https://web-api.tp.entsoe.eu/api,https://ecifre.ro/indicatori/entsoe-pret-day-ahead-ro,2026-08-30
"Preț day-ahead energie electrică (România, ENTSO-E)",2023-11-17,118.0708,EUR/MWh,RO,ENTSOE,https://web-api.tp.entsoe.eu/api,https://ecifre.ro/indicatori/entsoe-pret-day-ahead-ro,2026-08-30
"Preț day-ahead energie electrică (România, ENTSO-E)",2023-11-18,61.3517,EUR/MWh,RO,ENTSOE,https://web-api.tp.entsoe.eu/api,https://ecifre.ro/indicatori/entsoe-pret-day-ahead-ro,2026-08-30
"Preț day-ahead energie electrică (România, ENTSO-E)",2023-11-19,39.0575,EUR/MWh,RO,ENTSOE,https://web-api.tp.entsoe.eu/api,https://ecifre.ro/indicatori/entsoe-pret-day-ahead-ro,2026-08-30
"Preț day-ahead energie electrică (România, ENTSO-E)",2023-11-20,113.2558,EUR/MWh,RO,ENTSOE,https://web-api.tp.entsoe.eu/api,https://ecifre.ro/indicatori/entsoe-pret-day-ahead-ro,2026-08-30
"Preț day-ahead energie electrică (România, ENTSO-E)",2023-11-21,123.9583,EUR/MWh,RO,ENTSOE,https://web-api.tp.entsoe.eu/api,https://ecifre.ro/indicatori/entsoe-pret-day-ahead-ro,2026-08-30
"Preț day-ahead energie electrică (România, ENTSO-E)",2023-11-22,121.1739,EUR/MWh,RO,ENTSOE,https://web-api.tp.entsoe.eu/api,https://ecifre.ro/indicatori/entsoe-pret-day-ahead-ro,2026-08-30
"Preț day-ahead energie electrică (România, ENTSO-E)",2023-11-23,113.6221,EUR/MWh,RO,ENTSOE,https://web-api.tp.entsoe.eu/api,https://ecifre.ro/indicatori/entsoe-pret-day-ahead-ro,2026-08-30
"Preț day-ahead energie electrică (România, ENTSO-E)",2023-11-24,100.9033,EUR/MWh,RO,ENTSOE,https://web-api.tp.entsoe.eu/api,https://ecifre.ro/indicatori/entsoe-pret-day-ahead-ro,2026-08-30
"Preț day-ahead energie electrică (România, ENTSO-E)",2023-11-25,97.7167,EUR/MWh,RO,ENTSOE,https://web-api.tp.entsoe.eu/api,https://ecifre.ro/indicatori/entsoe-pret-day-ahead-ro,2026-08-30
"Preț day-ahead energie electrică (România, ENTSO-E)",2023-11-26,90.8442,EUR/MWh,RO,ENTSOE,https://web-api.tp.entsoe.eu/api,https://ecifre.ro/indicatori/entsoe-pret-day-ahead-ro,2026-08-30
"Preț day-ahead energie electrică (România, ENTSO-E)",2023-11-27,129.8579,EUR/MWh,RO,ENTSOE,https://web-api.tp.entsoe.eu/api,https://ecifre.ro/indicatori/entsoe-pret-day-ahead-ro,2026-08-30
"Preț day-ahead energie electrică (România, ENTSO-E)",2023-11-28,112.2025,EUR/MWh,RO,ENTSOE,https://web-api.tp.entsoe.eu/api,https://ecifre.ro/indicatori/entsoe-pret-day-ahead-ro,2026-08-30
"Preț day-ahead energie electrică (România, ENTSO-E)",2023-11-29,127.1905,EUR/MWh,RO,ENTSOE,https://web-api.tp.entsoe.eu/api,https://ecifre.ro/indicatori/entsoe-pret-day-ahead-ro,2026-08-30
"Preț day-ahead energie electrică (România, ENTSO-E)",2023-11-30,147.5117,EUR/MWh,RO,ENTSOE,https://web-api.tp.entsoe.eu/api,https://ecifre.ro/indicatori/entsoe-pret-day-ahead-ro,2026-08-30
"Preț day-ahead energie electrică (România, ENTSO-E)",2023-12-01,89.7900,EUR/MWh,RO,ENTSOE,https://web-api.tp.entsoe.eu/api,https://ecifre.ro/indicatori/entsoe-pret-day-ahead-ro,2026-08-30
"Preț day-ahead energie electrică (România, ENTSO-E)",2023-12-02,98.2950,EUR/MWh,RO,ENTSOE,https://web-api.tp.entsoe.eu/api,https://ecifre.ro/indicatori/entsoe-pret-day-ahead-ro,2026-08-30
"Preț day-ahead energie electrică (România, ENTSO-E)",2023-12-03,91.8543,EUR/MWh,RO,ENTSOE,https://web-api.tp.entsoe.eu/api,https://ecifre.ro/indicatori/entsoe-pret-day-ahead-ro,2026-08-30
"Preț day-ahead energie electrică (România, ENTSO-E)",2023-12-04,123.4567,EUR/MWh,RO,ENTSOE,https://web-api.tp.entsoe.eu/api,https://ecifre.ro/indicatori/entsoe-pret-day-ahead-ro,2026-08-30
"Preț day-ahead energie electrică (România, ENTSO-E)",2023-12-05,131.6004,EUR/MWh,RO,ENTSOE,https://web-api.tp.entsoe.eu/api,https://ecifre.ro/indicatori/entsoe-pret-day-ahead-ro,2026-08-30
"Preț day-ahead energie electrică (România, ENTSO-E)",2023-12-06,129.7858,EUR/MWh,RO,ENTSOE,https://web-api.tp.entsoe.eu/api,https://ecifre.ro/indicatori/entsoe-pret-day-ahead-ro,2026-08-30
"Preț day-ahead energie electrică (România, ENTSO-E)",2023-12-07,120.6563,EUR/MWh,RO,ENTSOE,https://web-api.tp.entsoe.eu/api,https://ecifre.ro/indicatori/entsoe-pret-day-ahead-ro,2026-08-30
"Preț day-ahead energie electrică (România, ENTSO-E)",2023-12-08,108.7571,EUR/MWh,RO,ENTSOE,https://web-api.tp.entsoe.eu/api,https://ecifre.ro/indicatori/entsoe-pret-day-ahead-ro,2026-08-30
"Preț day-ahead energie electrică (România, ENTSO-E)",2023-12-09,91.7970,EUR/MWh,RO,ENTSOE,https://web-api.tp.entsoe.eu/api,https://ecifre.ro/indicatori/entsoe-pret-day-ahead-ro,2026-08-30
"Preț day-ahead energie electrică (România, ENTSO-E)",2023-12-10,77.3104,EUR/MWh,RO,ENTSOE,https://web-api.tp.entsoe.eu/api,https://ecifre.ro/indicatori/entsoe-pret-day-ahead-ro,2026-08-30
"Preț day-ahead energie electrică (România, ENTSO-E)",2023-12-11,109.9108,EUR/MWh,RO,ENTSOE,https://web-api.tp.entsoe.eu/api,https://ecifre.ro/indicatori/entsoe-pret-day-ahead-ro,2026-08-30
"Preț day-ahead energie electrică (România, ENTSO-E)",2023-12-12,126.4808,EUR/MWh,RO,ENTSOE,https://web-api.tp.entsoe.eu/api,https://ecifre.ro/indicatori/entsoe-pret-day-ahead-ro,2026-08-30
"Preț day-ahead energie electrică (România, ENTSO-E)",2023-12-13,110.9454,EUR/MWh,RO,ENTSOE,https://web-api.tp.entsoe.eu/api,https://ecifre.ro/indicatori/entsoe-pret-day-ahead-ro,2026-08-30
"Preț day-ahead energie electrică (România, ENTSO-E)",2023-12-14,106.1717,EUR/MWh,RO,ENTSOE,https://web-api.tp.entsoe.eu/api,https://ecifre.ro/indicatori/entsoe-pret-day-ahead-ro,2026-08-30
"Preț day-ahead energie electrică (România, ENTSO-E)",2023-12-15,95.3930,EUR/MWh,RO,ENTSOE,https://web-api.tp.entsoe.eu/api,https://ecifre.ro/indicatori/entsoe-pret-day-ahead-ro,2026-08-30
"Preț day-ahead energie electrică (România, ENTSO-E)",2023-12-16,80.2617,EUR/MWh,RO,ENTSOE,https://web-api.tp.entsoe.eu/api,https://ecifre.ro/indicatori/entsoe-pret-day-ahead-ro,2026-08-30
"Preț day-ahead energie electrică (România, ENTSO-E)",2023-12-17,65.5722,EUR/MWh,RO,ENTSOE,https://web-api.tp.entsoe.eu/api,https://ecifre.ro/indicatori/entsoe-pret-day-ahead-ro,2026-08-30
"Preț day-ahead energie electrică (România, ENTSO-E)",2023-12-18,94.2421,EUR/MWh,RO,ENTSOE,https://web-api.tp.entsoe.eu/api,https://ecifre.ro/indicatori/entsoe-pret-day-ahead-ro,2026-08-30
"Preț day-ahead energie electrică (România, ENTSO-E)",2023-12-19,99.9438,EUR/MWh,RO,ENTSOE,https://web-api.tp.entsoe.eu/api,https://ecifre.ro/indicatori/entsoe-pret-day-ahead-ro,2026-08-30
"Preț day-ahead energie electrică (România, ENTSO-E)",2023-12-20,95.1667,EUR/MWh,RO,ENTSOE,https://web-api.tp.entsoe.eu/api,https://ecifre.ro/indicatori/entsoe-pret-day-ahead-ro,2026-08-30
"Preț day-ahead energie electrică (România, ENTSO-E)",2023-12-21,101.3100,EUR/MWh,RO,ENTSOE,https://web-api.tp.entsoe.eu/api,https://ecifre.ro/indicatori/entsoe-pret-day-ahead-ro,2026-08-30
"Preț day-ahead energie electrică (România, ENTSO-E)",2023-12-22,71.6750,EUR/MWh,RO,ENTSOE,https://web-api.tp.entsoe.eu/api,https://ecifre.ro/indicatori/entsoe-pret-day-ahead-ro,2026-08-30
"Preț day-ahead energie electrică (România, ENTSO-E)",2023-12-23,28.8930,EUR/MWh,RO,ENTSOE,https://web-api.tp.entsoe.eu/api,https://ecifre.ro/indicatori/entsoe-pret-day-ahead-ro,2026-08-30
"Preț day-ahead energie electrică (România, ENTSO-E)",2023-12-24,39.3187,EUR/MWh,RO,ENTSOE,https://web-api.tp.entsoe.eu/api,https://ecifre.ro/indicatori/entsoe-pret-day-ahead-ro,2026-08-30
"Preț day-ahead energie electrică (România, ENTSO-E)",2023-12-25,5.6059,EUR/MWh,RO,ENTSOE,https://web-api.tp.entsoe.eu/api,https://ecifre.ro/indicatori/entsoe-pret-day-ahead-ro,2026-08-30
"Preț day-ahead energie electrică (România, ENTSO-E)",2023-12-26,27.4165,EUR/MWh,RO,ENTSOE,https://web-api.tp.entsoe.eu/api,https://ecifre.ro/indicatori/entsoe-pret-day-ahead-ro,2026-08-30
"Preț day-ahead energie electrică (România, ENTSO-E)",2023-12-27,54.8700,EUR/MWh,RO,ENTSOE,https://web-api.tp.entsoe.eu/api,https://ecifre.ro/indicatori/entsoe-pret-day-ahead-ro,2026-08-30
"Preț day-ahead energie electrică (România, ENTSO-E)",2023-12-28,41.8142,EUR/MWh,RO,ENTSOE,https://web-api.tp.entsoe.eu/api,https://ecifre.ro/indicatori/entsoe-pret-day-ahead-ro,2026-08-30
"Preț day-ahead energie electrică (România, ENTSO-E)",2023-12-29,22.5705,EUR/MWh,RO,ENTSOE,https://web-api.tp.entsoe.eu/api,https://ecifre.ro/indicatori/entsoe-pret-day-ahead-ro,2026-08-30
"Preț day-ahead energie electrică (România, ENTSO-E)",2023-12-30,37.0088,EUR/MWh,RO,ENTSOE,https://web-api.tp.entsoe.eu/api,https://ecifre.ro/indicatori/entsoe-pret-day-ahead-ro,2026-08-30
"Preț day-ahead energie electrică (România, ENTSO-E)",2023-12-31,0.1000,EUR/MWh,RO,ENTSOE,https://web-api.tp.entsoe.eu/api,https://ecifre.ro/indicatori/entsoe-pret-day-ahead-ro,2026-08-30
"Preț day-ahead energie electrică (România, ENTSO-E)",2024-01-01,19.4610,EUR/MWh,RO,ENTSOE,https://web-api.tp.entsoe.eu/api,https://ecifre.ro/indicatori/entsoe-pret-day-ahead-ro,2026-08-30
"Preț day-ahead energie electrică (România, ENTSO-E)",2024-01-02,58.6350,EUR/MWh,RO,ENTSOE,https://web-api.tp.entsoe.eu/api,https://ecifre.ro/indicatori/entsoe-pret-day-ahead-ro,2026-08-30
"Preț day-ahead energie electrică (România, ENTSO-E)",2024-01-03,54.9800,EUR/MWh,RO,ENTSOE,https://web-api.tp.entsoe.eu/api,https://ecifre.ro/indicatori/entsoe-pret-day-ahead-ro,2026-08-30
"Preț day-ahead energie electrică (România, ENTSO-E)",2024-01-04,81.6174,EUR/MWh,RO,ENTSOE,https://web-api.tp.entsoe.eu/api,https://ecifre.ro/indicatori/entsoe-pret-day-ahead-ro,2026-08-30
"Preț day-ahead energie electrică (România, ENTSO-E)",2024-01-05,96.7483,EUR/MWh,RO,ENTSOE,https://web-api.tp.entsoe.eu/api,https://ecifre.ro/indicatori/entsoe-pret-day-ahead-ro,2026-08-30
"Preț day-ahead energie electrică (România, ENTSO-E)",2024-01-06,88.9517,EUR/MWh,RO,ENTSOE,https://web-api.tp.entsoe.eu/api,https://ecifre.ro/indicatori/entsoe-pret-day-ahead-ro,2026-08-30
"Preț day-ahead energie electrică (România, ENTSO-E)",2024-01-07,85.4063,EUR/MWh,RO,ENTSOE,https://web-api.tp.entsoe.eu/api,https://ecifre.ro/indicatori/entsoe-pret-day-ahead-ro,2026-08-30
"Preț day-ahead energie electrică (România, ENTSO-E)",2024-01-08,97.9942,EUR/MWh,RO,ENTSOE,https://web-api.tp.entsoe.eu/api,https://ecifre.ro/indicatori/entsoe-pret-day-ahead-ro,2026-08-30
"Preț day-ahead energie electrică (România, ENTSO-E)",2024-01-09,108.9058,EUR/MWh,RO,ENTSOE,https://web-api.tp.entsoe.eu/api,https://ecifre.ro/indicatori/entsoe-pret-day-ahead-ro,2026-08-30
"Preț day-ahead energie electrică (România, ENTSO-E)",2024-01-10,112.6446,EUR/MWh,RO,ENTSOE,https://web-api.tp.entsoe.eu/api,https://ecifre.ro/indicatori/entsoe-pret-day-ahead-ro,2026-08-30
"Preț day-ahead energie electrică (România, ENTSO-E)",2024-01-11,111.3979,EUR/MWh,RO,ENTSOE,https://web-api.tp.entsoe.eu/api,https://ecifre.ro/indicatori/entsoe-pret-day-ahead-ro,2026-08-30
"Preț day-ahead energie electrică (România, ENTSO-E)",2024-01-12,108.7029,EUR/MWh,RO,ENTSOE,https://web-api.tp.entsoe.eu/api,https://ecifre.ro/indicatori/entsoe-pret-day-ahead-ro,2026-08-30
"Preț day-ahead energie electrică (România, ENTSO-E)",2024-01-13,92.9525,EUR/MWh,RO,ENTSOE,https://web-api.tp.entsoe.eu/api,https://ecifre.ro/indicatori/entsoe-pret-day-ahead-ro,2026-08-30
"Preț day-ahead energie electrică (România, ENTSO-E)",2024-01-14,76.5013,EUR/MWh,RO,ENTSOE,https://web-api.tp.entsoe.eu/api,https://ecifre.ro/indicatori/entsoe-pret-day-ahead-ro,2026-08-30
"Preț day-ahead energie electrică (România, ENTSO-E)",2024-01-15,94.9475,EUR/MWh,RO,ENTSOE,https://web-api.tp.entsoe.eu/api,https://ecifre.ro/indicatori/entsoe-pret-day-ahead-ro,2026-08-30
"Preț day-ahead energie electrică (România, ENTSO-E)",2024-01-16,112.8154,EUR/MWh,RO,ENTSOE,https://web-api.tp.entsoe.eu/api,https://ecifre.ro/indicatori/entsoe-pret-day-ahead-ro,2026-08-30
"Preț day-ahead energie electrică (România, ENTSO-E)",2024-01-17,118.5733,EUR/MWh,RO,ENTSOE,https://web-api.tp.entsoe.eu/api,https://ecifre.ro/indicatori/entsoe-pret-day-ahead-ro,2026-08-30
"Preț day-ahead energie electrică (România, ENTSO-E)",2024-01-18,97.8350,EUR/MWh,RO,ENTSOE,https://web-api.tp.entsoe.eu/api,https://ecifre.ro/indicatori/entsoe-pret-day-ahead-ro,2026-08-30
"Preț day-ahead energie electrică (România, ENTSO-E)",2024-01-19,82.6871,EUR/MWh,RO,ENTSOE,https://web-api.tp.entsoe.eu/api,https://ecifre.ro/indicatori/entsoe-pret-day-ahead-ro,2026-08-30
"Preț day-ahead energie electrică (România, ENTSO-E)",2024-01-20,76.6842,EUR/MWh,RO,ENTSOE,https://web-api.tp.entsoe.eu/api,https://ecifre.ro/indicatori/entsoe-pret-day-ahead-ro,2026-08-30
"Preț day-ahead energie electrică (România, ENTSO-E)",2024-01-21,66.2746,EUR/MWh,RO,ENTSOE,https://web-api.tp.entsoe.eu/api,https://ecifre.ro/indicatori/entsoe-pret-day-ahead-ro,2026-08-30
"Preț day-ahead energie electrică (România, ENTSO-E)",2024-01-22,92.6088,EUR/MWh,RO,ENTSOE,https://web-api.tp.entsoe.eu/api,https://ecifre.ro/indicatori/entsoe-pret-day-ahead-ro,2026-08-30
"Preț day-ahead energie electrică (România, ENTSO-E)",2024-01-23,100.5924,EUR/MWh,RO,ENTSOE,https://web-api.tp.entsoe.eu/api,https://ecifre.ro/indicatori/entsoe-pret-day-ahead-ro,2026-08-30
"Preț day-ahead energie electrică (România, ENTSO-E)",2024-01-24,86.1809,EUR/MWh,RO,ENTSOE,https://web-api.tp.entsoe.eu/api,https://ecifre.ro/indicatori/entsoe-pret-day-ahead-ro,2026-08-30
"Preț day-ahead energie electrică (România, ENTSO-E)",2024-01-25,93.0617,EUR/MWh,RO,ENTSOE,https://web-api.tp.entsoe.eu/api,https://ecifre.ro/indicatori/entsoe-pret-day-ahead-ro,2026-08-30
"Preț day-ahead energie electrică (România, ENTSO-E)",2024-01-26,91.2892,EUR/MWh,RO,ENTSOE,https://web-api.tp.entsoe.eu/api,https://ecifre.ro/indicatori/entsoe-pret-day-ahead-ro,2026-08-30
"Preț day-ahead energie electrică (România, ENTSO-E)",2024-01-27,76.6696,EUR/MWh,RO,ENTSOE,https://web-api.tp.entsoe.eu/api,https://ecifre.ro/indicatori/entsoe-pret-day-ahead-ro,2026-08-30
"Preț day-ahead energie electrică (România, ENTSO-E)",2024-01-28,67.7204,EUR/MWh,RO,ENTSOE,https://web-api.tp.entsoe.eu/api,https://ecifre.ro/indicatori/entsoe-pret-day-ahead-ro,2026-08-30
"Preț day-ahead energie electrică (România, ENTSO-E)",2024-01-29,84.6338,EUR/MWh,RO,ENTSOE,https://web-api.tp.entsoe.eu/api,https://ecifre.ro/indicatori/entsoe-pret-day-ahead-ro,2026-08-30
"Preț day-ahead energie electrică (România, ENTSO-E)",2024-01-30,85.5230,EUR/MWh,RO,ENTSOE,https://web-api.tp.entsoe.eu/api,https://ecifre.ro/indicatori/entsoe-pret-day-ahead-ro,2026-08-30
"Preț day-ahead energie electrică (România, ENTSO-E)",2024-01-31,95.7496,EUR/MWh,RO,ENTSOE,https://web-api.tp.entsoe.eu/api,https://ecifre.ro/indicatori/entsoe-pret-day-ahead-ro,2026-08-30
"Preț day-ahead energie electrică (România, ENTSO-E)",2024-02-01,97.1296,EUR/MWh,RO,ENTSOE,https://web-api.tp.entsoe.eu/api,https://ecifre.ro/indicatori/entsoe-pret-day-ahead-ro,2026-08-30
"Preț day-ahead energie electrică (România, ENTSO-E)",2024-02-02,89.5504,EUR/MWh,RO,ENTSOE,https://web-api.tp.entsoe.eu/api,https://ecifre.ro/indicatori/entsoe-pret-day-ahead-ro,2026-08-30
"Preț day-ahead energie electrică (România, ENTSO-E)",2024-02-03,71.9243,EUR/MWh,RO,ENTSOE,https://web-api.tp.entsoe.eu/api,https://ecifre.ro/indicatori/entsoe-pret-day-ahead-ro,2026-08-30
"Preț day-ahead energie electrică (România, ENTSO-E)",2024-02-04,48.6600,EUR/MWh,RO,ENTSOE,https://web-api.tp.entsoe.eu/api,https://ecifre.ro/indicatori/entsoe-pret-day-ahead-ro,2026-08-30
"Preț day-ahead energie electrică (România, ENTSO-E)",2024-02-05,62.3950,EUR/MWh,RO,ENTSOE,https://web-api.tp.entsoe.eu/api,https://ecifre.ro/indicatori/entsoe-pret-day-ahead-ro,2026-08-30
"Preț day-ahead energie electrică (România, ENTSO-E)",2024-02-06,65.4117,EUR/MWh,RO,ENTSOE,https://web-api.tp.entsoe.eu/api,https://ecifre.ro/indicatori/entsoe-pret-day-ahead-ro,2026-08-30
"Preț day-ahead energie electrică (România, ENTSO-E)",2024-02-07,81.5613,EUR/MWh,RO,ENTSOE,https://web-api.tp.entsoe.eu/api,https://ecifre.ro/indicatori/entsoe-pret-day-ahead-ro,2026-08-30
"Preț day-ahead energie electrică (România, ENTSO-E)",2024-02-08,89.5188,EUR/MWh,RO,ENTSOE,https://web-api.tp.entsoe.eu/api,https://ecifre.ro/indicatori/entsoe-pret-day-ahead-ro,2026-08-30
"Preț day-ahead energie electrică (România, ENTSO-E)",2024-02-09,72.1254,EUR/MWh,RO,ENTSOE,https://web-api.tp.entsoe.eu/api,https://ecifre.ro/indicatori/entsoe-pret-day-ahead-ro,2026-08-30
"Preț day-ahead energie electrică (România, ENTSO-E)",2024-02-10,71.6729,EUR/MWh,RO,ENTSOE,https://web-api.tp.entsoe.eu/api,https://ecifre.ro/indicatori/entsoe-pret-day-ahead-ro,2026-08-30
"Preț day-ahead energie electrică (România, ENTSO-E)",2024-02-11,52.0657,EUR/MWh,RO,ENTSOE,https://web-api.tp.entsoe.eu/api,https://ecifre.ro/indicatori/entsoe-pret-day-ahead-ro,2026-08-30
"Preț day-ahead energie electrică (România, ENTSO-E)",2024-02-12,73.5100,EUR/MWh,RO,ENTSOE,https://web-api.tp.entsoe.eu/api,https://ecifre.ro/indicatori/entsoe-pret-day-ahead-ro,2026-08-30
"Preț day-ahead energie electrică (România, ENTSO-E)",2024-02-13,75.2088,EUR/MWh,RO,ENTSOE,https://web-api.tp.entsoe.eu/api,https://ecifre.ro/indicatori/entsoe-pret-day-ahead-ro,2026-08-30
"Preț day-ahead energie electrică (România, ENTSO-E)",2024-02-14,71.2475,EUR/MWh,RO,ENTSOE,https://web-api.tp.entsoe.eu/api,https://ecifre.ro/indicatori/entsoe-pret-day-ahead-ro,2026-08-30
"Preț day-ahead energie electrică (România, ENTSO-E)",2024-02-15,59.6573,EUR/MWh,RO,ENTSOE,https://web-api.tp.entsoe.eu/api,https://ecifre.ro/indicatori/entsoe-pret-day-ahead-ro,2026-08-30
"Preț day-ahead energie electrică (România, ENTSO-E)",2024-02-16,65.3929,EUR/MWh,RO,ENTSOE,https://web-api.tp.entsoe.eu/api,https://ecifre.ro/indicatori/entsoe-pret-day-ahead-ro,2026-08-30
"Preț day-ahead energie electrică (România, ENTSO-E)",2024-02-17,62.5700,EUR/MWh,RO,ENTSOE,https://web-api.tp.entsoe.eu/api,https://ecifre.ro/indicatori/entsoe-pret-day-ahead-ro,2026-08-30
"Preț day-ahead energie electrică (România, ENTSO-E)",2024-02-18,51.9746,EUR/MWh,RO,ENTSOE,https://web-api.tp.entsoe.eu/api,https://ecifre.ro/indicatori/entsoe-pret-day-ahead-ro,2026-08-30
"Preț day-ahead energie electrică (România, ENTSO-E)",2024-02-19,73.6367,EUR/MWh,RO,ENTSOE,https://web-api.tp.entsoe.eu/api,https://ecifre.ro/indicatori/entsoe-pret-day-ahead-ro,2026-08-30
"Preț day-ahead energie electrică (România, ENTSO-E)",2024-02-20,80.2183,EUR/MWh,RO,ENTSOE,https://web-api.tp.entsoe.eu/api,https://ecifre.ro/indicatori/entsoe-pret-day-ahead-ro,2026-08-30
"Preț day-ahead energie electrică (România, ENTSO-E)",2024-02-21,81.0438,EUR/MWh,RO,ENTSOE,https://web-api.tp.entsoe.eu/api,https://ecifre.ro/indicatori/entsoe-pret-day-ahead-ro,2026-08-30
"Preț day-ahead energie electrică (România, ENTSO-E)",2024-02-22,67.2730,EUR/MWh,RO,ENTSOE,https://web-api.tp.entsoe.eu/api,https://ecifre.ro/indicatori/entsoe-pret-day-ahead-ro,2026-08-30
"Preț day-ahead energie electrică (România, ENTSO-E)",2024-02-23,59.9800,EUR/MWh,RO,ENTSOE,https://web-api.tp.entsoe.eu/api,https://ecifre.ro/indicatori/entsoe-pret-day-ahead-ro,2026-08-30
"Preț day-ahead energie electrică (România, ENTSO-E)",2024-02-24,55.4088,EUR/MWh,RO,ENTSOE,https://web-api.tp.entsoe.eu/api,https://ecifre.ro/indicatori/entsoe-pret-day-ahead-ro,2026-08-30
"Preț day-ahead energie electrică (România, ENTSO-E)",2024-02-25,60.8638,EUR/MWh,RO,ENTSOE,https://web-api.tp.entsoe.eu/api,https://ecifre.ro/indicatori/entsoe-pret-day-ahead-ro,2026-08-30
"Preț day-ahead energie electrică (România, ENTSO-E)",2024-02-26,67.1258,EUR/MWh,RO,ENTSOE,https://web-api.tp.entsoe.eu/api,https://ecifre.ro/indicatori/entsoe-pret-day-ahead-ro,2026-08-30
"Preț day-ahead energie electrică (România, ENTSO-E)",2024-02-27,75.4339,EUR/MWh,RO,ENTSOE,https://web-api.tp.entsoe.eu/api,https://ecifre.ro/indicatori/entsoe-pret-day-ahead-ro,2026-08-30
"Preț day-ahead energie electrică (România, ENTSO-E)",2024-02-28,76.5213,EUR/MWh,RO,ENTSOE,https://web-api.tp.entsoe.eu/api,https://ecifre.ro/indicatori/entsoe-pret-day-ahead-ro,2026-08-30
"Preț day-ahead energie electrică (România, ENTSO-E)",2024-02-29,68.9375,EUR/MWh,RO,ENTSOE,https://web-api.tp.entsoe.eu/api,https://ecifre.ro/indicatori/entsoe-pret-day-ahead-ro,2026-08-30
"Preț day-ahead energie electrică (România, ENTSO-E)",2024-03-01,70.7279,EUR/MWh,RO,ENTSOE,https://web-api.tp.entsoe.eu/api,https://ecifre.ro/indicatori/entsoe-pret-day-ahead-ro,2026-08-30
"Preț day-ahead energie electrică (România, ENTSO-E)",2024-03-02,64.4842,EUR/MWh,RO,ENTSOE,https://web-api.tp.entsoe.eu/api,https://ecifre.ro/indicatori/entsoe-pret-day-ahead-ro,2026-08-30
"Preț day-ahead energie electrică (România, ENTSO-E)",2024-03-03,62.3350,EUR/MWh,RO,ENTSOE,https://web-api.tp.entsoe.eu/api,https://ecifre.ro/indicatori/entsoe-pret-day-ahead-ro,2026-08-30
"Preț day-ahead energie electrică (România, ENTSO-E)",2024-03-04,74.3754,EUR/MWh,RO,ENTSOE,https://web-api.tp.entsoe.eu/api,https://ecifre.ro/indicatori/entsoe-pret-day-ahead-ro,2026-08-30
"Preț day-ahead energie electrică (România, ENTSO-E)",2024-03-05,76.4292,EUR/MWh,RO,ENTSOE,https://web-api.tp.entsoe.eu/api,https://ecifre.ro/indicatori/entsoe-pret-day-ahead-ro,2026-08-30
"Preț day-ahead energie electrică (România, ENTSO-E)",2024-03-06,83.1329,EUR/MWh,RO,ENTSOE,https://web-api.tp.entsoe.eu/api,https://ecifre.ro/indicatori/entsoe-pret-day-ahead-ro,2026-08-30
"Preț day-ahead energie electrică (România, ENTSO-E)",2024-03-07,81.2013,EUR/MWh,RO,ENTSOE,https://web-api.tp.entsoe.eu/api,https://ecifre.ro/indicatori/entsoe-pret-day-ahead-ro,2026-08-30
"Preț day-ahead energie electrică (România, ENTSO-E)",2024-03-08,78.9075,EUR/MWh,RO,ENTSOE,https://web-api.tp.entsoe.eu/api,https://ecifre.ro/indicatori/entsoe-pret-day-ahead-ro,2026-08-30
"Preț day-ahead energie electrică (România, ENTSO-E)",2024-03-09,55.4427,EUR/MWh,RO,ENTSOE,https://web-api.tp.entsoe.eu/api,https://ecifre.ro/indicatori/entsoe-pret-day-ahead-ro,2026-08-30
"Preț day-ahead energie electrică (România, ENTSO-E)",2024-03-10,38.3613,EUR/MWh,RO,ENTSOE,https://web-api.tp.entsoe.eu/api,https://ecifre.ro/indicatori/entsoe-pret-day-ahead-ro,2026-08-30
"Preț day-ahead energie electrică (România, ENTSO-E)",2024-03-11,68.2604,EUR/MWh,RO,ENTSOE,https://web-api.tp.entsoe.eu/api,https://ecifre.ro/indicatori/entsoe-pret-day-ahead-ro,2026-08-30
"Preț day-ahead energie electrică (România, ENTSO-E)",2024-03-12,71.2283,EUR/MWh,RO,ENTSOE,https://web-api.tp.entsoe.eu/api,https://ecifre.ro/indicatori/entsoe-pret-day-ahead-ro,2026-08-30
"Preț day-ahead energie electrică (România, ENTSO-E)",2024-03-13,77.1017,EUR/MWh,RO,ENTSOE,https://web-api.tp.entsoe.eu/api,https://ecifre.ro/indicatori/entsoe-pret-day-ahead-ro,2026-08-30
"Preț day-ahead energie electrică (România, ENTSO-E)",2024-03-14,72.2558,EUR/MWh,RO,ENTSOE,https://web-api.tp.entsoe.eu/api,https://ecifre.ro/indicatori/entsoe-pret-day-ahead-ro,2026-08-30
"Preț day-ahead energie electrică (România, ENTSO-E)",2024-03-15,62.8708,EUR/MWh,RO,ENTSOE,https://web-api.tp.entsoe.eu/api,https://ecifre.ro/indicatori/entsoe-pret-day-ahead-ro,2026-08-30
"Preț day-ahead energie electrică (România, ENTSO-E)",2024-03-16,66.3650,EUR/MWh,RO,ENTSOE,https://web-api.tp.entsoe.eu/api,https://ecifre.ro/indicatori/entsoe-pret-day-ahead-ro,2026-08-30
"Preț day-ahead energie electrică (România, ENTSO-E)",2024-03-17,58.8258,EUR/MWh,RO,ENTSOE,https://web-api.tp.entsoe.eu/api,https://ecifre.ro/indicatori/entsoe-pret-day-ahead-ro,2026-08-30
"Preț day-ahead energie electrică (România, ENTSO-E)",2024-03-18,80.9263,EUR/MWh,RO,ENTSOE,https://web-api.tp.entsoe.eu/api,https://ecifre.ro/indicatori/entsoe-pret-day-ahead-ro,2026-08-30
"Preț day-ahead energie electrică (România, ENTSO-E)",2024-03-19,83.4550,EUR/MWh,RO,ENTSOE,https://web-api.tp.entsoe.eu/api,https://ecifre.ro/indicatori/entsoe-pret-day-ahead-ro,2026-08-30
"Preț day-ahead energie electrică (România, ENTSO-E)",2024-03-20,68.6413,EUR/MWh,RO,ENTSOE,https://web-api.tp.entsoe.eu/api,https://ecifre.ro/indicatori/entsoe-pret-day-ahead-ro,2026-08-30
"Preț day-ahead energie electrică (România, ENTSO-E)",2024-03-21,73.6942,EUR/MWh,RO,ENTSOE,https://web-api.tp.entsoe.eu/api,https://ecifre.ro/indicatori/entsoe-pret-day-ahead-ro,2026-08-30
"Preț day-ahead energie electrică (România, ENTSO-E)",2024-03-22,66.3296,EUR/MWh,RO,ENTSOE,https://web-api.tp.entsoe.eu/api,https://ecifre.ro/indicatori/entsoe-pret-day-ahead-ro,2026-08-30
"Preț day-ahead energie electrică (România, ENTSO-E)",2024-03-23,46.0270,EUR/MWh,RO,ENTSOE,https://web-api.tp.entsoe.eu/api,https://ecifre.ro/indicatori/entsoe-pret-day-ahead-ro,2026-08-30
"Preț day-ahead energie electrică (România, ENTSO-E)",2024-03-24,44.1722,EUR/MWh,RO,ENTSOE,https://web-api.tp.entsoe.eu/api,https://ecifre.ro/indicatori/entsoe-pret-day-ahead-ro,2026-08-30
"Preț day-ahead energie electrică (România, ENTSO-E)",2024-03-25,83.3535,EUR/MWh,RO,ENTSOE,https://web-api.tp.entsoe.eu/api,https://ecifre.ro/indicatori/entsoe-pret-day-ahead-ro,2026-08-30
"Preț day-ahead energie electrică (România, ENTSO-E)",2024-03-26,62.5892,EUR/MWh,RO,ENTSOE,https://web-api.tp.entsoe.eu/api,https://ecifre.ro/indicatori/entsoe-pret-day-ahead-ro,2026-08-30
"Preț day-ahead energie electrică (România, ENTSO-E)",2024-03-27,68.3896,EUR/MWh,RO,ENTSOE,https://web-api.tp.entsoe.eu/api,https://ecifre.ro/indicatori/entsoe-pret-day-ahead-ro,2026-08-30
"Preț day-ahead energie electrică (România, ENTSO-E)",2024-03-28,47.3709,EUR/MWh,RO,ENTSOE,https://web-api.tp.entsoe.eu/api,https://ecifre.ro/indicatori/entsoe-pret-day-ahead-ro,2026-08-30
"Preț day-ahead energie electrică (România, ENTSO-E)",2024-03-29,38.2104,EUR/MWh,RO,ENTSOE,https://web-api.tp.entsoe.eu/api,https://ecifre.ro/indicatori/entsoe-pret-day-ahead-ro,2026-08-30
"Preț day-ahead energie electrică (România, ENTSO-E)",2024-03-30,47.9883,EUR/MWh,RO,ENTSOE,https://web-api.tp.entsoe.eu/api,https://ecifre.ro/indicatori/entsoe-pret-day-ahead-ro,2026-08-30
"Preț day-ahead energie electrică (România, ENTSO-E)",2024-03-31,31.1346,EUR/MWh,RO,ENTSOE,https://web-api.tp.entsoe.eu/api,https://ecifre.ro/indicatori/entsoe-pret-day-ahead-ro,2026-08-30
"Preț day-ahead energie electrică (România, ENTSO-E)",2024-04-01,32.1600,EUR/MWh,RO,ENTSOE,https://web-api.tp.entsoe.eu/api,https://ecifre.ro/indicatori/entsoe-pret-day-ahead-ro,2026-08-30
"Preț day-ahead energie electrică (România, ENTSO-E)",2024-04-02,41.8214,EUR/MWh,RO,ENTSOE,https://web-api.tp.entsoe.eu/api,https://ecifre.ro/indicatori/entsoe-pret-day-ahead-ro,2026-08-30
"Preț day-ahead energie electrică (România, ENTSO-E)",2024-04-03,70.9350,EUR/MWh,RO,ENTSOE,https://web-api.tp.entsoe.eu/api,https://ecifre.ro/indicatori/entsoe-pret-day-ahead-ro,2026-08-30
"Preț day-ahead energie electrică (România, ENTSO-E)",2024-04-04,64.6258,EUR/MWh,RO,ENTSOE,https://web-api.tp.entsoe.eu/api,https://ecifre.ro/indicatori/entsoe-pret-day-ahead-ro,2026-08-30
"Preț day-ahead energie electrică (România, ENTSO-E)",2024-04-05,52.0233,EUR/MWh,RO,ENTSOE,https://web-api.tp.entsoe.eu/api,https://ecifre.ro/indicatori/entsoe-pret-day-ahead-ro,2026-08-30
"Preț day-ahead energie electrică (România, ENTSO-E)",2024-04-06,37.6633,EUR/MWh,RO,ENTSOE,https://web-api.tp.entsoe.eu/api,https://ecifre.ro/indicatori/entsoe-pret-day-ahead-ro,2026-08-30
"Preț day-ahead energie electrică (România, ENTSO-E)",2024-04-07,32.0642,EUR/MWh,RO,ENTSOE,https://web-api.tp.entsoe.eu/api,https://ecifre.ro/indicatori/entsoe-pret-day-ahead-ro,2026-08-30
"Preț day-ahead energie electrică (România, ENTSO-E)",2024-04-08,64.1391,EUR/MWh,RO,ENTSOE,https://web-api.tp.entsoe.eu/api,https://ecifre.ro/indicatori/entsoe-pret-day-ahead-ro,2026-08-30
"Preț day-ahead energie electrică (România, ENTSO-E)",2024-04-09,49.1975,EUR/MWh,RO,ENTSOE,https://web-api.tp.entsoe.eu/api,https://ecifre.ro/indicatori/entsoe-pret-day-ahead-ro,2026-08-30
"Preț day-ahead energie electrică (România, ENTSO-E)",2024-04-10,70.6867,EUR/MWh,RO,ENTSOE,https://web-api.tp.entsoe.eu/api,https://ecifre.ro/indicatori/entsoe-pret-day-ahead-ro,2026-08-30
"Preț day-ahead energie electrică (România, ENTSO-E)",2024-04-11,54.0861,EUR/MWh,RO,ENTSOE,https://web-api.tp.entsoe.eu/api,https://ecifre.ro/indicatori/entsoe-pret-day-ahead-ro,2026-08-30
"Preț day-ahead energie electrică (România, ENTSO-E)",2024-04-12,53.7752,EUR/MWh,RO,ENTSOE,https://web-api.tp.entsoe.eu/api,https://ecifre.ro/indicatori/entsoe-pret-day-ahead-ro,2026-08-30
"Preț day-ahead energie electrică (România, ENTSO-E)",2024-04-13,19.1004,EUR/MWh,RO,ENTSOE,https://web-api.tp.entsoe.eu/api,https://ecifre.ro/indicatori/entsoe-pret-day-ahead-ro,2026-08-30
"Preț day-ahead energie electrică (România, ENTSO-E)",2024-04-14,22.7461,EUR/MWh,RO,ENTSOE,https://web-api.tp.entsoe.eu/api,https://ecifre.ro/indicatori/entsoe-pret-day-ahead-ro,2026-08-30
"Preț day-ahead energie electrică (România, ENTSO-E)",2024-04-15,68.3575,EUR/MWh,RO,ENTSOE,https://web-api.tp.entsoe.eu/api,https://ecifre.ro/indicatori/entsoe-pret-day-ahead-ro,2026-08-30
"Preț day-ahead energie electrică (România, ENTSO-E)",2024-04-16,60.0371,EUR/MWh,RO,ENTSOE,https://web-api.tp.entsoe.eu/api,https://ecifre.ro/indicatori/entsoe-pret-day-ahead-ro,2026-08-30
"Preț day-ahead energie electrică (România, ENTSO-E)",2024-04-17,84.6908,EUR/MWh,RO,ENTSOE,https://web-api.tp.entsoe.eu/api,https://ecifre.ro/indicatori/entsoe-pret-day-ahead-ro,2026-08-30
"Preț day-ahead energie electrică (România, ENTSO-E)",2024-04-18,92.1363,EUR/MWh,RO,ENTSOE,https://web-api.tp.entsoe.eu/api,https://ecifre.ro/indicatori/entsoe-pret-day-ahead-ro,2026-08-30
"Preț day-ahead energie electrică (România, ENTSO-E)",2024-04-19,70.4538,EUR/MWh,RO,ENTSOE,https://web-api.tp.entsoe.eu/api,https://ecifre.ro/indicatori/entsoe-pret-day-ahead-ro,2026-08-30
"Preț day-ahead energie electrică (România, ENTSO-E)",2024-04-20,55.0675,EUR/MWh,RO,ENTSOE,https://web-api.tp.entsoe.eu/api,https://ecifre.ro/indicatori/entsoe-pret-day-ahead-ro,2026-08-30
"Preț day-ahead energie electrică (România, ENTSO-E)",2024-04-21,53.2646,EUR/MWh,RO,ENTSOE,https://web-api.tp.entsoe.eu/api,https://ecifre.ro/indicatori/entsoe-pret-day-ahead-ro,2026-08-30
"Preț day-ahead energie electrică (România, ENTSO-E)",2024-04-22,96.1900,EUR/MWh,RO,ENTSOE,https://web-api.tp.entsoe.eu/api,https://ecifre.ro/indicatori/entsoe-pret-day-ahead-ro,2026-08-30
"Preț day-ahead energie electrică (România, ENTSO-E)",2024-04-23,101.4446,EUR/MWh,RO,ENTSOE,https://web-api.tp.entsoe.eu/api,https://ecifre.ro/indicatori/entsoe-pret-day-ahead-ro,2026-08-30
"Preț day-ahead energie electrică (România, ENTSO-E)",2024-04-24,97.7221,EUR/MWh,RO,ENTSOE,https://web-api.tp.entsoe.eu/api,https://ecifre.ro/indicatori/entsoe-pret-day-ahead-ro,2026-08-30
"Preț day-ahead energie electrică (România, ENTSO-E)",2024-04-25,95.8378,EUR/MWh,RO,ENTSOE,https://web-api.tp.entsoe.eu/api,https://ecifre.ro/indicatori/entsoe-pret-day-ahead-ro,2026-08-30
"Preț day-ahead energie electrică (România, ENTSO-E)",2024-04-26,89.0387,EUR/MWh,RO,ENTSOE,https://web-api.tp.entsoe.eu/api,https://ecifre.ro/indicatori/entsoe-pret-day-ahead-ro,2026-08-30
"Preț day-ahead energie electrică (România, ENTSO-E)",2024-04-27,60.8891,EUR/MWh,RO,ENTSOE,https://web-api.tp.entsoe.eu/api,https://ecifre.ro/indicatori/entsoe-pret-day-ahead-ro,2026-08-30
"Preț day-ahead energie electrică (România, ENTSO-E)",2024-04-28,21.1968,EUR/MWh,RO,ENTSOE,https://web-api.tp.entsoe.eu/api,https://ecifre.ro/indicatori/entsoe-pret-day-ahead-ro,2026-08-30
"Preț day-ahead energie electrică (România, ENTSO-E)",2024-04-29,54.8713,EUR/MWh,RO,ENTSOE,https://web-api.tp.entsoe.eu/api,https://ecifre.ro/indicatori/entsoe-pret-day-ahead-ro,2026-08-30
"Preț day-ahead energie electrică (România, ENTSO-E)",2024-04-30,59.6309,EUR/MWh,RO,ENTSOE,https://web-api.tp.entsoe.eu/api,https://ecifre.ro/indicatori/entsoe-pret-day-ahead-ro,2026-08-30
"Preț day-ahead energie electrică (România, ENTSO-E)",2024-05-01,18.8733,EUR/MWh,RO,ENTSOE,https://web-api.tp.entsoe.eu/api,https://ecifre.ro/indicatori/entsoe-pret-day-ahead-ro,2026-08-30
"Preț day-ahead energie electrică (România, ENTSO-E)",2024-05-02,51.6892,EUR/MWh,RO,ENTSOE,https://web-api.tp.entsoe.eu/api,https://ecifre.ro/indicatori/entsoe-pret-day-ahead-ro,2026-08-30
"Preț day-ahead energie electrică (România, ENTSO-E)",2024-05-03,79.1696,EUR/MWh,RO,ENTSOE,https://web-api.tp.entsoe.eu/api,https://ecifre.ro/indicatori/entsoe-pret-day-ahead-ro,2026-08-30
"Preț day-ahead energie electrică (România, ENTSO-E)",2024-05-04,67.4571,EUR/MWh,RO,ENTSOE,https://web-api.tp.entsoe.eu/api,https://ecifre.ro/indicatori/entsoe-pret-day-ahead-ro,2026-08-30
"Preț day-ahead energie electrică (România, ENTSO-E)",2024-05-05,50.0608,EUR/MWh,RO,ENTSOE,https://web-api.tp.entsoe.eu/api,https://ecifre.ro/indicatori/entsoe-pret-day-ahead-ro,2026-08-30
"Preț day-ahead energie electrică (România, ENTSO-E)",2024-05-06,84.0809,EUR/MWh,RO,ENTSOE,https://web-api.tp.entsoe.eu/api,https://ecifre.ro/indicatori/entsoe-pret-day-ahead-ro,2026-08-30
"Preț day-ahead energie electrică (România, ENTSO-E)",2024-05-07,91.1954,EUR/MWh,RO,ENTSOE,https://web-api.tp.entsoe.eu/api,https://ecifre.ro/indicatori/entsoe-pret-day-ahead-ro,2026-08-30
"Preț day-ahead energie electrică (România, ENTSO-E)",2024-05-08,89.9446,EUR/MWh,RO,ENTSOE,https://web-api.tp.entsoe.eu/api,https://ecifre.ro/indicatori/entsoe-pret-day-ahead-ro,2026-08-30
"Preț day-ahead energie electrică (România, ENTSO-E)",2024-05-09,79.6188,EUR/MWh,RO,ENTSOE,https://web-api.tp.entsoe.eu/api,https://ecifre.ro/indicatori/entsoe-pret-day-ahead-ro,2026-08-30
"Preț day-ahead energie electrică (România, ENTSO-E)",2024-05-10,78.6858,EUR/MWh,RO,ENTSOE,https://web-api.tp.entsoe.eu/api,https://ecifre.ro/indicatori/entsoe-pret-day-ahead-ro,2026-08-30
"Preț day-ahead energie electrică (România, ENTSO-E)",2024-05-11,62.8262,EUR/MWh,RO,ENTSOE,https://web-api.tp.entsoe.eu/api,https://ecifre.ro/indicatori/entsoe-pret-day-ahead-ro,2026-08-30
"Preț day-ahead energie electrică (România, ENTSO-E)",2024-05-12,49.1508,EUR/MWh,RO,ENTSOE,https://web-api.tp.entsoe.eu/api,https://ecifre.ro/indicatori/entsoe-pret-day-ahead-ro,2026-08-30
"Preț day-ahead energie electrică (România, ENTSO-E)",2024-05-13,97.8974,EUR/MWh,RO,ENTSOE,https://web-api.tp.entsoe.eu/api,https://ecifre.ro/indicatori/entsoe-pret-day-ahead-ro,2026-08-30
"Preț day-ahead energie electrică (România, ENTSO-E)",2024-05-14,103.9017,EUR/MWh,RO,ENTSOE,https://web-api.tp.entsoe.eu/api,https://ecifre.ro/indicatori/entsoe-pret-day-ahead-ro,2026-08-30
"Preț day-ahead energie electrică (România, ENTSO-E)",2024-05-15,100.6083,EUR/MWh,RO,ENTSOE,https://web-api.tp.entsoe.eu/api,https://ecifre.ro/indicatori/entsoe-pret-day-ahead-ro,2026-08-30
"Preț day-ahead energie electrică (România, ENTSO-E)",2024-05-16,100.2163,EUR/MWh,RO,ENTSOE,https://web-api.tp.entsoe.eu/api,https://ecifre.ro/indicatori/entsoe-pret-day-ahead-ro,2026-08-30
"Preț day-ahead energie electrică (România, ENTSO-E)",2024-05-17,97.0183,EUR/MWh,RO,ENTSOE,https://web-api.tp.entsoe.eu/api,https://ecifre.ro/indicatori/entsoe-pret-day-ahead-ro,2026-08-30
"Preț day-ahead energie electrică (România, ENTSO-E)",2024-05-18,77.8264,EUR/MWh,RO,ENTSOE,https://web-api.tp.entsoe.eu/api,https://ecifre.ro/indicatori/entsoe-pret-day-ahead-ro,2026-08-30
"Preț day-ahead energie electrică (România, ENTSO-E)",2024-05-19,78.8361,EUR/MWh,RO,ENTSOE,https://web-api.tp.entsoe.eu/api,https://ecifre.ro/indicatori/entsoe-pret-day-ahead-ro,2026-08-30
"Preț day-ahead energie electrică (România, ENTSO-E)",2024-05-20,93.8478,EUR/MWh,RO,ENTSOE,https://web-api.tp.entsoe.eu/api,https://ecifre.ro/indicatori/entsoe-pret-day-ahead-ro,2026-08-30
"Preț day-ahead energie electrică (România, ENTSO-E)",2024-05-21,88.1750,EUR/MWh,RO,ENTSOE,https://web-api.tp.entsoe.eu/api,https://ecifre.ro/indicatori/entsoe-pret-day-ahead-ro,2026-08-30
"Preț day-ahead energie electrică (România, ENTSO-E)",2024-05-22,91.7642,EUR/MWh,RO,ENTSOE,https://web-api.tp.entsoe.eu/api,https://ecifre.ro/indicatori/entsoe-pret-day-ahead-ro,2026-08-30
"Preț day-ahead energie electrică (România, ENTSO-E)",2024-05-23,99.3370,EUR/MWh,RO,ENTSOE,https://web-api.tp.entsoe.eu/api,https://ecifre.ro/indicatori/entsoe-pret-day-ahead-ro,2026-08-30
"Preț day-ahead energie electrică (România, ENTSO-E)",2024-05-24,99.1888,EUR/MWh,RO,ENTSOE,https://web-api.tp.entsoe.eu/api,https://ecifre.ro/indicatori/entsoe-pret-day-ahead-ro,2026-08-30
"Preț day-ahead energie electrică (România, ENTSO-E)",2024-05-25,67.7070,EUR/MWh,RO,ENTSOE,https://web-api.tp.entsoe.eu/api,https://ecifre.ro/indicatori/entsoe-pret-day-ahead-ro,2026-08-30
"Preț day-ahead energie electrică (România, ENTSO-E)",2024-05-26,77.1358,EUR/MWh,RO,ENTSOE,https://web-api.tp.entsoe.eu/api,https://ecifre.ro/indicatori/entsoe-pret-day-ahead-ro,2026-08-30
"Preț day-ahead energie electrică (România, ENTSO-E)",2024-05-27,101.2474,EUR/MWh,RO,ENTSOE,https://web-api.tp.entsoe.eu/api,https://ecifre.ro/indicatori/entsoe-pret-day-ahead-ro,2026-08-30
"Preț day-ahead energie electrică (România, ENTSO-E)",2024-05-28,103.0187,EUR/MWh,RO,ENTSOE,https://web-api.tp.entsoe.eu/api,https://ecifre.ro/indicatori/entsoe-pret-day-ahead-ro,2026-08-30
"Preț day-ahead energie electrică (România, ENTSO-E)",2024-05-29,98.3250,EUR/MWh,RO,ENTSOE,https://web-api.tp.entsoe.eu/api,https://ecifre.ro/indicatori/entsoe-pret-day-ahead-ro,2026-08-30
"Preț day-ahead energie electrică (România, ENTSO-E)",2024-05-30,96.9546,EUR/MWh,RO,ENTSOE,https://web-api.tp.entsoe.eu/api,https://ecifre.ro/indicatori/entsoe-pret-day-ahead-ro,2026-08-30
"Preț day-ahead energie electrică (România, ENTSO-E)",2024-05-31,96.6804,EUR/MWh,RO,ENTSOE,https://web-api.tp.entsoe.eu/api,https://ecifre.ro/indicatori/entsoe-pret-day-ahead-ro,2026-08-30
"Preț day-ahead energie electrică (România, ENTSO-E)",2024-06-01,66.2667,EUR/MWh,RO,ENTSOE,https://web-api.tp.entsoe.eu/api,https://ecifre.ro/indicatori/entsoe-pret-day-ahead-ro,2026-08-30
"Preț day-ahead energie electrică (România, ENTSO-E)",2024-06-02,41.8854,EUR/MWh,RO,ENTSOE,https://web-api.tp.entsoe.eu/api,https://ecifre.ro/indicatori/entsoe-pret-day-ahead-ro,2026-08-30
"Preț day-ahead energie electrică (România, ENTSO-E)",2024-06-03,123.9271,EUR/MWh,RO,ENTSOE,https://web-api.tp.entsoe.eu/api,https://ecifre.ro/indicatori/entsoe-pret-day-ahead-ro,2026-08-30
"Preț day-ahead energie electrică (România, ENTSO-E)",2024-06-04,117.9458,EUR/MWh,RO,ENTSOE,https://web-api.tp.entsoe.eu/api,https://ecifre.ro/indicatori/entsoe-pret-day-ahead-ro,2026-08-30
"Preț day-ahead energie electrică (România, ENTSO-E)",2024-06-05,107.3754,EUR/MWh,RO,ENTSOE,https://web-api.tp.entsoe.eu/api,https://ecifre.ro/indicatori/entsoe-pret-day-ahead-ro,2026-08-30
"Preț day-ahead energie electrică (România, ENTSO-E)",2024-06-06,107.8079,EUR/MWh,RO,ENTSOE,https://web-api.tp.entsoe.eu/api,https://ecifre.ro/indicatori/entsoe-pret-day-ahead-ro,2026-08-30
"Preț day-ahead energie electrică (România, ENTSO-E)",2024-06-07,95.2613,EUR/MWh,RO,ENTSOE,https://web-api.tp.entsoe.eu/api,https://ecifre.ro/indicatori/entsoe-pret-day-ahead-ro,2026-08-30
"Preț day-ahead energie electrică (România, ENTSO-E)",2024-06-08,74.3688,EUR/MWh,RO,ENTSOE,https://web-api.tp.entsoe.eu/api,https://ecifre.ro/indicatori/entsoe-pret-day-ahead-ro,2026-08-30
"Preț day-ahead energie electrică (România, ENTSO-E)",2024-06-09,68.2058,EUR/MWh,RO,ENTSOE,https://web-api.tp.entsoe.eu/api,https://ecifre.ro/indicatori/entsoe-pret-day-ahead-ro,2026-08-30
"Preț day-ahead energie electrică (România, ENTSO-E)",2024-06-10,95.9167,EUR/MWh,RO,ENTSOE,https://web-api.tp.entsoe.eu/api,https://ecifre.ro/indicatori/entsoe-pret-day-ahead-ro,2026-08-30
"Preț day-ahead energie electrică (România, ENTSO-E)",2024-06-11,96.2858,EUR/MWh,RO,ENTSOE,https://web-api.tp.entsoe.eu/api,https://ecifre.ro/indicatori/entsoe-pret-day-ahead-ro,2026-08-30
"Preț day-ahead energie electrică (România, ENTSO-E)",2024-06-12,109.8025,EUR/MWh,RO,ENTSOE,https://web-api.tp.entsoe.eu/api,https://ecifre.ro/indicatori/entsoe-pret-day-ahead-ro,2026-08-30
"Preț day-ahead energie electrică (România, ENTSO-E)",2024-06-13,101.2350,EUR/MWh,RO,ENTSOE,https://web-api.tp.entsoe.eu/api,https://ecifre.ro/indicatori/entsoe-pret-day-ahead-ro,2026-08-30
"Preț day-ahead energie electrică (România, ENTSO-E)",2024-06-14,76.3313,EUR/MWh,RO,ENTSOE,https://web-api.tp.entsoe.eu/api,https://ecifre.ro/indicatori/entsoe-pret-day-ahead-ro,2026-08-30
"Preț day-ahead energie electrică (România, ENTSO-E)",2024-06-15,53.6822,EUR/MWh,RO,ENTSOE,https://web-api.tp.entsoe.eu/api,https://ecifre.ro/indicatori/entsoe-pret-day-ahead-ro,2026-08-30
"Preț day-ahead energie electrică (România, ENTSO-E)",2024-06-16,72.6791,EUR/MWh,RO,ENTSOE,https://web-api.tp.entsoe.eu/api,https://ecifre.ro/indicatori/entsoe-pret-day-ahead-ro,2026-08-30
"Preț day-ahead energie electrică (România, ENTSO-E)",2024-06-17,113.9833,EUR/MWh,RO,ENTSOE,https://web-api.tp.entsoe.eu/api,https://ecifre.ro/indicatori/entsoe-pret-day-ahead-ro,2026-08-30
"Preț day-ahead energie electrică (România, ENTSO-E)",2024-06-18,113.5829,EUR/MWh,RO,ENTSOE,https://web-api.tp.entsoe.eu/api,https://ecifre.ro/indicatori/entsoe-pret-day-ahead-ro,2026-08-30
"Preț day-ahead energie electrică (România, ENTSO-E)",2024-06-19,101.1117,EUR/MWh,RO,ENTSOE,https://web-api.tp.entsoe.eu/api,https://ecifre.ro/indicatori/entsoe-pret-day-ahead-ro,2026-08-30
"Preț day-ahead energie electrică (România, ENTSO-E)",2024-06-20,116.2029,EUR/MWh,RO,ENTSOE,https://web-api.tp.entsoe.eu/api,https://ecifre.ro/indicatori/entsoe-pret-day-ahead-ro,2026-08-30
"Preț day-ahead energie electrică (România, ENTSO-E)",2024-06-21,121.5787,EUR/MWh,RO,ENTSOE,https://web-api.tp.entsoe.eu/api,https://ecifre.ro/indicatori/entsoe-pret-day-ahead-ro,2026-08-30
"Preț day-ahead energie electrică (România, ENTSO-E)",2024-06-22,80.7942,EUR/MWh,RO,ENTSOE,https://web-api.tp.entsoe.eu/api,https://ecifre.ro/indicatori/entsoe-pret-day-ahead-ro,2026-08-30
"Preț day-ahead energie electrică (România, ENTSO-E)",2024-06-23,76.3952,EUR/MWh,RO,ENTSOE,https://web-api.tp.entsoe.eu/api,https://ecifre.ro/indicatori/entsoe-pret-day-ahead-ro,2026-08-30
"Preț day-ahead energie electrică (România, ENTSO-E)",2024-06-24,131.3621,EUR/MWh,RO,ENTSOE,https://web-api.tp.entsoe.eu/api,https://ecifre.ro/indicatori/entsoe-pret-day-ahead-ro,2026-08-30
"Preț day-ahead energie electrică (România, ENTSO-E)",2024-06-25,194.4496,EUR/MWh,RO,ENTSOE,https://web-api.tp.entsoe.eu/api,https://ecifre.ro/indicatori/entsoe-pret-day-ahead-ro,2026-08-30
"Preț day-ahead energie electrică (România, ENTSO-E)",2024-06-26,124.5271,EUR/MWh,RO,ENTSOE,https://web-api.tp.entsoe.eu/api,https://ecifre.ro/indicatori/entsoe-pret-day-ahead-ro,2026-08-30
"Preț day-ahead energie electrică (România, ENTSO-E)",2024-06-27,125.2204,EUR/MWh,RO,ENTSOE,https://web-api.tp.entsoe.eu/api,https://ecifre.ro/indicatori/entsoe-pret-day-ahead-ro,2026-08-30
"Preț day-ahead energie electrică (România, ENTSO-E)",2024-06-28,102.2458,EUR/MWh,RO,ENTSOE,https://web-api.tp.entsoe.eu/api,https://ecifre.ro/indicatori/entsoe-pret-day-ahead-ro,2026-08-30
"Preț day-ahead energie electrică (România, ENTSO-E)",2024-06-29,87.8446,EUR/MWh,RO,ENTSOE,https://web-api.tp.entsoe.eu/api,https://ecifre.ro/indicatori/entsoe-pret-day-ahead-ro,2026-08-30
"Preț day-ahead energie electrică (România, ENTSO-E)",2024-06-30,68.4574,EUR/MWh,RO,ENTSOE,https://web-api.tp.entsoe.eu/api,https://ecifre.ro/indicatori/entsoe-pret-day-ahead-ro,2026-08-30
"Preț day-ahead energie electrică (România, ENTSO-E)",2024-07-01,150.0275,EUR/MWh,RO,ENTSOE,https://web-api.tp.entsoe.eu/api,https://ecifre.ro/indicatori/entsoe-pret-day-ahead-ro,2026-08-30
"Preț day-ahead energie electrică (România, ENTSO-E)",2024-07-02,104.2879,EUR/MWh,RO,ENTSOE,https://web-api.tp.entsoe.eu/api,https://ecifre.ro/indicatori/entsoe-pret-day-ahead-ro,2026-08-30
"Preț day-ahead energie electrică (România, ENTSO-E)",2024-07-03,117.4000,EUR/MWh,RO,ENTSOE,https://web-api.tp.entsoe.eu/api,https://ecifre.ro/indicatori/entsoe-pret-day-ahead-ro,2026-08-30
"Preț day-ahead energie electrică (România, ENTSO-E)",2024-07-04,125.6327,EUR/MWh,RO,ENTSOE,https://web-api.tp.entsoe.eu/api,https://ecifre.ro/indicatori/entsoe-pret-day-ahead-ro,2026-08-30
"Preț day-ahead energie electrică (România, ENTSO-E)",2024-07-05,95.9529,EUR/MWh,RO,ENTSOE,https://web-api.tp.entsoe.eu/api,https://ecifre.ro/indicatori/entsoe-pret-day-ahead-ro,2026-08-30
"Preț day-ahead energie electrică (România, ENTSO-E)",2024-07-06,82.6895,EUR/MWh,RO,ENTSOE,https://web-api.tp.entsoe.eu/api,https://ecifre.ro/indicatori/entsoe-pret-day-ahead-ro,2026-08-30
"Preț day-ahead energie electrică (România, ENTSO-E)",2024-07-07,77.5941,EUR/MWh,RO,ENTSOE,https://web-api.tp.entsoe.eu/api,https://ecifre.ro/indicatori/entsoe-pret-day-ahead-ro,2026-08-30
"Preț day-ahead energie electrică (România, ENTSO-E)",2024-07-08,139.6222,EUR/MWh,RO,ENTSOE,https://web-api.tp.entsoe.eu/api,https://ecifre.ro/indicatori/entsoe-pret-day-ahead-ro,2026-08-30
"Preț day-ahead energie electrică (România, ENTSO-E)",2024-07-09,116.8992,EUR/MWh,RO,ENTSOE,https://web-api.tp.entsoe.eu/api,https://ecifre.ro/indicatori/entsoe-pret-day-ahead-ro,2026-08-30
"Preț day-ahead energie electrică (România, ENTSO-E)",2024-07-10,149.4296,EUR/MWh,RO,ENTSOE,https://web-api.tp.entsoe.eu/api,https://ecifre.ro/indicatori/entsoe-pret-day-ahead-ro,2026-08-30
"Preț day-ahead energie electrică (România, ENTSO-E)",2024-07-11,197.8639,EUR/MWh,RO,ENTSOE,https://web-api.tp.entsoe.eu/api,https://ecifre.ro/indicatori/entsoe-pret-day-ahead-ro,2026-08-30
"Preț day-ahead energie electrică (România, ENTSO-E)",2024-07-12,211.5742,EUR/MWh,RO,ENTSOE,https://web-api.tp.entsoe.eu/api,https://ecifre.ro/indicatori/entsoe-pret-day-ahead-ro,2026-08-30
"Preț day-ahead energie electrică (România, ENTSO-E)",2024-07-13,161.5825,EUR/MWh,RO,ENTSOE,https://web-api.tp.entsoe.eu/api,https://ecifre.ro/indicatori/entsoe-pret-day-ahead-ro,2026-08-30
"Preț day-ahead energie electrică (România, ENTSO-E)",2024-07-14,134.8433,EUR/MWh,RO,ENTSOE,https://web-api.tp.entsoe.eu/api,https://ecifre.ro/indicatori/entsoe-pret-day-ahead-ro,2026-08-30
"Preț day-ahead energie electrică (România, ENTSO-E)",2024-07-15,205.1679,EUR/MWh,RO,ENTSOE,https://web-api.tp.entsoe.eu/api,https://ecifre.ro/indicatori/entsoe-pret-day-ahead-ro,2026-08-30
"Preț day-ahead energie electrică (România, ENTSO-E)",2024-07-16,219.8935,EUR/MWh,RO,ENTSOE,https://web-api.tp.entsoe.eu/api,https://ecifre.ro/indicatori/entsoe-pret-day-ahead-ro,2026-08-30
"Preț day-ahead energie electrică (România, ENTSO-E)",2024-07-17,239.3971,EUR/MWh,RO,ENTSOE,https://web-api.tp.entsoe.eu/api,https://ecifre.ro/indicatori/entsoe-pret-day-ahead-ro,2026-08-30
"Preț day-ahead energie electrică (România, ENTSO-E)",2024-07-18,239.8033,EUR/MWh,RO,ENTSOE,https://web-api.tp.entsoe.eu/api,https://ecifre.ro/indicatori/entsoe-pret-day-ahead-ro,2026-08-30
"Preț day-ahead energie electrică (România, ENTSO-E)",2024-07-19,194.8013,EUR/MWh,RO,ENTSOE,https://web-api.tp.entsoe.eu/api,https://ecifre.ro/indicatori/entsoe-pret-day-ahead-ro,2026-08-30
"Preț day-ahead energie electrică (România, ENTSO-E)",2024-07-20,148.9942,EUR/MWh,RO,ENTSOE,https://web-api.tp.entsoe.eu/api,https://ecifre.ro/indicatori/entsoe-pret-day-ahead-ro,2026-08-30
"Preț day-ahead energie electrică (România, ENTSO-E)",2024-07-21,102.5850,EUR/MWh,RO,ENTSOE,https://web-api.tp.entsoe.eu/api,https://ecifre.ro/indicatori/entsoe-pret-day-ahead-ro,2026-08-30
"Preț day-ahead energie electrică (România, ENTSO-E)",2024-07-22,235.1278,EUR/MWh,RO,ENTSOE,https://web-api.tp.entsoe.eu/api,https://ecifre.ro/indicatori/entsoe-pret-day-ahead-ro,2026-08-30
"Preț day-ahead energie electrică (România, ENTSO-E)",2024-07-23,139.5975,EUR/MWh,RO,ENTSOE,https://web-api.tp.entsoe.eu/api,https://ecifre.ro/indicatori/entsoe-pret-day-ahead-ro,2026-08-30
"Preț day-ahead energie electrică (România, ENTSO-E)",2024-07-24,198.1979,EUR/MWh,RO,ENTSOE,https://web-api.tp.entsoe.eu/api,https://ecifre.ro/indicatori/entsoe-pret-day-ahead-ro,2026-08-30
"Preț day-ahead energie electrică (România, ENTSO-E)",2024-07-25,181.7808,EUR/MWh,RO,ENTSOE,https://web-api.tp.entsoe.eu/api,https://ecifre.ro/indicatori/entsoe-pret-day-ahead-ro,2026-08-30
"Preț day-ahead energie electrică (România, ENTSO-E)",2024-07-26,108.8754,EUR/MWh,RO,ENTSOE,https://web-api.tp.entsoe.eu/api,https://ecifre.ro/indicatori/entsoe-pret-day-ahead-ro,2026-08-30
"Preț day-ahead energie electrică (România, ENTSO-E)",2024-07-27,88.8288,EUR/MWh,RO,ENTSOE,https://web-api.tp.entsoe.eu/api,https://ecifre.ro/indicatori/entsoe-pret-day-ahead-ro,2026-08-30
"Preț day-ahead energie electrică (România, ENTSO-E)",2024-07-28,80.5141,EUR/MWh,RO,ENTSOE,https://web-api.tp.entsoe.eu/api,https://ecifre.ro/indicatori/entsoe-pret-day-ahead-ro,2026-08-30
"Preț day-ahead energie electrică (România, ENTSO-E)",2024-07-29,97.4392,EUR/MWh,RO,ENTSOE,https://web-api.tp.entsoe.eu/api,https://ecifre.ro/indicatori/entsoe-pret-day-ahead-ro,2026-08-30
"Preț day-ahead energie electrică (România, ENTSO-E)",2024-07-30,89.0470,EUR/MWh,RO,ENTSOE,https://web-api.tp.entsoe.eu/api,https://ecifre.ro/indicatori/entsoe-pret-day-ahead-ro,2026-08-30
"Preț day-ahead energie electrică (România, ENTSO-E)",2024-07-31,107.1621,EUR/MWh,RO,ENTSOE,https://web-api.tp.entsoe.eu/api,https://ecifre.ro/indicatori/entsoe-pret-day-ahead-ro,2026-08-30
"Preț day-ahead energie electrică (România, ENTSO-E)",2024-08-01,123.4025,EUR/MWh,RO,ENTSOE,https://web-api.tp.entsoe.eu/api,https://ecifre.ro/indicatori/entsoe-pret-day-ahead-ro,2026-08-30
"Preț day-ahead energie electrică (România, ENTSO-E)",2024-08-02,117.0991,EUR/MWh,RO,ENTSOE,https://web-api.tp.entsoe.eu/api,https://ecifre.ro/indicatori/entsoe-pret-day-ahead-ro,2026-08-30
"Preț day-ahead energie electrică (România, ENTSO-E)",2024-08-03,90.5142,EUR/MWh,RO,ENTSOE,https://web-api.tp.entsoe.eu/api,https://ecifre.ro/indicatori/entsoe-pret-day-ahead-ro,2026-08-30
"Preț day-ahead energie electrică (România, ENTSO-E)",2024-08-04,78.4783,EUR/MWh,RO,ENTSOE,https://web-api.tp.entsoe.eu/api,https://ecifre.ro/indicatori/entsoe-pret-day-ahead-ro,2026-08-30
"Preț day-ahead energie electrică (România, ENTSO-E)",2024-08-05,137.6708,EUR/MWh,RO,ENTSOE,https://web-api.tp.entsoe.eu/api,https://ecifre.ro/indicatori/entsoe-pret-day-ahead-ro,2026-08-30
"Preț day-ahead energie electrică (România, ENTSO-E)",2024-08-06,121.1025,EUR/MWh,RO,ENTSOE,https://web-api.tp.entsoe.eu/api,https://ecifre.ro/indicatori/entsoe-pret-day-ahead-ro,2026-08-30
"Preț day-ahead energie electrică (România, ENTSO-E)",2024-08-07,121.4950,EUR/MWh,RO,ENTSOE,https://web-api.tp.entsoe.eu/api,https://ecifre.ro/indicatori/entsoe-pret-day-ahead-ro,2026-08-30
"Preț day-ahead energie electrică (România, ENTSO-E)",2024-08-08,132.3413,EUR/MWh,RO,ENTSOE,https://web-api.tp.entsoe.eu/api,https://ecifre.ro/indicatori/entsoe-pret-day-ahead-ro,2026-08-30
"Preț day-ahead energie electrică (România, ENTSO-E)",2024-08-09,120.6521,EUR/MWh,RO,ENTSOE,https://web-api.tp.entsoe.eu/api,https://ecifre.ro/indicatori/entsoe-pret-day-ahead-ro,2026-08-30
"Preț day-ahead energie electrică (România, ENTSO-E)",2024-08-10,85.9165,EUR/MWh,RO,ENTSOE,https://web-api.tp.entsoe.eu/api,https://ecifre.ro/indicatori/entsoe-pret-day-ahead-ro,2026-08-30
"Preț day-ahead energie electrică (România, ENTSO-E)",2024-08-11,80.1967,EUR/MWh,RO,ENTSOE,https://web-api.tp.entsoe.eu/api,https://ecifre.ro/indicatori/entsoe-pret-day-ahead-ro,2026-08-30
"Preț day-ahead energie electrică (România, ENTSO-E)",2024-08-12,108.9396,EUR/MWh,RO,ENTSOE,https://web-api.tp.entsoe.eu/api,https://ecifre.ro/indicatori/entsoe-pret-day-ahead-ro,2026-08-30
"Preț day-ahead energie electrică (România, ENTSO-E)",2024-08-13,148.7825,EUR/MWh,RO,ENTSOE,https://web-api.tp.entsoe.eu/api,https://ecifre.ro/indicatori/entsoe-pret-day-ahead-ro,2026-08-30
"Preț day-ahead energie electrică (România, ENTSO-E)",2024-08-14,133.7333,EUR/MWh,RO,ENTSOE,https://web-api.tp.entsoe.eu/api,https://ecifre.ro/indicatori/entsoe-pret-day-ahead-ro,2026-08-30
"Preț day-ahead energie electrică (România, ENTSO-E)",2024-08-15,111.4017,EUR/MWh,RO,ENTSOE,https://web-api.tp.entsoe.eu/api,https://ecifre.ro/indicatori/entsoe-pret-day-ahead-ro,2026-08-30
"Preț day-ahead energie electrică (România, ENTSO-E)",2024-08-16,150.4771,EUR/MWh,RO,ENTSOE,https://web-api.tp.entsoe.eu/api,https://ecifre.ro/indicatori/entsoe-pret-day-ahead-ro,2026-08-30
"Preț day-ahead energie electrică (România, ENTSO-E)",2024-08-17,112.2421,EUR/MWh,RO,ENTSOE,https://web-api.tp.entsoe.eu/api,https://ecifre.ro/indicatori/entsoe-pret-day-ahead-ro,2026-08-30
"Preț day-ahead energie electrică (România, ENTSO-E)",2024-08-18,101.7413,EUR/MWh,RO,ENTSOE,https://web-api.tp.entsoe.eu/api,https://ecifre.ro/indicatori/entsoe-pret-day-ahead-ro,2026-08-30
"Preț day-ahead energie electrică (România, ENTSO-E)",2024-08-19,169.6396,EUR/MWh,RO,ENTSOE,https://web-api.tp.entsoe.eu/api,https://ecifre.ro/indicatori/entsoe-pret-day-ahead-ro,2026-08-30
"Preț day-ahead energie electrică (România, ENTSO-E)",2024-08-20,165.0496,EUR/MWh,RO,ENTSOE,https://web-api.tp.entsoe.eu/api,https://ecifre.ro/indicatori/entsoe-pret-day-ahead-ro,2026-08-30
"Preț day-ahead energie electrică (România, ENTSO-E)",2024-08-21,154.9174,EUR/MWh,RO,ENTSOE,https://web-api.tp.entsoe.eu/api,https://ecifre.ro/indicatori/entsoe-pret-day-ahead-ro,2026-08-30
"Preț day-ahead energie electrică (România, ENTSO-E)",2024-08-22,116.5254,EUR/MWh,RO,ENTSOE,https://web-api.tp.entsoe.eu/api,https://ecifre.ro/indicatori/entsoe-pret-day-ahead-ro,2026-08-30
"Preț day-ahead energie electrică (România, ENTSO-E)",2024-08-23,141.8608,EUR/MWh,RO,ENTSOE,https://web-api.tp.entsoe.eu/api,https://ecifre.ro/indicatori/entsoe-pret-day-ahead-ro,2026-08-30
"Preț day-ahead energie electrică (România, ENTSO-E)",2024-08-24,94.8033,EUR/MWh,RO,ENTSOE,https://web-api.tp.entsoe.eu/api,https://ecifre.ro/indicatori/entsoe-pret-day-ahead-ro,2026-08-30
"Preț day-ahead energie electrică (România, ENTSO-E)",2024-08-25,68.5095,EUR/MWh,RO,ENTSOE,https://web-api.tp.entsoe.eu/api,https://ecifre.ro/indicatori/entsoe-pret-day-ahead-ro,2026-08-30
"Preț day-ahead energie electrică (România, ENTSO-E)",2024-08-26,163.4692,EUR/MWh,RO,ENTSOE,https://web-api.tp.entsoe.eu/api,https://ecifre.ro/indicatori/entsoe-pret-day-ahead-ro,2026-08-30
"Preț day-ahead energie electrică (România, ENTSO-E)",2024-08-27,168.8013,EUR/MWh,RO,ENTSOE,https://web-api.tp.entsoe.eu/api,https://ecifre.ro/indicatori/entsoe-pret-day-ahead-ro,2026-08-30
"Preț day-ahead energie electrică (România, ENTSO-E)",2024-08-28,189.6221,EUR/MWh,RO,ENTSOE,https://web-api.tp.entsoe.eu/api,https://ecifre.ro/indicatori/entsoe-pret-day-ahead-ro,2026-08-30
"Preț day-ahead energie electrică (România, ENTSO-E)",2024-08-29,194.7129,EUR/MWh,RO,ENTSOE,https://web-api.tp.entsoe.eu/api,https://ecifre.ro/indicatori/entsoe-pret-day-ahead-ro,2026-08-30
"Preț day-ahead energie electrică (România, ENTSO-E)",2024-08-30,147.7138,EUR/MWh,RO,ENTSOE,https://web-api.tp.entsoe.eu/api,https://ecifre.ro/indicatori/entsoe-pret-day-ahead-ro,2026-08-30
"Preț day-ahead energie electrică (România, ENTSO-E)",2024-08-31,101.7163,EUR/MWh,RO,ENTSOE,https://web-api.tp.entsoe.eu/api,https://ecifre.ro/indicatori/entsoe-pret-day-ahead-ro,2026-08-30
"Preț day-ahead energie electrică (România, ENTSO-E)",2024-09-01,98.6900,EUR/MWh,RO,ENTSOE,https://web-api.tp.entsoe.eu/api,https://ecifre.ro/indicatori/entsoe-pret-day-ahead-ro,2026-08-30
"Preț day-ahead energie electrică (România, ENTSO-E)",2024-09-02,231.8063,EUR/MWh,RO,ENTSOE,https://web-api.tp.entsoe.eu/api,https://ecifre.ro/indicatori/entsoe-pret-day-ahead-ro,2026-08-30
"Preț day-ahead energie electrică (România, ENTSO-E)",2024-09-03,247.4075,EUR/MWh,RO,ENTSOE,https://web-api.tp.entsoe.eu/api,https://ecifre.ro/indicatori/entsoe-pret-day-ahead-ro,2026-08-30
"Preț day-ahead energie electrică (România, ENTSO-E)",2024-09-04,198.2238,EUR/MWh,RO,ENTSOE,https://web-api.tp.entsoe.eu/api,https://ecifre.ro/indicatori/entsoe-pret-day-ahead-ro,2026-08-30
"Preț day-ahead energie electrică (România, ENTSO-E)",2024-09-05,145.2114,EUR/MWh,RO,ENTSOE,https://web-api.tp.entsoe.eu/api,https://ecifre.ro/indicatori/entsoe-pret-day-ahead-ro,2026-08-30
"Preț day-ahead energie electrică (România, ENTSO-E)",2024-09-06,134.0900,EUR/MWh,RO,ENTSOE,https://web-api.tp.entsoe.eu/api,https://ecifre.ro/indicatori/entsoe-pret-day-ahead-ro,2026-08-30
"Preț day-ahead energie electrică (România, ENTSO-E)",2024-09-07,87.7683,EUR/MWh,RO,ENTSOE,https://web-api.tp.entsoe.eu/api,https://ecifre.ro/indicatori/entsoe-pret-day-ahead-ro,2026-08-30
"Preț day-ahead energie electrică (România, ENTSO-E)",2024-09-08,71.5033,EUR/MWh,RO,ENTSOE,https://web-api.tp.entsoe.eu/api,https://ecifre.ro/indicatori/entsoe-pret-day-ahead-ro,2026-08-30
"Preț day-ahead energie electrică (România, ENTSO-E)",2024-09-09,159.2313,EUR/MWh,RO,ENTSOE,https://web-api.tp.entsoe.eu/api,https://ecifre.ro/indicatori/entsoe-pret-day-ahead-ro,2026-08-30
"Preț day-ahead energie electrică (România, ENTSO-E)",2024-09-10,133.1467,EUR/MWh,RO,ENTSOE,https://web-api.tp.entsoe.eu/api,https://ecifre.ro/indicatori/entsoe-pret-day-ahead-ro,2026-08-30
"Preț day-ahead energie electrică (România, ENTSO-E)",2024-09-11,155.5430,EUR/MWh,RO,ENTSOE,https://web-api.tp.entsoe.eu/api,https://ecifre.ro/indicatori/entsoe-pret-day-ahead-ro,2026-08-30
"Preț day-ahead energie electrică (România, ENTSO-E)",2024-09-12,148.1996,EUR/MWh,RO,ENTSOE,https://web-api.tp.entsoe.eu/api,https://ecifre.ro/indicatori/entsoe-pret-day-ahead-ro,2026-08-30
"Preț day-ahead energie electrică (România, ENTSO-E)",2024-09-13,93.2933,EUR/MWh,RO,ENTSOE,https://web-api.tp.entsoe.eu/api,https://ecifre.ro/indicatori/entsoe-pret-day-ahead-ro,2026-08-30
"Preț day-ahead energie electrică (România, ENTSO-E)",2024-09-14,72.6527,EUR/MWh,RO,ENTSOE,https://web-api.tp.entsoe.eu/api,https://ecifre.ro/indicatori/entsoe-pret-day-ahead-ro,2026-08-30
"Preț day-ahead energie electrică (România, ENTSO-E)",2024-09-15,68.5591,EUR/MWh,RO,ENTSOE,https://web-api.tp.entsoe.eu/api,https://ecifre.ro/indicatori/entsoe-pret-day-ahead-ro,2026-08-30
"Preț day-ahead energie electrică (România, ENTSO-E)",2024-09-16,125.0854,EUR/MWh,RO,ENTSOE,https://web-api.tp.entsoe.eu/api,https://ecifre.ro/indicatori/entsoe-pret-day-ahead-ro,2026-08-30
"Preț day-ahead energie electrică (România, ENTSO-E)",2024-09-17,132.8467,EUR/MWh,RO,ENTSOE,https://web-api.tp.entsoe.eu/api,https://ecifre.ro/indicatori/entsoe-pret-day-ahead-ro,2026-08-30
"Preț day-ahead energie electrică (România, ENTSO-E)",2024-09-18,100.6279,EUR/MWh,RO,ENTSOE,https://web-api.tp.entsoe.eu/api,https://ecifre.ro/indicatori/entsoe-pret-day-ahead-ro,2026-08-30
"Preț day-ahead energie electrică (România, ENTSO-E)",2024-09-19,81.8175,EUR/MWh,RO,ENTSOE,https://web-api.tp.entsoe.eu/api,https://ecifre.ro/indicatori/entsoe-pret-day-ahead-ro,2026-08-30
"Preț day-ahead energie electrică (România, ENTSO-E)",2024-09-20,82.9529,EUR/MWh,RO,ENTSOE,https://web-api.tp.entsoe.eu/api,https://ecifre.ro/indicatori/entsoe-pret-day-ahead-ro,2026-08-30
"Preț day-ahead energie electrică (România, ENTSO-E)",2024-09-21,76.9663,EUR/MWh,RO,ENTSOE,https://web-api.tp.entsoe.eu/api,https://ecifre.ro/indicatori/entsoe-pret-day-ahead-ro,2026-08-30
"Preț day-ahead energie electrică (România, ENTSO-E)",2024-09-22,76.1042,EUR/MWh,RO,ENTSOE,https://web-api.tp.entsoe.eu/api,https://ecifre.ro/indicatori/entsoe-pret-day-ahead-ro,2026-08-30
"Preț day-ahead energie electrică (România, ENTSO-E)",2024-09-23,108.9971,EUR/MWh,RO,ENTSOE,https://web-api.tp.entsoe.eu/api,https://ecifre.ro/indicatori/entsoe-pret-day-ahead-ro,2026-08-30
"Preț day-ahead energie electrică (România, ENTSO-E)",2024-09-24,94.0975,EUR/MWh,RO,ENTSOE,https://web-api.tp.entsoe.eu/api,https://ecifre.ro/indicatori/entsoe-pret-day-ahead-ro,2026-08-30
"Preț day-ahead energie electrică (România, ENTSO-E)",2024-09-25,89.0158,EUR/MWh,RO,ENTSOE,https://web-api.tp.entsoe.eu/api,https://ecifre.ro/indicatori/entsoe-pret-day-ahead-ro,2026-08-30
"Preț day-ahead energie electrică (România, ENTSO-E)",2024-09-26,78.6404,EUR/MWh,RO,ENTSOE,https://web-api.tp.entsoe.eu/api,https://ecifre.ro/indicatori/entsoe-pret-day-ahead-ro,2026-08-30
"Preț day-ahead energie electrică (România, ENTSO-E)",2024-09-27,68.0696,EUR/MWh,RO,ENTSOE,https://web-api.tp.entsoe.eu/api,https://ecifre.ro/indicatori/entsoe-pret-day-ahead-ro,2026-08-30
"Preț day-ahead energie electrică (România, ENTSO-E)",2024-09-28,39.9839,EUR/MWh,RO,ENTSOE,https://web-api.tp.entsoe.eu/api,https://ecifre.ro/indicatori/entsoe-pret-day-ahead-ro,2026-08-30
"Preț day-ahead energie electrică (România, ENTSO-E)",2024-09-29,39.9396,EUR/MWh,RO,ENTSOE,https://web-api.tp.entsoe.eu/api,https://ecifre.ro/indicatori/entsoe-pret-day-ahead-ro,2026-08-30
"Preț day-ahead energie electrică (România, ENTSO-E)",2024-09-30,56.5435,EUR/MWh,RO,ENTSOE,https://web-api.tp.entsoe.eu/api,https://ecifre.ro/indicatori/entsoe-pret-day-ahead-ro,2026-08-30
"Preț day-ahead energie electrică (România, ENTSO-E)",2024-10-01,51.4229,EUR/MWh,RO,ENTSOE,https://web-api.tp.entsoe.eu/api,https://ecifre.ro/indicatori/entsoe-pret-day-ahead-ro,2026-08-30
"Preț day-ahead energie electrică (România, ENTSO-E)",2024-10-02,92.6013,EUR/MWh,RO,ENTSOE,https://web-api.tp.entsoe.eu/api,https://ecifre.ro/indicatori/entsoe-pret-day-ahead-ro,2026-08-30
"Preț day-ahead energie electrică (România, ENTSO-E)",2024-10-03,88.4396,EUR/MWh,RO,ENTSOE,https://web-api.tp.entsoe.eu/api,https://ecifre.ro/indicatori/entsoe-pret-day-ahead-ro,2026-08-30
"Preț day-ahead energie electrică (România, ENTSO-E)",2024-10-04,81.8222,EUR/MWh,RO,ENTSOE,https://web-api.tp.entsoe.eu/api,https://ecifre.ro/indicatori/entsoe-pret-day-ahead-ro,2026-08-30
"Preț day-ahead energie electrică (România, ENTSO-E)",2024-10-05,84.4283,EUR/MWh,RO,ENTSOE,https://web-api.tp.entsoe.eu/api,https://ecifre.ro/indicatori/entsoe-pret-day-ahead-ro,2026-08-30
"Preț day-ahead energie electrică (România, ENTSO-E)",2024-10-06,62.2522,EUR/MWh,RO,ENTSOE,https://web-api.tp.entsoe.eu/api,https://ecifre.ro/indicatori/entsoe-pret-day-ahead-ro,2026-08-30
"Preț day-ahead energie electrică (România, ENTSO-E)",2024-10-07,88.0946,EUR/MWh,RO,ENTSOE,https://web-api.tp.entsoe.eu/api,https://ecifre.ro/indicatori/entsoe-pret-day-ahead-ro,2026-08-30
"Preț day-ahead energie electrică (România, ENTSO-E)",2024-10-08,76.5350,EUR/MWh,RO,ENTSOE,https://web-api.tp.entsoe.eu/api,https://ecifre.ro/indicatori/entsoe-pret-day-ahead-ro,2026-08-30
"Preț day-ahead energie electrică (România, ENTSO-E)",2024-10-09,81.7822,EUR/MWh,RO,ENTSOE,https://web-api.tp.entsoe.eu/api,https://ecifre.ro/indicatori/entsoe-pret-day-ahead-ro,2026-08-30
"Preț day-ahead energie electrică (România, ENTSO-E)",2024-10-10,63.8600,EUR/MWh,RO,ENTSOE,https://web-api.tp.entsoe.eu/api,https://ecifre.ro/indicatori/entsoe-pret-day-ahead-ro,2026-08-30
"Preț day-ahead energie electrică (România, ENTSO-E)",2024-10-11,96.3950,EUR/MWh,RO,ENTSOE,https://web-api.tp.entsoe.eu/api,https://ecifre.ro/indicatori/entsoe-pret-day-ahead-ro,2026-08-30
"Preț day-ahead energie electrică (România, ENTSO-E)",2024-10-12,54.8183,EUR/MWh,RO,ENTSOE,https://web-api.tp.entsoe.eu/api,https://ecifre.ro/indicatori/entsoe-pret-day-ahead-ro,2026-08-30
"Preț day-ahead energie electrică (România, ENTSO-E)",2024-10-13,32.7488,EUR/MWh,RO,ENTSOE,https://web-api.tp.entsoe.eu/api,https://ecifre.ro/indicatori/entsoe-pret-day-ahead-ro,2026-08-30
"Preț day-ahead energie electrică (România, ENTSO-E)",2024-10-14,105.3129,EUR/MWh,RO,ENTSOE,https://web-api.tp.entsoe.eu/api,https://ecifre.ro/indicatori/entsoe-pret-day-ahead-ro,2026-08-30
"Preț day-ahead energie electrică (România, ENTSO-E)",2024-10-15,106.7650,EUR/MWh,RO,ENTSOE,https://web-api.tp.entsoe.eu/api,https://ecifre.ro/indicatori/entsoe-pret-day-ahead-ro,2026-08-30
"Preț day-ahead energie electrică (România, ENTSO-E)",2024-10-16,58.2500,EUR/MWh,RO,ENTSOE,https://web-api.tp.entsoe.eu/api,https://ecifre.ro/indicatori/entsoe-pret-day-ahead-ro,2026-08-30
"Preț day-ahead energie electrică (România, ENTSO-E)",2024-10-17,67.4630,EUR/MWh,RO,ENTSOE,https://web-api.tp.entsoe.eu/api,https://ecifre.ro/indicatori/entsoe-pret-day-ahead-ro,2026-08-30
"Preț day-ahead energie electrică (România, ENTSO-E)",2024-10-18,82.4191,EUR/MWh,RO,ENTSOE,https://web-api.tp.entsoe.eu/api,https://ecifre.ro/indicatori/entsoe-pret-day-ahead-ro,2026-08-30
"Preț day-ahead energie electrică (România, ENTSO-E)",2024-10-19,75.6763,EUR/MWh,RO,ENTSOE,https://web-api.tp.entsoe.eu/api,https://ecifre.ro/indicatori/entsoe-pret-day-ahead-ro,2026-08-30
"Preț day-ahead energie electrică (România, ENTSO-E)",2024-10-20,52.8442,EUR/MWh,RO,ENTSOE,https://web-api.tp.entsoe.eu/api,https://ecifre.ro/indicatori/entsoe-pret-day-ahead-ro,2026-08-30
"Preț day-ahead energie electrică (România, ENTSO-E)",2024-10-21,105.8171,EUR/MWh,RO,ENTSOE,https://web-api.tp.entsoe.eu/api,https://ecifre.ro/indicatori/entsoe-pret-day-ahead-ro,2026-08-30
"Preț day-ahead energie electrică (România, ENTSO-E)",2024-10-22,107.9846,EUR/MWh,RO,ENTSOE,https://web-api.tp.entsoe.eu/api,https://ecifre.ro/indicatori/entsoe-pret-day-ahead-ro,2026-08-30
"Preț day-ahead energie electrică (România, ENTSO-E)",2024-10-23,111.1842,EUR/MWh,RO,ENTSOE,https://web-api.tp.entsoe.eu/api,https://ecifre.ro/indicatori/entsoe-pret-day-ahead-ro,2026-08-30
"Preț day-ahead energie electrică (România, ENTSO-E)",2024-10-24,115.2529,EUR/MWh,RO,ENTSOE,https://web-api.tp.entsoe.eu/api,https://ecifre.ro/indicatori/entsoe-pret-day-ahead-ro,2026-08-30
"Preț day-ahead energie electrică (România, ENTSO-E)",2024-10-25,119.2642,EUR/MWh,RO,ENTSOE,https://web-api.tp.entsoe.eu/api,https://ecifre.ro/indicatori/entsoe-pret-day-ahead-ro,2026-08-30
"Preț day-ahead energie electrică (România, ENTSO-E)",2024-10-26,106.3629,EUR/MWh,RO,ENTSOE,https://web-api.tp.entsoe.eu/api,https://ecifre.ro/indicatori/entsoe-pret-day-ahead-ro,2026-08-30
"Preț day-ahead energie electrică (România, ENTSO-E)",2024-10-27,98.7504,EUR/MWh,RO,ENTSOE,https://web-api.tp.entsoe.eu/api,https://ecifre.ro/indicatori/entsoe-pret-day-ahead-ro,2026-08-30
"Preț day-ahead energie electrică (România, ENTSO-E)",2024-10-28,127.6121,EUR/MWh,RO,ENTSOE,https://web-api.tp.entsoe.eu/api,https://ecifre.ro/indicatori/entsoe-pret-day-ahead-ro,2026-08-30
"Preț day-ahead energie electrică (România, ENTSO-E)",2024-10-29,143.8113,EUR/MWh,RO,ENTSOE,https://web-api.tp.entsoe.eu/api,https://ecifre.ro/indicatori/entsoe-pret-day-ahead-ro,2026-08-30
"Preț day-ahead energie electrică (România, ENTSO-E)",2024-10-30,128.3817,EUR/MWh,RO,ENTSOE,https://web-api.tp.entsoe.eu/api,https://ecifre.ro/indicatori/entsoe-pret-day-ahead-ro,2026-08-30
"Preț day-ahead energie electrică (România, ENTSO-E)",2024-10-31,120.2326,EUR/MWh,RO,ENTSOE,https://web-api.tp.entsoe.eu/api,https://ecifre.ro/indicatori/entsoe-pret-day-ahead-ro,2026-08-30
"Preț day-ahead energie electrică (România, ENTSO-E)",2024-11-01,149.9775,EUR/MWh,RO,ENTSOE,https://web-api.tp.entsoe.eu/api,https://ecifre.ro/indicatori/entsoe-pret-day-ahead-ro,2026-08-30
"Preț day-ahead energie electrică (România, ENTSO-E)",2024-11-02,106.7688,EUR/MWh,RO,ENTSOE,https://web-api.tp.entsoe.eu/api,https://ecifre.ro/indicatori/entsoe-pret-day-ahead-ro,2026-08-30
"Preț day-ahead energie electrică (România, ENTSO-E)",2024-11-03,95.9375,EUR/MWh,RO,ENTSOE,https://web-api.tp.entsoe.eu/api,https://ecifre.ro/indicatori/entsoe-pret-day-ahead-ro,2026-08-30
"Preț day-ahead energie electrică (România, ENTSO-E)",2024-11-04,132.0375,EUR/MWh,RO,ENTSOE,https://web-api.tp.entsoe.eu/api,https://ecifre.ro/indicatori/entsoe-pret-day-ahead-ro,2026-08-30
"Preț day-ahead energie electrică (România, ENTSO-E)",2024-11-05,198.4954,EUR/MWh,RO,ENTSOE,https://web-api.tp.entsoe.eu/api,https://ecifre.ro/indicatori/entsoe-pret-day-ahead-ro,2026-08-30
"Preț day-ahead energie electrică (România, ENTSO-E)",2024-11-06,217.7238,EUR/MWh,RO,ENTSOE,https://web-api.tp.entsoe.eu/api,https://ecifre.ro/indicatori/entsoe-pret-day-ahead-ro,2026-08-30
"Preț day-ahead energie electrică (România, ENTSO-E)",2024-11-07,167.5350,EUR/MWh,RO,ENTSOE,https://web-api.tp.entsoe.eu/api,https://ecifre.ro/indicatori/entsoe-pret-day-ahead-ro,2026-08-30
"Preț day-ahead energie electrică (România, ENTSO-E)",2024-11-08,129.3079,EUR/MWh,RO,ENTSOE,https://web-api.tp.entsoe.eu/api,https://ecifre.ro/indicatori/entsoe-pret-day-ahead-ro,2026-08-30
"Preț day-ahead energie electrică (România, ENTSO-E)",2024-11-09,114.7833,EUR/MWh,RO,ENTSOE,https://web-api.tp.entsoe.eu/api,https://ecifre.ro/indicatori/entsoe-pret-day-ahead-ro,2026-08-30
"Preț day-ahead energie electrică (România, ENTSO-E)",2024-11-10,115.1139,EUR/MWh,RO,ENTSOE,https://web-api.tp.entsoe.eu/api,https://ecifre.ro/indicatori/entsoe-pret-day-ahead-ro,2026-08-30
"Preț day-ahead energie electrică (România, ENTSO-E)",2024-11-11,197.7017,EUR/MWh,RO,ENTSOE,https://web-api.tp.entsoe.eu/api,https://ecifre.ro/indicatori/entsoe-pret-day-ahead-ro,2026-08-30
"Preț day-ahead energie electrică (România, ENTSO-E)",2024-11-12,268.8108,EUR/MWh,RO,ENTSOE,https://web-api.tp.entsoe.eu/api,https://ecifre.ro/indicatori/entsoe-pret-day-ahead-ro,2026-08-30
"Preț day-ahead energie electrică (România, ENTSO-E)",2024-11-13,315.0535,EUR/MWh,RO,ENTSOE,https://web-api.tp.entsoe.eu/api,https://ecifre.ro/indicatori/entsoe-pret-day-ahead-ro,2026-08-30
"Preț day-ahead energie electrică (România, ENTSO-E)",2024-11-14,328.0439,EUR/MWh,RO,ENTSOE,https://web-api.tp.entsoe.eu/api,https://ecifre.ro/indicatori/entsoe-pret-day-ahead-ro,2026-08-30
"Preț day-ahead energie electrică (România, ENTSO-E)",2024-11-15,194.3992,EUR/MWh,RO,ENTSOE,https://web-api.tp.entsoe.eu/api,https://ecifre.ro/indicatori/entsoe-pret-day-ahead-ro,2026-08-30
"Preț day-ahead energie electrică (România, ENTSO-E)",2024-11-16,169.4892,EUR/MWh,RO,ENTSOE,https://web-api.tp.entsoe.eu/api,https://ecifre.ro/indicatori/entsoe-pret-day-ahead-ro,2026-08-30
"Preț day-ahead energie electrică (România, ENTSO-E)",2024-11-17,153.9621,EUR/MWh,RO,ENTSOE,https://web-api.tp.entsoe.eu/api,https://ecifre.ro/indicatori/entsoe-pret-day-ahead-ro,2026-08-30
"Preț day-ahead energie electrică (România, ENTSO-E)",2024-11-18,245.2796,EUR/MWh,RO,ENTSOE,https://web-api.tp.entsoe.eu/api,https://ecifre.ro/indicatori/entsoe-pret-day-ahead-ro,2026-08-30
"Preț day-ahead energie electrică (România, ENTSO-E)",2024-11-19,222.7138,EUR/MWh,RO,ENTSOE,https://web-api.tp.entsoe.eu/api,https://ecifre.ro/indicatori/entsoe-pret-day-ahead-ro,2026-08-30
"Preț day-ahead energie electrică (România, ENTSO-E)",2024-11-20,126.1857,EUR/MWh,RO,ENTSOE,https://web-api.tp.entsoe.eu/api,https://ecifre.ro/indicatori/entsoe-pret-day-ahead-ro,2026-08-30
"Preț day-ahead energie electrică (România, ENTSO-E)",2024-11-21,162.6817,EUR/MWh,RO,ENTSOE,https://web-api.tp.entsoe.eu/api,https://ecifre.ro/indicatori/entsoe-pret-day-ahead-ro,2026-08-30
"Preț day-ahead energie electrică (România, ENTSO-E)",2024-11-22,126.7204,EUR/MWh,RO,ENTSOE,https://web-api.tp.entsoe.eu/api,https://ecifre.ro/indicatori/entsoe-pret-day-ahead-ro,2026-08-30
"Preț day-ahead energie electrică (România, ENTSO-E)",2024-11-23,107.9687,EUR/MWh,RO,ENTSOE,https://web-api.tp.entsoe.eu/api,https://ecifre.ro/indicatori/entsoe-pret-day-ahead-ro,2026-08-30
"Preț day-ahead energie electrică (România, ENTSO-E)",2024-11-24,111.7232,EUR/MWh,RO,ENTSOE,https://web-api.tp.entsoe.eu/api,https://ecifre.ro/indicatori/entsoe-pret-day-ahead-ro,2026-08-30
"Preț day-ahead energie electrică (România, ENTSO-E)",2024-11-25,139.7561,EUR/MWh,RO,ENTSOE,https://web-api.tp.entsoe.eu/api,https://ecifre.ro/indicatori/entsoe-pret-day-ahead-ro,2026-08-30
"Preț day-ahead energie electrică (România, ENTSO-E)",2024-11-26,157.9974,EUR/MWh,RO,ENTSOE,https://web-api.tp.entsoe.eu/api,https://ecifre.ro/indicatori/entsoe-pret-day-ahead-ro,2026-08-30
"Preț day-ahead energie electrică (România, ENTSO-E)",2024-11-27,159.4125,EUR/MWh,RO,ENTSOE,https://web-api.tp.entsoe.eu/api,https://ecifre.ro/indicatori/entsoe-pret-day-ahead-ro,2026-08-30
"Preț day-ahead energie electrică (România, ENTSO-E)",2024-11-28,150.0405,EUR/MWh,RO,ENTSOE,https://web-api.tp.entsoe.eu/api,https://ecifre.ro/indicatori/entsoe-pret-day-ahead-ro,2026-08-30
"Preț day-ahead energie electrică (România, ENTSO-E)",2024-11-29,138.2183,EUR/MWh,RO,ENTSOE,https://web-api.tp.entsoe.eu/api,https://ecifre.ro/indicatori/entsoe-pret-day-ahead-ro,2026-08-30
"Preț day-ahead energie electrică (România, ENTSO-E)",2024-11-30,120.1700,EUR/MWh,RO,ENTSOE,https://web-api.tp.entsoe.eu/api,https://ecifre.ro/indicatori/entsoe-pret-day-ahead-ro,2026-08-30
"Preț day-ahead energie electrică (România, ENTSO-E)",2024-12-01,102.8329,EUR/MWh,RO,ENTSOE,https://web-api.tp.entsoe.eu/api,https://ecifre.ro/indicatori/entsoe-pret-day-ahead-ro,2026-08-30
"Preț day-ahead energie electrică (România, ENTSO-E)",2024-12-02,134.9854,EUR/MWh,RO,ENTSOE,https://web-api.tp.entsoe.eu/api,https://ecifre.ro/indicatori/entsoe-pret-day-ahead-ro,2026-08-30
"Preț day-ahead energie electrică (România, ENTSO-E)",2024-12-03,166.2596,EUR/MWh,RO,ENTSOE,https://web-api.tp.entsoe.eu/api,https://ecifre.ro/indicatori/entsoe-pret-day-ahead-ro,2026-08-30
"Preț day-ahead energie electrică (România, ENTSO-E)",2024-12-04,190.7717,EUR/MWh,RO,ENTSOE,https://web-api.tp.entsoe.eu/api,https://ecifre.ro/indicatori/entsoe-pret-day-ahead-ro,2026-08-30
"Preț day-ahead energie electrică (România, ENTSO-E)",2024-12-05,205.5630,EUR/MWh,RO,ENTSOE,https://web-api.tp.entsoe.eu/api,https://ecifre.ro/indicatori/entsoe-pret-day-ahead-ro,2026-08-30
"Preț day-ahead energie electrică (România, ENTSO-E)",2024-12-06,150.9425,EUR/MWh,RO,ENTSOE,https://web-api.tp.entsoe.eu/api,https://ecifre.ro/indicatori/entsoe-pret-day-ahead-ro,2026-08-30
"Preț day-ahead energie electrică (România, ENTSO-E)",2024-12-07,130.6808,EUR/MWh,RO,ENTSOE,https://web-api.tp.entsoe.eu/api,https://ecifre.ro/indicatori/entsoe-pret-day-ahead-ro,2026-08-30
"Preț day-ahead energie electrică (România, ENTSO-E)",2024-12-08,111.2192,EUR/MWh,RO,ENTSOE,https://web-api.tp.entsoe.eu/api,https://ecifre.ro/indicatori/entsoe-pret-day-ahead-ro,2026-08-30
"Preț day-ahead energie electrică (România, ENTSO-E)",2024-12-09,131.1158,EUR/MWh,RO,ENTSOE,https://web-api.tp.entsoe.eu/api,https://ecifre.ro/indicatori/entsoe-pret-day-ahead-ro,2026-08-30
"Preț day-ahead energie electrică (România, ENTSO-E)",2024-12-10,155.2896,EUR/MWh,RO,ENTSOE,https://web-api.tp.entsoe.eu/api,https://ecifre.ro/indicatori/entsoe-pret-day-ahead-ro,2026-08-30
"Preț day-ahead energie electrică (România, ENTSO-E)",2024-12-11,259.4733,EUR/MWh,RO,ENTSOE,https://web-api.tp.entsoe.eu/api,https://ecifre.ro/indicatori/entsoe-pret-day-ahead-ro,2026-08-30
"Preț day-ahead energie electrică (România, ENTSO-E)",2024-12-12,327.1708,EUR/MWh,RO,ENTSOE,https://web-api.tp.entsoe.eu/api,https://ecifre.ro/indicatori/entsoe-pret-day-ahead-ro,2026-08-30
"Preț day-ahead energie electrică (România, ENTSO-E)",2024-12-13,171.5788,EUR/MWh,RO,ENTSOE,https://web-api.tp.entsoe.eu/api,https://ecifre.ro/indicatori/entsoe-pret-day-ahead-ro,2026-08-30
"Preț day-ahead energie electrică (România, ENTSO-E)",2024-12-14,120.9522,EUR/MWh,RO,ENTSOE,https://web-api.tp.entsoe.eu/api,https://ecifre.ro/indicatori/entsoe-pret-day-ahead-ro,2026-08-30
"Preț day-ahead energie electrică (România, ENTSO-E)",2024-12-15,110.0800,EUR/MWh,RO,ENTSOE,https://web-api.tp.entsoe.eu/api,https://ecifre.ro/indicatori/entsoe-pret-day-ahead-ro,2026-08-30
"Preț day-ahead energie electrică (România, ENTSO-E)",2024-12-16,126.9217,EUR/MWh,RO,ENTSOE,https://web-api.tp.entsoe.eu/api,https://ecifre.ro/indicatori/entsoe-pret-day-ahead-ro,2026-08-30
"Preț day-ahead energie electrică (România, ENTSO-E)",2024-12-17,127.9950,EUR/MWh,RO,ENTSOE,https://web-api.tp.entsoe.eu/api,https://ecifre.ro/indicatori/entsoe-pret-day-ahead-ro,2026-08-30
"Preț day-ahead energie electrică (România, ENTSO-E)",2024-12-18,154.0071,EUR/MWh,RO,ENTSOE,https://web-api.tp.entsoe.eu/api,https://ecifre.ro/indicatori/entsoe-pret-day-ahead-ro,2026-08-30
"Preț day-ahead energie electrică (România, ENTSO-E)",2024-12-19,121.6117,EUR/MWh,RO,ENTSOE,https://web-api.tp.entsoe.eu/api,https://ecifre.ro/indicatori/entsoe-pret-day-ahead-ro,2026-08-30
"Preț day-ahead energie electrică (România, ENTSO-E)",2024-12-20,97.6954,EUR/MWh,RO,ENTSOE,https://web-api.tp.entsoe.eu/api,https://ecifre.ro/indicatori/entsoe-pret-day-ahead-ro,2026-08-30
"Preț day-ahead energie electrică (România, ENTSO-E)",2024-12-21,87.4717,EUR/MWh,RO,ENTSOE,https://web-api.tp.entsoe.eu/api,https://ecifre.ro/indicatori/entsoe-pret-day-ahead-ro,2026-08-30
"Preț day-ahead energie electrică (România, ENTSO-E)",2024-12-22,105.3662,EUR/MWh,RO,ENTSOE,https://web-api.tp.entsoe.eu/api,https://ecifre.ro/indicatori/entsoe-pret-day-ahead-ro,2026-08-30
"Preț day-ahead energie electrică (România, ENTSO-E)",2024-12-23,105.0217,EUR/MWh,RO,ENTSOE,https://web-api.tp.entsoe.eu/api,https://ecifre.ro/indicatori/entsoe-pret-day-ahead-ro,2026-08-30
"Preț day-ahead energie electrică (România, ENTSO-E)",2024-12-24,102.7088,EUR/MWh,RO,ENTSOE,https://web-api.tp.entsoe.eu/api,https://ecifre.ro/indicatori/entsoe-pret-day-ahead-ro,2026-08-30
"Preț day-ahead energie electrică (România, ENTSO-E)",2024-12-25,98.2279,EUR/MWh,RO,ENTSOE,https://web-api.tp.entsoe.eu/api,https://ecifre.ro/indicatori/entsoe-pret-day-ahead-ro,2026-08-30
"Preț day-ahead energie electrică (România, ENTSO-E)",2024-12-26,113.1642,EUR/MWh,RO,ENTSOE,https://web-api.tp.entsoe.eu/api,https://ecifre.ro/indicatori/entsoe-pret-day-ahead-ro,2026-08-30
"Preț day-ahead energie electrică (România, ENTSO-E)",2024-12-27,122.6746,EUR/MWh,RO,ENTSOE,https://web-api.tp.entsoe.eu/api,https://ecifre.ro/indicatori/entsoe-pret-day-ahead-ro,2026-08-30
"Preț day-ahead energie electrică (România, ENTSO-E)",2024-12-28,130.8050,EUR/MWh,RO,ENTSOE,https://web-api.tp.entsoe.eu/api,https://ecifre.ro/indicatori/entsoe-pret-day-ahead-ro,2026-08-30
"Preț day-ahead energie electrică (România, ENTSO-E)",2024-12-29,120.8938,EUR/MWh,RO,ENTSOE,https://web-api.tp.entsoe.eu/api,https://ecifre.ro/indicatori/entsoe-pret-day-ahead-ro,2026-08-30
"Preț day-ahead energie electrică (România, ENTSO-E)",2024-12-30,141.5108,EUR/MWh,RO,ENTSOE,https://web-api.tp.entsoe.eu/api,https://ecifre.ro/indicatori/entsoe-pret-day-ahead-ro,2026-08-30
"Preț day-ahead energie electrică (România, ENTSO-E)",2024-12-31,138.7000,EUR/MWh,RO,ENTSOE,https://web-api.tp.entsoe.eu/api,https://ecifre.ro/indicatori/entsoe-pret-day-ahead-ro,2026-08-30
"Preț day-ahead energie electrică (România, ENTSO-E)",2025-01-01,84.6338,EUR/MWh,RO,ENTSOE,https://web-api.tp.entsoe.eu/api,https://ecifre.ro/indicatori/entsoe-pret-day-ahead-ro,2026-08-30
"Preț day-ahead energie electrică (România, ENTSO-E)",2025-01-02,114.1922,EUR/MWh,RO,ENTSOE,https://web-api.tp.entsoe.eu/api,https://ecifre.ro/indicatori/entsoe-pret-day-ahead-ro,2026-08-30
"Preț day-ahead energie electrică (România, ENTSO-E)",2025-01-03,121.3604,EUR/MWh,RO,ENTSOE,https://web-api.tp.entsoe.eu/api,https://ecifre.ro/indicatori/entsoe-pret-day-ahead-ro,2026-08-30
"Preț day-ahead energie electrică (România, ENTSO-E)",2025-01-04,135.9583,EUR/MWh,RO,ENTSOE,https://web-api.tp.entsoe.eu/api,https://ecifre.ro/indicatori/entsoe-pret-day-ahead-ro,2026-08-30
"Preț day-ahead energie electrică (România, ENTSO-E)",2025-01-05,119.8833,EUR/MWh,RO,ENTSOE,https://web-api.tp.entsoe.eu/api,https://ecifre.ro/indicatori/entsoe-pret-day-ahead-ro,2026-08-30
"Preț day-ahead energie electrică (România, ENTSO-E)",2025-01-06,111.0229,EUR/MWh,RO,ENTSOE,https://web-api.tp.entsoe.eu/api,https://ecifre.ro/indicatori/entsoe-pret-day-ahead-ro,2026-08-30
"Preț day-ahead energie electrică (România, ENTSO-E)",2025-01-07,120.5654,EUR/MWh,RO,ENTSOE,https://web-api.tp.entsoe.eu/api,https://ecifre.ro/indicatori/entsoe-pret-day-ahead-ro,2026-08-30
"Preț day-ahead energie electrică (România, ENTSO-E)",2025-01-08,119.4396,EUR/MWh,RO,ENTSOE,https://web-api.tp.entsoe.eu/api,https://ecifre.ro/indicatori/entsoe-pret-day-ahead-ro,2026-08-30
"Preț day-ahead energie electrică (România, ENTSO-E)",2025-01-09,126.6425,EUR/MWh,RO,ENTSOE,https://web-api.tp.entsoe.eu/api,https://ecifre.ro/indicatori/entsoe-pret-day-ahead-ro,2026-08-30
"Preț day-ahead energie electrică (România, ENTSO-E)",2025-01-10,120.6258,EUR/MWh,RO,ENTSOE,https://web-api.tp.entsoe.eu/api,https://ecifre.ro/indicatori/entsoe-pret-day-ahead-ro,2026-08-30
"Preț day-ahead energie electrică (România, ENTSO-E)",2025-01-11,113.2421,EUR/MWh,RO,ENTSOE,https://web-api.tp.entsoe.eu/api,https://ecifre.ro/indicatori/entsoe-pret-day-ahead-ro,2026-08-30
"Preț day-ahead energie electrică (România, ENTSO-E)",2025-01-12,112.1538,EUR/MWh,RO,ENTSOE,https://web-api.tp.entsoe.eu/api,https://ecifre.ro/indicatori/entsoe-pret-day-ahead-ro,2026-08-30
"Preț day-ahead energie electrică (România, ENTSO-E)",2025-01-13,136.4988,EUR/MWh,RO,ENTSOE,https://web-api.tp.entsoe.eu/api,https://ecifre.ro/indicatori/entsoe-pret-day-ahead-ro,2026-08-30
"Preț day-ahead energie electrică (România, ENTSO-E)",2025-01-14,151.2121,EUR/MWh,RO,ENTSOE,https://web-api.tp.entsoe.eu/api,https://ecifre.ro/indicatori/entsoe-pret-day-ahead-ro,2026-08-30
"Preț day-ahead energie electrică (România, ENTSO-E)",2025-01-15,242.1500,EUR/MWh,RO,ENTSOE,https://web-api.tp.entsoe.eu/api,https://ecifre.ro/indicatori/entsoe-pret-day-ahead-ro,2026-08-30
"Preț day-ahead energie electrică (România, ENTSO-E)",2025-01-16,153.8579,EUR/MWh,RO,ENTSOE,https://web-api.tp.entsoe.eu/api,https://ecifre.ro/indicatori/entsoe-pret-day-ahead-ro,2026-08-30
"Preț day-ahead energie electrică (România, ENTSO-E)",2025-01-17,147.3413,EUR/MWh,RO,ENTSOE,https://web-api.tp.entsoe.eu/api,https://ecifre.ro/indicatori/entsoe-pret-day-ahead-ro,2026-08-30
"Preț day-ahead energie electrică (România, ENTSO-E)",2025-01-18,136.2438,EUR/MWh,RO,ENTSOE,https://web-api.tp.entsoe.eu/api,https://ecifre.ro/indicatori/entsoe-pret-day-ahead-ro,2026-08-30
"Preț day-ahead energie electrică (România, ENTSO-E)",2025-01-19,132.5517,EUR/MWh,RO,ENTSOE,https://web-api.tp.entsoe.eu/api,https://ecifre.ro/indicatori/entsoe-pret-day-ahead-ro,2026-08-30
"Preț day-ahead energie electrică (România, ENTSO-E)",2025-01-20,236.8138,EUR/MWh,RO,ENTSOE,https://web-api.tp.entsoe.eu/api,https://ecifre.ro/indicatori/entsoe-pret-day-ahead-ro,2026-08-30
"Preț day-ahead energie electrică (România, ENTSO-E)",2025-01-21,210.2913,EUR/MWh,RO,ENTSOE,https://web-api.tp.entsoe.eu/api,https://ecifre.ro/indicatori/entsoe-pret-day-ahead-ro,2026-08-30
"Preț day-ahead energie electrică (România, ENTSO-E)",2025-01-22,186.3429,EUR/MWh,RO,ENTSOE,https://web-api.tp.entsoe.eu/api,https://ecifre.ro/indicatori/entsoe-pret-day-ahead-ro,2026-08-30
"Preț day-ahead energie electrică (România, ENTSO-E)",2025-01-23,162.1446,EUR/MWh,RO,ENTSOE,https://web-api.tp.entsoe.eu/api,https://ecifre.ro/indicatori/entsoe-pret-day-ahead-ro,2026-08-30
"Preț day-ahead energie electrică (România, ENTSO-E)",2025-01-24,150.6038,EUR/MWh,RO,ENTSOE,https://web-api.tp.entsoe.eu/api,https://ecifre.ro/indicatori/entsoe-pret-day-ahead-ro,2026-08-30
"Preț day-ahead energie electrică (România, ENTSO-E)",2025-01-25,117.2558,EUR/MWh,RO,ENTSOE,https://web-api.tp.entsoe.eu/api,https://ecifre.ro/indicatori/entsoe-pret-day-ahead-ro,2026-08-30
"Preț day-ahead energie electrică (România, ENTSO-E)",2025-01-26,112.9813,EUR/MWh,RO,ENTSOE,https://web-api.tp.entsoe.eu/api,https://ecifre.ro/indicatori/entsoe-pret-day-ahead-ro,2026-08-30
"Preț day-ahead energie electrică (România, ENTSO-E)",2025-01-27,123.2013,EUR/MWh,RO,ENTSOE,https://web-api.tp.entsoe.eu/api,https://ecifre.ro/indicatori/entsoe-pret-day-ahead-ro,2026-08-30
"Preț day-ahead energie electrică (România, ENTSO-E)",2025-01-28,120.9454,EUR/MWh,RO,ENTSOE,https://web-api.tp.entsoe.eu/api,https://ecifre.ro/indicatori/entsoe-pret-day-ahead-ro,2026-08-30
"Preț day-ahead energie electrică (România, ENTSO-E)",2025-01-29,123.2600,EUR/MWh,RO,ENTSOE,https://web-api.tp.entsoe.eu/api,https://ecifre.ro/indicatori/entsoe-pret-day-ahead-ro,2026-08-30
"Preț day-ahead energie electrică (România, ENTSO-E)",2025-01-30,133.8167,EUR/MWh,RO,ENTSOE,https://web-api.tp.entsoe.eu/api,https://ecifre.ro/indicatori/entsoe-pret-day-ahead-ro,2026-08-30
"Preț day-ahead energie electrică (România, ENTSO-E)",2025-01-31,143.6504,EUR/MWh,RO,ENTSOE,https://web-api.tp.entsoe.eu/api,https://ecifre.ro/indicatori/entsoe-pret-day-ahead-ro,2026-08-30
"Preț day-ahead energie electrică (România, ENTSO-E)",2025-02-01,135.4333,EUR/MWh,RO,ENTSOE,https://web-api.tp.entsoe.eu/api,https://ecifre.ro/indicatori/entsoe-pret-day-ahead-ro,2026-08-30
"Preț day-ahead energie electrică (România, ENTSO-E)",2025-02-02,137.2754,EUR/MWh,RO,ENTSOE,https://web-api.tp.entsoe.eu/api,https://ecifre.ro/indicatori/entsoe-pret-day-ahead-ro,2026-08-30
"Preț day-ahead energie electrică (România, ENTSO-E)",2025-02-03,154.4704,EUR/MWh,RO,ENTSOE,https://web-api.tp.entsoe.eu/api,https://ecifre.ro/indicatori/entsoe-pret-day-ahead-ro,2026-08-30
"Preț day-ahead energie electrică (România, ENTSO-E)",2025-02-04,144.6792,EUR/MWh,RO,ENTSOE,https://web-api.tp.entsoe.eu/api,https://ecifre.ro/indicatori/entsoe-pret-day-ahead-ro,2026-08-30
"Preț day-ahead energie electrică (România, ENTSO-E)",2025-02-05,143.8350,EUR/MWh,RO,ENTSOE,https://web-api.tp.entsoe.eu/api,https://ecifre.ro/indicatori/entsoe-pret-day-ahead-ro,2026-08-30
"Preț day-ahead energie electrică (România, ENTSO-E)",2025-02-06,152.5300,EUR/MWh,RO,ENTSOE,https://web-api.tp.entsoe.eu/api,https://ecifre.ro/indicatori/entsoe-pret-day-ahead-ro,2026-08-30
"Preț day-ahead energie electrică (România, ENTSO-E)",2025-02-07,138.6946,EUR/MWh,RO,ENTSOE,https://web-api.tp.entsoe.eu/api,https://ecifre.ro/indicatori/entsoe-pret-day-ahead-ro,2026-08-30
"Preț day-ahead energie electrică (România, ENTSO-E)",2025-02-08,115.9133,EUR/MWh,RO,ENTSOE,https://web-api.tp.entsoe.eu/api,https://ecifre.ro/indicatori/entsoe-pret-day-ahead-ro,2026-08-30
"Preț day-ahead energie electrică (România, ENTSO-E)",2025-02-09,129.3700,EUR/MWh,RO,ENTSOE,https://web-api.tp.entsoe.eu/api,https://ecifre.ro/indicatori/entsoe-pret-day-ahead-ro,2026-08-30
"Preț day-ahead energie electrică (România, ENTSO-E)",2025-02-10,155.7821,EUR/MWh,RO,ENTSOE,https://web-api.tp.entsoe.eu/api,https://ecifre.ro/indicatori/entsoe-pret-day-ahead-ro,2026-08-30
"Preț day-ahead energie electrică (România, ENTSO-E)",2025-02-11,159.8971,EUR/MWh,RO,ENTSOE,https://web-api.tp.entsoe.eu/api,https://ecifre.ro/indicatori/entsoe-pret-day-ahead-ro,2026-08-30
"Preț day-ahead energie electrică (România, ENTSO-E)",2025-02-12,183.9542,EUR/MWh,RO,ENTSOE,https://web-api.tp.entsoe.eu/api,https://ecifre.ro/indicatori/entsoe-pret-day-ahead-ro,2026-08-30
"Preț day-ahead energie electrică (România, ENTSO-E)",2025-02-13,203.8104,EUR/MWh,RO,ENTSOE,https://web-api.tp.entsoe.eu/api,https://ecifre.ro/indicatori/entsoe-pret-day-ahead-ro,2026-08-30
"Preț day-ahead energie electrică (România, ENTSO-E)",2025-02-14,181.6433,EUR/MWh,RO,ENTSOE,https://web-api.tp.entsoe.eu/api,https://ecifre.ro/indicatori/entsoe-pret-day-ahead-ro,2026-08-30
"Preț day-ahead energie electrică (România, ENTSO-E)",2025-02-15,137.9357,EUR/MWh,RO,ENTSOE,https://web-api.tp.entsoe.eu/api,https://ecifre.ro/indicatori/entsoe-pret-day-ahead-ro,2026-08-30
"Preț day-ahead energie electrică (România, ENTSO-E)",2025-02-16,140.9274,EUR/MWh,RO,ENTSOE,https://web-api.tp.entsoe.eu/api,https://ecifre.ro/indicatori/entsoe-pret-day-ahead-ro,2026-08-30
"Preț day-ahead energie electrică (România, ENTSO-E)",2025-02-17,161.9400,EUR/MWh,RO,ENTSOE,https://web-api.tp.entsoe.eu/api,https://ecifre.ro/indicatori/entsoe-pret-day-ahead-ro,2026-08-30
"Preț day-ahead energie electrică (România, ENTSO-E)",2025-02-18,197.2204,EUR/MWh,RO,ENTSOE,https://web-api.tp.entsoe.eu/api,https://ecifre.ro/indicatori/entsoe-pret-day-ahead-ro,2026-08-30
"Preț day-ahead energie electrică (România, ENTSO-E)",2025-02-19,165.7738,EUR/MWh,RO,ENTSOE,https://web-api.tp.entsoe.eu/api,https://ecifre.ro/indicatori/entsoe-pret-day-ahead-ro,2026-08-30
"Preț day-ahead energie electrică (România, ENTSO-E)",2025-02-20,173.4988,EUR/MWh,RO,ENTSOE,https://web-api.tp.entsoe.eu/api,https://ecifre.ro/indicatori/entsoe-pret-day-ahead-ro,2026-08-30
"Preț day-ahead energie electrică (România, ENTSO-E)",2025-02-21,147.5713,EUR/MWh,RO,ENTSOE,https://web-api.tp.entsoe.eu/api,https://ecifre.ro/indicatori/entsoe-pret-day-ahead-ro,2026-08-30
"Preț day-ahead energie electrică (România, ENTSO-E)",2025-02-22,139.7292,EUR/MWh,RO,ENTSOE,https://web-api.tp.entsoe.eu/api,https://ecifre.ro/indicatori/entsoe-pret-day-ahead-ro,2026-08-30
"Preț day-ahead energie electrică (România, ENTSO-E)",2025-02-23,143.3925,EUR/MWh,RO,ENTSOE,https://web-api.tp.entsoe.eu/api,https://ecifre.ro/indicatori/entsoe-pret-day-ahead-ro,2026-08-30
"Preț day-ahead energie electrică (România, ENTSO-E)",2025-02-24,201.1304,EUR/MWh,RO,ENTSOE,https://web-api.tp.entsoe.eu/api,https://ecifre.ro/indicatori/entsoe-pret-day-ahead-ro,2026-08-30
"Preț day-ahead energie electrică (România, ENTSO-E)",2025-02-25,206.6742,EUR/MWh,RO,ENTSOE,https://web-api.tp.entsoe.eu/api,https://ecifre.ro/indicatori/entsoe-pret-day-ahead-ro,2026-08-30
"Preț day-ahead energie electrică (România, ENTSO-E)",2025-02-26,153.4117,EUR/MWh,RO,ENTSOE,https://web-api.tp.entsoe.eu/api,https://ecifre.ro/indicatori/entsoe-pret-day-ahead-ro,2026-08-30
"Preț day-ahead energie electrică (România, ENTSO-E)",2025-02-27,138.5022,EUR/MWh,RO,ENTSOE,https://web-api.tp.entsoe.eu/api,https://ecifre.ro/indicatori/entsoe-pret-day-ahead-ro,2026-08-30
"Preț day-ahead energie electrică (România, ENTSO-E)",2025-02-28,151.7121,EUR/MWh,RO,ENTSOE,https://web-api.tp.entsoe.eu/api,https://ecifre.ro/indicatori/entsoe-pret-day-ahead-ro,2026-08-30
"Preț day-ahead energie electrică (România, ENTSO-E)",2025-03-01,141.3267,EUR/MWh,RO,ENTSOE,https://web-api.tp.entsoe.eu/api,https://ecifre.ro/indicatori/entsoe-pret-day-ahead-ro,2026-08-30
"Preț day-ahead energie electrică (România, ENTSO-E)",2025-03-02,111.6400,EUR/MWh,RO,ENTSOE,https://web-api.tp.entsoe.eu/api,https://ecifre.ro/indicatori/entsoe-pret-day-ahead-ro,2026-08-30
"Preț day-ahead energie electrică (România, ENTSO-E)",2025-03-03,131.5996,EUR/MWh,RO,ENTSOE,https://web-api.tp.entsoe.eu/api,https://ecifre.ro/indicatori/entsoe-pret-day-ahead-ro,2026-08-30
"Preț day-ahead energie electrică (România, ENTSO-E)",2025-03-04,142.5488,EUR/MWh,RO,ENTSOE,https://web-api.tp.entsoe.eu/api,https://ecifre.ro/indicatori/entsoe-pret-day-ahead-ro,2026-08-30
"Preț day-ahead energie electrică (România, ENTSO-E)",2025-03-05,116.2125,EUR/MWh,RO,ENTSOE,https://web-api.tp.entsoe.eu/api,https://ecifre.ro/indicatori/entsoe-pret-day-ahead-ro,2026-08-30
"Preț day-ahead energie electrică (România, ENTSO-E)",2025-03-06,122.1550,EUR/MWh,RO,ENTSOE,https://web-api.tp.entsoe.eu/api,https://ecifre.ro/indicatori/entsoe-pret-day-ahead-ro,2026-08-30
"Preț day-ahead energie electrică (România, ENTSO-E)",2025-03-07,113.9658,EUR/MWh,RO,ENTSOE,https://web-api.tp.entsoe.eu/api,https://ecifre.ro/indicatori/entsoe-pret-day-ahead-ro,2026-08-30
"Preț day-ahead energie electrică (România, ENTSO-E)",2025-03-08,109.9496,EUR/MWh,RO,ENTSOE,https://web-api.tp.entsoe.eu/api,https://ecifre.ro/indicatori/entsoe-pret-day-ahead-ro,2026-08-30
"Preț day-ahead energie electrică (România, ENTSO-E)",2025-03-09,88.6965,EUR/MWh,RO,ENTSOE,https://web-api.tp.entsoe.eu/api,https://ecifre.ro/indicatori/entsoe-pret-day-ahead-ro,2026-08-30
"Preț day-ahead energie electrică (România, ENTSO-E)",2025-03-10,114.0100,EUR/MWh,RO,ENTSOE,https://web-api.tp.entsoe.eu/api,https://ecifre.ro/indicatori/entsoe-pret-day-ahead-ro,2026-08-30
"Preț day-ahead energie electrică (România, ENTSO-E)",2025-03-11,124.5700,EUR/MWh,RO,ENTSOE,https://web-api.tp.entsoe.eu/api,https://ecifre.ro/indicatori/entsoe-pret-day-ahead-ro,2026-08-30
"Preț day-ahead energie electrică (România, ENTSO-E)",2025-03-12,123.6704,EUR/MWh,RO,ENTSOE,https://web-api.tp.entsoe.eu/api,https://ecifre.ro/indicatori/entsoe-pret-day-ahead-ro,2026-08-30
"Preț day-ahead energie electrică (România, ENTSO-E)",2025-03-13,92.8773,EUR/MWh,RO,ENTSOE,https://web-api.tp.entsoe.eu/api,https://ecifre.ro/indicatori/entsoe-pret-day-ahead-ro,2026-08-30
"Preț day-ahead energie electrică (România, ENTSO-E)",2025-03-14,99.9482,EUR/MWh,RO,ENTSOE,https://web-api.tp.entsoe.eu/api,https://ecifre.ro/indicatori/entsoe-pret-day-ahead-ro,2026-08-30
"Preț day-ahead energie electrică (România, ENTSO-E)",2025-03-15,83.2088,EUR/MWh,RO,ENTSOE,https://web-api.tp.entsoe.eu/api,https://ecifre.ro/indicatori/entsoe-pret-day-ahead-ro,2026-08-30
"Preț day-ahead energie electrică (România, ENTSO-E)",2025-03-16,74.4033,EUR/MWh,RO,ENTSOE,https://web-api.tp.entsoe.eu/api,https://ecifre.ro/indicatori/entsoe-pret-day-ahead-ro,2026-08-30
"Preț day-ahead energie electrică (România, ENTSO-E)",2025-03-17,104.2183,EUR/MWh,RO,ENTSOE,https://web-api.tp.entsoe.eu/api,https://ecifre.ro/indicatori/entsoe-pret-day-ahead-ro,2026-08-30
"Preț day-ahead energie electrică (România, ENTSO-E)",2025-03-18,92.3646,EUR/MWh,RO,ENTSOE,https://web-api.tp.entsoe.eu/api,https://ecifre.ro/indicatori/entsoe-pret-day-ahead-ro,2026-08-30
"Preț day-ahead energie electrică (România, ENTSO-E)",2025-03-19,108.2142,EUR/MWh,RO,ENTSOE,https://web-api.tp.entsoe.eu/api,https://ecifre.ro/indicatori/entsoe-pret-day-ahead-ro,2026-08-30
"Preț day-ahead energie electrică (România, ENTSO-E)",2025-03-20,117.3429,EUR/MWh,RO,ENTSOE,https://web-api.tp.entsoe.eu/api,https://ecifre.ro/indicatori/entsoe-pret-day-ahead-ro,2026-08-30
"Preț day-ahead energie electrică (România, ENTSO-E)",2025-03-21,105.5458,EUR/MWh,RO,ENTSOE,https://web-api.tp.entsoe.eu/api,https://ecifre.ro/indicatori/entsoe-pret-day-ahead-ro,2026-08-30
"Preț day-ahead energie electrică (România, ENTSO-E)",2025-03-22,77.0413,EUR/MWh,RO,ENTSOE,https://web-api.tp.entsoe.eu/api,https://ecifre.ro/indicatori/entsoe-pret-day-ahead-ro,2026-08-30
"Preț day-ahead energie electrică (România, ENTSO-E)",2025-03-23,62.4179,EUR/MWh,RO,ENTSOE,https://web-api.tp.entsoe.eu/api,https://ecifre.ro/indicatori/entsoe-pret-day-ahead-ro,2026-08-30
"Preț day-ahead energie electrică (România, ENTSO-E)",2025-03-24,130.7467,EUR/MWh,RO,ENTSOE,https://web-api.tp.entsoe.eu/api,https://ecifre.ro/indicatori/entsoe-pret-day-ahead-ro,2026-08-30
"Preț day-ahead energie electrică (România, ENTSO-E)",2025-03-25,125.1229,EUR/MWh,RO,ENTSOE,https://web-api.tp.entsoe.eu/api,https://ecifre.ro/indicatori/entsoe-pret-day-ahead-ro,2026-08-30
"Preț day-ahead energie electrică (România, ENTSO-E)",2025-03-26,119.6000,EUR/MWh,RO,ENTSOE,https://web-api.tp.entsoe.eu/api,https://ecifre.ro/indicatori/entsoe-pret-day-ahead-ro,2026-08-30
"Preț day-ahead energie electrică (România, ENTSO-E)",2025-03-27,110.8750,EUR/MWh,RO,ENTSOE,https://web-api.tp.entsoe.eu/api,https://ecifre.ro/indicatori/entsoe-pret-day-ahead-ro,2026-08-30
"Preț day-ahead energie electrică (România, ENTSO-E)",2025-03-28,101.0483,EUR/MWh,RO,ENTSOE,https://web-api.tp.entsoe.eu/api,https://ecifre.ro/indicatori/entsoe-pret-day-ahead-ro,2026-08-30
"Preț day-ahead energie electrică (România, ENTSO-E)",2025-03-29,93.6843,EUR/MWh,RO,ENTSOE,https://web-api.tp.entsoe.eu/api,https://ecifre.ro/indicatori/entsoe-pret-day-ahead-ro,2026-08-30
"Preț day-ahead energie electrică (România, ENTSO-E)",2025-03-30,44.4354,EUR/MWh,RO,ENTSOE,https://web-api.tp.entsoe.eu/api,https://ecifre.ro/indicatori/entsoe-pret-day-ahead-ro,2026-08-30
"Preț day-ahead energie electrică (România, ENTSO-E)",2025-03-31,123.7879,EUR/MWh,RO,ENTSOE,https://web-api.tp.entsoe.eu/api,https://ecifre.ro/indicatori/entsoe-pret-day-ahead-ro,2026-08-30
"Preț day-ahead energie electrică (România, ENTSO-E)",2025-04-01,101.8150,EUR/MWh,RO,ENTSOE,https://web-api.tp.entsoe.eu/api,https://ecifre.ro/indicatori/entsoe-pret-day-ahead-ro,2026-08-30
"Preț day-ahead energie electrică (România, ENTSO-E)",2025-04-02,88.7242,EUR/MWh,RO,ENTSOE,https://web-api.tp.entsoe.eu/api,https://ecifre.ro/indicatori/entsoe-pret-day-ahead-ro,2026-08-30
"Preț day-ahead energie electrică (România, ENTSO-E)",2025-04-03,89.7575,EUR/MWh,RO,ENTSOE,https://web-api.tp.entsoe.eu/api,https://ecifre.ro/indicatori/entsoe-pret-day-ahead-ro,2026-08-30
"Preț day-ahead energie electrică (România, ENTSO-E)",2025-04-04,107.7532,EUR/MWh,RO,ENTSOE,https://web-api.tp.entsoe.eu/api,https://ecifre.ro/indicatori/entsoe-pret-day-ahead-ro,2026-08-30
"Preț day-ahead energie electrică (România, ENTSO-E)",2025-04-05,67.4608,EUR/MWh,RO,ENTSOE,https://web-api.tp.entsoe.eu/api,https://ecifre.ro/indicatori/entsoe-pret-day-ahead-ro,2026-08-30
"Preț day-ahead energie electrică (România, ENTSO-E)",2025-04-06,68.5709,EUR/MWh,RO,ENTSOE,https://web-api.tp.entsoe.eu/api,https://ecifre.ro/indicatori/entsoe-pret-day-ahead-ro,2026-08-30
"Preț day-ahead energie electrică (România, ENTSO-E)",2025-04-07,112.1558,EUR/MWh,RO,ENTSOE,https://web-api.tp.entsoe.eu/api,https://ecifre.ro/indicatori/entsoe-pret-day-ahead-ro,2026-08-30
"Preț day-ahead energie electrică (România, ENTSO-E)",2025-04-08,120.1250,EUR/MWh,RO,ENTSOE,https://web-api.tp.entsoe.eu/api,https://ecifre.ro/indicatori/entsoe-pret-day-ahead-ro,2026-08-30
"Preț day-ahead energie electrică (România, ENTSO-E)",2025-04-09,130.7988,EUR/MWh,RO,ENTSOE,https://web-api.tp.entsoe.eu/api,https://ecifre.ro/indicatori/entsoe-pret-day-ahead-ro,2026-08-30
"Preț day-ahead energie electrică (România, ENTSO-E)",2025-04-10,92.2650,EUR/MWh,RO,ENTSOE,https://web-api.tp.entsoe.eu/api,https://ecifre.ro/indicatori/entsoe-pret-day-ahead-ro,2026-08-30
"Preț day-ahead energie electrică (România, ENTSO-E)",2025-04-11,92.0682,EUR/MWh,RO,ENTSOE,https://web-api.tp.entsoe.eu/api,https://ecifre.ro/indicatori/entsoe-pret-day-ahead-ro,2026-08-30
"Preț day-ahead energie electrică (România, ENTSO-E)",2025-04-12,83.4704,EUR/MWh,RO,ENTSOE,https://web-api.tp.entsoe.eu/api,https://ecifre.ro/indicatori/entsoe-pret-day-ahead-ro,2026-08-30
"Preț day-ahead energie electrică (România, ENTSO-E)",2025-04-13,54.4200,EUR/MWh,RO,ENTSOE,https://web-api.tp.entsoe.eu/api,https://ecifre.ro/indicatori/entsoe-pret-day-ahead-ro,2026-08-30
"Preț day-ahead energie electrică (România, ENTSO-E)",2025-04-14,110.1767,EUR/MWh,RO,ENTSOE,https://web-api.tp.entsoe.eu/api,https://ecifre.ro/indicatori/entsoe-pret-day-ahead-ro,2026-08-30
"Preț day-ahead energie electrică (România, ENTSO-E)",2025-04-15,104.4550,EUR/MWh,RO,ENTSOE,https://web-api.tp.entsoe.eu/api,https://ecifre.ro/indicatori/entsoe-pret-day-ahead-ro,2026-08-30
"Preț day-ahead energie electrică (România, ENTSO-E)",2025-04-16,81.6504,EUR/MWh,RO,ENTSOE,https://web-api.tp.entsoe.eu/api,https://ecifre.ro/indicatori/entsoe-pret-day-ahead-ro,2026-08-30
"Preț day-ahead energie electrică (România, ENTSO-E)",2025-04-17,79.7775,EUR/MWh,RO,ENTSOE,https://web-api.tp.entsoe.eu/api,https://ecifre.ro/indicatori/entsoe-pret-day-ahead-ro,2026-08-30
"Preț day-ahead energie electrică (România, ENTSO-E)",2025-04-18,83.7248,EUR/MWh,RO,ENTSOE,https://web-api.tp.entsoe.eu/api,https://ecifre.ro/indicatori/entsoe-pret-day-ahead-ro,2026-08-30
"Preț day-ahead energie electrică (România, ENTSO-E)",2025-04-19,72.9400,EUR/MWh,RO,ENTSOE,https://web-api.tp.entsoe.eu/api,https://ecifre.ro/indicatori/entsoe-pret-day-ahead-ro,2026-08-30
"Preț day-ahead energie electrică (România, ENTSO-E)",2025-04-20,54.8029,EUR/MWh,RO,ENTSOE,https://web-api.tp.entsoe.eu/api,https://ecifre.ro/indicatori/entsoe-pret-day-ahead-ro,2026-08-30
"Preț day-ahead energie electrică (România, ENTSO-E)",2025-04-21,68.4283,EUR/MWh,RO,ENTSOE,https://web-api.tp.entsoe.eu/api,https://ecifre.ro/indicatori/entsoe-pret-day-ahead-ro,2026-08-30
"Preț day-ahead energie electrică (România, ENTSO-E)",2025-04-22,115.3817,EUR/MWh,RO,ENTSOE,https://web-api.tp.entsoe.eu/api,https://ecifre.ro/indicatori/entsoe-pret-day-ahead-ro,2026-08-30
"Preț day-ahead energie electrică (România, ENTSO-E)",2025-04-23,112.8517,EUR/MWh,RO,ENTSOE,https://web-api.tp.entsoe.eu/api,https://ecifre.ro/indicatori/entsoe-pret-day-ahead-ro,2026-08-30
"Preț day-ahead energie electrică (România, ENTSO-E)",2025-04-24,99.8363,EUR/MWh,RO,ENTSOE,https://web-api.tp.entsoe.eu/api,https://ecifre.ro/indicatori/entsoe-pret-day-ahead-ro,2026-08-30
"Preț day-ahead energie electrică (România, ENTSO-E)",2025-04-25,86.1117,EUR/MWh,RO,ENTSOE,https://web-api.tp.entsoe.eu/api,https://ecifre.ro/indicatori/entsoe-pret-day-ahead-ro,2026-08-30
"Preț day-ahead energie electrică (România, ENTSO-E)",2025-04-26,57.0758,EUR/MWh,RO,ENTSOE,https://web-api.tp.entsoe.eu/api,https://ecifre.ro/indicatori/entsoe-pret-day-ahead-ro,2026-08-30
"Preț day-ahead energie electrică (România, ENTSO-E)",2025-04-27,54.1655,EUR/MWh,RO,ENTSOE,https://web-api.tp.entsoe.eu/api,https://ecifre.ro/indicatori/entsoe-pret-day-ahead-ro,2026-08-30
"Preț day-ahead energie electrică (România, ENTSO-E)",2025-04-28,76.6429,EUR/MWh,RO,ENTSOE,https://web-api.tp.entsoe.eu/api,https://ecifre.ro/indicatori/entsoe-pret-day-ahead-ro,2026-08-30
"Preț day-ahead energie electrică (România, ENTSO-E)",2025-04-29,72.7175,EUR/MWh,RO,ENTSOE,https://web-api.tp.entsoe.eu/api,https://ecifre.ro/indicatori/entsoe-pret-day-ahead-ro,2026-08-30
"Preț day-ahead energie electrică (România, ENTSO-E)",2025-04-30,81.9338,EUR/MWh,RO,ENTSOE,https://web-api.tp.entsoe.eu/api,https://ecifre.ro/indicatori/entsoe-pret-day-ahead-ro,2026-08-30
"Preț day-ahead energie electrică (România, ENTSO-E)",2025-05-01,45.4996,EUR/MWh,RO,ENTSOE,https://web-api.tp.entsoe.eu/api,https://ecifre.ro/indicatori/entsoe-pret-day-ahead-ro,2026-08-30
"Preț day-ahead energie electrică (România, ENTSO-E)",2025-05-02,59.8729,EUR/MWh,RO,ENTSOE,https://web-api.tp.entsoe.eu/api,https://ecifre.ro/indicatori/entsoe-pret-day-ahead-ro,2026-08-30
"Preț day-ahead energie electrică (România, ENTSO-E)",2025-05-03,54.5617,EUR/MWh,RO,ENTSOE,https://web-api.tp.entsoe.eu/api,https://ecifre.ro/indicatori/entsoe-pret-day-ahead-ro,2026-08-30
"Preț day-ahead energie electrică (România, ENTSO-E)",2025-05-04,36.8052,EUR/MWh,RO,ENTSOE,https://web-api.tp.entsoe.eu/api,https://ecifre.ro/indicatori/entsoe-pret-day-ahead-ro,2026-08-30
"Preț day-ahead energie electrică (România, ENTSO-E)",2025-05-05,99.7726,EUR/MWh,RO,ENTSOE,https://web-api.tp.entsoe.eu/api,https://ecifre.ro/indicatori/entsoe-pret-day-ahead-ro,2026-08-30
"Preț day-ahead energie electrică (România, ENTSO-E)",2025-05-06,97.7642,EUR/MWh,RO,ENTSOE,https://web-api.tp.entsoe.eu/api,https://ecifre.ro/indicatori/entsoe-pret-day-ahead-ro,2026-08-30
"Preț day-ahead energie electrică (România, ENTSO-E)",2025-05-07,105.1046,EUR/MWh,RO,ENTSOE,https://web-api.tp.entsoe.eu/api,https://ecifre.ro/indicatori/entsoe-pret-day-ahead-ro,2026-08-30
"Preț day-ahead energie electrică (România, ENTSO-E)",2025-05-08,114.6871,EUR/MWh,RO,ENTSOE,https://web-api.tp.entsoe.eu/api,https://ecifre.ro/indicatori/entsoe-pret-day-ahead-ro,2026-08-30
"Preț day-ahead energie electrică (România, ENTSO-E)",2025-05-09,96.2048,EUR/MWh,RO,ENTSOE,https://web-api.tp.entsoe.eu/api,https://ecifre.ro/indicatori/entsoe-pret-day-ahead-ro,2026-08-30
"Preț day-ahead energie electrică (România, ENTSO-E)",2025-05-10,77.1288,EUR/MWh,RO,ENTSOE,https://web-api.tp.entsoe.eu/api,https://ecifre.ro/indicatori/entsoe-pret-day-ahead-ro,2026-08-30
"Preț day-ahead energie electrică (România, ENTSO-E)",2025-05-11,77.6400,EUR/MWh,RO,ENTSOE,https://web-api.tp.entsoe.eu/api,https://ecifre.ro/indicatori/entsoe-pret-day-ahead-ro,2026-08-30
"Preț day-ahead energie electrică (România, ENTSO-E)",2025-05-12,118.3258,EUR/MWh,RO,ENTSOE,https://web-api.tp.entsoe.eu/api,https://ecifre.ro/indicatori/entsoe-pret-day-ahead-ro,2026-08-30
"Preț day-ahead energie electrică (România, ENTSO-E)",2025-05-13,102.4379,EUR/MWh,RO,ENTSOE,https://web-api.tp.entsoe.eu/api,https://ecifre.ro/indicatori/entsoe-pret-day-ahead-ro,2026-08-30
"Preț day-ahead energie electrică (România, ENTSO-E)",2025-05-14,100.6929,EUR/MWh,RO,ENTSOE,https://web-api.tp.entsoe.eu/api,https://ecifre.ro/indicatori/entsoe-pret-day-ahead-ro,2026-08-30
"Preț day-ahead energie electrică (România, ENTSO-E)",2025-05-15,85.4100,EUR/MWh,RO,ENTSOE,https://web-api.tp.entsoe.eu/api,https://ecifre.ro/indicatori/entsoe-pret-day-ahead-ro,2026-08-30
"Preț day-ahead energie electrică (România, ENTSO-E)",2025-05-16,100.4838,EUR/MWh,RO,ENTSOE,https://web-api.tp.entsoe.eu/api,https://ecifre.ro/indicatori/entsoe-pret-day-ahead-ro,2026-08-30
"Preț day-ahead energie electrică (România, ENTSO-E)",2025-05-17,85.6268,EUR/MWh,RO,ENTSOE,https://web-api.tp.entsoe.eu/api,https://ecifre.ro/indicatori/entsoe-pret-day-ahead-ro,2026-08-30
"Preț day-ahead energie electrică (România, ENTSO-E)",2025-05-18,66.5608,EUR/MWh,RO,ENTSOE,https://web-api.tp.entsoe.eu/api,https://ecifre.ro/indicatori/entsoe-pret-day-ahead-ro,2026-08-30
"Preț day-ahead energie electrică (România, ENTSO-E)",2025-05-19,100.0667,EUR/MWh,RO,ENTSOE,https://web-api.tp.entsoe.eu/api,https://ecifre.ro/indicatori/entsoe-pret-day-ahead-ro,2026-08-30
"Preț day-ahead energie electrică (România, ENTSO-E)",2025-05-20,116.2821,EUR/MWh,RO,ENTSOE,https://web-api.tp.entsoe.eu/api,https://ecifre.ro/indicatori/entsoe-pret-day-ahead-ro,2026-08-30
"Preț day-ahead energie electrică (România, ENTSO-E)",2025-05-21,147.6046,EUR/MWh,RO,ENTSOE,https://web-api.tp.entsoe.eu/api,https://ecifre.ro/indicatori/entsoe-pret-day-ahead-ro,2026-08-30
"Preț day-ahead energie electrică (România, ENTSO-E)",2025-05-22,100.8138,EUR/MWh,RO,ENTSOE,https://web-api.tp.entsoe.eu/api,https://ecifre.ro/indicatori/entsoe-pret-day-ahead-ro,2026-08-30
"Preț day-ahead energie electrică (România, ENTSO-E)",2025-05-23,107.9846,EUR/MWh,RO,ENTSOE,https://web-api.tp.entsoe.eu/api,https://ecifre.ro/indicatori/entsoe-pret-day-ahead-ro,2026-08-30
"Preț day-ahead energie electrică (România, ENTSO-E)",2025-05-24,70.1296,EUR/MWh,RO,ENTSOE,https://web-api.tp.entsoe.eu/api,https://ecifre.ro/indicatori/entsoe-pret-day-ahead-ro,2026-08-30
"Preț day-ahead energie electrică (România, ENTSO-E)",2025-05-25,40.5788,EUR/MWh,RO,ENTSOE,https://web-api.tp.entsoe.eu/api,https://ecifre.ro/indicatori/entsoe-pret-day-ahead-ro,2026-08-30
"Preț day-ahead energie electrică (România, ENTSO-E)",2025-05-26,101.1192,EUR/MWh,RO,ENTSOE,https://web-api.tp.entsoe.eu/api,https://ecifre.ro/indicatori/entsoe-pret-day-ahead-ro,2026-08-30
"Preț day-ahead energie electrică (România, ENTSO-E)",2025-05-27,78.8908,EUR/MWh,RO,ENTSOE,https://web-api.tp.entsoe.eu/api,https://ecifre.ro/indicatori/entsoe-pret-day-ahead-ro,2026-08-30
"Preț day-ahead energie electrică (România, ENTSO-E)",2025-05-28,94.9708,EUR/MWh,RO,ENTSOE,https://web-api.tp.entsoe.eu/api,https://ecifre.ro/indicatori/entsoe-pret-day-ahead-ro,2026-08-30
"Preț day-ahead energie electrică (România, ENTSO-E)",2025-05-29,71.5242,EUR/MWh,RO,ENTSOE,https://web-api.tp.entsoe.eu/api,https://ecifre.ro/indicatori/entsoe-pret-day-ahead-ro,2026-08-30
"Preț day-ahead energie electrică (România, ENTSO-E)",2025-05-30,62.1513,EUR/MWh,RO,ENTSOE,https://web-api.tp.entsoe.eu/api,https://ecifre.ro/indicatori/entsoe-pret-day-ahead-ro,2026-08-30
"Preț day-ahead energie electrică (România, ENTSO-E)",2025-05-31,71.6146,EUR/MWh,RO,ENTSOE,https://web-api.tp.entsoe.eu/api,https://ecifre.ro/indicatori/entsoe-pret-day-ahead-ro,2026-08-30
"Preț day-ahead energie electrică (România, ENTSO-E)",2025-06-01,50.1938,EUR/MWh,RO,ENTSOE,https://web-api.tp.entsoe.eu/api,https://ecifre.ro/indicatori/entsoe-pret-day-ahead-ro,2026-08-30
"Preț day-ahead energie electrică (România, ENTSO-E)",2025-06-02,112.5783,EUR/MWh,RO,ENTSOE,https://web-api.tp.entsoe.eu/api,https://ecifre.ro/indicatori/entsoe-pret-day-ahead-ro,2026-08-30
"Preț day-ahead energie electrică (România, ENTSO-E)",2025-06-03,92.0400,EUR/MWh,RO,ENTSOE,https://web-api.tp.entsoe.eu/api,https://ecifre.ro/indicatori/entsoe-pret-day-ahead-ro,2026-08-30
"Preț day-ahead energie electrică (România, ENTSO-E)",2025-06-04,105.2713,EUR/MWh,RO,ENTSOE,https://web-api.tp.entsoe.eu/api,https://ecifre.ro/indicatori/entsoe-pret-day-ahead-ro,2026-08-30
"Preț day-ahead energie electrică (România, ENTSO-E)",2025-06-05,98.2183,EUR/MWh,RO,ENTSOE,https://web-api.tp.entsoe.eu/api,https://ecifre.ro/indicatori/entsoe-pret-day-ahead-ro,2026-08-30
"Preț day-ahead energie electrică (România, ENTSO-E)",2025-06-06,89.7142,EUR/MWh,RO,ENTSOE,https://web-api.tp.entsoe.eu/api,https://ecifre.ro/indicatori/entsoe-pret-day-ahead-ro,2026-08-30
"Preț day-ahead energie electrică (România, ENTSO-E)",2025-06-07,84.1030,EUR/MWh,RO,ENTSOE,https://web-api.tp.entsoe.eu/api,https://ecifre.ro/indicatori/entsoe-pret-day-ahead-ro,2026-08-30
"Preț day-ahead energie electrică (România, ENTSO-E)",2025-06-08,60.3717,EUR/MWh,RO,ENTSOE,https://web-api.tp.entsoe.eu/api,https://ecifre.ro/indicatori/entsoe-pret-day-ahead-ro,2026-08-30
"Preț day-ahead energie electrică (România, ENTSO-E)",2025-06-09,77.0592,EUR/MWh,RO,ENTSOE,https://web-api.tp.entsoe.eu/api,https://ecifre.ro/indicatori/entsoe-pret-day-ahead-ro,2026-08-30
"Preț day-ahead energie electrică (România, ENTSO-E)",2025-06-10,82.9292,EUR/MWh,RO,ENTSOE,https://web-api.tp.entsoe.eu/api,https://ecifre.ro/indicatori/entsoe-pret-day-ahead-ro,2026-08-30
"Preț day-ahead energie electrică (România, ENTSO-E)",2025-06-11,85.7138,EUR/MWh,RO,ENTSOE,https://web-api.tp.entsoe.eu/api,https://ecifre.ro/indicatori/entsoe-pret-day-ahead-ro,2026-08-30
"Preț day-ahead energie electrică (România, ENTSO-E)",2025-06-12,85.8963,EUR/MWh,RO,ENTSOE,https://web-api.tp.entsoe.eu/api,https://ecifre.ro/indicatori/entsoe-pret-day-ahead-ro,2026-08-30
"Preț day-ahead energie electrică (România, ENTSO-E)",2025-06-13,85.9467,EUR/MWh,RO,ENTSOE,https://web-api.tp.entsoe.eu/api,https://ecifre.ro/indicatori/entsoe-pret-day-ahead-ro,2026-08-30
"Preț day-ahead energie electrică (România, ENTSO-E)",2025-06-14,63.7974,EUR/MWh,RO,ENTSOE,https://web-api.tp.entsoe.eu/api,https://ecifre.ro/indicatori/entsoe-pret-day-ahead-ro,2026-08-30
"Preț day-ahead energie electrică (România, ENTSO-E)",2025-06-15,64.4729,EUR/MWh,RO,ENTSOE,https://web-api.tp.entsoe.eu/api,https://ecifre.ro/indicatori/entsoe-pret-day-ahead-ro,2026-08-30
"Preț day-ahead energie electrică (România, ENTSO-E)",2025-06-16,96.9204,EUR/MWh,RO,ENTSOE,https://web-api.tp.entsoe.eu/api,https://ecifre.ro/indicatori/entsoe-pret-day-ahead-ro,2026-08-30
"Preț day-ahead energie electrică (România, ENTSO-E)",2025-06-17,94.6354,EUR/MWh,RO,ENTSOE,https://web-api.tp.entsoe.eu/api,https://ecifre.ro/indicatori/entsoe-pret-day-ahead-ro,2026-08-30
"Preț day-ahead energie electrică (România, ENTSO-E)",2025-06-18,96.1579,EUR/MWh,RO,ENTSOE,https://web-api.tp.entsoe.eu/api,https://ecifre.ro/indicatori/entsoe-pret-day-ahead-ro,2026-08-30
"Preț day-ahead energie electrică (România, ENTSO-E)",2025-06-19,92.8050,EUR/MWh,RO,ENTSOE,https://web-api.tp.entsoe.eu/api,https://ecifre.ro/indicatori/entsoe-pret-day-ahead-ro,2026-08-30
"Preț day-ahead energie electrică (România, ENTSO-E)",2025-06-20,89.2263,EUR/MWh,RO,ENTSOE,https://web-api.tp.entsoe.eu/api,https://ecifre.ro/indicatori/entsoe-pret-day-ahead-ro,2026-08-30
"Preț day-ahead energie electrică (România, ENTSO-E)",2025-06-21,94.3485,EUR/MWh,RO,ENTSOE,https://web-api.tp.entsoe.eu/api,https://ecifre.ro/indicatori/entsoe-pret-day-ahead-ro,2026-08-30
"Preț day-ahead energie electrică (România, ENTSO-E)",2025-06-22,59.5055,EUR/MWh,RO,ENTSOE,https://web-api.tp.entsoe.eu/api,https://ecifre.ro/indicatori/entsoe-pret-day-ahead-ro,2026-08-30
"Preț day-ahead energie electrică (România, ENTSO-E)",2025-06-23,99.0604,EUR/MWh,RO,ENTSOE,https://web-api.tp.entsoe.eu/api,https://ecifre.ro/indicatori/entsoe-pret-day-ahead-ro,2026-08-30
"Preț day-ahead energie electrică (România, ENTSO-E)",2025-06-24,95.5671,EUR/MWh,RO,ENTSOE,https://web-api.tp.entsoe.eu/api,https://ecifre.ro/indicatori/entsoe-pret-day-ahead-ro,2026-08-30
"Preț day-ahead energie electrică (România, ENTSO-E)",2025-06-25,104.4483,EUR/MWh,RO,ENTSOE,https://web-api.tp.entsoe.eu/api,https://ecifre.ro/indicatori/entsoe-pret-day-ahead-ro,2026-08-30
"Preț day-ahead energie electrică (România, ENTSO-E)",2025-06-26,119.7329,EUR/MWh,RO,ENTSOE,https://web-api.tp.entsoe.eu/api,https://ecifre.ro/indicatori/entsoe-pret-day-ahead-ro,2026-08-30
"Preț day-ahead energie electrică (România, ENTSO-E)",2025-06-27,109.4896,EUR/MWh,RO,ENTSOE,https://web-api.tp.entsoe.eu/api,https://ecifre.ro/indicatori/entsoe-pret-day-ahead-ro,2026-08-30
"Preț day-ahead energie electrică (România, ENTSO-E)",2025-06-28,61.9450,EUR/MWh,RO,ENTSOE,https://web-api.tp.entsoe.eu/api,https://ecifre.ro/indicatori/entsoe-pret-day-ahead-ro,2026-08-30
"Preț day-ahead energie electrică (România, ENTSO-E)",2025-06-29,55.4754,EUR/MWh,RO,ENTSOE,https://web-api.tp.entsoe.eu/api,https://ecifre.ro/indicatori/entsoe-pret-day-ahead-ro,2026-08-30
"Preț day-ahead energie electrică (România, ENTSO-E)",2025-06-30,109.0830,EUR/MWh,RO,ENTSOE,https://web-api.tp.entsoe.eu/api,https://ecifre.ro/indicatori/entsoe-pret-day-ahead-ro,2026-08-30
"Preț day-ahead energie electrică (România, ENTSO-E)",2025-07-01,117.4604,EUR/MWh,RO,ENTSOE,https://web-api.tp.entsoe.eu/api,https://ecifre.ro/indicatori/entsoe-pret-day-ahead-ro,2026-08-30
"Preț day-ahead energie electrică (România, ENTSO-E)",2025-07-02,123.2592,EUR/MWh,RO,ENTSOE,https://web-api.tp.entsoe.eu/api,https://ecifre.ro/indicatori/entsoe-pret-day-ahead-ro,2026-08-30
"Preț day-ahead energie electrică (România, ENTSO-E)",2025-07-03,107.3963,EUR/MWh,RO,ENTSOE,https://web-api.tp.entsoe.eu/api,https://ecifre.ro/indicatori/entsoe-pret-day-ahead-ro,2026-08-30
"Preț day-ahead energie electrică (România, ENTSO-E)",2025-07-04,103.6046,EUR/MWh,RO,ENTSOE,https://web-api.tp.entsoe.eu/api,https://ecifre.ro/indicatori/entsoe-pret-day-ahead-ro,2026-08-30
"Preț day-ahead energie electrică (România, ENTSO-E)",2025-07-05,84.7291,EUR/MWh,RO,ENTSOE,https://web-api.tp.entsoe.eu/api,https://ecifre.ro/indicatori/entsoe-pret-day-ahead-ro,2026-08-30
"Preț day-ahead energie electrică (România, ENTSO-E)",2025-07-06,87.0252,EUR/MWh,RO,ENTSOE,https://web-api.tp.entsoe.eu/api,https://ecifre.ro/indicatori/entsoe-pret-day-ahead-ro,2026-08-30
"Preț day-ahead energie electrică (România, ENTSO-E)",2025-07-07,120.8857,EUR/MWh,RO,ENTSOE,https://web-api.tp.entsoe.eu/api,https://ecifre.ro/indicatori/entsoe-pret-day-ahead-ro,2026-08-30
"Preț day-ahead energie electrică (România, ENTSO-E)",2025-07-08,105.8054,EUR/MWh,RO,ENTSOE,https://web-api.tp.entsoe.eu/api,https://ecifre.ro/indicatori/entsoe-pret-day-ahead-ro,2026-08-30
"Preț day-ahead energie electrică (România, ENTSO-E)",2025-07-09,92.6821,EUR/MWh,RO,ENTSOE,https://web-api.tp.entsoe.eu/api,https://ecifre.ro/indicatori/entsoe-pret-day-ahead-ro,2026-08-30
"Preț day-ahead energie electrică (România, ENTSO-E)",2025-07-10,88.0578,EUR/MWh,RO,ENTSOE,https://web-api.tp.entsoe.eu/api,https://ecifre.ro/indicatori/entsoe-pret-day-ahead-ro,2026-08-30
"Preț day-ahead energie electrică (România, ENTSO-E)",2025-07-11,98.2346,EUR/MWh,RO,ENTSOE,https://web-api.tp.entsoe.eu/api,https://ecifre.ro/indicatori/entsoe-pret-day-ahead-ro,2026-08-30
"Preț day-ahead energie electrică (România, ENTSO-E)",2025-07-12,76.5091,EUR/MWh,RO,ENTSOE,https://web-api.tp.entsoe.eu/api,https://ecifre.ro/indicatori/entsoe-pret-day-ahead-ro,2026-08-30
"Preț day-ahead energie electrică (România, ENTSO-E)",2025-07-13,79.2510,EUR/MWh,RO,ENTSOE,https://web-api.tp.entsoe.eu/api,https://ecifre.ro/indicatori/entsoe-pret-day-ahead-ro,2026-08-30
"Preț day-ahead energie electrică (România, ENTSO-E)",2025-07-14,109.8288,EUR/MWh,RO,ENTSOE,https://web-api.tp.entsoe.eu/api,https://ecifre.ro/indicatori/entsoe-pret-day-ahead-ro,2026-08-30
"Preț day-ahead energie electrică (România, ENTSO-E)",2025-07-15,99.8579,EUR/MWh,RO,ENTSOE,https://web-api.tp.entsoe.eu/api,https://ecifre.ro/indicatori/entsoe-pret-day-ahead-ro,2026-08-30
"Preț day-ahead energie electrică (România, ENTSO-E)",2025-07-16,108.0458,EUR/MWh,RO,ENTSOE,https://web-api.tp.entsoe.eu/api,https://ecifre.ro/indicatori/entsoe-pret-day-ahead-ro,2026-08-30
"Preț day-ahead energie electrică (România, ENTSO-E)",2025-07-17,104.0165,EUR/MWh,RO,ENTSOE,https://web-api.tp.entsoe.eu/api,https://ecifre.ro/indicatori/entsoe-pret-day-ahead-ro,2026-08-30
"Preț day-ahead energie electrică (România, ENTSO-E)",2025-07-18,107.6408,EUR/MWh,RO,ENTSOE,https://web-api.tp.entsoe.eu/api,https://ecifre.ro/indicatori/entsoe-pret-day-ahead-ro,2026-08-30
"Preț day-ahead energie electrică (România, ENTSO-E)",2025-07-19,81.8383,EUR/MWh,RO,ENTSOE,https://web-api.tp.entsoe.eu/api,https://ecifre.ro/indicatori/entsoe-pret-day-ahead-ro,2026-08-30
"Preț day-ahead energie electrică (România, ENTSO-E)",2025-07-20,76.4017,EUR/MWh,RO,ENTSOE,https://web-api.tp.entsoe.eu/api,https://ecifre.ro/indicatori/entsoe-pret-day-ahead-ro,2026-08-30
"Preț day-ahead energie electrică (România, ENTSO-E)",2025-07-21,111.9683,EUR/MWh,RO,ENTSOE,https://web-api.tp.entsoe.eu/api,https://ecifre.ro/indicatori/entsoe-pret-day-ahead-ro,2026-08-30
"Preț day-ahead energie electrică (România, ENTSO-E)",2025-07-22,109.7909,EUR/MWh,RO,ENTSOE,https://web-api.tp.entsoe.eu/api,https://ecifre.ro/indicatori/entsoe-pret-day-ahead-ro,2026-08-30
"Preț day-ahead energie electrică (România, ENTSO-E)",2025-07-23,141.9217,EUR/MWh,RO,ENTSOE,https://web-api.tp.entsoe.eu/api,https://ecifre.ro/indicatori/entsoe-pret-day-ahead-ro,2026-08-30
"Preț day-ahead energie electrică (România, ENTSO-E)",2025-07-24,138.0871,EUR/MWh,RO,ENTSOE,https://web-api.tp.entsoe.eu/api,https://ecifre.ro/indicatori/entsoe-pret-day-ahead-ro,2026-08-30
"Preț day-ahead energie electrică (România, ENTSO-E)",2025-07-25,142.7058,EUR/MWh,RO,ENTSOE,https://web-api.tp.entsoe.eu/api,https://ecifre.ro/indicatori/entsoe-pret-day-ahead-ro,2026-08-30
"Preț day-ahead energie electrică (România, ENTSO-E)",2025-07-26,111.7957,EUR/MWh,RO,ENTSOE,https://web-api.tp.entsoe.eu/api,https://ecifre.ro/indicatori/entsoe-pret-day-ahead-ro,2026-08-30
"Preț day-ahead energie electrică (România, ENTSO-E)",2025-07-27,94.2750,EUR/MWh,RO,ENTSOE,https://web-api.tp.entsoe.eu/api,https://ecifre.ro/indicatori/entsoe-pret-day-ahead-ro,2026-08-30
"Preț day-ahead energie electrică (România, ENTSO-E)",2025-07-28,115.9904,EUR/MWh,RO,ENTSOE,https://web-api.tp.entsoe.eu/api,https://ecifre.ro/indicatori/entsoe-pret-day-ahead-ro,2026-08-30
"Preț day-ahead energie electrică (România, ENTSO-E)",2025-07-29,100.6554,EUR/MWh,RO,ENTSOE,https://web-api.tp.entsoe.eu/api,https://ecifre.ro/indicatori/entsoe-pret-day-ahead-ro,2026-08-30
"Preț day-ahead energie electrică (România, ENTSO-E)",2025-07-30,94.4450,EUR/MWh,RO,ENTSOE,https://web-api.tp.entsoe.eu/api,https://ecifre.ro/indicatori/entsoe-pret-day-ahead-ro,2026-08-30
"Preț day-ahead energie electrică (România, ENTSO-E)",2025-07-31,98.4329,EUR/MWh,RO,ENTSOE,https://web-api.tp.entsoe.eu/api,https://ecifre.ro/indicatori/entsoe-pret-day-ahead-ro,2026-08-30
"Preț day-ahead energie electrică (România, ENTSO-E)",2025-08-01,104.7779,EUR/MWh,RO,ENTSOE,https://web-api.tp.entsoe.eu/api,https://ecifre.ro/indicatori/entsoe-pret-day-ahead-ro,2026-08-30
"Preț day-ahead energie electrică (România, ENTSO-E)",2025-08-02,75.0191,EUR/MWh,RO,ENTSOE,https://web-api.tp.entsoe.eu/api,https://ecifre.ro/indicatori/entsoe-pret-day-ahead-ro,2026-08-30
"Preț day-ahead energie electrică (România, ENTSO-E)",2025-08-03,53.4758,EUR/MWh,RO,ENTSOE,https://web-api.tp.entsoe.eu/api,https://ecifre.ro/indicatori/entsoe-pret-day-ahead-ro,2026-08-30
"Preț day-ahead energie electrică (România, ENTSO-E)",2025-08-04,84.2350,EUR/MWh,RO,ENTSOE,https://web-api.tp.entsoe.eu/api,https://ecifre.ro/indicatori/entsoe-pret-day-ahead-ro,2026-08-30
"Preț day-ahead energie electrică (România, ENTSO-E)",2025-08-05,66.0146,EUR/MWh,RO,ENTSOE,https://web-api.tp.entsoe.eu/api,https://ecifre.ro/indicatori/entsoe-pret-day-ahead-ro,2026-08-30
"Preț day-ahead energie electrică (România, ENTSO-E)",2025-08-06,76.6533,EUR/MWh,RO,ENTSOE,https://web-api.tp.entsoe.eu/api,https://ecifre.ro/indicatori/entsoe-pret-day-ahead-ro,2026-08-30
"Preț day-ahead energie electrică (România, ENTSO-E)",2025-08-07,69.0709,EUR/MWh,RO,ENTSOE,https://web-api.tp.entsoe.eu/api,https://ecifre.ro/indicatori/entsoe-pret-day-ahead-ro,2026-08-30
"Preț day-ahead energie electrică (România, ENTSO-E)",2025-08-08,79.4235,EUR/MWh,RO,ENTSOE,https://web-api.tp.entsoe.eu/api,https://ecifre.ro/indicatori/entsoe-pret-day-ahead-ro,2026-08-30
"Preț day-ahead energie electrică (România, ENTSO-E)",2025-08-09,70.6246,EUR/MWh,RO,ENTSOE,https://web-api.tp.entsoe.eu/api,https://ecifre.ro/indicatori/entsoe-pret-day-ahead-ro,2026-08-30
"Preț day-ahead energie electrică (România, ENTSO-E)",2025-08-10,51.1042,EUR/MWh,RO,ENTSOE,https://web-api.tp.entsoe.eu/api,https://ecifre.ro/indicatori/entsoe-pret-day-ahead-ro,2026-08-30
"Preț day-ahead energie electrică (România, ENTSO-E)",2025-08-11,84.9245,EUR/MWh,RO,ENTSOE,https://web-api.tp.entsoe.eu/api,https://ecifre.ro/indicatori/entsoe-pret-day-ahead-ro,2026-08-30
"Preț day-ahead energie electrică (România, ENTSO-E)",2025-08-12,86.0900,EUR/MWh,RO,ENTSOE,https://web-api.tp.entsoe.eu/api,https://ecifre.ro/indicatori/entsoe-pret-day-ahead-ro,2026-08-30
"Preț day-ahead energie electrică (România, ENTSO-E)",2025-08-13,89.9204,EUR/MWh,RO,ENTSOE,https://web-api.tp.entsoe.eu/api,https://ecifre.ro/indicatori/entsoe-pret-day-ahead-ro,2026-08-30
"Preț day-ahead energie electrică (România, ENTSO-E)",2025-08-14,100.5239,EUR/MWh,RO,ENTSOE,https://web-api.tp.entsoe.eu/api,https://ecifre.ro/indicatori/entsoe-pret-day-ahead-ro,2026-08-30
"Preț day-ahead energie electrică (România, ENTSO-E)",2025-08-15,75.8391,EUR/MWh,RO,ENTSOE,https://web-api.tp.entsoe.eu/api,https://ecifre.ro/indicatori/entsoe-pret-day-ahead-ro,2026-08-30
"Preț day-ahead energie electrică (România, ENTSO-E)",2025-08-16,79.1939,EUR/MWh,RO,ENTSOE,https://web-api.tp.entsoe.eu/api,https://ecifre.ro/indicatori/entsoe-pret-day-ahead-ro,2026-08-30
"Preț day-ahead energie electrică (România, ENTSO-E)",2025-08-17,60.4825,EUR/MWh,RO,ENTSOE,https://web-api.tp.entsoe.eu/api,https://ecifre.ro/indicatori/entsoe-pret-day-ahead-ro,2026-08-30
"Preț day-ahead energie electrică (România, ENTSO-E)",2025-08-18,91.7892,EUR/MWh,RO,ENTSOE,https://web-api.tp.entsoe.eu/api,https://ecifre.ro/indicatori/entsoe-pret-day-ahead-ro,2026-08-30
"Preț day-ahead energie electrică (România, ENTSO-E)",2025-08-19,93.7667,EUR/MWh,RO,ENTSOE,https://web-api.tp.entsoe.eu/api,https://ecifre.ro/indicatori/entsoe-pret-day-ahead-ro,2026-08-30
"Preț day-ahead energie electrică (România, ENTSO-E)",2025-08-20,86.3717,EUR/MWh,RO,ENTSOE,https://web-api.tp.entsoe.eu/api,https://ecifre.ro/indicatori/entsoe-pret-day-ahead-ro,2026-08-30
"Preț day-ahead energie electrică (România, ENTSO-E)",2025-08-21,97.9046,EUR/MWh,RO,ENTSOE,https://web-api.tp.entsoe.eu/api,https://ecifre.ro/indicatori/entsoe-pret-day-ahead-ro,2026-08-30
"Preț day-ahead energie electrică (România, ENTSO-E)",2025-08-22,66.4288,EUR/MWh,RO,ENTSOE,https://web-api.tp.entsoe.eu/api,https://ecifre.ro/indicatori/entsoe-pret-day-ahead-ro,2026-08-30
"Preț day-ahead energie electrică (România, ENTSO-E)",2025-08-23,71.1671,EUR/MWh,RO,ENTSOE,https://web-api.tp.entsoe.eu/api,https://ecifre.ro/indicatori/entsoe-pret-day-ahead-ro,2026-08-30
"Preț day-ahead energie electrică (România, ENTSO-E)",2025-08-24,61.0221,EUR/MWh,RO,ENTSOE,https://web-api.tp.entsoe.eu/api,https://ecifre.ro/indicatori/entsoe-pret-day-ahead-ro,2026-08-30
"Preț day-ahead energie electrică (România, ENTSO-E)",2025-08-25,88.9879,EUR/MWh,RO,ENTSOE,https://web-api.tp.entsoe.eu/api,https://ecifre.ro/indicatori/entsoe-pret-day-ahead-ro,2026-08-30
"Preț day-ahead energie electrică (România, ENTSO-E)",2025-08-26,95.2108,EUR/MWh,RO,ENTSOE,https://web-api.tp.entsoe.eu/api,https://ecifre.ro/indicatori/entsoe-pret-day-ahead-ro,2026-08-30
"Preț day-ahead energie electrică (România, ENTSO-E)",2025-08-27,98.0358,EUR/MWh,RO,ENTSOE,https://web-api.tp.entsoe.eu/api,https://ecifre.ro/indicatori/entsoe-pret-day-ahead-ro,2026-08-30
"Preț day-ahead energie electrică (România, ENTSO-E)",2025-08-28,80.6617,EUR/MWh,RO,ENTSOE,https://web-api.tp.entsoe.eu/api,https://ecifre.ro/indicatori/entsoe-pret-day-ahead-ro,2026-08-30
"Preț day-ahead energie electrică (România, ENTSO-E)",2025-08-29,86.1204,EUR/MWh,RO,ENTSOE,https://web-api.tp.entsoe.eu/api,https://ecifre.ro/indicatori/entsoe-pret-day-ahead-ro,2026-08-30
"Preț day-ahead energie electrică (România, ENTSO-E)",2025-08-30,79.3832,EUR/MWh,RO,ENTSOE,https://web-api.tp.entsoe.eu/api,https://ecifre.ro/indicatori/entsoe-pret-day-ahead-ro,2026-08-30
"Preț day-ahead energie electrică (România, ENTSO-E)",2025-08-31,57.9371,EUR/MWh,RO,ENTSOE,https://web-api.tp.entsoe.eu/api,https://ecifre.ro/indicatori/entsoe-pret-day-ahead-ro,2026-08-30
"Preț day-ahead energie electrică (România, ENTSO-E)",2025-09-01,100.4000,EUR/MWh,RO,ENTSOE,https://web-api.tp.entsoe.eu/api,https://ecifre.ro/indicatori/entsoe-pret-day-ahead-ro,2026-08-30
"Preț day-ahead energie electrică (România, ENTSO-E)",2025-09-02,106.2509,EUR/MWh,RO,ENTSOE,https://web-api.tp.entsoe.eu/api,https://ecifre.ro/indicatori/entsoe-pret-day-ahead-ro,2026-08-30
"Preț day-ahead energie electrică (România, ENTSO-E)",2025-09-03,93.2546,EUR/MWh,RO,ENTSOE,https://web-api.tp.entsoe.eu/api,https://ecifre.ro/indicatori/entsoe-pret-day-ahead-ro,2026-08-30
"Preț day-ahead energie electrică (România, ENTSO-E)",2025-09-04,100.8954,EUR/MWh,RO,ENTSOE,https://web-api.tp.entsoe.eu/api,https://ecifre.ro/indicatori/entsoe-pret-day-ahead-ro,2026-08-30
"Preț day-ahead energie electrică (România, ENTSO-E)",2025-09-05,110.7992,EUR/MWh,RO,ENTSOE,https://web-api.tp.entsoe.eu/api,https://ecifre.ro/indicatori/entsoe-pret-day-ahead-ro,2026-08-30
"Preț day-ahead energie electrică (România, ENTSO-E)",2025-09-06,87.0538,EUR/MWh,RO,ENTSOE,https://web-api.tp.entsoe.eu/api,https://ecifre.ro/indicatori/entsoe-pret-day-ahead-ro,2026-08-30
"Preț day-ahead energie electrică (România, ENTSO-E)",2025-09-07,52.8650,EUR/MWh,RO,ENTSOE,https://web-api.tp.entsoe.eu/api,https://ecifre.ro/indicatori/entsoe-pret-day-ahead-ro,2026-08-30
"Preț day-ahead energie electrică (România, ENTSO-E)",2025-09-08,128.7546,EUR/MWh,RO,ENTSOE,https://web-api.tp.entsoe.eu/api,https://ecifre.ro/indicatori/entsoe-pret-day-ahead-ro,2026-08-30
"Preț day-ahead energie electrică (România, ENTSO-E)",2025-09-09,142.1633,EUR/MWh,RO,ENTSOE,https://web-api.tp.entsoe.eu/api,https://ecifre.ro/indicatori/entsoe-pret-day-ahead-ro,2026-08-30
"Preț day-ahead energie electrică (România, ENTSO-E)",2025-09-10,123.2113,EUR/MWh,RO,ENTSOE,https://web-api.tp.entsoe.eu/api,https://ecifre.ro/indicatori/entsoe-pret-day-ahead-ro,2026-08-30
"Preț day-ahead energie electrică (România, ENTSO-E)",2025-09-11,123.5638,EUR/MWh,RO,ENTSOE,https://web-api.tp.entsoe.eu/api,https://ecifre.ro/indicatori/entsoe-pret-day-ahead-ro,2026-08-30
"Preț day-ahead energie electrică (România, ENTSO-E)",2025-09-12,110.2679,EUR/MWh,RO,ENTSOE,https://web-api.tp.entsoe.eu/api,https://ecifre.ro/indicatori/entsoe-pret-day-ahead-ro,2026-08-30
"Preț day-ahead energie electrică (România, ENTSO-E)",2025-09-13,75.5586,EUR/MWh,RO,ENTSOE,https://web-api.tp.entsoe.eu/api,https://ecifre.ro/indicatori/entsoe-pret-day-ahead-ro,2026-08-30
"Preț day-ahead energie electrică (România, ENTSO-E)",2025-09-14,61.0417,EUR/MWh,RO,ENTSOE,https://web-api.tp.entsoe.eu/api,https://ecifre.ro/indicatori/entsoe-pret-day-ahead-ro,2026-08-30
"Preț day-ahead energie electrică (România, ENTSO-E)",2025-09-15,100.0183,EUR/MWh,RO,ENTSOE,https://web-api.tp.entsoe.eu/api,https://ecifre.ro/indicatori/entsoe-pret-day-ahead-ro,2026-08-30
"Preț day-ahead energie electrică (România, ENTSO-E)",2025-09-16,106.5613,EUR/MWh,RO,ENTSOE,https://web-api.tp.entsoe.eu/api,https://ecifre.ro/indicatori/entsoe-pret-day-ahead-ro,2026-08-30
"Preț day-ahead energie electrică (România, ENTSO-E)",2025-09-17,86.5167,EUR/MWh,RO,ENTSOE,https://web-api.tp.entsoe.eu/api,https://ecifre.ro/indicatori/entsoe-pret-day-ahead-ro,2026-08-30
"Preț day-ahead energie electrică (România, ENTSO-E)",2025-09-18,78.3414,EUR/MWh,RO,ENTSOE,https://web-api.tp.entsoe.eu/api,https://ecifre.ro/indicatori/entsoe-pret-day-ahead-ro,2026-08-30
"Preț day-ahead energie electrică (România, ENTSO-E)",2025-09-19,98.1545,EUR/MWh,RO,ENTSOE,https://web-api.tp.entsoe.eu/api,https://ecifre.ro/indicatori/entsoe-pret-day-ahead-ro,2026-08-30
"Preț day-ahead energie electrică (România, ENTSO-E)",2025-09-20,60.8817,EUR/MWh,RO,ENTSOE,https://web-api.tp.entsoe.eu/api,https://ecifre.ro/indicatori/entsoe-pret-day-ahead-ro,2026-08-30
"Preț day-ahead energie electrică (România, ENTSO-E)",2025-09-21,39.0478,EUR/MWh,RO,ENTSOE,https://web-api.tp.entsoe.eu/api,https://ecifre.ro/indicatori/entsoe-pret-day-ahead-ro,2026-08-30
"Preț day-ahead energie electrică (România, ENTSO-E)",2025-09-22,81.4450,EUR/MWh,RO,ENTSOE,https://web-api.tp.entsoe.eu/api,https://ecifre.ro/indicatori/entsoe-pret-day-ahead-ro,2026-08-30
"Preț day-ahead energie electrică (România, ENTSO-E)",2025-09-23,103.9308,EUR/MWh,RO,ENTSOE,https://web-api.tp.entsoe.eu/api,https://ecifre.ro/indicatori/entsoe-pret-day-ahead-ro,2026-08-30
"Preț day-ahead energie electrică (România, ENTSO-E)",2025-09-24,100.1908,EUR/MWh,RO,ENTSOE,https://web-api.tp.entsoe.eu/api,https://ecifre.ro/indicatori/entsoe-pret-day-ahead-ro,2026-08-30
"Preț day-ahead energie electrică (România, ENTSO-E)",2025-09-25,85.1304,EUR/MWh,RO,ENTSOE,https://web-api.tp.entsoe.eu/api,https://ecifre.ro/indicatori/entsoe-pret-day-ahead-ro,2026-08-30
"Preț day-ahead energie electrică (România, ENTSO-E)",2025-09-26,100.0583,EUR/MWh,RO,ENTSOE,https://web-api.tp.entsoe.eu/api,https://ecifre.ro/indicatori/entsoe-pret-day-ahead-ro,2026-08-30
"Preț day-ahead energie electrică (România, ENTSO-E)",2025-09-27,95.2000,EUR/MWh,RO,ENTSOE,https://web-api.tp.entsoe.eu/api,https://ecifre.ro/indicatori/entsoe-pret-day-ahead-ro,2026-08-30
"Preț day-ahead energie electrică (România, ENTSO-E)",2025-09-28,98.9296,EUR/MWh,RO,ENTSOE,https://web-api.tp.entsoe.eu/api,https://ecifre.ro/indicatori/entsoe-pret-day-ahead-ro,2026-08-30
"Preț day-ahead energie electrică (România, ENTSO-E)",2025-09-29,142.3029,EUR/MWh,RO,ENTSOE,https://web-api.tp.entsoe.eu/api,https://ecifre.ro/indicatori/entsoe-pret-day-ahead-ro,2026-08-30
"Preț day-ahead energie electrică (România, ENTSO-E)",2025-09-30,153.3934,EUR/MWh,RO,ENTSOE,https://web-api.tp.entsoe.eu/api,https://ecifre.ro/indicatori/entsoe-pret-day-ahead-ro,2026-08-30
"Preț day-ahead energie electrică (România, ENTSO-E)",2025-10-01,123.2211,EUR/MWh,RO,ENTSOE,https://web-api.tp.entsoe.eu/api,https://ecifre.ro/indicatori/entsoe-pret-day-ahead-ro,2026-08-30
"Preț day-ahead energie electrică (România, ENTSO-E)",2025-10-02,119.3285,EUR/MWh,RO,ENTSOE,https://web-api.tp.entsoe.eu/api,https://ecifre.ro/indicatori/entsoe-pret-day-ahead-ro,2026-08-30
"Preț day-ahead energie electrică (România, ENTSO-E)",2025-10-03,100.9970,EUR/MWh,RO,ENTSOE,https://web-api.tp.entsoe.eu/api,https://ecifre.ro/indicatori/entsoe-pret-day-ahead-ro,2026-08-30
"Preț day-ahead energie electrică (România, ENTSO-E)",2025-10-04,94.2965,EUR/MWh,RO,ENTSOE,https://web-api.tp.entsoe.eu/api,https://ecifre.ro/indicatori/entsoe-pret-day-ahead-ro,2026-08-30
"Preț day-ahead energie electrică (România, ENTSO-E)",2025-10-05,69.3650,EUR/MWh,RO,ENTSOE,https://web-api.tp.entsoe.eu/api,https://ecifre.ro/indicatori/entsoe-pret-day-ahead-ro,2026-08-30
"Preț day-ahead energie electrică (România, ENTSO-E)",2025-10-06,141.5432,EUR/MWh,RO,ENTSOE,https://web-api.tp.entsoe.eu/api,https://ecifre.ro/indicatori/entsoe-pret-day-ahead-ro,2026-08-30
"Preț day-ahead energie electrică (România, ENTSO-E)",2025-10-07,139.2266,EUR/MWh,RO,ENTSOE,https://web-api.tp.entsoe.eu/api,https://ecifre.ro/indicatori/entsoe-pret-day-ahead-ro,2026-08-30
"Preț day-ahead energie electrică (România, ENTSO-E)",2025-10-08,120.6914,EUR/MWh,RO,ENTSOE,https://web-api.tp.entsoe.eu/api,https://ecifre.ro/indicatori/entsoe-pret-day-ahead-ro,2026-08-30
"Preț day-ahead energie electrică (România, ENTSO-E)",2025-10-09,126.9397,EUR/MWh,RO,ENTSOE,https://web-api.tp.entsoe.eu/api,https://ecifre.ro/indicatori/entsoe-pret-day-ahead-ro,2026-08-30
"Preț day-ahead energie electrică (România, ENTSO-E)",2025-10-10,130.8561,EUR/MWh,RO,ENTSOE,https://web-api.tp.entsoe.eu/api,https://ecifre.ro/indicatori/entsoe-pret-day-ahead-ro,2026-08-30
"Preț day-ahead energie electrică (România, ENTSO-E)",2025-10-11,88.1176,EUR/MWh,RO,ENTSOE,https://web-api.tp.entsoe.eu/api,https://ecifre.ro/indicatori/entsoe-pret-day-ahead-ro,2026-08-30
"Preț day-ahead energie electrică (România, ENTSO-E)",2025-10-12,93.6871,EUR/MWh,RO,ENTSOE,https://web-api.tp.entsoe.eu/api,https://ecifre.ro/indicatori/entsoe-pret-day-ahead-ro,2026-08-30
"Preț day-ahead energie electrică (România, ENTSO-E)",2025-10-13,169.7302,EUR/MWh,RO,ENTSOE,https://web-api.tp.entsoe.eu/api,https://ecifre.ro/indicatori/entsoe-pret-day-ahead-ro,2026-08-30
"Preț day-ahead energie electrică (România, ENTSO-E)",2025-10-14,189.0269,EUR/MWh,RO,ENTSOE,https://web-api.tp.entsoe.eu/api,https://ecifre.ro/indicatori/entsoe-pret-day-ahead-ro,2026-08-30
"Preț day-ahead energie electrică (România, ENTSO-E)",2025-10-15,181.2096,EUR/MWh,RO,ENTSOE,https://web-api.tp.entsoe.eu/api,https://ecifre.ro/indicatori/entsoe-pret-day-ahead-ro,2026-08-30
"Preț day-ahead energie electrică (România, ENTSO-E)",2025-10-16,131.3001,EUR/MWh,RO,ENTSOE,https://web-api.tp.entsoe.eu/api,https://ecifre.ro/indicatori/entsoe-pret-day-ahead-ro,2026-08-30
"Preț day-ahead energie electrică (România, ENTSO-E)",2025-10-17,127.2729,EUR/MWh,RO,ENTSOE,https://web-api.tp.entsoe.eu/api,https://ecifre.ro/indicatori/entsoe-pret-day-ahead-ro,2026-08-30
"Preț day-ahead energie electrică (România, ENTSO-E)",2025-10-18,117.2793,EUR/MWh,RO,ENTSOE,https://web-api.tp.entsoe.eu/api,https://ecifre.ro/indicatori/entsoe-pret-day-ahead-ro,2026-08-30
"Preț day-ahead energie electrică (România, ENTSO-E)",2025-10-19,100.2409,EUR/MWh,RO,ENTSOE,https://web-api.tp.entsoe.eu/api,https://ecifre.ro/indicatori/entsoe-pret-day-ahead-ro,2026-08-30
"Preț day-ahead energie electrică (România, ENTSO-E)",2025-10-20,159.8875,EUR/MWh,RO,ENTSOE,https://web-api.tp.entsoe.eu/api,https://ecifre.ro/indicatori/entsoe-pret-day-ahead-ro,2026-08-30
"Preț day-ahead energie electrică (România, ENTSO-E)",2025-10-21,148.7915,EUR/MWh,RO,ENTSOE,https://web-api.tp.entsoe.eu/api,https://ecifre.ro/indicatori/entsoe-pret-day-ahead-ro,2026-08-30
"Preț day-ahead energie electrică (România, ENTSO-E)",2025-10-22,138.4380,EUR/MWh,RO,ENTSOE,https://web-api.tp.entsoe.eu/api,https://ecifre.ro/indicatori/entsoe-pret-day-ahead-ro,2026-08-30
"Preț day-ahead energie electrică (România, ENTSO-E)",2025-10-23,107.8264,EUR/MWh,RO,ENTSOE,https://web-api.tp.entsoe.eu/api,https://ecifre.ro/indicatori/entsoe-pret-day-ahead-ro,2026-08-30
"Preț day-ahead energie electrică (România, ENTSO-E)",2025-10-24,98.7611,EUR/MWh,RO,ENTSOE,https://web-api.tp.entsoe.eu/api,https://ecifre.ro/indicatori/entsoe-pret-day-ahead-ro,2026-08-30
"Preț day-ahead energie electrică (România, ENTSO-E)",2025-10-25,98.3574,EUR/MWh,RO,ENTSOE,https://web-api.tp.entsoe.eu/api,https://ecifre.ro/indicatori/entsoe-pret-day-ahead-ro,2026-08-30
"Preț day-ahead energie electrică (România, ENTSO-E)",2025-10-26,70.7663,EUR/MWh,RO,ENTSOE,https://web-api.tp.entsoe.eu/api,https://ecifre.ro/indicatori/entsoe-pret-day-ahead-ro,2026-08-30
"Preț day-ahead energie electrică (România, ENTSO-E)",2025-10-27,115.6085,EUR/MWh,RO,ENTSOE,https://web-api.tp.entsoe.eu/api,https://ecifre.ro/indicatori/entsoe-pret-day-ahead-ro,2026-08-30
"Preț day-ahead energie electrică (România, ENTSO-E)",2025-10-28,116.6450,EUR/MWh,RO,ENTSOE,https://web-api.tp.entsoe.eu/api,https://ecifre.ro/indicatori/entsoe-pret-day-ahead-ro,2026-08-30
"Preț day-ahead energie electrică (România, ENTSO-E)",2025-10-29,105.3565,EUR/MWh,RO,ENTSOE,https://web-api.tp.entsoe.eu/api,https://ecifre.ro/indicatori/entsoe-pret-day-ahead-ro,2026-08-30
"Preț day-ahead energie electrică (România, ENTSO-E)",2025-10-30,116.3821,EUR/MWh,RO,ENTSOE,https://web-api.tp.entsoe.eu/api,https://ecifre.ro/indicatori/entsoe-pret-day-ahead-ro,2026-08-30
"Preț day-ahead energie electrică (România, ENTSO-E)",2025-10-31,137.7800,EUR/MWh,RO,ENTSOE,https://web-api.tp.entsoe.eu/api,https://ecifre.ro/indicatori/entsoe-pret-day-ahead-ro,2026-08-30
"Preț day-ahead energie electrică (România, ENTSO-E)",2025-11-01,84.4652,EUR/MWh,RO,ENTSOE,https://web-api.tp.entsoe.eu/api,https://ecifre.ro/indicatori/entsoe-pret-day-ahead-ro,2026-08-30
"Preț day-ahead energie electrică (România, ENTSO-E)",2025-11-02,82.3460,EUR/MWh,RO,ENTSOE,https://web-api.tp.entsoe.eu/api,https://ecifre.ro/indicatori/entsoe-pret-day-ahead-ro,2026-08-30
"Preț day-ahead energie electrică (România, ENTSO-E)",2025-11-03,127.3113,EUR/MWh,RO,ENTSOE,https://web-api.tp.entsoe.eu/api,https://ecifre.ro/indicatori/entsoe-pret-day-ahead-ro,2026-08-30
"Preț day-ahead energie electrică (România, ENTSO-E)",2025-11-04,127.1710,EUR/MWh,RO,ENTSOE,https://web-api.tp.entsoe.eu/api,https://ecifre.ro/indicatori/entsoe-pret-day-ahead-ro,2026-08-30
"Preț day-ahead energie electrică (România, ENTSO-E)",2025-11-05,124.6506,EUR/MWh,RO,ENTSOE,https://web-api.tp.entsoe.eu/api,https://ecifre.ro/indicatori/entsoe-pret-day-ahead-ro,2026-08-30
"Preț day-ahead energie electrică (România, ENTSO-E)",2025-11-06,134.4513,EUR/MWh,RO,ENTSOE,https://web-api.tp.entsoe.eu/api,https://ecifre.ro/indicatori/entsoe-pret-day-ahead-ro,2026-08-30
"Preț day-ahead energie electrică (România, ENTSO-E)",2025-11-07,135.1740,EUR/MWh,RO,ENTSOE,https://web-api.tp.entsoe.eu/api,https://ecifre.ro/indicatori/entsoe-pret-day-ahead-ro,2026-08-30
"Preț day-ahead energie electrică (România, ENTSO-E)",2025-11-08,112.4423,EUR/MWh,RO,ENTSOE,https://web-api.tp.entsoe.eu/api,https://ecifre.ro/indicatori/entsoe-pret-day-ahead-ro,2026-08-30
"Preț day-ahead energie electrică (România, ENTSO-E)",2025-11-09,105.3856,EUR/MWh,RO,ENTSOE,https://web-api.tp.entsoe.eu/api,https://ecifre.ro/indicatori/entsoe-pret-day-ahead-ro,2026-08-30
"Preț day-ahead energie electrică (România, ENTSO-E)",2025-11-10,127.5499,EUR/MWh,RO,ENTSOE,https://web-api.tp.entsoe.eu/api,https://ecifre.ro/indicatori/entsoe-pret-day-ahead-ro,2026-08-30
"Preț day-ahead energie electrică (România, ENTSO-E)",2025-11-11,119.6902,EUR/MWh,RO,ENTSOE,https://web-api.tp.entsoe.eu/api,https://ecifre.ro/indicatori/entsoe-pret-day-ahead-ro,2026-08-30
"Preț day-ahead energie electrică (România, ENTSO-E)",2025-11-12,136.8106,EUR/MWh,RO,ENTSOE,https://web-api.tp.entsoe.eu/api,https://ecifre.ro/indicatori/entsoe-pret-day-ahead-ro,2026-08-30
"Preț day-ahead energie electrică (România, ENTSO-E)",2025-11-13,156.4106,EUR/MWh,RO,ENTSOE,https://web-api.tp.entsoe.eu/api,https://ecifre.ro/indicatori/entsoe-pret-day-ahead-ro,2026-08-30
"Preț day-ahead energie electrică (România, ENTSO-E)",2025-11-14,132.6375,EUR/MWh,RO,ENTSOE,https://web-api.tp.entsoe.eu/api,https://ecifre.ro/indicatori/entsoe-pret-day-ahead-ro,2026-08-30
"Preț day-ahead energie electrică (România, ENTSO-E)",2025-11-15,115.4459,EUR/MWh,RO,ENTSOE,https://web-api.tp.entsoe.eu/api,https://ecifre.ro/indicatori/entsoe-pret-day-ahead-ro,2026-08-30
"Preț day-ahead energie electrică (România, ENTSO-E)",2025-11-16,108.5833,EUR/MWh,RO,ENTSOE,https://web-api.tp.entsoe.eu/api,https://ecifre.ro/indicatori/entsoe-pret-day-ahead-ro,2026-08-30
"Preț day-ahead energie electrică (România, ENTSO-E)",2025-11-17,106.7601,EUR/MWh,RO,ENTSOE,https://web-api.tp.entsoe.eu/api,https://ecifre.ro/indicatori/entsoe-pret-day-ahead-ro,2026-08-30
"Preț day-ahead energie electrică (România, ENTSO-E)",2025-11-18,108.6006,EUR/MWh,RO,ENTSOE,https://web-api.tp.entsoe.eu/api,https://ecifre.ro/indicatori/entsoe-pret-day-ahead-ro,2026-08-30
"Preț day-ahead energie electrică (România, ENTSO-E)",2025-11-19,128.6973,EUR/MWh,RO,ENTSOE,https://web-api.tp.entsoe.eu/api,https://ecifre.ro/indicatori/entsoe-pret-day-ahead-ro,2026-08-30
"Preț day-ahead energie electrică (România, ENTSO-E)",2025-11-20,133.6688,EUR/MWh,RO,ENTSOE,https://web-api.tp.entsoe.eu/api,https://ecifre.ro/indicatori/entsoe-pret-day-ahead-ro,2026-08-30
"Preț day-ahead energie electrică (România, ENTSO-E)",2025-11-21,136.8218,EUR/MWh,RO,ENTSOE,https://web-api.tp.entsoe.eu/api,https://ecifre.ro/indicatori/entsoe-pret-day-ahead-ro,2026-08-30
"Preț day-ahead energie electrică (România, ENTSO-E)",2025-11-22,107.9270,EUR/MWh,RO,ENTSOE,https://web-api.tp.entsoe.eu/api,https://ecifre.ro/indicatori/entsoe-pret-day-ahead-ro,2026-08-30
"Preț day-ahead energie electrică (România, ENTSO-E)",2025-11-23,99.5154,EUR/MWh,RO,ENTSOE,https://web-api.tp.entsoe.eu/api,https://ecifre.ro/indicatori/entsoe-pret-day-ahead-ro,2026-08-30
"Preț day-ahead energie electrică (România, ENTSO-E)",2025-11-24,134.5226,EUR/MWh,RO,ENTSOE,https://web-api.tp.entsoe.eu/api,https://ecifre.ro/indicatori/entsoe-pret-day-ahead-ro,2026-08-30
"Preț day-ahead energie electrică (România, ENTSO-E)",2025-11-25,146.7180,EUR/MWh,RO,ENTSOE,https://web-api.tp.entsoe.eu/api,https://ecifre.ro/indicatori/entsoe-pret-day-ahead-ro,2026-08-30
"Preț day-ahead energie electrică (România, ENTSO-E)",2025-11-26,157.0035,EUR/MWh,RO,ENTSOE,https://web-api.tp.entsoe.eu/api,https://ecifre.ro/indicatori/entsoe-pret-day-ahead-ro,2026-08-30
"Preț day-ahead energie electrică (România, ENTSO-E)",2025-11-27,116.3436,EUR/MWh,RO,ENTSOE,https://web-api.tp.entsoe.eu/api,https://ecifre.ro/indicatori/entsoe-pret-day-ahead-ro,2026-08-30
"Preț day-ahead energie electrică (România, ENTSO-E)",2025-11-28,122.7364,EUR/MWh,RO,ENTSOE,https://web-api.tp.entsoe.eu/api,https://ecifre.ro/indicatori/entsoe-pret-day-ahead-ro,2026-08-30
"Preț day-ahead energie electrică (România, ENTSO-E)",2025-11-29,110.8793,EUR/MWh,RO,ENTSOE,https://web-api.tp.entsoe.eu/api,https://ecifre.ro/indicatori/entsoe-pret-day-ahead-ro,2026-08-30
"Preț day-ahead energie electrică (România, ENTSO-E)",2025-11-30,102.5646,EUR/MWh,RO,ENTSOE,https://web-api.tp.entsoe.eu/api,https://ecifre.ro/indicatori/entsoe-pret-day-ahead-ro,2026-08-30
"Preț day-ahead energie electrică (România, ENTSO-E)",2025-12-01,154.9445,EUR/MWh,RO,ENTSOE,https://web-api.tp.entsoe.eu/api,https://ecifre.ro/indicatori/entsoe-pret-day-ahead-ro,2026-08-30
"Preț day-ahead energie electrică (România, ENTSO-E)",2025-12-02,145.2924,EUR/MWh,RO,ENTSOE,https://web-api.tp.entsoe.eu/api,https://ecifre.ro/indicatori/entsoe-pret-day-ahead-ro,2026-08-30
"Preț day-ahead energie electrică (România, ENTSO-E)",2025-12-03,164.1214,EUR/MWh,RO,ENTSOE,https://web-api.tp.entsoe.eu/api,https://ecifre.ro/indicatori/entsoe-pret-day-ahead-ro,2026-08-30
"Preț day-ahead energie electrică (România, ENTSO-E)",2025-12-04,131.4178,EUR/MWh,RO,ENTSOE,https://web-api.tp.entsoe.eu/api,https://ecifre.ro/indicatori/entsoe-pret-day-ahead-ro,2026-08-30
"Preț day-ahead energie electrică (România, ENTSO-E)",2025-12-05,124.5542,EUR/MWh,RO,ENTSOE,https://web-api.tp.entsoe.eu/api,https://ecifre.ro/indicatori/entsoe-pret-day-ahead-ro,2026-08-30
"Preț day-ahead energie electrică (România, ENTSO-E)",2025-12-06,101.4122,EUR/MWh,RO,ENTSOE,https://web-api.tp.entsoe.eu/api,https://ecifre.ro/indicatori/entsoe-pret-day-ahead-ro,2026-08-30
"Preț day-ahead energie electrică (România, ENTSO-E)",2025-12-07,92.9756,EUR/MWh,RO,ENTSOE,https://web-api.tp.entsoe.eu/api,https://ecifre.ro/indicatori/entsoe-pret-day-ahead-ro,2026-08-30
"Preț day-ahead energie electrică (România, ENTSO-E)",2025-12-08,106.0658,EUR/MWh,RO,ENTSOE,https://web-api.tp.entsoe.eu/api,https://ecifre.ro/indicatori/entsoe-pret-day-ahead-ro,2026-08-30
"Preț day-ahead energie electrică (România, ENTSO-E)",2025-12-09,114.5442,EUR/MWh,RO,ENTSOE,https://web-api.tp.entsoe.eu/api,https://ecifre.ro/indicatori/entsoe-pret-day-ahead-ro,2026-08-30
"Preț day-ahead energie electrică (România, ENTSO-E)",2025-12-10,120.3878,EUR/MWh,RO,ENTSOE,https://web-api.tp.entsoe.eu/api,https://ecifre.ro/indicatori/entsoe-pret-day-ahead-ro,2026-08-30
"Preț day-ahead energie electrică (România, ENTSO-E)",2025-12-11,117.2266,EUR/MWh,RO,ENTSOE,https://web-api.tp.entsoe.eu/api,https://ecifre.ro/indicatori/entsoe-pret-day-ahead-ro,2026-08-30
"Preț day-ahead energie electrică (România, ENTSO-E)",2025-12-12,119.5189,EUR/MWh,RO,ENTSOE,https://web-api.tp.entsoe.eu/api,https://ecifre.ro/indicatori/entsoe-pret-day-ahead-ro,2026-08-30
"Preț day-ahead energie electrică (România, ENTSO-E)",2025-12-13,105.3507,EUR/MWh,RO,ENTSOE,https://web-api.tp.entsoe.eu/api,https://ecifre.ro/indicatori/entsoe-pret-day-ahead-ro,2026-08-30
"Preț day-ahead energie electrică (România, ENTSO-E)",2025-12-14,98.2332,EUR/MWh,RO,ENTSOE,https://web-api.tp.entsoe.eu/api,https://ecifre.ro/indicatori/entsoe-pret-day-ahead-ro,2026-08-30
"Preț day-ahead energie electrică (România, ENTSO-E)",2025-12-15,132.8004,EUR/MWh,RO,ENTSOE,https://web-api.tp.entsoe.eu/api,https://ecifre.ro/indicatori/entsoe-pret-day-ahead-ro,2026-08-30
"Preț day-ahead energie electrică (România, ENTSO-E)",2025-12-16,139.6699,EUR/MWh,RO,ENTSOE,https://web-api.tp.entsoe.eu/api,https://ecifre.ro/indicatori/entsoe-pret-day-ahead-ro,2026-08-30
"Preț day-ahead energie electrică (România, ENTSO-E)",2025-12-17,130.3146,EUR/MWh,RO,ENTSOE,https://web-api.tp.entsoe.eu/api,https://ecifre.ro/indicatori/entsoe-pret-day-ahead-ro,2026-08-30
"Preț day-ahead energie electrică (România, ENTSO-E)",2025-12-18,158.7476,EUR/MWh,RO,ENTSOE,https://web-api.tp.entsoe.eu/api,https://ecifre.ro/indicatori/entsoe-pret-day-ahead-ro,2026-08-30
"Preț day-ahead energie electrică (România, ENTSO-E)",2025-12-19,131.6114,EUR/MWh,RO,ENTSOE,https://web-api.tp.entsoe.eu/api,https://ecifre.ro/indicatori/entsoe-pret-day-ahead-ro,2026-08-30
"Preț day-ahead energie electrică (România, ENTSO-E)",2025-12-20,110.2784,EUR/MWh,RO,ENTSOE,https://web-api.tp.entsoe.eu/api,https://ecifre.ro/indicatori/entsoe-pret-day-ahead-ro,2026-08-30
"Preț day-ahead energie electrică (România, ENTSO-E)",2025-12-21,105.8759,EUR/MWh,RO,ENTSOE,https://web-api.tp.entsoe.eu/api,https://ecifre.ro/indicatori/entsoe-pret-day-ahead-ro,2026-08-30
"Preț day-ahead energie electrică (România, ENTSO-E)",2025-12-22,132.5951,EUR/MWh,RO,ENTSOE,https://web-api.tp.entsoe.eu/api,https://ecifre.ro/indicatori/entsoe-pret-day-ahead-ro,2026-08-30
"Preț day-ahead energie electrică (România, ENTSO-E)",2025-12-23,120.4419,EUR/MWh,RO,ENTSOE,https://web-api.tp.entsoe.eu/api,https://ecifre.ro/indicatori/entsoe-pret-day-ahead-ro,2026-08-30
"Preț day-ahead energie electrică (România, ENTSO-E)",2025-12-24,102.2772,EUR/MWh,RO,ENTSOE,https://web-api.tp.entsoe.eu/api,https://ecifre.ro/indicatori/entsoe-pret-day-ahead-ro,2026-08-30
"Preț day-ahead energie electrică (România, ENTSO-E)",2025-12-25,87.0184,EUR/MWh,RO,ENTSOE,https://web-api.tp.entsoe.eu/api,https://ecifre.ro/indicatori/entsoe-pret-day-ahead-ro,2026-08-30
"Preț day-ahead energie electrică (România, ENTSO-E)",2025-12-26,98.2213,EUR/MWh,RO,ENTSOE,https://web-api.tp.entsoe.eu/api,https://ecifre.ro/indicatori/entsoe-pret-day-ahead-ro,2026-08-30
"Preț day-ahead energie electrică (România, ENTSO-E)",2025-12-27,97.8916,EUR/MWh,RO,ENTSOE,https://web-api.tp.entsoe.eu/api,https://ecifre.ro/indicatori/entsoe-pret-day-ahead-ro,2026-08-30
"Preț day-ahead energie electrică (România, ENTSO-E)",2025-12-28,93.6469,EUR/MWh,RO,ENTSOE,https://web-api.tp.entsoe.eu/api,https://ecifre.ro/indicatori/entsoe-pret-day-ahead-ro,2026-08-30
"Preț day-ahead energie electrică (România, ENTSO-E)",2025-12-29,107.4454,EUR/MWh,RO,ENTSOE,https://web-api.tp.entsoe.eu/api,https://ecifre.ro/indicatori/entsoe-pret-day-ahead-ro,2026-08-30
"Preț day-ahead energie electrică (România, ENTSO-E)",2025-12-30,97.3171,EUR/MWh,RO,ENTSOE,https://web-api.tp.entsoe.eu/api,https://ecifre.ro/indicatori/entsoe-pret-day-ahead-ro,2026-08-30
"Preț day-ahead energie electrică (România, ENTSO-E)",2025-12-31,98.1000,EUR/MWh,RO,ENTSOE,https://web-api.tp.entsoe.eu/api,https://ecifre.ro/indicatori/entsoe-pret-day-ahead-ro,2026-08-30
"Preț day-ahead energie electrică (România, ENTSO-E)",2026-01-01,71.3910,EUR/MWh,RO,ENTSOE,https://web-api.tp.entsoe.eu/api,https://ecifre.ro/indicatori/entsoe-pret-day-ahead-ro,2026-08-30
"Preț day-ahead energie electrică (România, ENTSO-E)",2026-01-02,85.5111,EUR/MWh,RO,ENTSOE,https://web-api.tp.entsoe.eu/api,https://ecifre.ro/indicatori/entsoe-pret-day-ahead-ro,2026-08-30
"Preț day-ahead energie electrică (România, ENTSO-E)",2026-01-03,93.3522,EUR/MWh,RO,ENTSOE,https://web-api.tp.entsoe.eu/api,https://ecifre.ro/indicatori/entsoe-pret-day-ahead-ro,2026-08-30
"Preț day-ahead energie electrică (România, ENTSO-E)",2026-01-04,95.5339,EUR/MWh,RO,ENTSOE,https://web-api.tp.entsoe.eu/api,https://ecifre.ro/indicatori/entsoe-pret-day-ahead-ro,2026-08-30
"Preț day-ahead energie electrică (România, ENTSO-E)",2026-01-05,139.2879,EUR/MWh,RO,ENTSOE,https://web-api.tp.entsoe.eu/api,https://ecifre.ro/indicatori/entsoe-pret-day-ahead-ro,2026-08-30
"Preț day-ahead energie electrică (România, ENTSO-E)",2026-01-06,128.0853,EUR/MWh,RO,ENTSOE,https://web-api.tp.entsoe.eu/api,https://ecifre.ro/indicatori/entsoe-pret-day-ahead-ro,2026-08-30
"Preț day-ahead energie electrică (România, ENTSO-E)",2026-01-07,142.2527,EUR/MWh,RO,ENTSOE,https://web-api.tp.entsoe.eu/api,https://ecifre.ro/indicatori/entsoe-pret-day-ahead-ro,2026-08-30
"Preț day-ahead energie electrică (România, ENTSO-E)",2026-01-08,169.0042,EUR/MWh,RO,ENTSOE,https://web-api.tp.entsoe.eu/api,https://ecifre.ro/indicatori/entsoe-pret-day-ahead-ro,2026-08-30
"Preț day-ahead energie electrică (România, ENTSO-E)",2026-01-09,137.9203,EUR/MWh,RO,ENTSOE,https://web-api.tp.entsoe.eu/api,https://ecifre.ro/indicatori/entsoe-pret-day-ahead-ro,2026-08-30
"Preț day-ahead energie electrică (România, ENTSO-E)",2026-01-10,124.8467,EUR/MWh,RO,ENTSOE,https://web-api.tp.entsoe.eu/api,https://ecifre.ro/indicatori/entsoe-pret-day-ahead-ro,2026-08-30
"Preț day-ahead energie electrică (România, ENTSO-E)",2026-01-11,99.8599,EUR/MWh,RO,ENTSOE,https://web-api.tp.entsoe.eu/api,https://ecifre.ro/indicatori/entsoe-pret-day-ahead-ro,2026-08-30
"Preț day-ahead energie electrică (România, ENTSO-E)",2026-01-12,203.6034,EUR/MWh,RO,ENTSOE,https://web-api.tp.entsoe.eu/api,https://ecifre.ro/indicatori/entsoe-pret-day-ahead-ro,2026-08-30
"Preț day-ahead energie electrică (România, ENTSO-E)",2026-01-13,251.2084,EUR/MWh,RO,ENTSOE,https://web-api.tp.entsoe.eu/api,https://ecifre.ro/indicatori/entsoe-pret-day-ahead-ro,2026-08-30
"Preț day-ahead energie electrică (România, ENTSO-E)",2026-01-14,189.3774,EUR/MWh,RO,ENTSOE,https://web-api.tp.entsoe.eu/api,https://ecifre.ro/indicatori/entsoe-pret-day-ahead-ro,2026-08-30
"Preț day-ahead energie electrică (România, ENTSO-E)",2026-01-15,193.1396,EUR/MWh,RO,ENTSOE,https://web-api.tp.entsoe.eu/api,https://ecifre.ro/indicatori/entsoe-pret-day-ahead-ro,2026-08-30
"Preț day-ahead energie electrică (România, ENTSO-E)",2026-01-16,152.1763,EUR/MWh,RO,ENTSOE,https://web-api.tp.entsoe.eu/api,https://ecifre.ro/indicatori/entsoe-pret-day-ahead-ro,2026-08-30
"Preț day-ahead energie electrică (România, ENTSO-E)",2026-01-17,118.9207,EUR/MWh,RO,ENTSOE,https://web-api.tp.entsoe.eu/api,https://ecifre.ro/indicatori/entsoe-pret-day-ahead-ro,2026-08-30
"Preț day-ahead energie electrică (România, ENTSO-E)",2026-01-18,116.7656,EUR/MWh,RO,ENTSOE,https://web-api.tp.entsoe.eu/api,https://ecifre.ro/indicatori/entsoe-pret-day-ahead-ro,2026-08-30
"Preț day-ahead energie electrică (România, ENTSO-E)",2026-01-19,161.8673,EUR/MWh,RO,ENTSOE,https://web-api.tp.entsoe.eu/api,https://ecifre.ro/indicatori/entsoe-pret-day-ahead-ro,2026-08-30
"Preț day-ahead energie electrică (România, ENTSO-E)",2026-01-20,187.6347,EUR/MWh,RO,ENTSOE,https://web-api.tp.entsoe.eu/api,https://ecifre.ro/indicatori/entsoe-pret-day-ahead-ro,2026-08-30
"Preț day-ahead energie electrică (România, ENTSO-E)",2026-01-21,159.9478,EUR/MWh,RO,ENTSOE,https://web-api.tp.entsoe.eu/api,https://ecifre.ro/indicatori/entsoe-pret-day-ahead-ro,2026-08-30
"Preț day-ahead energie electrică (România, ENTSO-E)",2026-01-22,281.4740,EUR/MWh,RO,ENTSOE,https://web-api.tp.entsoe.eu/api,https://ecifre.ro/indicatori/entsoe-pret-day-ahead-ro,2026-08-30
"Preț day-ahead energie electrică (România, ENTSO-E)",2026-01-23,224.7948,EUR/MWh,RO,ENTSOE,https://web-api.tp.entsoe.eu/api,https://ecifre.ro/indicatori/entsoe-pret-day-ahead-ro,2026-08-30
"Preț day-ahead energie electrică (România, ENTSO-E)",2026-01-24,139.9006,EUR/MWh,RO,ENTSOE,https://web-api.tp.entsoe.eu/api,https://ecifre.ro/indicatori/entsoe-pret-day-ahead-ro,2026-08-30
"Preț day-ahead energie electrică (România, ENTSO-E)",2026-01-25,117.5134,EUR/MWh,RO,ENTSOE,https://web-api.tp.entsoe.eu/api,https://ecifre.ro/indicatori/entsoe-pret-day-ahead-ro,2026-08-30
"Preț day-ahead energie electrică (România, ENTSO-E)",2026-01-26,149.8709,EUR/MWh,RO,ENTSOE,https://web-api.tp.entsoe.eu/api,https://ecifre.ro/indicatori/entsoe-pret-day-ahead-ro,2026-08-30
"Preț day-ahead energie electrică (România, ENTSO-E)",2026-01-27,184.2745,EUR/MWh,RO,ENTSOE,https://web-api.tp.entsoe.eu/api,https://ecifre.ro/indicatori/entsoe-pret-day-ahead-ro,2026-08-30
"Preț day-ahead energie electrică (România, ENTSO-E)",2026-01-28,152.8827,EUR/MWh,RO,ENTSOE,https://web-api.tp.entsoe.eu/api,https://ecifre.ro/indicatori/entsoe-pret-day-ahead-ro,2026-08-30
"Preț day-ahead energie electrică (România, ENTSO-E)",2026-01-29,144.5600,EUR/MWh,RO,ENTSOE,https://web-api.tp.entsoe.eu/api,https://ecifre.ro/indicatori/entsoe-pret-day-ahead-ro,2026-08-30
"Preț day-ahead energie electrică (România, ENTSO-E)",2026-01-30,128.7682,EUR/MWh,RO,ENTSOE,https://web-api.tp.entsoe.eu/api,https://ecifre.ro/indicatori/entsoe-pret-day-ahead-ro,2026-08-30
"Preț day-ahead energie electrică (România, ENTSO-E)",2026-01-31,117.5379,EUR/MWh,RO,ENTSOE,https://web-api.tp.entsoe.eu/api,https://ecifre.ro/indicatori/entsoe-pret-day-ahead-ro,2026-08-30
"Preț day-ahead energie electrică (România, ENTSO-E)",2026-02-01,107.2065,EUR/MWh,RO,ENTSOE,https://web-api.tp.entsoe.eu/api,https://ecifre.ro/indicatori/entsoe-pret-day-ahead-ro,2026-08-30
"Preț day-ahead energie electrică (România, ENTSO-E)",2026-02-02,154.1217,EUR/MWh,RO,ENTSOE,https://web-api.tp.entsoe.eu/api,https://ecifre.ro/indicatori/entsoe-pret-day-ahead-ro,2026-08-30
"Preț day-ahead energie electrică (România, ENTSO-E)",2026-02-03,142.8352,EUR/MWh,RO,ENTSOE,https://web-api.tp.entsoe.eu/api,https://ecifre.ro/indicatori/entsoe-pret-day-ahead-ro,2026-08-30
"Preț day-ahead energie electrică (România, ENTSO-E)",2026-02-04,128.2688,EUR/MWh,RO,ENTSOE,https://web-api.tp.entsoe.eu/api,https://ecifre.ro/indicatori/entsoe-pret-day-ahead-ro,2026-08-30
"Preț day-ahead energie electrică (România, ENTSO-E)",2026-02-05,123.7842,EUR/MWh,RO,ENTSOE,https://web-api.tp.entsoe.eu/api,https://ecifre.ro/indicatori/entsoe-pret-day-ahead-ro,2026-08-30
"Preț day-ahead energie electrică (România, ENTSO-E)",2026-02-06,138.4591,EUR/MWh,RO,ENTSOE,https://web-api.tp.entsoe.eu/api,https://ecifre.ro/indicatori/entsoe-pret-day-ahead-ro,2026-08-30
"Preț day-ahead energie electrică (România, ENTSO-E)",2026-02-07,111.7094,EUR/MWh,RO,ENTSOE,https://web-api.tp.entsoe.eu/api,https://ecifre.ro/indicatori/entsoe-pret-day-ahead-ro,2026-08-30
"Preț day-ahead energie electrică (România, ENTSO-E)",2026-02-08,92.6794,EUR/MWh,RO,ENTSOE,https://web-api.tp.entsoe.eu/api,https://ecifre.ro/indicatori/entsoe-pret-day-ahead-ro,2026-08-30
"Preț day-ahead energie electrică (România, ENTSO-E)",2026-02-09,141.8954,EUR/MWh,RO,ENTSOE,https://web-api.tp.entsoe.eu/api,https://ecifre.ro/indicatori/entsoe-pret-day-ahead-ro,2026-08-30
"Preț day-ahead energie electrică (România, ENTSO-E)",2026-02-10,133.9831,EUR/MWh,RO,ENTSOE,https://web-api.tp.entsoe.eu/api,https://ecifre.ro/indicatori/entsoe-pret-day-ahead-ro,2026-08-30
"Preț day-ahead energie electrică (România, ENTSO-E)",2026-02-11,107.6044,EUR/MWh,RO,ENTSOE,https://web-api.tp.entsoe.eu/api,https://ecifre.ro/indicatori/entsoe-pret-day-ahead-ro,2026-08-30
"Preț day-ahead energie electrică (România, ENTSO-E)",2026-02-12,118.3117,EUR/MWh,RO,ENTSOE,https://web-api.tp.entsoe.eu/api,https://ecifre.ro/indicatori/entsoe-pret-day-ahead-ro,2026-08-30
"Preț day-ahead energie electrică (România, ENTSO-E)",2026-02-13,119.3108,EUR/MWh,RO,ENTSOE,https://web-api.tp.entsoe.eu/api,https://ecifre.ro/indicatori/entsoe-pret-day-ahead-ro,2026-08-30
"Preț day-ahead energie electrică (România, ENTSO-E)",2026-02-14,72.7289,EUR/MWh,RO,ENTSOE,https://web-api.tp.entsoe.eu/api,https://ecifre.ro/indicatori/entsoe-pret-day-ahead-ro,2026-08-30
"Preț day-ahead energie electrică (România, ENTSO-E)",2026-02-15,34.5760,EUR/MWh,RO,ENTSOE,https://web-api.tp.entsoe.eu/api,https://ecifre.ro/indicatori/entsoe-pret-day-ahead-ro,2026-08-30
"Preț day-ahead energie electrică (România, ENTSO-E)",2026-02-16,141.5435,EUR/MWh,RO,ENTSOE,https://web-api.tp.entsoe.eu/api,https://ecifre.ro/indicatori/entsoe-pret-day-ahead-ro,2026-08-30
"Preț day-ahead energie electrică (România, ENTSO-E)",2026-02-17,100.1276,EUR/MWh,RO,ENTSOE,https://web-api.tp.entsoe.eu/api,https://ecifre.ro/indicatori/entsoe-pret-day-ahead-ro,2026-08-30
"Preț day-ahead energie electrică (România, ENTSO-E)",2026-02-18,75.5452,EUR/MWh,RO,ENTSOE,https://web-api.tp.entsoe.eu/api,https://ecifre.ro/indicatori/entsoe-pret-day-ahead-ro,2026-08-30
"Preț day-ahead energie electrică (România, ENTSO-E)",2026-02-19,77.9697,EUR/MWh,RO,ENTSOE,https://web-api.tp.entsoe.eu/api,https://ecifre.ro/indicatori/entsoe-pret-day-ahead-ro,2026-08-30
"Preț day-ahead energie electrică (România, ENTSO-E)",2026-02-20,100.6123,EUR/MWh,RO,ENTSOE,https://web-api.tp.entsoe.eu/api,https://ecifre.ro/indicatori/entsoe-pret-day-ahead-ro,2026-08-30
"Preț day-ahead energie electrică (România, ENTSO-E)",2026-02-21,80.6715,EUR/MWh,RO,ENTSOE,https://web-api.tp.entsoe.eu/api,https://ecifre.ro/indicatori/entsoe-pret-day-ahead-ro,2026-08-30
"Preț day-ahead energie electrică (România, ENTSO-E)",2026-02-22,52.4010,EUR/MWh,RO,ENTSOE,https://web-api.tp.entsoe.eu/api,https://ecifre.ro/indicatori/entsoe-pret-day-ahead-ro,2026-08-30
"Preț day-ahead energie electrică (România, ENTSO-E)",2026-02-23,86.8886,EUR/MWh,RO,ENTSOE,https://web-api.tp.entsoe.eu/api,https://ecifre.ro/indicatori/entsoe-pret-day-ahead-ro,2026-08-30
"Preț day-ahead energie electrică (România, ENTSO-E)",2026-02-24,99.7601,EUR/MWh,RO,ENTSOE,https://web-api.tp.entsoe.eu/api,https://ecifre.ro/indicatori/entsoe-pret-day-ahead-ro,2026-08-30
"Preț day-ahead energie electrică (România, ENTSO-E)",2026-02-25,61.1627,EUR/MWh,RO,ENTSOE,https://web-api.tp.entsoe.eu/api,https://ecifre.ro/indicatori/entsoe-pret-day-ahead-ro,2026-08-30
"Preț day-ahead energie electrică (România, ENTSO-E)",2026-02-26,66.4559,EUR/MWh,RO,ENTSOE,https://web-api.tp.entsoe.eu/api,https://ecifre.ro/indicatori/entsoe-pret-day-ahead-ro,2026-08-30
"Preț day-ahead energie electrică (România, ENTSO-E)",2026-02-27,68.6800,EUR/MWh,RO,ENTSOE,https://web-api.tp.entsoe.eu/api,https://ecifre.ro/indicatori/entsoe-pret-day-ahead-ro,2026-08-30
"Preț day-ahead energie electrică (România, ENTSO-E)",2026-02-28,57.2729,EUR/MWh,RO,ENTSOE,https://web-api.tp.entsoe.eu/api,https://ecifre.ro/indicatori/entsoe-pret-day-ahead-ro,2026-08-30
"Preț day-ahead energie electrică (România, ENTSO-E)",2026-03-01,54.4752,EUR/MWh,RO,ENTSOE,https://web-api.tp.entsoe.eu/api,https://ecifre.ro/indicatori/entsoe-pret-day-ahead-ro,2026-08-30
"Preț day-ahead energie electrică (România, ENTSO-E)",2026-03-02,104.3741,EUR/MWh,RO,ENTSOE,https://web-api.tp.entsoe.eu/api,https://ecifre.ro/indicatori/entsoe-pret-day-ahead-ro,2026-08-30
"Preț day-ahead energie electrică (România, ENTSO-E)",2026-03-03,117.2482,EUR/MWh,RO,ENTSOE,https://web-api.tp.entsoe.eu/api,https://ecifre.ro/indicatori/entsoe-pret-day-ahead-ro,2026-08-30
"Preț day-ahead energie electrică (România, ENTSO-E)",2026-03-04,125.7448,EUR/MWh,RO,ENTSOE,https://web-api.tp.entsoe.eu/api,https://ecifre.ro/indicatori/entsoe-pret-day-ahead-ro,2026-08-30
"Preț day-ahead energie electrică (România, ENTSO-E)",2026-03-05,119.7386,EUR/MWh,RO,ENTSOE,https://web-api.tp.entsoe.eu/api,https://ecifre.ro/indicatori/entsoe-pret-day-ahead-ro,2026-08-30
"Preț day-ahead energie electrică (România, ENTSO-E)",2026-03-06,107.7329,EUR/MWh,RO,ENTSOE,https://web-api.tp.entsoe.eu/api,https://ecifre.ro/indicatori/entsoe-pret-day-ahead-ro,2026-08-30
"Preț day-ahead energie electrică (România, ENTSO-E)",2026-03-07,97.7181,EUR/MWh,RO,ENTSOE,https://web-api.tp.entsoe.eu/api,https://ecifre.ro/indicatori/entsoe-pret-day-ahead-ro,2026-08-30
"Preț day-ahead energie electrică (România, ENTSO-E)",2026-03-08,95.7690,EUR/MWh,RO,ENTSOE,https://web-api.tp.entsoe.eu/api,https://ecifre.ro/indicatori/entsoe-pret-day-ahead-ro,2026-08-30
"Preț day-ahead energie electrică (România, ENTSO-E)",2026-03-09,121.2085,EUR/MWh,RO,ENTSOE,https://web-api.tp.entsoe.eu/api,https://ecifre.ro/indicatori/entsoe-pret-day-ahead-ro,2026-08-30
"Preț day-ahead energie electrică (România, ENTSO-E)",2026-03-10,107.6836,EUR/MWh,RO,ENTSOE,https://web-api.tp.entsoe.eu/api,https://ecifre.ro/indicatori/entsoe-pret-day-ahead-ro,2026-08-30
"Preț day-ahead energie electrică (România, ENTSO-E)",2026-03-11,114.0829,EUR/MWh,RO,ENTSOE,https://web-api.tp.entsoe.eu/api,https://ecifre.ro/indicatori/entsoe-pret-day-ahead-ro,2026-08-30
"Preț day-ahead energie electrică (România, ENTSO-E)",2026-03-12,120.6879,EUR/MWh,RO,ENTSOE,https://web-api.tp.entsoe.eu/api,https://ecifre.ro/indicatori/entsoe-pret-day-ahead-ro,2026-08-30
"Preț day-ahead energie electrică (România, ENTSO-E)",2026-03-13,93.8080,EUR/MWh,RO,ENTSOE,https://web-api.tp.entsoe.eu/api,https://ecifre.ro/indicatori/entsoe-pret-day-ahead-ro,2026-08-30
"Preț day-ahead energie electrică (România, ENTSO-E)",2026-03-14,85.7086,EUR/MWh,RO,ENTSOE,https://web-api.tp.entsoe.eu/api,https://ecifre.ro/indicatori/entsoe-pret-day-ahead-ro,2026-08-30
"Preț day-ahead energie electrică (România, ENTSO-E)",2026-03-15,91.0594,EUR/MWh,RO,ENTSOE,https://web-api.tp.entsoe.eu/api,https://ecifre.ro/indicatori/entsoe-pret-day-ahead-ro,2026-08-30
"Preț day-ahead energie electrică (România, ENTSO-E)",2026-03-16,105.0506,EUR/MWh,RO,ENTSOE,https://web-api.tp.entsoe.eu/api,https://ecifre.ro/indicatori/entsoe-pret-day-ahead-ro,2026-08-30
"Preț day-ahead energie electrică (România, ENTSO-E)",2026-03-17,125.6103,EUR/MWh,RO,ENTSOE,https://web-api.tp.entsoe.eu/api,https://ecifre.ro/indicatori/entsoe-pret-day-ahead-ro,2026-08-30
"Preț day-ahead energie electrică (România, ENTSO-E)",2026-03-18,94.9553,EUR/MWh,RO,ENTSOE,https://web-api.tp.entsoe.eu/api,https://ecifre.ro/indicatori/entsoe-pret-day-ahead-ro,2026-08-30
"Preț day-ahead energie electrică (România, ENTSO-E)",2026-03-19,104.2307,EUR/MWh,RO,ENTSOE,https://web-api.tp.entsoe.eu/api,https://ecifre.ro/indicatori/entsoe-pret-day-ahead-ro,2026-08-30
"Preț day-ahead energie electrică (România, ENTSO-E)",2026-03-20,118.0937,EUR/MWh,RO,ENTSOE,https://web-api.tp.entsoe.eu/api,https://ecifre.ro/indicatori/entsoe-pret-day-ahead-ro,2026-08-30
"Preț day-ahead energie electrică (România, ENTSO-E)",2026-03-21,106.9429,EUR/MWh,RO,ENTSOE,https://web-api.tp.entsoe.eu/api,https://ecifre.ro/indicatori/entsoe-pret-day-ahead-ro,2026-08-30
"Preț day-ahead energie electrică (România, ENTSO-E)",2026-03-22,91.7336,EUR/MWh,RO,ENTSOE,https://web-api.tp.entsoe.eu/api,https://ecifre.ro/indicatori/entsoe-pret-day-ahead-ro,2026-08-30
"Preț day-ahead energie electrică (România, ENTSO-E)",2026-03-23,155.6004,EUR/MWh,RO,ENTSOE,https://web-api.tp.entsoe.eu/api,https://ecifre.ro/indicatori/entsoe-pret-day-ahead-ro,2026-08-30
"Preț day-ahead energie electrică (România, ENTSO-E)",2026-03-24,113.0596,EUR/MWh,RO,ENTSOE,https://web-api.tp.entsoe.eu/api,https://ecifre.ro/indicatori/entsoe-pret-day-ahead-ro,2026-08-30
"Preț day-ahead energie electrică (România, ENTSO-E)",2026-03-25,96.8532,EUR/MWh,RO,ENTSOE,https://web-api.tp.entsoe.eu/api,https://ecifre.ro/indicatori/entsoe-pret-day-ahead-ro,2026-08-30
"Preț day-ahead energie electrică (România, ENTSO-E)",2026-03-26,88.4352,EUR/MWh,RO,ENTSOE,https://web-api.tp.entsoe.eu/api,https://ecifre.ro/indicatori/entsoe-pret-day-ahead-ro,2026-08-30
"Preț day-ahead energie electrică (România, ENTSO-E)",2026-03-27,111.2745,EUR/MWh,RO,ENTSOE,https://web-api.tp.entsoe.eu/api,https://ecifre.ro/indicatori/entsoe-pret-day-ahead-ro,2026-08-30
"Preț day-ahead energie electrică (România, ENTSO-E)",2026-03-28,84.7491,EUR/MWh,RO,ENTSOE,https://web-api.tp.entsoe.eu/api,https://ecifre.ro/indicatori/entsoe-pret-day-ahead-ro,2026-08-30
"Preț day-ahead energie electrică (România, ENTSO-E)",2026-03-29,81.2791,EUR/MWh,RO,ENTSOE,https://web-api.tp.entsoe.eu/api,https://ecifre.ro/indicatori/entsoe-pret-day-ahead-ro,2026-08-30
"Preț day-ahead energie electrică (România, ENTSO-E)",2026-03-30,136.3870,EUR/MWh,RO,ENTSOE,https://web-api.tp.entsoe.eu/api,https://ecifre.ro/indicatori/entsoe-pret-day-ahead-ro,2026-08-30
"Preț day-ahead energie electrică (România, ENTSO-E)",2026-03-31,143.5714,EUR/MWh,RO,ENTSOE,https://web-api.tp.entsoe.eu/api,https://ecifre.ro/indicatori/entsoe-pret-day-ahead-ro,2026-08-30
"Preț day-ahead energie electrică (România, ENTSO-E)",2026-04-01,154.8957,EUR/MWh,RO,ENTSOE,https://web-api.tp.entsoe.eu/api,https://ecifre.ro/indicatori/entsoe-pret-day-ahead-ro,2026-08-30
"Preț day-ahead energie electrică (România, ENTSO-E)",2026-04-02,137.3846,EUR/MWh,RO,ENTSOE,https://web-api.tp.entsoe.eu/api,https://ecifre.ro/indicatori/entsoe-pret-day-ahead-ro,2026-08-30
"Preț day-ahead energie electrică (România, ENTSO-E)",2026-04-03,129.0287,EUR/MWh,RO,ENTSOE,https://web-api.tp.entsoe.eu/api,https://ecifre.ro/indicatori/entsoe-pret-day-ahead-ro,2026-08-30
"Preț day-ahead energie electrică (România, ENTSO-E)",2026-04-04,67.8988,EUR/MWh,RO,ENTSOE,https://web-api.tp.entsoe.eu/api,https://ecifre.ro/indicatori/entsoe-pret-day-ahead-ro,2026-08-30
"Preț day-ahead energie electrică (România, ENTSO-E)",2026-04-05,36.6155,EUR/MWh,RO,ENTSOE,https://web-api.tp.entsoe.eu/api,https://ecifre.ro/indicatori/entsoe-pret-day-ahead-ro,2026-08-30
"Preț day-ahead energie electrică (România, ENTSO-E)",2026-04-06,63.6682,EUR/MWh,RO,ENTSOE,https://web-api.tp.entsoe.eu/api,https://ecifre.ro/indicatori/entsoe-pret-day-ahead-ro,2026-08-30
"Preț day-ahead energie electrică (România, ENTSO-E)",2026-04-07,91.2550,EUR/MWh,RO,ENTSOE,https://web-api.tp.entsoe.eu/api,https://ecifre.ro/indicatori/entsoe-pret-day-ahead-ro,2026-08-30
"Preț day-ahead energie electrică (România, ENTSO-E)",2026-04-08,81.5985,EUR/MWh,RO,ENTSOE,https://web-api.tp.entsoe.eu/api,https://ecifre.ro/indicatori/entsoe-pret-day-ahead-ro,2026-08-30
"Preț day-ahead energie electrică (România, ENTSO-E)",2026-04-09,100.7999,EUR/MWh,RO,ENTSOE,https://web-api.tp.entsoe.eu/api,https://ecifre.ro/indicatori/entsoe-pret-day-ahead-ro,2026-08-30
"Preț day-ahead energie electrică (România, ENTSO-E)",2026-04-10,119.4610,EUR/MWh,RO,ENTSOE,https://web-api.tp.entsoe.eu/api,https://ecifre.ro/indicatori/entsoe-pret-day-ahead-ro,2026-08-30
"Preț day-ahead energie electrică (România, ENTSO-E)",2026-04-11,86.3689,EUR/MWh,RO,ENTSOE,https://web-api.tp.entsoe.eu/api,https://ecifre.ro/indicatori/entsoe-pret-day-ahead-ro,2026-08-30
"Preț day-ahead energie electrică (România, ENTSO-E)",2026-04-12,79.7499,EUR/MWh,RO,ENTSOE,https://web-api.tp.entsoe.eu/api,https://ecifre.ro/indicatori/entsoe-pret-day-ahead-ro,2026-08-30
"Preț day-ahead energie electrică (România, ENTSO-E)",2026-04-13,95.5183,EUR/MWh,RO,ENTSOE,https://web-api.tp.entsoe.eu/api,https://ecifre.ro/indicatori/entsoe-pret-day-ahead-ro,2026-08-30
"Preț day-ahead energie electrică (România, ENTSO-E)",2026-04-14,139.9535,EUR/MWh,RO,ENTSOE,https://web-api.tp.entsoe.eu/api,https://ecifre.ro/indicatori/entsoe-pret-day-ahead-ro,2026-08-30
"Preț day-ahead energie electrică (România, ENTSO-E)",2026-04-15,134.8992,EUR/MWh,RO,ENTSOE,https://web-api.tp.entsoe.eu/api,https://ecifre.ro/indicatori/entsoe-pret-day-ahead-ro,2026-08-30
"Preț day-ahead energie electrică (România, ENTSO-E)",2026-04-16,120.8533,EUR/MWh,RO,ENTSOE,https://web-api.tp.entsoe.eu/api,https://ecifre.ro/indicatori/entsoe-pret-day-ahead-ro,2026-08-30
"Preț day-ahead energie electrică (România, ENTSO-E)",2026-04-17,99.0025,EUR/MWh,RO,ENTSOE,https://web-api.tp.entsoe.eu/api,https://ecifre.ro/indicatori/entsoe-pret-day-ahead-ro,2026-08-30
"Preț day-ahead energie electrică (România, ENTSO-E)",2026-04-18,75.4121,EUR/MWh,RO,ENTSOE,https://web-api.tp.entsoe.eu/api,https://ecifre.ro/indicatori/entsoe-pret-day-ahead-ro,2026-08-30
"Preț day-ahead energie electrică (România, ENTSO-E)",2026-04-19,77.7787,EUR/MWh,RO,ENTSOE,https://web-api.tp.entsoe.eu/api,https://ecifre.ro/indicatori/entsoe-pret-day-ahead-ro,2026-08-30
"Preț day-ahead energie electrică (România, ENTSO-E)",2026-04-20,104.1966,EUR/MWh,RO,ENTSOE,https://web-api.tp.entsoe.eu/api,https://ecifre.ro/indicatori/entsoe-pret-day-ahead-ro,2026-08-30
"Preț day-ahead energie electrică (România, ENTSO-E)",2026-04-21,117.9652,EUR/MWh,RO,ENTSOE,https://web-api.tp.entsoe.eu/api,https://ecifre.ro/indicatori/entsoe-pret-day-ahead-ro,2026-08-30
"Preț day-ahead energie electrică (România, ENTSO-E)",2026-04-22,117.5645,EUR/MWh,RO,ENTSOE,https://web-api.tp.entsoe.eu/api,https://ecifre.ro/indicatori/entsoe-pret-day-ahead-ro,2026-08-30
"Preț day-ahead energie electrică (România, ENTSO-E)",2026-04-23,90.2023,EUR/MWh,RO,ENTSOE,https://web-api.tp.entsoe.eu/api,https://ecifre.ro/indicatori/entsoe-pret-day-ahead-ro,2026-08-30
"Preț day-ahead energie electrică (România, ENTSO-E)",2026-04-24,90.1377,EUR/MWh,RO,ENTSOE,https://web-api.tp.entsoe.eu/api,https://ecifre.ro/indicatori/entsoe-pret-day-ahead-ro,2026-08-30
"Preț day-ahead energie electrică (România, ENTSO-E)",2026-04-25,66.6743,EUR/MWh,RO,ENTSOE,https://web-api.tp.entsoe.eu/api,https://ecifre.ro/indicatori/entsoe-pret-day-ahead-ro,2026-08-30
"Preț day-ahead energie electrică (România, ENTSO-E)",2026-04-26,38.1393,EUR/MWh,RO,ENTSOE,https://web-api.tp.entsoe.eu/api,https://ecifre.ro/indicatori/entsoe-pret-day-ahead-ro,2026-08-30
"Preț day-ahead energie electrică (România, ENTSO-E)",2026-04-27,93.0423,EUR/MWh,RO,ENTSOE,https://web-api.tp.entsoe.eu/api,https://ecifre.ro/indicatori/entsoe-pret-day-ahead-ro,2026-08-30
"Preț day-ahead energie electrică (România, ENTSO-E)",2026-04-28,90.7344,EUR/MWh,RO,ENTSOE,https://web-api.tp.entsoe.eu/api,https://ecifre.ro/indicatori/entsoe-pret-day-ahead-ro,2026-08-30
"Preț day-ahead energie electrică (România, ENTSO-E)",2026-04-29,109.1085,EUR/MWh,RO,ENTSOE,https://web-api.tp.entsoe.eu/api,https://ecifre.ro/indicatori/entsoe-pret-day-ahead-ro,2026-08-30
"Preț day-ahead energie electrică (România, ENTSO-E)",2026-04-30,90.5727,EUR/MWh,RO,ENTSOE,https://web-api.tp.entsoe.eu/api,https://ecifre.ro/indicatori/entsoe-pret-day-ahead-ro,2026-08-30
"Preț day-ahead energie electrică (România, ENTSO-E)",2026-05-01,120.0260,EUR/MWh,RO,ENTSOE,https://web-api.tp.entsoe.eu/api,https://ecifre.ro/indicatori/entsoe-pret-day-ahead-ro,2026-08-30
"Preț day-ahead energie electrică (România, ENTSO-E)",2026-05-02,91.1239,EUR/MWh,RO,ENTSOE,https://web-api.tp.entsoe.eu/api,https://ecifre.ro/indicatori/entsoe-pret-day-ahead-ro,2026-08-30
"Preț day-ahead energie electrică (România, ENTSO-E)",2026-05-03,71.7103,EUR/MWh,RO,ENTSOE,https://web-api.tp.entsoe.eu/api,https://ecifre.ro/indicatori/entsoe-pret-day-ahead-ro,2026-08-30
"Preț day-ahead energie electrică (România, ENTSO-E)",2026-05-04,114.0956,EUR/MWh,RO,ENTSOE,https://web-api.tp.entsoe.eu/api,https://ecifre.ro/indicatori/entsoe-pret-day-ahead-ro,2026-08-30
"Preț day-ahead energie electrică (România, ENTSO-E)",2026-05-05,119.1583,EUR/MWh,RO,ENTSOE,https://web-api.tp.entsoe.eu/api,https://ecifre.ro/indicatori/entsoe-pret-day-ahead-ro,2026-08-30
"Preț day-ahead energie electrică (România, ENTSO-E)",2026-05-06,128.7834,EUR/MWh,RO,ENTSOE,https://web-api.tp.entsoe.eu/api,https://ecifre.ro/indicatori/entsoe-pret-day-ahead-ro,2026-08-30
"Preț day-ahead energie electrică (România, ENTSO-E)",2026-05-07,140.8840,EUR/MWh,RO,ENTSOE,https://web-api.tp.entsoe.eu/api,https://ecifre.ro/indicatori/entsoe-pret-day-ahead-ro,2026-08-30
"Preț day-ahead energie electrică (România, ENTSO-E)",2026-05-08,151.2030,EUR/MWh,RO,ENTSOE,https://web-api.tp.entsoe.eu/api,https://ecifre.ro/indicatori/entsoe-pret-day-ahead-ro,2026-08-30
"Preț day-ahead energie electrică (România, ENTSO-E)",2026-05-09,111.5349,EUR/MWh,RO,ENTSOE,https://web-api.tp.entsoe.eu/api,https://ecifre.ro/indicatori/entsoe-pret-day-ahead-ro,2026-08-30
"Preț day-ahead energie electrică (România, ENTSO-E)",2026-05-10,107.6579,EUR/MWh,RO,ENTSOE,https://web-api.tp.entsoe.eu/api,https://ecifre.ro/indicatori/entsoe-pret-day-ahead-ro,2026-08-30
"Preț day-ahead energie electrică (România, ENTSO-E)",2026-05-11,138.3252,EUR/MWh,RO,ENTSOE,https://web-api.tp.entsoe.eu/api,https://ecifre.ro/indicatori/entsoe-pret-day-ahead-ro,2026-08-30
"Preț day-ahead energie electrică (România, ENTSO-E)",2026-05-12,129.3989,EUR/MWh,RO,ENTSOE,https://web-api.tp.entsoe.eu/api,https://ecifre.ro/indicatori/entsoe-pret-day-ahead-ro,2026-08-30
"Preț day-ahead energie electrică (România, ENTSO-E)",2026-05-13,138.4789,EUR/MWh,RO,ENTSOE,https://web-api.tp.entsoe.eu/api,https://ecifre.ro/indicatori/entsoe-pret-day-ahead-ro,2026-08-30
"Preț day-ahead energie electrică (România, ENTSO-E)",2026-05-14,120.4234,EUR/MWh,RO,ENTSOE,https://web-api.tp.entsoe.eu/api,https://ecifre.ro/indicatori/entsoe-pret-day-ahead-ro,2026-08-30
"Preț day-ahead energie electrică (România, ENTSO-E)",2026-05-15,116.1252,EUR/MWh,RO,ENTSOE,https://web-api.tp.entsoe.eu/api,https://ecifre.ro/indicatori/entsoe-pret-day-ahead-ro,2026-08-30
"Preț day-ahead energie electrică (România, ENTSO-E)",2026-05-16,82.9073,EUR/MWh,RO,ENTSOE,https://web-api.tp.entsoe.eu/api,https://ecifre.ro/indicatori/entsoe-pret-day-ahead-ro,2026-08-30
"Preț day-ahead energie electrică (România, ENTSO-E)",2026-05-17,87.9571,EUR/MWh,RO,ENTSOE,https://web-api.tp.entsoe.eu/api,https://ecifre.ro/indicatori/entsoe-pret-day-ahead-ro,2026-08-30
"Preț day-ahead energie electrică (România, ENTSO-E)",2026-05-18,144.6012,EUR/MWh,RO,ENTSOE,https://web-api.tp.entsoe.eu/api,https://ecifre.ro/indicatori/entsoe-pret-day-ahead-ro,2026-08-30
"Preț day-ahead energie electrică (România, ENTSO-E)",2026-05-19,142.1021,EUR/MWh,RO,ENTSOE,https://web-api.tp.entsoe.eu/api,https://ecifre.ro/indicatori/entsoe-pret-day-ahead-ro,2026-08-30
"Preț day-ahead energie electrică (România, ENTSO-E)",2026-05-20,101.8501,EUR/MWh,RO,ENTSOE,https://web-api.tp.entsoe.eu/api,https://ecifre.ro/indicatori/entsoe-pret-day-ahead-ro,2026-08-30
"Preț day-ahead energie electrică (România, ENTSO-E)",2026-05-21,106.9977,EUR/MWh,RO,ENTSOE,https://web-api.tp.entsoe.eu/api,https://ecifre.ro/indicatori/entsoe-pret-day-ahead-ro,2026-08-30
"Preț day-ahead energie electrică (România, ENTSO-E)",2026-05-22,114.4558,EUR/MWh,RO,ENTSOE,https://web-api.tp.entsoe.eu/api,https://ecifre.ro/indicatori/entsoe-pret-day-ahead-ro,2026-08-30
"Preț day-ahead energie electrică (România, ENTSO-E)",2026-05-23,90.5923,EUR/MWh,RO,ENTSOE,https://web-api.tp.entsoe.eu/api,https://ecifre.ro/indicatori/entsoe-pret-day-ahead-ro,2026-08-30
"Preț day-ahead energie electrică (România, ENTSO-E)",2026-05-24,75.3350,EUR/MWh,RO,ENTSOE,https://web-api.tp.entsoe.eu/api,https://ecifre.ro/indicatori/entsoe-pret-day-ahead-ro,2026-08-30
"Preț day-ahead energie electrică (România, ENTSO-E)",2026-05-25,93.8521,EUR/MWh,RO,ENTSOE,https://web-api.tp.entsoe.eu/api,https://ecifre.ro/indicatori/entsoe-pret-day-ahead-ro,2026-08-30
"Preț day-ahead energie electrică (România, ENTSO-E)",2026-05-26,109.8688,EUR/MWh,RO,ENTSOE,https://web-api.tp.entsoe.eu/api,https://ecifre.ro/indicatori/entsoe-pret-day-ahead-ro,2026-08-30
"Preț day-ahead energie electrică (România, ENTSO-E)",2026-05-27,108.2885,EUR/MWh,RO,ENTSOE,https://web-api.tp.entsoe.eu/api,https://ecifre.ro/indicatori/entsoe-pret-day-ahead-ro,2026-08-30
"Preț day-ahead energie electrică (România, ENTSO-E)",2026-05-28,115.0682,EUR/MWh,RO,ENTSOE,https://web-api.tp.entsoe.eu/api,https://ecifre.ro/indicatori/entsoe-pret-day-ahead-ro,2026-08-30
"Preț day-ahead energie electrică (România, ENTSO-E)",2026-05-29,108.1937,EUR/MWh,RO,ENTSOE,https://web-api.tp.entsoe.eu/api,https://ecifre.ro/indicatori/entsoe-pret-day-ahead-ro,2026-08-30
"Preț day-ahead energie electrică (România, ENTSO-E)",2026-05-30,97.6638,EUR/MWh,RO,ENTSOE,https://web-api.tp.entsoe.eu/api,https://ecifre.ro/indicatori/entsoe-pret-day-ahead-ro,2026-08-30
"Preț day-ahead energie electrică (România, ENTSO-E)",2026-05-31,104.5769,EUR/MWh,RO,ENTSOE,https://web-api.tp.entsoe.eu/api,https://ecifre.ro/indicatori/entsoe-pret-day-ahead-ro,2026-08-30
"Preț day-ahead energie electrică (România, ENTSO-E)",2026-06-01,133.2026,EUR/MWh,RO,ENTSOE,https://web-api.tp.entsoe.eu/api,https://ecifre.ro/indicatori/entsoe-pret-day-ahead-ro,2026-08-30
"Preț day-ahead energie electrică (România, ENTSO-E)",2026-06-02,120.0185,EUR/MWh,RO,ENTSOE,https://web-api.tp.entsoe.eu/api,https://ecifre.ro/indicatori/entsoe-pret-day-ahead-ro,2026-08-30
"Preț day-ahead energie electrică (România, ENTSO-E)",2026-06-03,115.8141,EUR/MWh,RO,ENTSOE,https://web-api.tp.entsoe.eu/api,https://ecifre.ro/indicatori/entsoe-pret-day-ahead-ro,2026-08-30
"Preț day-ahead energie electrică (România, ENTSO-E)",2026-06-04,91.4756,EUR/MWh,RO,ENTSOE,https://web-api.tp.entsoe.eu/api,https://ecifre.ro/indicatori/entsoe-pret-day-ahead-ro,2026-08-30
"Preț day-ahead energie electrică (România, ENTSO-E)",2026-06-05,116.1746,EUR/MWh,RO,ENTSOE,https://web-api.tp.entsoe.eu/api,https://ecifre.ro/indicatori/entsoe-pret-day-ahead-ro,2026-08-30
"Preț day-ahead energie electrică (România, ENTSO-E)",2026-06-06,90.4147,EUR/MWh,RO,ENTSOE,https://web-api.tp.entsoe.eu/api,https://ecifre.ro/indicatori/entsoe-pret-day-ahead-ro,2026-08-30
"Preț day-ahead energie electrică (România, ENTSO-E)",2026-06-07,55.9790,EUR/MWh,RO,ENTSOE,https://web-api.tp.entsoe.eu/api,https://ecifre.ro/indicatori/entsoe-pret-day-ahead-ro,2026-08-30
"Preț day-ahead energie electrică (România, ENTSO-E)",2026-06-08,116.1834,EUR/MWh,RO,ENTSOE,https://web-api.tp.entsoe.eu/api,https://ecifre.ro/indicatori/entsoe-pret-day-ahead-ro,2026-08-30
"Preț day-ahead energie electrică (România, ENTSO-E)",2026-06-09,122.1855,EUR/MWh,RO,ENTSOE,https://web-api.tp.entsoe.eu/api,https://ecifre.ro/indicatori/entsoe-pret-day-ahead-ro,2026-08-30
"Preț day-ahead energie electrică (România, ENTSO-E)",2026-06-10,125.0877,EUR/MWh,RO,ENTSOE,https://web-api.tp.entsoe.eu/api,https://ecifre.ro/indicatori/entsoe-pret-day-ahead-ro,2026-08-30
"Preț day-ahead energie electrică (România, ENTSO-E)",2026-06-11,101.8739,EUR/MWh,RO,ENTSOE,https://web-api.tp.entsoe.eu/api,https://ecifre.ro/indicatori/entsoe-pret-day-ahead-ro,2026-08-30
"Preț day-ahead energie electrică (România, ENTSO-E)",2026-06-12,106.9692,EUR/MWh,RO,ENTSOE,https://web-api.tp.entsoe.eu/api,https://ecifre.ro/indicatori/entsoe-pret-day-ahead-ro,2026-08-30
"Preț day-ahead energie electrică (România, ENTSO-E)",2026-06-13,49.1983,EUR/MWh,RO,ENTSOE,https://web-api.tp.entsoe.eu/api,https://ecifre.ro/indicatori/entsoe-pret-day-ahead-ro,2026-08-30
"Preț day-ahead energie electrică (România, ENTSO-E)",2026-06-14,57.2885,EUR/MWh,RO,ENTSOE,https://web-api.tp.entsoe.eu/api,https://ecifre.ro/indicatori/entsoe-pret-day-ahead-ro,2026-08-30
"Preț day-ahead energie electrică (România, ENTSO-E)",2026-06-15,92.6566,EUR/MWh,RO,ENTSOE,https://web-api.tp.entsoe.eu/api,https://ecifre.ro/indicatori/entsoe-pret-day-ahead-ro,2026-08-30
"Preț day-ahead energie electrică (România, ENTSO-E)",2026-06-16,112.8950,EUR/MWh,RO,ENTSOE,https://web-api.tp.entsoe.eu/api,https://ecifre.ro/indicatori/entsoe-pret-day-ahead-ro,2026-08-30
"Preț day-ahead energie electrică (România, ENTSO-E)",2026-06-17,120.3420,EUR/MWh,RO,ENTSOE,https://web-api.tp.entsoe.eu/api,https://ecifre.ro/indicatori/entsoe-pret-day-ahead-ro,2026-08-30
"Preț day-ahead energie electrică (România, ENTSO-E)",2026-06-18,124.6264,EUR/MWh,RO,ENTSOE,https://web-api.tp.entsoe.eu/api,https://ecifre.ro/indicatori/entsoe-pret-day-ahead-ro,2026-08-30
"Preț day-ahead energie electrică (România, ENTSO-E)",2026-06-19,105.1363,EUR/MWh,RO,ENTSOE,https://web-api.tp.entsoe.eu/api,https://ecifre.ro/indicatori/entsoe-pret-day-ahead-ro,2026-08-30
"Preț day-ahead energie electrică (România, ENTSO-E)",2026-06-20,96.5467,EUR/MWh,RO,ENTSOE,https://web-api.tp.entsoe.eu/api,https://ecifre.ro/indicatori/entsoe-pret-day-ahead-ro,2026-08-30
"Preț day-ahead energie electrică (România, ENTSO-E)",2026-06-21,83.7378,EUR/MWh,RO,ENTSOE,https://web-api.tp.entsoe.eu/api,https://ecifre.ro/indicatori/entsoe-pret-day-ahead-ro,2026-08-30
"Preț day-ahead energie electrică (România, ENTSO-E)",2026-06-22,125.5457,EUR/MWh,RO,ENTSOE,https://web-api.tp.entsoe.eu/api,https://ecifre.ro/indicatori/entsoe-pret-day-ahead-ro,2026-08-30
"Preț day-ahead energie electrică (România, ENTSO-E)",2026-06-23,174.8588,EUR/MWh,RO,ENTSOE,https://web-api.tp.entsoe.eu/api,https://ecifre.ro/indicatori/entsoe-pret-day-ahead-ro,2026-08-30
"Preț day-ahead energie electrică (România, ENTSO-E)",2026-06-24,200.6443,EUR/MWh,RO,ENTSOE,https://web-api.tp.entsoe.eu/api,https://ecifre.ro/indicatori/entsoe-pret-day-ahead-ro,2026-08-30
"Preț day-ahead energie electrică (România, ENTSO-E)",2026-06-25,169.6611,EUR/MWh,RO,ENTSOE,https://web-api.tp.entsoe.eu/api,https://ecifre.ro/indicatori/entsoe-pret-day-ahead-ro,2026-08-30
"Preț day-ahead energie electrică (România, ENTSO-E)",2026-06-26,155.5418,EUR/MWh,RO,ENTSOE,https://web-api.tp.entsoe.eu/api,https://ecifre.ro/indicatori/entsoe-pret-day-ahead-ro,2026-08-30
"Preț day-ahead energie electrică (România, ENTSO-E)",2026-06-27,118.9334,EUR/MWh,RO,ENTSOE,https://web-api.tp.entsoe.eu/api,https://ecifre.ro/indicatori/entsoe-pret-day-ahead-ro,2026-08-30
"Preț day-ahead energie electrică (România, ENTSO-E)",2026-06-28,98.6683,EUR/MWh,RO,ENTSOE,https://web-api.tp.entsoe.eu/api,https://ecifre.ro/indicatori/entsoe-pret-day-ahead-ro,2026-08-30
"Preț day-ahead energie electrică (România, ENTSO-E)",2026-06-29,228.1266,EUR/MWh,RO,ENTSOE,https://web-api.tp.entsoe.eu/api,https://ecifre.ro/indicatori/entsoe-pret-day-ahead-ro,2026-08-30
"Preț day-ahead energie electrică (România, ENTSO-E)",2026-06-30,263.4329,EUR/MWh,RO,ENTSOE,https://web-api.tp.entsoe.eu/api,https://ecifre.ro/indicatori/entsoe-pret-day-ahead-ro,2026-08-30
"Preț day-ahead energie electrică (România, ENTSO-E)",2026-07-01,226.6930,EUR/MWh,RO,ENTSOE,https://web-api.tp.entsoe.eu/api,https://ecifre.ro/indicatori/entsoe-pret-day-ahead-ro,2026-08-30
"Preț day-ahead energie electrică (România, ENTSO-E)",2026-07-02,147.8969,EUR/MWh,RO,ENTSOE,https://web-api.tp.entsoe.eu/api,https://ecifre.ro/indicatori/entsoe-pret-day-ahead-ro,2026-08-30
"Preț day-ahead energie electrică (România, ENTSO-E)",2026-07-03,106.9281,EUR/MWh,RO,ENTSOE,https://web-api.tp.entsoe.eu/api,https://ecifre.ro/indicatori/entsoe-pret-day-ahead-ro,2026-08-30
"Preț day-ahead energie electrică (România, ENTSO-E)",2026-07-04,76.7116,EUR/MWh,RO,ENTSOE,https://web-api.tp.entsoe.eu/api,https://ecifre.ro/indicatori/entsoe-pret-day-ahead-ro,2026-08-30
"Preț day-ahead energie electrică (România, ENTSO-E)",2026-07-05,76.0241,EUR/MWh,RO,ENTSOE,https://web-api.tp.entsoe.eu/api,https://ecifre.ro/indicatori/entsoe-pret-day-ahead-ro,2026-08-30
"Preț day-ahead energie electrică (România, ENTSO-E)",2026-07-06,116.2774,EUR/MWh,RO,ENTSOE,https://web-api.tp.entsoe.eu/api,https://ecifre.ro/indicatori/entsoe-pret-day-ahead-ro,2026-08-30
"Preț day-ahead energie electrică (România, ENTSO-E)",2026-07-07,104.7833,EUR/MWh,RO,ENTSOE,https://web-api.tp.entsoe.eu/api,https://ecifre.ro/indicatori/entsoe-pret-day-ahead-ro,2026-08-30
"Preț day-ahead energie electrică (România, ENTSO-E)",2026-07-08,126.3943,EUR/MWh,RO,ENTSOE,https://web-api.tp.entsoe.eu/api,https://ecifre.ro/indicatori/entsoe-pret-day-ahead-ro,2026-08-30
"Preț day-ahead energie electrică (România, ENTSO-E)",2026-07-09,120.4992,EUR/MWh,RO,ENTSOE,https://web-api.tp.entsoe.eu/api,https://ecifre.ro/indicatori/entsoe-pret-day-ahead-ro,2026-08-30
"Preț day-ahead energie electrică (România, ENTSO-E)",2026-07-10,151.3450,EUR/MWh,RO,ENTSOE,https://web-api.tp.entsoe.eu/api,https://ecifre.ro/indicatori/entsoe-pret-day-ahead-ro,2026-08-30
"Preț day-ahead energie electrică (România, ENTSO-E)",2026-07-11,105.5592,EUR/MWh,RO,ENTSOE,https://web-api.tp.entsoe.eu/api,https://ecifre.ro/indicatori/entsoe-pret-day-ahead-ro,2026-08-30
"Preț day-ahead energie electrică (România, ENTSO-E)",2026-07-12,79.6574,EUR/MWh,RO,ENTSOE,https://web-api.tp.entsoe.eu/api,https://ecifre.ro/indicatori/entsoe-pret-day-ahead-ro,2026-08-30
"Preț day-ahead energie electrică (România, ENTSO-E)",2026-07-13,115.3951,EUR/MWh,RO,ENTSOE,https://web-api.tp.entsoe.eu/api,https://ecifre.ro/indicatori/entsoe-pret-day-ahead-ro,2026-08-30
"Preț day-ahead energie electrică (România, ENTSO-E)",2026-07-14,122.5985,EUR/MWh,RO,ENTSOE,https://web-api.tp.entsoe.eu/api,https://ecifre.ro/indicatori/entsoe-pret-day-ahead-ro,2026-08-30
"Preț day-ahead energie electrică (România, ENTSO-E)",2026-07-15,151.1974,EUR/MWh,RO,ENTSOE,https://web-api.tp.entsoe.eu/api,https://ecifre.ro/indicatori/entsoe-pret-day-ahead-ro,2026-08-30
"Preț day-ahead energie electrică (România, ENTSO-E)",2026-07-16,155.5869,EUR/MWh,RO,ENTSOE,https://web-api.tp.entsoe.eu/api,https://ecifre.ro/indicatori/entsoe-pret-day-ahead-ro,2026-08-30
"Preț day-ahead energie electrică (România, ENTSO-E)",2026-07-17,154.1173,EUR/MWh,RO,ENTSOE,https://web-api.tp.entsoe.eu/api,https://ecifre.ro/indicatori/entsoe-pret-day-ahead-ro,2026-08-30
"Preț day-ahead energie electrică (România, ENTSO-E)",2026-07-18,108.7808,EUR/MWh,RO,ENTSOE,https://web-api.tp.entsoe.eu/api,https://ecifre.ro/indicatori/entsoe-pret-day-ahead-ro,2026-08-30
"Preț day-ahead energie electrică (România, ENTSO-E)",2026-07-19,86.8281,EUR/MWh,RO,ENTSOE,https://web-api.tp.entsoe.eu/api,https://ecifre.ro/indicatori/entsoe-pret-day-ahead-ro,2026-08-30
"Preț day-ahead energie electrică (România, ENTSO-E)",2026-07-20,128.7356,EUR/MWh,RO,ENTSOE,https://web-api.tp.entsoe.eu/api,https://ecifre.ro/indicatori/entsoe-pret-day-ahead-ro,2026-08-30
"Preț day-ahead energie electrică (România, ENTSO-E)",2026-07-21,137.6453,EUR/MWh,RO,ENTSOE,https://web-api.tp.entsoe.eu/api,https://ecifre.ro/indicatori/entsoe-pret-day-ahead-ro,2026-08-30
"Preț day-ahead energie electrică (România, ENTSO-E)",2026-07-22,120.9141,EUR/MWh,RO,ENTSOE,https://web-api.tp.entsoe.eu/api,https://ecifre.ro/indicatori/entsoe-pret-day-ahead-ro,2026-08-30
"Preț day-ahead energie electrică (România, ENTSO-E)",2026-07-23,120.1116,EUR/MWh,RO,ENTSOE,https://web-api.tp.entsoe.eu/api,https://ecifre.ro/indicatori/entsoe-pret-day-ahead-ro,2026-08-30
"Preț day-ahead energie electrică (România, ENTSO-E)",2026-07-24,130.3044,EUR/MWh,RO,ENTSOE,https://web-api.tp.entsoe.eu/api,https://ecifre.ro/indicatori/entsoe-pret-day-ahead-ro,2026-08-30
"Preț day-ahead energie electrică (România, ENTSO-E)",2026-07-25,87.5309,EUR/MWh,RO,ENTSOE,https://web-api.tp.entsoe.eu/api,https://ecifre.ro/indicatori/entsoe-pret-day-ahead-ro,2026-08-30
"Preț day-ahead energie electrică (România, ENTSO-E)",2026-07-26,87.5932,EUR/MWh,RO,ENTSOE,https://web-api.tp.entsoe.eu/api,https://ecifre.ro/indicatori/entsoe-pret-day-ahead-ro,2026-08-30
"Preț day-ahead energie electrică (România, ENTSO-E)",2026-07-27,99.9788,EUR/MWh,RO,ENTSOE,https://web-api.tp.entsoe.eu/api,https://ecifre.ro/indicatori/entsoe-pret-day-ahead-ro,2026-08-30
"Preț day-ahead energie electrică (România, ENTSO-E)",2026-07-28,110.9822,EUR/MWh,RO,ENTSOE,https://web-api.tp.entsoe.eu/api,https://ecifre.ro/indicatori/entsoe-pret-day-ahead-ro,2026-08-30
"Preț day-ahead energie electrică (România, ENTSO-E)",2026-07-29,132.0538,EUR/MWh,RO,ENTSOE,https://web-api.tp.entsoe.eu/api,https://ecifre.ro/indicatori/entsoe-pret-day-ahead-ro,2026-08-30
"Preț day-ahead energie electrică (România, ENTSO-E)",2026-07-30,131.8234,EUR/MWh,RO,ENTSOE,https://web-api.tp.entsoe.eu/api,https://ecifre.ro/indicatori/entsoe-pret-day-ahead-ro,2026-08-30
"Preț day-ahead energie electrică (România, ENTSO-E)",2026-07-31,155.4072,EUR/MWh,RO,ENTSOE,https://web-api.tp.entsoe.eu/api,https://ecifre.ro/indicatori/entsoe-pret-day-ahead-ro,2026-08-30
"Preț day-ahead energie electrică (România, ENTSO-E)",2026-08-01,126.4914,EUR/MWh,RO,ENTSOE,https://web-api.tp.entsoe.eu/api,https://ecifre.ro/indicatori/entsoe-pret-day-ahead-ro,2026-08-30
"Preț day-ahead energie electrică (România, ENTSO-E)",2026-08-02,121.9646,EUR/MWh,RO,ENTSOE,https://web-api.tp.entsoe.eu/api,https://ecifre.ro/indicatori/entsoe-pret-day-ahead-ro,2026-08-30
"Preț day-ahead energie electrică (România, ENTSO-E)",2026-08-03,179.3303,EUR/MWh,RO,ENTSOE,https://web-api.tp.entsoe.eu/api,https://ecifre.ro/indicatori/entsoe-pret-day-ahead-ro,2026-08-30
"Preț day-ahead energie electrică (România, ENTSO-E)",2026-08-04,187.1615,EUR/MWh,RO,ENTSOE,https://web-api.tp.entsoe.eu/api,https://ecifre.ro/indicatori/entsoe-pret-day-ahead-ro,2026-08-30
"Preț day-ahead energie electrică (România, ENTSO-E)",2026-08-05,176.8644,EUR/MWh,RO,ENTSOE,https://web-api.tp.entsoe.eu/api,https://ecifre.ro/indicatori/entsoe-pret-day-ahead-ro,2026-08-30
"Preț day-ahead energie electrică (România, ENTSO-E)",2026-08-06,181.6406,EUR/MWh,RO,ENTSOE,https://web-api.tp.entsoe.eu/api,https://ecifre.ro/indicatori/entsoe-pret-day-ahead-ro,2026-08-30
"Preț day-ahead energie electrică (România, ENTSO-E)",2026-08-07,154.0500,EUR/MWh,RO,ENTSOE,https://web-api.tp.entsoe.eu/api,https://ecifre.ro/indicatori/entsoe-pret-day-ahead-ro,2026-08-30
"Preț day-ahead energie electrică (România, ENTSO-E)",2026-08-08,142.3100,EUR/MWh,RO,ENTSOE,https://web-api.tp.entsoe.eu/api,https://ecifre.ro/indicatori/entsoe-pret-day-ahead-ro,2026-08-30
"Preț day-ahead energie electrică (România, ENTSO-E)",2026-08-09,144.7700,EUR/MWh,RO,ENTSOE,https://web-api.tp.entsoe.eu/api,https://ecifre.ro/indicatori/entsoe-pret-day-ahead-ro,2026-08-30
"Preț day-ahead energie electrică (România, ENTSO-E)",2026-08-10,181.7225,EUR/MWh,RO,ENTSOE,https://web-api.tp.entsoe.eu/api,https://ecifre.ro/indicatori/entsoe-pret-day-ahead-ro,2026-08-30
"Preț day-ahead energie electrică (România, ENTSO-E)",2026-08-11,154.3763,EUR/MWh,RO,ENTSOE,https://web-api.tp.entsoe.eu/api,https://ecifre.ro/indicatori/entsoe-pret-day-ahead-ro,2026-08-30
"Preț day-ahead energie electrică (România, ENTSO-E)",2026-08-12,150.8475,EUR/MWh,RO,ENTSOE,https://web-api.tp.entsoe.eu/api,https://ecifre.ro/indicatori/entsoe-pret-day-ahead-ro,2026-08-30
"Preț day-ahead energie electrică (România, ENTSO-E)",2026-08-13,157.7300,EUR/MWh,RO,ENTSOE,https://web-api.tp.entsoe.eu/api,https://ecifre.ro/indicatori/entsoe-pret-day-ahead-ro,2026-08-30
"Preț day-ahead energie electrică (România, ENTSO-E)",2026-08-14,165.9225,EUR/MWh,RO,ENTSOE,https://web-api.tp.entsoe.eu/api,https://ecifre.ro/indicatori/entsoe-pret-day-ahead-ro,2026-08-30
"Preț day-ahead energie electrică (România, ENTSO-E)",2026-08-15,171.4500,EUR/MWh,RO,ENTSOE,https://web-api.tp.entsoe.eu/api,https://ecifre.ro/indicatori/entsoe-pret-day-ahead-ro,2026-08-30
"Preț day-ahead energie electrică (România, ENTSO-E)",2026-08-16,185.4688,EUR/MWh,RO,ENTSOE,https://web-api.tp.entsoe.eu/api,https://ecifre.ro/indicatori/entsoe-pret-day-ahead-ro,2026-08-30
"Preț day-ahead energie electrică (România, ENTSO-E)",2026-08-17,166.6775,EUR/MWh,RO,ENTSOE,https://web-api.tp.entsoe.eu/api,https://ecifre.ro/indicatori/entsoe-pret-day-ahead-ro,2026-08-30
"Preț day-ahead energie electrică (România, ENTSO-E)",2026-08-18,167.1000,EUR/MWh,RO,ENTSOE,https://web-api.tp.entsoe.eu/api,https://ecifre.ro/indicatori/entsoe-pret-day-ahead-ro,2026-08-30
"Preț day-ahead energie electrică (România, ENTSO-E)",2026-08-19,167.5313,EUR/MWh,RO,ENTSOE,https://web-api.tp.entsoe.eu/api,https://ecifre.ro/indicatori/entsoe-pret-day-ahead-ro,2026-08-30
"Preț day-ahead energie electrică (România, ENTSO-E)",2026-08-20,165.4200,EUR/MWh,RO,ENTSOE,https://web-api.tp.entsoe.eu/api,https://ecifre.ro/indicatori/entsoe-pret-day-ahead-ro,2026-08-30
"Preț day-ahead energie electrică (România, ENTSO-E)",2026-08-21,172.5388,EUR/MWh,RO,ENTSOE,https://web-api.tp.entsoe.eu/api,https://ecifre.ro/indicatori/entsoe-pret-day-ahead-ro,2026-08-30
"Preț day-ahead energie electrică (România, ENTSO-E)",2026-08-22,179.9738,EUR/MWh,RO,ENTSOE,https://web-api.tp.entsoe.eu/api,https://ecifre.ro/indicatori/entsoe-pret-day-ahead-ro,2026-08-30
"Preț day-ahead energie electrică (România, ENTSO-E)",2026-08-23,176.8938,EUR/MWh,RO,ENTSOE,https://web-api.tp.entsoe.eu/api,https://ecifre.ro/indicatori/entsoe-pret-day-ahead-ro,2026-08-30
"Preț day-ahead energie electrică (România, ENTSO-E)",2026-08-24,180.1588,EUR/MWh,RO,ENTSOE,https://web-api.tp.entsoe.eu/api,https://ecifre.ro/indicatori/entsoe-pret-day-ahead-ro,2026-08-30
"Preț day-ahead energie electrică (România, ENTSO-E)",2026-08-25,179.5475,EUR/MWh,RO,ENTSOE,https://web-api.tp.entsoe.eu/api,https://ecifre.ro/indicatori/entsoe-pret-day-ahead-ro,2026-08-30
"Preț day-ahead energie electrică (România, ENTSO-E)",2026-08-26,198.5863,EUR/MWh,RO,ENTSOE,https://web-api.tp.entsoe.eu/api,https://ecifre.ro/indicatori/entsoe-pret-day-ahead-ro,2026-08-30
"Preț day-ahead energie electrică (România, ENTSO-E)",2026-08-27,184.5850,EUR/MWh,RO,ENTSOE,https://web-api.tp.entsoe.eu/api,https://ecifre.ro/indicatori/entsoe-pret-day-ahead-ro,2026-08-30
"Preț day-ahead energie electrică (România, ENTSO-E)",2026-08-28,149.8672,EUR/MWh,RO,ENTSOE,https://web-api.tp.entsoe.eu/api,https://ecifre.ro/indicatori/entsoe-pret-day-ahead-ro,2026-08-30
"Preț day-ahead energie electrică (România, ENTSO-E)",2026-08-29,121.5183,EUR/MWh,RO,ENTSOE,https://web-api.tp.entsoe.eu/api,https://ecifre.ro/indicatori/entsoe-pret-day-ahead-ro,2026-08-30
"Preț day-ahead energie electrică (România, ENTSO-E)",2026-08-30,129.1010,EUR/MWh,RO,ENTSOE,https://web-api.tp.entsoe.eu/api,https://ecifre.ro/indicatori/entsoe-pret-day-ahead-ro,2026-08-30
